rank,band,page,country,destination,category,hero,above fold,unbounded,mobile bytes,mobile MB,bytes basis,commercial tier,tier why,references,we already own this photograph,owned replacement,re-croppable,audited,current verdict,free fix,acquisition route,cost band,why budget,required subject,required composition,canonical asset id,sourceKey,current reference,current photographer,current source
1,"P0 free — already ours, needs a crop not a purchase",/places/ethiopia/trekking-country.html,ethiopia,trekking country,adventure,yes,yes,yes,15502096,15.50,estimated,4,no price attached,2,yes,AKL-000186,yes,True,KEEP,Cut the phone crop from the original we already hold (AKL-000186) and let rewrite point the page at our own host. No purchase.,re-crop,"A — none. We hold the file; this is an hour of somebody's attention, not a purchase.",No budget. Cut the phone crop from the original we already hold (AKL-000186) and let rewrite point the page at our own host. No purchase.,"the sulphur springs of the Danakil depression, Ethiopia",16/9,AKL-000186,pexels:38975908,https://images.pexels.com/photos/38975908/pexels-photo-38975908.jpeg,Atypeek Dgn,https://www.pexels.com/photo/vibrant-red-pool-in-danakil-depression-ethiopia-38975908/
2,"P0 free — already ours, needs a crop not a purchase",/places/congo/western-lowland-gorillas.html,congo,western lowland gorillas,wildlife,yes,yes,yes,14612078,14.61,estimated,4,no price attached,4,yes,AKL-000111,yes,True,KEEP,Cut the phone crop from the original we already hold (AKL-000111) and let rewrite point the page at our own host. No purchase.,re-crop,"A — none. We hold the file; this is an hour of somebody's attention, not a purchase.",No budget. Cut the phone crop from the original we already hold (AKL-000111) and let rewrite point the page at our own host. No purchase.,"a silverback western lowland gorilla in dense green forest, Congo",16/9,AKL-000111,pexels:37136205,https://images.pexels.com/photos/37136205/pexels-photo-37136205.jpeg,Jonathan Cooper,https://www.pexels.com/photo/close-up-portrait-of-a-western-lowland-gorilla-37136205/
3,"P0 free — already ours, needs a crop not a purchase",/places/egypt/coptic-islamic-pharaonic.html,egypt,coptic islamic pharaonic,culture,yes,yes,yes,13161978,13.16,estimated,4,no price attached,4,yes,AKL-000136,yes,True,KEEP,Cut the phone crop from the original we already hold (AKL-000136) and let rewrite point the page at our own host. No purchase.,re-crop,"A — none. We hold the file; this is an hour of somebody's attention, not a purchase.",No budget. Cut the phone crop from the original we already hold (AKL-000136) and let rewrite point the page at our own host. No purchase.,"the minarets and rooftops of Islamic Cairo, Egypt",16/9,AKL-000136,pexels:35048659,https://images.pexels.com/photos/35048659/pexels-photo-35048659.jpeg,Mido Makasardi ©️,https://www.pexels.com/photo/historic-courtyard-in-cairo-with-islamic-architecture-35048659/
4,"P0 free — already ours, needs a crop not a purchase",/places/ghana/mole-and-ankasa.html,ghana,mole and ankasa,wildlife,yes,yes,yes,10770671,10.77,estimated,3,priced route — West,4,yes,AKL-000241,yes,True,KEEP,Cut the phone crop from the original we already hold (AKL-000241) and let rewrite point the page at our own host. No purchase.,re-crop,"A — none. We hold the file; this is an hour of somebody's attention, not a purchase.",No budget. Cut the phone crop from the original we already hold (AKL-000241) and let rewrite point the page at our own host. No purchase.,"A herd of African bush elephants (Loxodonta africana) enjoying a waterhole in their natural habitat., Ghana",16/9,AKL-000241,pexels:35447814,https://images.pexels.com/photos/35447814/pexels-photo-35447814.jpeg,Derek Keats,https://www.pexels.com/photo/family-of-african-elephants-at-waterhole-35447814/
5,"P0 free — already ours, needs a crop not a purchase",/places/libya/desert-survivors.html,libya,desert survivors,wildlife,yes,yes,yes,8315707,8.32,estimated,4,no price attached,4,yes,AKL-000319,yes,True,KEEP,Cut the phone crop from the original we already hold (AKL-000319) and let rewrite point the page at our own host. No purchase.,re-crop,"A — none. We hold the file; this is an hour of somebody's attention, not a purchase.",No budget. Cut the phone crop from the original we already hold (AKL-000319) and let rewrite point the page at our own host. No purchase.,"a Barbary sheep on rock in the Acacus mountains, Libya",16/9,AKL-000319,pexels:38313613,https://images.pexels.com/photos/38313613/pexels-photo-38313613.jpeg,Héctor Berganza,https://www.pexels.com/photo/barbary-sheep-grazing-on-grassland-38313613/
6,"P0 free — already ours, needs a crop not a purchase",/places/dr-congo/two-hundred-and-fifty-peoples.html,dr-congo,two hundred and fifty peoples,culture,yes,yes,yes,8191279,8.19,estimated,4,no price attached,4,yes,AKL-000126,yes,True,KEEP,Cut the phone crop from the original we already hold (AKL-000126) and let rewrite point the page at our own host. No purchase.,re-crop,"A — none. We hold the file; this is an hour of somebody's attention, not a purchase.",No budget. Cut the phone crop from the original we already hold (AKL-000126) and let rewrite point the page at our own host. No purchase.,"a street market crowd in Kinshasa, DR Congo",16/9,AKL-000126,pexels:17234850,https://images.pexels.com/photos/17234850/pexels-photo-17234850.jpeg,K,https://www.pexels.com/photo/traffic-jam-on-a-street-17234850/
7,"P0 free — already ours, needs a crop not a purchase",/places/cabo-verde/turtles-and-humpbacks.html,cabo-verde,turtles and humpbacks,wildlife,yes,yes,yes,7718465,7.72,estimated,4,no price attached,4,yes,AKL-000068,yes,True,KEEP,Cut the phone crop from the original we already hold (AKL-000068) and let rewrite point the page at our own host. No purchase.,re-crop,"A — none. We hold the file; this is an hour of somebody's attention, not a purchase.",No budget. Cut the phone crop from the original we already hold (AKL-000068) and let rewrite point the page at our own host. No purchase.,"A sea turtle resting on a sandy beach with waves in the background, showcasing coastal wildlife., Cabo Verde",16/9,AKL-000068,pexels:35845849,https://images.pexels.com/photos/35845849/pexels-photo-35845849.jpeg,Griffin Wooldridge,https://www.pexels.com/photo/sea-turtle-on-sandy-beach-with-waves-35845849/
8,"P0 free — already ours, needs a crop not a purchase",/places/sao-tome-and-principe/endemic-birds.html,sao-tome-and-principe,endemic birds,wildlife,yes,yes,yes,7718465,7.72,estimated,4,no price attached,4,yes,AKL-000461,yes,True,KEEP,Cut the phone crop from the original we already hold (AKL-000461) and let rewrite point the page at our own host. No purchase.,re-crop,"A — none. We hold the file; this is an hour of somebody's attention, not a purchase.",No budget. Cut the phone crop from the original we already hold (AKL-000461) and let rewrite point the page at our own host. No purchase.,"a Sao Tome giant weaver on a branch in Obo forest, Sao Tome and Principe",16/9,AKL-000461,pexels:5118517,https://images.pexels.com/photos/5118517/pexels-photo-5118517.jpeg,Quang Nguyen Vinh,https://www.pexels.com/photo/tourists-exploring-green-forest-with-big-tree-5118517/
9,"P0 free — already ours, needs a crop not a purchase",/places/burundi/walking-the-divide.html,burundi,walking the divide,adventure,yes,yes,yes,7718465,7.72,estimated,4,no price attached,2,yes,AKL-000044,yes,True,KEEP,Cut the phone crop from the original we already hold (AKL-000044) and let rewrite point the page at our own host. No purchase.,re-crop,"A — none. We hold the file; this is an hour of somebody's attention, not a purchase.",No budget. Cut the phone crop from the original we already hold (AKL-000044) and let rewrite point the page at our own host. No purchase.,"Spectacular scenery of narrow path on hilltop going amidst mountain ridge with lush green trees against blue sky on sunny day, Burundi",16/9,AKL-000044,pexels:4268177,https://images.pexels.com/photos/4268177/pexels-photo-4268177.jpeg,Quang Nguyen Vinh,https://www.pexels.com/photo/breathtaking-mountains-covered-with-lush-green-trees-on-sunny-day-4268177/
10,"P0 free — already ours, needs a crop not a purchase",/places/sierra-leone/surfing-and-forest-walking.html,sierra-leone,surfing and forest walking,adventure,yes,yes,yes,7718465,7.72,estimated,4,no price attached,2,yes,AKL-000492,yes,True,KEEP,Cut the phone crop from the original we already hold (AKL-000492) and let rewrite point the page at our own host. No purchase.,re-crop,"A — none. We hold the file; this is an hour of somebody's attention, not a purchase.",No budget. Cut the phone crop from the original we already hold (AKL-000492) and let rewrite point the page at our own host. No purchase.,"surfers waiting for a set at Bureh beach, Sierra Leone",16/9,AKL-000492,unsplash:r8VoOAdxRx0,https://images.unsplash.com/photo-1649486116203-ba9a1e0d84a3,Random Institute,https://unsplash.com/photos/a-man-standing-on-top-of-a-sandy-beach-r8VoOAdxRx0
11,"P0 free — already ours, needs a crop not a purchase",/places/djibouti/afar-and-somali.html,djibouti,afar and somali,culture,yes,yes,yes,7017769,7.02,estimated,4,no price attached,4,yes,AKL-000119,yes,True,KEEP,Cut the phone crop from the original we already hold (AKL-000119) and let rewrite point the page at our own host. No purchase.,re-crop,"A — none. We hold the file; this is an hour of somebody's attention, not a purchase.",No budget. Cut the phone crop from the original we already hold (AKL-000119) and let rewrite point the page at our own host. No purchase.,"An African street vendor carries bottles on head amidst busy traffic, Djibouti",16/9,AKL-000119,pexels:20177677,https://images.pexels.com/photos/20177677/pexels-photo-20177677.jpeg,Mwakapila Victor,https://www.pexels.com/photo/man-carrying-bottles-on-his-head-20177677/
12,"P0 free — already ours, needs a crop not a purchase",/places/togo/fazao-malfakassa.html,togo,fazao malfakassa,wildlife,yes,yes,yes,6927158,6.93,estimated,4,no price attached,4,yes,AKL-000569,yes,True,KEEP,Cut the phone crop from the original we already hold (AKL-000569) and let rewrite point the page at our own host. No purchase.,re-crop,"A — none. We hold the file; this is an hour of somebody's attention, not a purchase.",No budget. Cut the phone crop from the original we already hold (AKL-000569) and let rewrite point the page at our own host. No purchase.,"forest and grassland in Fazao-Malfakassa National Park, Togo",16/9,AKL-000569,pexels:5118547,https://images.pexels.com/photos/5118547/pexels-photo-5118547.jpeg,Quang Nguyen Vinh,https://www.pexels.com/photo/tall-trees-with-big-roots-in-forest-5118547/
13,"P0 free — already ours, needs a crop not a purchase",/places/guinea-bissau/saltwater-hippos.html,guinea-bissau,saltwater hippos,wildlife,yes,yes,yes,6889291,6.89,estimated,3,priced route — West,4,yes,AKL-000255,yes,True,KEEP,Cut the phone crop from the original we already hold (AKL-000255) and let rewrite point the page at our own host. No purchase.,re-crop,"A — none. We hold the file; this is an hour of somebody's attention, not a purchase.",No budget. Cut the phone crop from the original we already hold (AKL-000255) and let rewrite point the page at our own host. No purchase.,"a hippo in shallow salt water off Orango island, Guinea-Bissau",16/9,AKL-000255,pexels:33621884,https://images.pexels.com/photos/33621884/pexels-photo-33621884.jpeg,K,https://www.pexels.com/photo/aerial-view-of-hippos-in-south-african-river-33621884/
14,"P0 free — already ours, needs a crop not a purchase",/places/gabon/whales-turtles-and-surf.html,gabon,whales turtles and surf,adventure,yes,yes,yes,6615874,6.62,estimated,4,no price attached,2,yes,AKL-000204,yes,True,KEEP,Cut the phone crop from the original we already hold (AKL-000204) and let rewrite point the page at our own host. No purchase.,re-crop,"A — none. We hold the file; this is an hour of somebody's attention, not a purchase.",No budget. Cut the phone crop from the original we already hold (AKL-000204) and let rewrite point the page at our own host. No purchase.,a humpback whale breaching off the Gabonese coast,16/9,AKL-000204,pexels:13822368,https://images.pexels.com/photos/13822368/pexels-photo-13822368.jpeg,Patricia Hoyos,https://www.pexels.com/photo/humpback-whale-emerging-from-water-13822368/
15,"P0 free — already ours, needs a crop not a purchase",/places/mozambique/dive-sail-kayak.html,mozambique,dive sail kayak,adventure,yes,yes,yes,6615874,6.62,estimated,4,no price attached,2,yes,AKL-000394,yes,True,KEEP,Cut the phone crop from the original we already hold (AKL-000394) and let rewrite point the page at our own host. No purchase.,re-crop,"A — none. We hold the file; this is an hour of somebody's attention, not a purchase.",No budget. Cut the phone crop from the original we already hold (AKL-000394) and let rewrite point the page at our own host. No purchase.,"a diver with a manta ray off Tofo, Mozambique",16/9,AKL-000394,pexels:4785205,https://images.pexels.com/photos/4785205/pexels-photo-4785205.jpeg,Kristian Laine,https://www.pexels.com/photo/a-manta-ray-swimming-underwater-4785205/
16,"P0 free — already ours, needs a crop not a purchase",/places/lesotho/bearded-vulture-and-eland.html,lesotho,bearded vulture and eland,wildlife,yes,yes,yes,6507725,6.51,estimated,4,no price attached,4,yes,AKL-000294,yes,True,KEEP,Cut the phone crop from the original we already hold (AKL-000294) and let rewrite point the page at our own host. No purchase.,re-crop,"A — none. We hold the file; this is an hour of somebody's attention, not a purchase.",No budget. Cut the phone crop from the original we already hold (AKL-000294) and let rewrite point the page at our own host. No purchase.,"a bearded vulture in flight along a mountain escarpment, Lesotho",16/9,AKL-000294,pexels:35828817,https://images.pexels.com/photos/35828817/pexels-photo-35828817.jpeg,Leonardo Merlo,https://www.pexels.com/photo/majestic-vulture-soaring-in-clear-sky-35828817/
17,"P0 free — already ours, needs a crop not a purchase",/places/sudan/diving-and-desert-driving.html,sudan,diving and desert driving,adventure,yes,yes,yes,6405107,6.41,estimated,4,no price attached,2,yes,AKL-000535,yes,True,KEEP,Cut the phone crop from the original we already hold (AKL-000535) and let rewrite point the page at our own host. No purchase.,re-crop,"A — none. We hold the file; this is an hour of somebody's attention, not a purchase.",No budget. Cut the phone crop from the original we already hold (AKL-000535) and let rewrite point the page at our own host. No purchase.,a dive boat anchored over a reef in the Sudanese Red Sea,16/9,AKL-000535,pexels:17875664,https://images.pexels.com/photos/17875664/pexels-photo-17875664.jpeg,沖縄ダイビングスクール ワールドダイビング,https://www.pexels.com/photo/close-up-of-red-coral-reef-17875664/
18,"P0 free — already ours, needs a crop not a purchase",/places/mauritius/what-the-dodo-left.html,mauritius,what the dodo left,wildlife,yes,yes,yes,6216890,6.22,estimated,4,no price attached,4,yes,AKL-000376,yes,True,KEEP,Cut the phone crop from the original we already hold (AKL-000376) and let rewrite point the page at our own host. No purchase.,re-crop,"A — none. We hold the file; this is an hour of somebody's attention, not a purchase.",No budget. Cut the phone crop from the original we already hold (AKL-000376) and let rewrite point the page at our own host. No purchase.,a Mauritius kestrel perched in native forest,16/9,AKL-000376,pexels:36153861,https://images.pexels.com/photos/36153861/pexels-photo-36153861.jpeg,Veronika Andrews,https://www.pexels.com/photo/european-kestrel-perched-on-power-line-36153861/
19,"P0 free — already ours, needs a crop not a purchase",/places/congo/why-congo.html,congo,why congo,why-visit,yes,yes,yes,6018097,6.02,estimated,4,no price attached,2,yes,AKL-000110,yes,True,KEEP,Cut the phone crop from the original we already hold (AKL-000110) and let rewrite point the page at our own host. No purchase.,re-crop,"A — none. We hold the file; this is an hour of somebody's attention, not a purchase.",No budget. Cut the phone crop from the original we already hold (AKL-000110) and let rewrite point the page at our own host. No purchase.,"a gorilla family moving through dense green forest, Congo",16/9,AKL-000110,unsplash:v9JKOfNKg8U,https://images.unsplash.com/photo-1587553891280-5b1c6bd79801,Azzedine Rouichi,https://unsplash.com/photos/black-gorilla-in-grayscale-photography-v9JKOfNKg8U
20,"P0 free — already ours, needs a crop not a purchase",/places/cote-divoire/ta-and-como.html,cote-divoire,ta and como,wildlife,yes,yes,yes,5991671,5.99,estimated,3,priced route — West,4,yes,AKL-000117,yes,True,KEEP,Cut the phone crop from the original we already hold (AKL-000117) and let rewrite point the page at our own host. No purchase.,re-crop,"A — none. We hold the file; this is an hour of somebody's attention, not a purchase.",No budget. Cut the phone crop from the original we already hold (AKL-000117) and let rewrite point the page at our own host. No purchase.,"A dense, vibrant green forest canopy bathed in sunlight, showcasing nature's beauty., Côte d'Ivoire",16/9,AKL-000117,pexels:33235130,https://images.pexels.com/photos/33235130/pexels-photo-33235130.jpeg,Diego Girón,https://www.pexels.com/photo/lush-green-forest-canopy-in-sunlight-33235130/
21,"P0 free — already ours, needs a crop not a purchase",/places/libya/arab-berber-tuareg-tebu.html,libya,arab berber tuareg tebu,culture,yes,yes,yes,5991671,5.99,estimated,4,no price attached,4,yes,AKL-000308,yes,True,KEEP,Cut the phone crop from the original we already hold (AKL-000308) and let rewrite point the page at our own host. No purchase.,re-crop,"A — none. We hold the file; this is an hour of somebody's attention, not a purchase.",No budget. Cut the phone crop from the original we already hold (AKL-000308) and let rewrite point the page at our own host. No purchase.,"a busy market street in the medina of Tripoli, Libya",16/9,AKL-000308,pexels:32757554,https://images.pexels.com/photos/32757554/pexels-photo-32757554.jpeg,abdo alshreef,https://www.pexels.com/photo/luxury-mercedes-benz-cls-on-city-street-at-twilight-32757554/
22,"P0 free — already ours, needs a crop not a purchase",/places/guinea-bissau/why-guinea-bissau.html,guinea-bissau,why guinea bissau,why-visit,yes,yes,yes,5909875,5.91,estimated,3,priced route — West,2,yes,AKL-000254,yes,True,KEEP,Cut the phone crop from the original we already hold (AKL-000254) and let rewrite point the page at our own host. No purchase.,re-crop,"A — none. We hold the file; this is an hour of somebody's attention, not a purchase.",No budget. Cut the phone crop from the original we already hold (AKL-000254) and let rewrite point the page at our own host. No purchase.,"a pirogue crossing still water between two Bijagos islands, Guinea-Bissau",16/9,AKL-000254,pexels:32656543,https://images.pexels.com/photos/32656543/pexels-photo-32656543.jpeg,Alex Fanaso,https://www.pexels.com/photo/traditional-canoe-fishing-in-papua-new-guinea-32656543/
23,"P0 free — already ours, needs a crop not a purchase",/places/central-african-republic/western-lowland-gorillas.html,central-african-republic,western lowland gorillas,wildlife,yes,yes,yes,5909875,5.91,estimated,4,no price attached,4,yes,AKL-000088,yes,True,KEEP,Cut the phone crop from the original we already hold (AKL-000088) and let rewrite point the page at our own host. No purchase.,re-crop,"A — none. We hold the file; this is an hour of somebody's attention, not a purchase.",No budget. Cut the phone crop from the original we already hold (AKL-000088) and let rewrite point the page at our own host. No purchase.,"a western lowland gorilla in forest undergrowth, Central African Republic",16/9,AKL-000088,pexels:34909240,https://images.pexels.com/photos/34909240/pexels-photo-34909240.jpeg,Guerrero De la Luz,https://www.pexels.com/photo/western-lowland-gorilla-lying-on-grass-34909240/
24,"P0 free — already ours, needs a crop not a purchase",/places/niger/tuareg-hausa-zarma-fulani.html,niger,tuareg hausa zarma fulani,culture,yes,yes,yes,5711339,5.71,estimated,4,no price attached,4,yes,AKL-000416,yes,True,KEEP,Cut the phone crop from the original we already hold (AKL-000416) and let rewrite point the page at our own host. No purchase.,re-crop,"A — none. We hold the file; this is an hour of somebody's attention, not a purchase.",No budget. Cut the phone crop from the original we already hold (AKL-000416) and let rewrite point the page at our own host. No purchase.,"a Tuareg man in indigo leading a camel in the Air, Niger",16/9,AKL-000416,pexels:38109507,https://images.pexels.com/photos/38109507/pexels-photo-38109507.jpeg,Sani Maikatanga,https://www.pexels.com/photo/traditional-tuareg-man-with-camel-in-agadez-38109507/
25,"P0 free — already ours, needs a crop not a purchase",/places/lesotho/pony-trekking.html,lesotho,pony trekking,adventure,yes,yes,yes,5637962,5.64,estimated,4,no price attached,2,yes,AKL-000282,yes,True,KEEP,Cut the phone crop from the original we already hold (AKL-000282) and let rewrite point the page at our own host. No purchase.,re-crop,"A — none. We hold the file; this is an hour of somebody's attention, not a purchase.",No budget. Cut the phone crop from the original we already hold (AKL-000282) and let rewrite point the page at our own host. No purchase.,"riders on Basotho ponies crossing a high mountain pass, Lesotho",16/9,AKL-000282,pexels:35360787,https://images.pexels.com/photos/35360787/pexels-photo-35360787.jpeg,Ricky Kwong,https://www.pexels.com/photo/riders-traversing-snowy-mountain-landscape-in-winter-35360787/
26,"P0 free — already ours, needs a crop not a purchase",/places/tanzania/maasai-chagga-swahili.html,tanzania,maasai chagga swahili,culture,yes,yes,yes,5509324,5.51,estimated,2,"priced route — East, South and continental",4,yes,AKL-000550,yes,True,KEEP,Cut the phone crop from the original we already hold (AKL-000550) and let rewrite point the page at our own host. No purchase.,re-crop,"A — none. We hold the file; this is an hour of somebody's attention, not a purchase.",No budget. Cut the phone crop from the original we already hold (AKL-000550) and let rewrite point the page at our own host. No purchase.,Maasai men in ceremonial dress on the northern Tanzanian plains,16/9,AKL-000550,unsplash:LMkvk7zChEo,https://images.unsplash.com/photo-1580688967149-1c842af3177b,Magdalena Kula Manchee,https://unsplash.com/photos/woman-in-red-and-white-dress-wearing-black-leather-boots-LMkvk7zChEo
27,"P0 free — already ours, needs a crop not a purchase",/places/rwanda/the-congo-nile-trail.html,rwanda,the congo nile trail,adventure,yes,yes,yes,5509324,5.51,estimated,2,"priced route — East, South and continental",2,yes,AKL-000439,yes,True,KEEP,Cut the phone crop from the original we already hold (AKL-000439) and let rewrite point the page at our own host. No purchase.,re-crop,"A — none. We hold the file; this is an hour of somebody's attention, not a purchase.",No budget. Cut the phone crop from the original we already hold (AKL-000439) and let rewrite point the page at our own host. No purchase.,"a cyclist on the Congo Nile Trail above Lake Kivu, Rwanda",16/9,AKL-000439,pexels:32806081,https://images.pexels.com/photos/32806081/pexels-photo-32806081.jpeg,Edouard MIHIGO,https://www.pexels.com/photo/group-of-men-rowing-a-wooden-boat-on-calm-lake-32806081/
28,"P0 free — already ours, needs a crop not a purchase",/places/ghana/canopy-surf-and-lake.html,ghana,canopy surf and lake,adventure,yes,yes,yes,5509324,5.51,estimated,3,priced route — West,2,yes,AKL-000231,yes,True,KEEP,Cut the phone crop from the original we already hold (AKL-000231) and let rewrite point the page at our own host. No purchase.,re-crop,"A — none. We hold the file; this is an hour of somebody's attention, not a purchase.",No budget. Cut the phone crop from the original we already hold (AKL-000231) and let rewrite point the page at our own host. No purchase.,"Two people hiking on grassy hills during sunrise, with scenic views and nature around., Ghana",16/9,AKL-000231,pexels:17767118,https://images.pexels.com/photos/17767118/pexels-photo-17767118.jpeg,Matheus Bertelli,https://www.pexels.com/photo/people-hiking-on-footpath-on-green-hill-17767118/
29,"P0 free — already ours, needs a crop not a purchase",/places/burundi/the-drums.html,burundi,the drums,culture,yes,yes,yes,5509324,5.51,estimated,4,no price attached,4,yes,AKL-000046,yes,True,KEEP,Cut the phone crop from the original we already hold (AKL-000046) and let rewrite point the page at our own host. No purchase.,re-crop,"A — none. We hold the file; this is an hour of somebody's attention, not a purchase.",No budget. Cut the phone crop from the original we already hold (AKL-000046) and let rewrite point the page at our own host. No purchase.,Burundian royal drummers with drums on their heads,16/9,AKL-000046,pexels:29004125,https://images.pexels.com/photos/29004125/pexels-photo-29004125.jpeg,Safari  Consoler,https://www.pexels.com/photo/burundian-traditional-dance-performance-29004125/
30,"P0 free — already ours, needs a crop not a purchase",/places/ethiopia/its-own-everything.html,ethiopia,its own everything,culture,yes,yes,yes,5509324,5.51,estimated,4,no price attached,4,yes,AKL-000191,yes,True,KEEP,Cut the phone crop from the original we already hold (AKL-000191) and let rewrite point the page at our own host. No purchase.,re-crop,"A — none. We hold the file; this is an hour of somebody's attention, not a purchase.",No budget. Cut the phone crop from the original we already hold (AKL-000191) and let rewrite point the page at our own host. No purchase.,"priests in white robes outside a rock-hewn church, Ethiopia",16/9,AKL-000191,pexels:30327295,https://images.pexels.com/photos/30327295/pexels-photo-30327295.jpeg,Gift Habeshaw 🇪🇹,https://www.pexels.com/photo/orthodox-church-celebration-in-addis-ababa-30327295/
31,"P0 free — already ours, needs a crop not a purchase",/places/ethiopia/nothing-else-like-it.html,ethiopia,nothing else like it,why-visit,yes,yes,yes,5509324,5.51,estimated,4,no price attached,2,yes,AKL-000203,yes,True,KEEP,Cut the phone crop from the original we already hold (AKL-000203) and let rewrite point the page at our own host. No purchase.,re-crop,"A — none. We hold the file; this is an hour of somebody's attention, not a purchase.",No budget. Cut the phone crop from the original we already hold (AKL-000203) and let rewrite point the page at our own host. No purchase.,"a priest holding a processional cross at a rock church, Ethiopia",16/9,AKL-000203,pexels:31589143,https://images.pexels.com/photos/31589143/pexels-photo-31589143.jpeg,Gift Habeshaw 🇪🇹,https://www.pexels.com/photo/traditional-ethiopian-church-ceremony-in-addis-ababa-31589143/
32,"P0 free — already ours, needs a crop not a purchase",/places/madagascar/nowhere-else.html,madagascar,nowhere else,why-visit,yes,yes,yes,5509324,5.51,estimated,4,no price attached,2,yes,AKL-000332,yes,True,KEEP,Cut the phone crop from the original we already hold (AKL-000332) and let rewrite point the page at our own host. No purchase.,re-crop,"A — none. We hold the file; this is an hour of somebody's attention, not a purchase.",No budget. Cut the phone crop from the original we already hold (AKL-000332) and let rewrite point the page at our own host. No purchase.,a ring-tailed lemur troop in southern Madagascar,16/9,AKL-000332,pexels:37722367,https://images.pexels.com/photos/37722367/pexels-photo-37722367.jpeg,Gildo Cancelli,https://www.pexels.com/photo/ring-tailed-lemur-in-lush-madagascar-foliage-37722367/
33,"P0 free — already ours, needs a crop not a purchase",/places/morocco/barbary-macaques-and-the-argan-forest.html,morocco,barbary macaques and the argan forest,wildlife,yes,yes,yes,5129961,5.13,estimated,4,no price attached,4,yes,AKL-000393,yes,True,KEEP,Cut the phone crop from the original we already hold (AKL-000393) and let rewrite point the page at our own host. No purchase.,re-crop,"A — none. We hold the file; this is an hour of somebody's attention, not a purchase.",No budget. Cut the phone crop from the original we already hold (AKL-000393) and let rewrite point the page at our own host. No purchase.,"Barbary macaques in the cedar forest of the Middle Atlas, Morocco",16/9,AKL-000393,pexels:37700545,https://images.pexels.com/photos/37700545/pexels-photo-37700545.jpeg,pierre matile,https://www.pexels.com/photo/scenic-road-through-the-atlas-mountains-in-morocco-37700545/
34,"P0 free — already ours, needs a crop not a purchase",/places/kenya/balloon-over-the-mara.html,kenya,balloon over the mara,adventure,yes,yes,yes,5119608,5.12,estimated,2,"priced route — East, South and continental",2,yes,AKL-000264,yes,True,KEEP,Cut the phone crop from the original we already hold (AKL-000264) and let rewrite point the page at our own host. No purchase.,re-crop,"A — none. We hold the file; this is an hour of somebody's attention, not a purchase.",No budget. Cut the phone crop from the original we already hold (AKL-000264) and let rewrite point the page at our own host. No purchase.,"a hot-air balloon over the Maasai Mara plains at sunrise, Kenya",16/9,AKL-000264,pexels:35717988,https://images.pexels.com/photos/35717988/pexels-photo-35717988.jpeg,Fali  Poncha,https://www.pexels.com/photo/majestic-lion-in-kenyan-maasai-mara-landscape-35717988/
35,"P0 free — already ours, needs a crop not a purchase",/places/angola/giant-sable.html,angola,giant sable,wildlife,yes,yes,yes,5104957,5.10,estimated,4,no price attached,4,yes,AKL-000017,yes,True,KEEP,Cut the phone crop from the original we already hold (AKL-000017) and let rewrite point the page at our own host. No purchase.,re-crop,"A — none. We hold the file; this is an hour of somebody's attention, not a purchase.",No budget. Cut the phone crop from the original we already hold (AKL-000017) and let rewrite point the page at our own host. No purchase.,"a giant sable antelope with long curved horns in miombo woodland, Angola",16/9,AKL-000017,pexels:17880995,https://images.pexels.com/photos/17880995/pexels-photo-17880995.jpeg,BabijaPhoto JB,https://www.pexels.com/photo/sable-antelope-in-nature-17880995/
36,"P0 free — already ours, needs a crop not a purchase",/places/egypt/birds-of-the-delta.html,egypt,birds of the delta,wildlife,yes,yes,yes,4750387,4.75,estimated,4,no price attached,4,yes,AKL-000152,yes,True,KEEP,Cut the phone crop from the original we already hold (AKL-000152) and let rewrite point the page at our own host. No purchase.,re-crop,"A — none. We hold the file; this is an hour of somebody's attention, not a purchase.",No budget. Cut the phone crop from the original we already hold (AKL-000152) and let rewrite point the page at our own host. No purchase.,"flamingos and waders on a Nile delta wetland, Egypt",16/9,AKL-000152,pexels:35556386,https://images.pexels.com/photos/35556386/pexels-photo-35556386.jpeg,Tito Zzzz,https://www.pexels.com/photo/sailing-boats-on-the-nile-river-in-egypt-35556386/
37,"P0 free — already ours, needs a crop not a purchase",/places/eswatini/a-living-monarchy.html,eswatini,a living monarchy,culture,yes,yes,yes,4750387,4.75,estimated,4,no price attached,4,yes,AKL-000176,yes,True,KEEP,Cut the phone crop from the original we already hold (AKL-000176) and let rewrite point the page at our own host. No purchase.,re-crop,"A — none. We hold the file; this is an hour of somebody's attention, not a purchase.",No budget. Cut the phone crop from the original we already hold (AKL-000176) and let rewrite point the page at our own host. No purchase.,"young women in ceremonial dress at the Umhlanga reed dance, Eswatini",16/9,AKL-000176,pexels:10806633,https://images.pexels.com/photos/10806633/pexels-photo-10806633.jpeg,Josiah Matthew,https://www.pexels.com/photo/women-dancing-and-holding-trays-at-a-traditional-celebration-10806633/
38,"P0 free — already ours, needs a crop not a purchase",/places/mauritania/the-banc-darguin.html,mauritania,the banc darguin,wildlife,yes,yes,yes,4750387,4.75,estimated,4,no price attached,4,yes,AKL-000365,yes,True,KEEP,Cut the phone crop from the original we already hold (AKL-000365) and let rewrite point the page at our own host. No purchase.,re-crop,"A — none. We hold the file; this is an hour of somebody's attention, not a purchase.",No budget. Cut the phone crop from the original we already hold (AKL-000365) and let rewrite point the page at our own host. No purchase.,"Vibrant pink flamingos stand by a cascading waterfall, showcasing natural beauty and wildlife in harmony., Mauritania",16/9,AKL-000365,pexels:26646229,https://images.pexels.com/photos/26646229/pexels-photo-26646229.jpeg,Francesco Ungaro,https://www.pexels.com/photo/flamingos-in-a-stream-26646229/
39,"P0 free — already ours, needs a crop not a purchase",/places/niger/the-last-west-african-giraffe.html,niger,the last west african giraffe,wildlife,yes,yes,yes,4750387,4.75,estimated,4,no price attached,4,yes,AKL-000422,yes,True,KEEP,Cut the phone crop from the original we already hold (AKL-000422) and let rewrite point the page at our own host. No purchase.,re-crop,"A — none. We hold the file; this is an hour of somebody's attention, not a purchase.",No budget. Cut the phone crop from the original we already hold (AKL-000422) and let rewrite point the page at our own host. No purchase.,"West African giraffe browsing among bush near Kouré, Niger",16/9,AKL-000422,pexels:30963295,https://images.pexels.com/photos/30963295/pexels-photo-30963295.jpeg,Regan Dsouza,https://www.pexels.com/photo/giraffe-in-natural-habitat-among-trees-30963295/
40,"P0 free — already ours, needs a crop not a purchase",/places/burkina-faso/cycling-the-southwest.html,burkina-faso,cycling the southwest,adventure,yes,yes,yes,4750387,4.75,estimated,4,no price attached,2,yes,AKL-000032,yes,True,KEEP,Cut the phone crop from the original we already hold (AKL-000032) and let rewrite point the page at our own host. No purchase.,re-crop,"A — none. We hold the file; this is an hour of somebody's attention, not a purchase.",No budget. Cut the phone crop from the original we already hold (AKL-000032) and let rewrite point the page at our own host. No purchase.,"cyclists on a red laterite road through savanna, Burkina Faso",16/9,AKL-000032,pexels:30316467,https://images.pexels.com/photos/30316467/pexels-photo-30316467.jpeg,Valdans Media,https://www.pexels.com/photo/cyclists-racing-on-a-dusty-road-in-africa-30316467/
41,"P0 free — already ours, needs a crop not a purchase",/places/liberia/surfing-robertsport.html,liberia,surfing robertsport,adventure,yes,yes,yes,4750387,4.75,estimated,4,no price attached,2,yes,AKL-000295,yes,True,KEEP,Cut the phone crop from the original we already hold (AKL-000295) and let rewrite point the page at our own host. No purchase.,re-crop,"A — none. We hold the file; this is an hour of somebody's attention, not a purchase.",No budget. Cut the phone crop from the original we already hold (AKL-000295) and let rewrite point the page at our own host. No purchase.,"a surfer on a long left-hand wave at Robertsport, Liberia",16/9,AKL-000295,pexels:14824417,https://images.pexels.com/photos/14824417/pexels-photo-14824417.jpeg,Serg Alesenko,https://www.pexels.com/photo/a-man-surfing-14824417/
42,"P0 free — already ours, needs a crop not a purchase",/places/gambia/why-the-gambia.html,gambia,why the gambia,why-visit,yes,yes,yes,4677585,4.68,estimated,3,priced route — West,2,yes,AKL-000230,yes,True,KEEP,Cut the phone crop from the original we already hold (AKL-000230) and let rewrite point the page at our own host. No purchase.,re-crop,"A — none. We hold the file; this is an hour of somebody's attention, not a purchase.",No budget. Cut the phone crop from the original we already hold (AKL-000230) and let rewrite point the page at our own host. No purchase.,a small boat on the Gambia river with mangrove either side,16/9,AKL-000230,pexels:32163741,https://images.pexels.com/photos/32163741/pexels-photo-32163741.jpeg,Abhisek Tripathy,https://www.pexels.com/photo/fishermen-navigate-coastal-waters-in-small-boat-32163741/
43,"P0 free — already ours, needs a crop not a purchase",/places/tunisia/ichkeul-and-the-desert.html,tunisia,ichkeul and the desert,wildlife,yes,yes,yes,4677585,4.68,estimated,4,no price attached,4,yes,AKL-000591,yes,True,KEEP,Cut the phone crop from the original we already hold (AKL-000591) and let rewrite point the page at our own host. No purchase.,re-crop,"A — none. We hold the file; this is an hour of somebody's attention, not a purchase.",No budget. Cut the phone crop from the original we already hold (AKL-000591) and let rewrite point the page at our own host. No purchase.,"flamingos on the lake at Ichkeul, Tunisia",16/9,AKL-000591,pexels:38254016,https://images.pexels.com/photos/38254016/pexels-photo-38254016.jpeg,Eleanore Stohner,https://www.pexels.com/photo/ancient-desert-ruins-in-tunisia-38254016/
44,"P0 free — already ours, needs a crop not a purchase",/places/tunisia/punic-roman-arab-berber.html,tunisia,punic roman arab berber,culture,yes,yes,yes,4677585,4.68,estimated,4,no price attached,4,yes,AKL-000574,yes,True,KEEP,Cut the phone crop from the original we already hold (AKL-000574) and let rewrite point the page at our own host. No purchase.,re-crop,"A — none. We hold the file; this is an hour of somebody's attention, not a purchase.",No budget. Cut the phone crop from the original we already hold (AKL-000574) and let rewrite point the page at our own host. No purchase.,a Roman mosaic floor in a Tunisian museum,16/9,AKL-000574,pexels:38254052,https://images.pexels.com/photos/38254052/pexels-photo-38254052.jpeg,Eleanore Stohner,https://www.pexels.com/photo/ancient-roman-ruins-with-mosaic-in-tunisia-38254052/
45,"P0 free — already ours, needs a crop not a purchase",/places/tunisia/rome-and-the-sahara-in-one-week.html,tunisia,rome and the sahara in one week,why-visit,yes,yes,yes,4677585,4.68,estimated,4,no price attached,2,yes,AKL-000590,yes,True,KEEP,Cut the phone crop from the original we already hold (AKL-000590) and let rewrite point the page at our own host. No purchase.,re-crop,"A — none. We hold the file; this is an hour of somebody's attention, not a purchase.",No budget. Cut the phone crop from the original we already hold (AKL-000590) and let rewrite point the page at our own host. No purchase.,"a desert road running south towards the Sahara, Tunisia",16/9,AKL-000590,pexels:38254012,https://images.pexels.com/photos/38254012/pexels-photo-38254012.jpeg,Eleanore Stohner,https://www.pexels.com/photo/ancient-ksour-architecture-in-tunisia-38254012/
46,"P0 free — already ours, needs a crop not a purchase",/places/benin/where-vodun-comes-from.html,benin,where vodun comes from,culture,yes,yes,yes,4593734,4.59,estimated,4,no price attached,4,yes,AKL-000019,yes,True,KEEP,Cut the phone crop from the original we already hold (AKL-000019) and let rewrite point the page at our own host. No purchase.,re-crop,"A — none. We hold the file; this is an hour of somebody's attention, not a purchase.",No budget. Cut the phone crop from the original we already hold (AKL-000019) and let rewrite point the page at our own host. No purchase.,"a vodun ceremony with drumming and white-clad participants, Benin",16/9,AKL-000019,pexels:32632177,https://images.pexels.com/photos/32632177/pexels-photo-32632177.jpeg,Zeal Creative Studios,https://www.pexels.com/photo/traditional-african-drumming-ceremony-indoors-32632177/
47,"P0 free — already ours, needs a crop not a purchase",/places/mozambique/the-coast-nobody-has-ruined-yet.html,mozambique,the coast nobody has ruined yet,why-visit,yes,yes,yes,4574407,4.57,estimated,4,no price attached,2,yes,AKL-000402,yes,True,KEEP,Cut the phone crop from the original we already hold (AKL-000402) and let rewrite point the page at our own host. No purchase.,re-crop,"A — none. We hold the file; this is an hour of somebody's attention, not a purchase.",No budget. Cut the phone crop from the original we already hold (AKL-000402) and let rewrite point the page at our own host. No purchase.,"an empty Indian Ocean beach with palms behind it, Mozambique",16/9,AKL-000402,pexels:15262889,https://images.pexels.com/photos/15262889/pexels-photo-15262889.jpeg,Sanket  Mishra,https://www.pexels.com/photo/blue-rough-seascape-and-a-sandy-beach-15262889/
48,"P0 free — already ours, needs a crop not a purchase",/places/namibia/desert-adapted-wildlife.html,namibia,desert adapted wildlife,wildlife,yes,yes,yes,4540736,4.54,estimated,1,operator — bookable today,3,yes,AKL-000413,yes,True,KEEP,Cut the phone crop from the original we already hold (AKL-000413) and let rewrite point the page at our own host. No purchase.,re-crop,"A — none. We hold the file; this is an hour of somebody's attention, not a purchase.",No budget. Cut the phone crop from the original we already hold (AKL-000413) and let rewrite point the page at our own host. No purchase.,"a desert-adapted elephant in a dry riverbed, Namibia",16/9,AKL-000413,pexels:34780711,https://images.pexels.com/photos/34780711/pexels-photo-34780711.jpeg,Rino Adamo,https://www.pexels.com/photo/african-elephants-at-a-waterhole-in-namibia-34780711/
49,"P0 free — already ours, needs a crop not a purchase",/places/sao-tome-and-principe/creole-and-portuguese.html,sao-tome-and-principe,creole and portuguese,culture,yes,yes,yes,4478048,4.48,estimated,4,no price attached,4,yes,AKL-000454,yes,True,KEEP,Cut the phone crop from the original we already hold (AKL-000454) and let rewrite point the page at our own host. No purchase.,re-crop,"A — none. We hold the file; this is an hour of somebody's attention, not a purchase.",No budget. Cut the phone crop from the original we already hold (AKL-000454) and let rewrite point the page at our own host. No purchase.,"Charming tree-lined street with traditional buildings in a historic Angolan village under a bright blue sky., Sao Tome and Principe",16/9,AKL-000454,pexels:36904091,https://images.pexels.com/photos/36904091/pexels-photo-36904091.jpeg,Eliane Soraya,https://www.pexels.com/photo/scenic-tree-lined-street-in-historical-angola-village-36904091/
50,"P0 free — already ours, needs a crop not a purchase",/places/morocco/dunes-gorges-and-surf.html,morocco,dunes gorges and surf,adventure,yes,yes,yes,4478048,4.48,estimated,4,no price attached,2,yes,AKL-000377,yes,True,KEEP,Cut the phone crop from the original we already hold (AKL-000377) and let rewrite point the page at our own host. No purchase.,re-crop,"A — none. We hold the file; this is an hour of somebody's attention, not a purchase.",No budget. Cut the phone crop from the original we already hold (AKL-000377) and let rewrite point the page at our own host. No purchase.,"a trekking trail high on a ridge in the High Atlas, Morocco",16/9,AKL-000377,pexels:37672161,https://images.pexels.com/photos/37672161/pexels-photo-37672161.jpeg,Mohamed Khettouch,https://www.pexels.com/photo/scenic-view-of-atlas-mountains-with-bridge-and-road-37672161/
51,"P0 free — already ours, needs a crop not a purchase",/places/zambia/devils-pool-and-the-gorge.html,zambia,devils pool and the gorge,adventure,yes,yes,yes,4421326,4.42,estimated,2,"priced route — East, South and continental",2,yes,AKL-000608,yes,True,KEEP,Cut the phone crop from the original we already hold (AKL-000608) and let rewrite point the page at our own host. No purchase.,re-crop,"A — none. We hold the file; this is an hour of somebody's attention, not a purchase.",No budget. Cut the phone crop from the original we already hold (AKL-000608) and let rewrite point the page at our own host. No purchase.,"rafting the grade five rapids in the Batoka gorge below Victoria Falls, Zambia",16/9,AKL-000608,pexels:30172599,https://images.pexels.com/photos/30172599/pexels-photo-30172599.jpeg,Kabwe Kabwe,https://www.pexels.com/photo/majestic-victoria-falls-bridge-with-rainbow-30172599/
52,"P0 free — already ours, needs a crop not a purchase",/places/nigeria/plateau-and-delta.html,nigeria,plateau and delta,adventure,yes,yes,yes,4421326,4.42,estimated,4,no price attached,2,yes,AKL-000423,yes,True,KEEP,Cut the phone crop from the original we already hold (AKL-000423) and let rewrite point the page at our own host. No purchase.,re-crop,"A — none. We hold the file; this is an hour of somebody's attention, not a purchase.",No budget. Cut the phone crop from the original we already hold (AKL-000423) and let rewrite point the page at our own host. No purchase.,"the rock formations of the Jos plateau, Nigeria",16/9,AKL-000423,pexels:37562262,https://images.pexels.com/photos/37562262/pexels-photo-37562262.jpeg,Jagaba Denis,https://www.pexels.com/photo/vibrant-market-scene-with-auto-rickshaws-in-jos-nigeria-37562262/
53,"P0 free — already ours, needs a crop not a purchase",/places/togo/walking-around-kpalime.html,togo,walking around kpalime,adventure,yes,yes,yes,4421326,4.42,estimated,4,no price attached,2,yes,AKL-000559,yes,True,KEEP,Cut the phone crop from the original we already hold (AKL-000559) and let rewrite point the page at our own host. No purchase.,re-crop,"A — none. We hold the file; this is an hour of somebody's attention, not a purchase.",No budget. Cut the phone crop from the original we already hold (AKL-000559) and let rewrite point the page at our own host. No purchase.,"a walking path through cocoa and coffee smallholdings near Kpalime, Togo",16/9,AKL-000559,pexels:6433765,https://images.pexels.com/photos/6433765/pexels-photo-6433765.jpeg,ธันยกร ไกรสร,https://www.pexels.com/photo/woman-walking-on-a-passageway-6433765/
54,"P0 free — already ours, needs a crop not a purchase",/places/seychelles/endemic-everywhere.html,seychelles,endemic everywhere,wildlife,yes,yes,yes,4403712,4.40,estimated,4,no price attached,4,yes,AKL-000491,yes,True,KEEP,Cut the phone crop from the original we already hold (AKL-000491) and let rewrite point the page at our own host. No purchase.,re-crop,"A — none. We hold the file; this is an hour of somebody's attention, not a purchase.",No budget. Cut the phone crop from the original we already hold (AKL-000491) and let rewrite point the page at our own host. No purchase.,"a giant tortoise walking a beach on Curieuse, Seychelles",16/9,AKL-000491,pexels:33428146,https://images.pexels.com/photos/33428146/pexels-photo-33428146.jpeg,Vika Glitter,https://www.pexels.com/photo/woman-relaxing-on-rocky-beach-in-seychelles-33428146/
55,"P0 free — already ours, needs a crop not a purchase",/places/seychelles/nowhere-else-is-built-like-this.html,seychelles,nowhere else is built like this,why-visit,yes,yes,yes,4403712,4.40,estimated,4,no price attached,2,yes,AKL-000490,yes,True,KEEP,Cut the phone crop from the original we already hold (AKL-000490) and let rewrite point the page at our own host. No purchase.,re-crop,"A — none. We hold the file; this is an hour of somebody's attention, not a purchase.",No budget. Cut the phone crop from the original we already hold (AKL-000490) and let rewrite point the page at our own host. No purchase.,granite peaks and palms above a Seychelles beach,16/9,AKL-000490,pexels:33428172,https://images.pexels.com/photos/33428172/pexels-photo-33428172.jpeg,Vika Glitter,https://www.pexels.com/photo/fashionable-woman-posing-on-seychelles-beach-33428172/
56,"P0 free — already ours, needs a crop not a purchase",/places/namibia/eleven-peoples.html,namibia,eleven peoples,culture,yes,yes,yes,4392000,4.39,estimated,1,operator — bookable today,3,yes,AKL-000405,yes,True,KEEP,Cut the phone crop from the original we already hold (AKL-000405) and let rewrite point the page at our own host. No purchase.,re-crop,"A — none. We hold the file; this is an hour of somebody's attention, not a purchase.",No budget. Cut the phone crop from the original we already hold (AKL-000405) and let rewrite point the page at our own host. No purchase.,"a Herero woman in traditional dress, Namibia",16/9,AKL-000405,pexels:35274058,https://images.pexels.com/photos/35274058/pexels-photo-35274058.jpeg,Khulani Faniso,https://www.pexels.com/photo/traditional-african-attire-couple-portrait-35274058/
57,"P0 free — already ours, needs a crop not a purchase",/places/kenya/maasai-and-swahili.html,kenya,maasai and swahili,culture,yes,yes,yes,4392000,4.39,estimated,2,"priced route — East, South and continental",4,yes,AKL-000268,yes,True,KEEP,Cut the phone crop from the original we already hold (AKL-000268) and let rewrite point the page at our own host. No purchase.,re-crop,"A — none. We hold the file; this is an hour of somebody's attention, not a purchase.",No budget. Cut the phone crop from the original we already hold (AKL-000268) and let rewrite point the page at our own host. No purchase.,"Maasai elders in red shuka cloth on the open plains, Kenya",16/9,AKL-000268,pexels:31151819,https://images.pexels.com/photos/31151819/pexels-photo-31151819.jpeg,Mr Sketch,https://www.pexels.com/photo/maasai-woman-in-traditional-attire-smiling-outdoors-31151819/
58,"P0 free — already ours, needs a crop not a purchase",/places/rwanda/intore-the-dance-of-heroes.html,rwanda,intore the dance of heroes,culture,yes,yes,yes,4392000,4.39,estimated,2,"priced route — East, South and continental",4,yes,AKL-000441,yes,True,KEEP,Cut the phone crop from the original we already hold (AKL-000441) and let rewrite point the page at our own host. No purchase.,re-crop,"A — none. We hold the file; this is an hour of somebody's attention, not a purchase.",No budget. Cut the phone crop from the original we already hold (AKL-000441) and let rewrite point the page at our own host. No purchase.,Intore dancers in grass headdresses performing in Rwanda,16/9,AKL-000441,pexels:36470601,https://images.pexels.com/photos/36470601/pexels-photo-36470601.jpeg,Ana Kenk,https://www.pexels.com/photo/aerial-view-of-kigali-city-landscape-rwanda-36470601/
59,"P0 free — already ours, needs a crop not a purchase",/places/south-africa/eleven-languages.html,south-africa,eleven languages,culture,yes,yes,yes,4392000,4.39,estimated,2,"priced route — East, South and continental",4,yes,AKL-000514,yes,True,KEEP,Cut the phone crop from the original we already hold (AKL-000514) and let rewrite point the page at our own host. No purchase.,re-crop,"A — none. We hold the file; this is an hour of somebody's attention, not a purchase.",No budget. Cut the phone crop from the original we already hold (AKL-000514) and let rewrite point the page at our own host. No purchase.,"Zulu dancers in traditional dress in KwaZulu-Natal, South Africa",16/9,AKL-000514,pexels:32721025,https://images.pexels.com/photos/32721025/pexels-photo-32721025.jpeg,Ryan Lansdown,https://www.pexels.com/photo/nguni-cattle-grazing-in-scenic-kwazulu-natal-landscape-32721025/
60,"P0 free — already ours, needs a crop not a purchase",/places/zambia/leopard-country.html,zambia,leopard country,wildlife,yes,yes,yes,4392000,4.39,estimated,2,"priced route — East, South and continental",4,yes,AKL-000620,yes,True,KEEP,Cut the phone crop from the original we already hold (AKL-000620) and let rewrite point the page at our own host. No purchase.,re-crop,"A — none. We hold the file; this is an hour of somebody's attention, not a purchase.",No budget. Cut the phone crop from the original we already hold (AKL-000620) and let rewrite point the page at our own host. No purchase.,"a leopard in a sausage tree in the South Luangwa valley, Zambia",16/9,AKL-000620,pexels:36467687,https://images.pexels.com/photos/36467687/pexels-photo-36467687.jpeg,Ana Kenk,https://www.pexels.com/photo/traditional-village-and-landscape-in-zambia-36467687/
61,"P0 free — already ours, needs a crop not a purchase",/places/zimbabwe/hwanges-elephant.html,zimbabwe,hwanges elephant,wildlife,yes,yes,yes,4392000,4.39,estimated,2,"priced route — East, South and continental",4,yes,AKL-000629,yes,True,KEEP,Cut the phone crop from the original we already hold (AKL-000629) and let rewrite point the page at our own host. No purchase.,re-crop,"A — none. We hold the file; this is an hour of somebody's attention, not a purchase.",No budget. Cut the phone crop from the original we already hold (AKL-000629) and let rewrite point the page at our own host. No purchase.,"elephants crowding a pumped waterhole in Hwange, Zimbabwe",16/9,AKL-000629,pexels:8944070,https://images.pexels.com/photos/8944070/pexels-photo-8944070.jpeg,Dorota Semla,https://www.pexels.com/photo/herd-of-elephants-standing-on-a-ground-8944070/
62,"P0 free — already ours, needs a crop not a purchase",/places/kenya/magical-kenya.html,kenya,magical kenya,why-visit,yes,yes,yes,4392000,4.39,estimated,2,"priced route — East, South and continental",2,yes,AKL-000280,yes,True,KEEP,Cut the phone crop from the original we already hold (AKL-000280) and let rewrite point the page at our own host. No purchase.,re-crop,"A — none. We hold the file; this is an hour of somebody's attention, not a purchase.",No budget. Cut the phone crop from the original we already hold (AKL-000280) and let rewrite point the page at our own host. No purchase.,acacia silhouetted against a red sunset on the Kenyan savannah,16/9,AKL-000280,pexels:23831844,https://images.pexels.com/photos/23831844/pexels-photo-23831844.jpeg,Image  Noise,https://www.pexels.com/photo/sunset-on-safari-23831844/
63,"P0 free — already ours, needs a crop not a purchase",/places/cabo-verde/creole-and-the-morna.html,cabo-verde,creole and the morna,culture,yes,yes,yes,4392000,4.39,estimated,4,no price attached,4,yes,AKL-000058,yes,True,KEEP,Cut the phone crop from the original we already hold (AKL-000058) and let rewrite point the page at our own host. No purchase.,re-crop,"A — none. We hold the file; this is an hour of somebody's attention, not a purchase.",No budget. Cut the phone crop from the original we already hold (AKL-000058) and let rewrite point the page at our own host. No purchase.,"a morna band playing in a small bar in Mindelo, Cabo Verde",16/9,AKL-000058,pexels:18383496,https://images.pexels.com/photos/18383496/pexels-photo-18383496.jpeg,damien Saillet,https://www.pexels.com/photo/man-sitting-by-damaged-building-wall-in-cape-verde-18383496/
64,"P0 free — already ours, needs a crop not a purchase",/places/comoros/swahili-and-ylang-ylang.html,comoros,swahili and ylang ylang,culture,yes,yes,yes,4392000,4.39,estimated,4,no price attached,4,yes,AKL-000100,yes,True,KEEP,Cut the phone crop from the original we already hold (AKL-000100) and let rewrite point the page at our own host. No purchase.,re-crop,"A — none. We hold the file; this is an hour of somebody's attention, not a purchase.",No budget. Cut the phone crop from the original we already hold (AKL-000100) and let rewrite point the page at our own host. No purchase.,"ylang-ylang flowers being picked on a Comorian plantation, Comoros",16/9,AKL-000100,pexels:37139339,https://images.pexels.com/photos/37139339/pexels-photo-37139339.jpeg,AMOL NAKVE,https://www.pexels.com/photo/close-up-of-hands-stringing-jasmine-flowers-37139339/
65,"P0 free — already ours, needs a crop not a purchase",/places/liberia/the-pygmy-hippo.html,liberia,the pygmy hippo,wildlife,yes,yes,yes,4392000,4.39,estimated,4,no price attached,4,yes,AKL-000305,yes,True,KEEP,Cut the phone crop from the original we already hold (AKL-000305) and let rewrite point the page at our own host. No purchase.,re-crop,"A — none. We hold the file; this is an hour of somebody's attention, not a purchase.",No budget. Cut the phone crop from the original we already hold (AKL-000305) and let rewrite point the page at our own host. No purchase.,"a pygmy hippo at the edge of a forest stream at night, Liberia",16/9,AKL-000305,pexels:15965436,https://images.pexels.com/photos/15965436/pexels-photo-15965436.jpeg,Oscar Arce,https://www.pexels.com/photo/hippo-and-baby-15965436/
66,"P0 free — already ours, needs a crop not a purchase",/places/madagascar/malagasy-and-eighteen-peoples.html,madagascar,malagasy and eighteen peoples,culture,yes,yes,yes,4392000,4.39,estimated,4,no price attached,4,yes,AKL-000322,yes,True,KEEP,Cut the phone crop from the original we already hold (AKL-000322) and let rewrite point the page at our own host. No purchase.,re-crop,"A — none. We hold the file; this is an hour of somebody's attention, not a purchase.",No budget. Cut the phone crop from the original we already hold (AKL-000322) and let rewrite point the page at our own host. No purchase.,"a highland Malagasy village of red brick houses, Madagascar",16/9,AKL-000322,pexels:9459939,https://images.pexels.com/photos/9459939/pexels-photo-9459939.jpeg,Daniela J. Contreras,https://www.pexels.com/photo/aerial-footage-of-village-in-a-mountain-9459939/
67,"P0 free — already ours, needs a crop not a purchase",/places/malawi/the-warm-heart.html,malawi,the warm heart,culture,yes,yes,yes,4392000,4.39,estimated,4,no price attached,4,yes,AKL-000336,yes,True,KEEP,Cut the phone crop from the original we already hold (AKL-000336) and let rewrite point the page at our own host. No purchase.,re-crop,"A — none. We hold the file; this is an hour of somebody's attention, not a purchase.",No budget. Cut the phone crop from the original we already hold (AKL-000336) and let rewrite point the page at our own host. No purchase.,people talking at a lakeside village market in Malawi,16/9,AKL-000336,pexels:31819677,https://images.pexels.com/photos/31819677/pexels-photo-31819677.jpeg,Feyza Daştan,https://www.pexels.com/photo/serene-lakeside-view-with-people-and-boat-31819677/
68,"P0 free — already ours, needs a crop not a purchase",/places/nigeria/five-hundred-languages.html,nigeria,five hundred languages,culture,yes,yes,yes,4392000,4.39,estimated,4,no price attached,4,yes,AKL-000426,yes,True,KEEP,Cut the phone crop from the original we already hold (AKL-000426) and let rewrite point the page at our own host. No purchase.,re-crop,"A — none. We hold the file; this is an hour of somebody's attention, not a purchase.",No budget. Cut the phone crop from the original we already hold (AKL-000426) and let rewrite point the page at our own host. No purchase.,"a Yoruba drumming group performing at a festival, Nigeria",16/9,AKL-000426,pexels:34309307,https://images.pexels.com/photos/34309307/pexels-photo-34309307.jpeg,Anchau,https://www.pexels.com/photo/colorful-nigerian-festival-with-vibrant-attire-34309307/
69,"P0 free — already ours, needs a crop not a purchase",/places/nigeria/yankari-and-gashaka.html,nigeria,yankari and gashaka,wildlife,yes,yes,yes,4392000,4.39,estimated,4,no price attached,4,yes,AKL-000438,yes,True,KEEP,Cut the phone crop from the original we already hold (AKL-000438) and let rewrite point the page at our own host. No purchase.,re-crop,"A — none. We hold the file; this is an hour of somebody's attention, not a purchase.",No budget. Cut the phone crop from the original we already hold (AKL-000438) and let rewrite point the page at our own host. No purchase.,"Two African elephants standing under a tree in an arid savanna landscape, showcasing wildlife beauty., Nigeria",16/9,AKL-000438,pexels:18283434,https://images.pexels.com/photos/18283434/pexels-photo-18283434.jpeg,Sara Sukosd,https://www.pexels.com/photo/elephants-near-tree-18283434/
70,"P0 free — already ours, needs a crop not a purchase",/places/south-sudan/the-great-kob-migration.html,south-sudan,the great kob migration,wildlife,yes,yes,yes,4392000,4.39,estimated,4,no price attached,4,yes,AKL-000534,yes,True,KEEP,Cut the phone crop from the original we already hold (AKL-000534) and let rewrite point the page at our own host. No purchase.,re-crop,"A — none. We hold the file; this is an hour of somebody's attention, not a purchase.",No budget. Cut the phone crop from the original we already hold (AKL-000534) and let rewrite point the page at our own host. No purchase.,"a vast herd of white-eared kob crossing open grassland, South Sudan",16/9,AKL-000534,pexels:5521703,https://images.pexels.com/photos/5521703/pexels-photo-5521703.jpeg,Edgar Okioga,https://www.pexels.com/photo/herd-of-wildebeest-standing-on-green-grass-field-5521703/
71,"P0 free — already ours, needs a crop not a purchase",/places/sudan/dinder-and-the-red-sea.html,sudan,dinder and the red sea,wildlife,yes,yes,yes,4392000,4.39,estimated,4,no price attached,4,yes,AKL-000545,yes,True,KEEP,Cut the phone crop from the original we already hold (AKL-000545) and let rewrite point the page at our own host. No purchase.,re-crop,"A — none. We hold the file; this is an hour of somebody's attention, not a purchase.",No budget. Cut the phone crop from the original we already hold (AKL-000545) and let rewrite point the page at our own host. No purchase.,"a herd of roan antelope in Dinder National Park, Sudan",16/9,AKL-000545,pexels:15341664,https://images.pexels.com/photos/15341664/pexels-photo-15341664.jpeg,Alex Levis,https://www.pexels.com/photo/herd-of-buffalo-on-a-savannah-15341664/
72,"P0 free — already ours, needs a crop not a purchase",/places/sudan/nubian-arab-beja.html,sudan,nubian arab beja,culture,yes,yes,yes,4392000,4.39,estimated,4,no price attached,4,yes,AKL-000536,yes,True,KEEP,Cut the phone crop from the original we already hold (AKL-000536) and let rewrite point the page at our own host. No purchase.,re-crop,"A — none. We hold the file; this is an hour of somebody's attention, not a purchase.",No budget. Cut the phone crop from the original we already hold (AKL-000536) and let rewrite point the page at our own host. No purchase.,"a decorated Nubian house with a painted doorway on the Nile, Sudan",16/9,AKL-000536,pexels:31814296,https://images.pexels.com/photos/31814296/pexels-photo-31814296.jpeg,Michelle Chadwick,https://www.pexels.com/photo/sailing-on-the-nile-river-in-lush-egypt-31814296/
73,"P0 free — already ours, needs a crop not a purchase",/places/chad/crossing-the-ennedi.html,chad,crossing the ennedi,adventure,yes,yes,yes,4392000,4.39,estimated,4,no price attached,2,yes,AKL-000089,yes,True,KEEP,Cut the phone crop from the original we already hold (AKL-000089) and let rewrite point the page at our own host. No purchase.,re-crop,"A — none. We hold the file; this is an hour of somebody's attention, not a purchase.",No budget. Cut the phone crop from the original we already hold (AKL-000089) and let rewrite point the page at our own host. No purchase.,"a desert camp under a sandstone arch in the Ennedi, Chad",16/9,AKL-000089,pexels:10960881,https://images.pexels.com/photos/10960881/pexels-photo-10960881.jpeg,Raziuddin Farooqi,https://www.pexels.com/photo/car-driving-through-a-natural-arch-10960881/
74,"P0 free — already ours, needs a crop not a purchase",/places/dr-congo/nyiragongo-overnight.html,dr-congo,nyiragongo overnight,adventure,yes,yes,yes,4392000,4.39,estimated,4,no price attached,2,yes,AKL-000125,yes,True,KEEP,Cut the phone crop from the original we already hold (AKL-000125) and let rewrite point the page at our own host. No purchase.,re-crop,"A — none. We hold the file; this is an hour of somebody's attention, not a purchase.",No budget. Cut the phone crop from the original we already hold (AKL-000125) and let rewrite point the page at our own host. No purchase.,"climbers on the crater rim of Nyiragongo above the lava lake, DR Congo",16/9,AKL-000125,pexels:37245212,https://images.pexels.com/photos/37245212/pexels-photo-37245212.jpeg,Edu Raw,https://www.pexels.com/photo/aerial-view-of-active-volcano-crater-37245212/
75,"P0 free — already ours, needs a crop not a purchase",/places/equatorial-guinea/why-equatorial-guinea.html,equatorial-guinea,why equatorial guinea,why-visit,yes,yes,yes,4392000,4.39,estimated,4,no price attached,2,yes,AKL-000162,yes,True,KEEP,Cut the phone crop from the original we already hold (AKL-000162) and let rewrite point the page at our own host. No purchase.,re-crop,"A — none. We hold the file; this is an hour of somebody's attention, not a purchase.",No budget. Cut the phone crop from the original we already hold (AKL-000162) and let rewrite point the page at our own host. No purchase.,"turtle tracks on black sand below rainforest at dawn, Equatorial Guinea",16/9,AKL-000162,pexels:18497945,https://images.pexels.com/photos/18497945/pexels-photo-18497945.jpeg,Click Jeth,https://www.pexels.com/photo/walking-new-guinea-snapping-turtle-18497945/
76,"P0 free — already ours, needs a crop not a purchase",/places/libya/into-the-acacus.html,libya,into the acacus,adventure,yes,yes,yes,4392000,4.39,estimated,4,no price attached,2,yes,AKL-000306,yes,True,KEEP,Cut the phone crop from the original we already hold (AKL-000306) and let rewrite point the page at our own host. No purchase.,re-crop,"A — none. We hold the file; this is an hour of somebody's attention, not a purchase.",No budget. Cut the phone crop from the original we already hold (AKL-000306) and let rewrite point the page at our own host. No purchase.,"a desert camp under a rock arch in the Acacus at night, Libya",16/9,AKL-000306,pexels:10999562,https://images.pexels.com/photos/10999562/pexels-photo-10999562.jpeg,Irfan Rahat,https://www.pexels.com/photo/brown-rock-formation-under-blue-sky-10999562/
77,"P0 free — already ours, needs a crop not a purchase",/places/mauritania/riding-the-ore-train.html,mauritania,riding the ore train,adventure,yes,yes,yes,4392000,4.39,estimated,4,no price attached,2,yes,AKL-000353,yes,True,KEEP,Cut the phone crop from the original we already hold (AKL-000353) and let rewrite point the page at our own host. No purchase.,re-crop,"A — none. We hold the file; this is an hour of somebody's attention, not a purchase.",No budget. Cut the phone crop from the original we already hold (AKL-000353) and let rewrite point the page at our own host. No purchase.,"passengers sitting on top of iron ore wagons in the desert, Mauritania",16/9,AKL-000353,pexels:11018023,https://images.pexels.com/photos/11018023/pexels-photo-11018023.jpeg,Raymond Ma Yi Rong,https://www.pexels.com/photo/people-sitting-inside-ferry-boat-11018023/
78,"P0 free — already ours, needs a crop not a purchase",/places/seychelles/dive-sail-walk.html,seychelles,dive sail walk,adventure,yes,yes,yes,4392000,4.39,estimated,4,no price attached,2,yes,AKL-000473,yes,True,KEEP,Cut the phone crop from the original we already hold (AKL-000473) and let rewrite point the page at our own host. No purchase.,re-crop,"A — none. We hold the file; this is an hour of somebody's attention, not a purchase.",No budget. Cut the phone crop from the original we already hold (AKL-000473) and let rewrite point the page at our own host. No purchase.,"a yacht anchored between granite islands, Seychelles",16/9,AKL-000473,pexels:13549341,https://images.pexels.com/photos/13549341/pexels-photo-13549341.jpeg,Adrien Daurenjou,https://www.pexels.com/photo/scenic-view-of-a-beach-in-seychelles-13549341/
79,"P0 free — already ours, needs a crop not a purchase",/places/south-sudan/getting-to-boma.html,south-sudan,getting to boma,adventure,yes,yes,yes,4392000,4.39,estimated,4,no price attached,2,yes,AKL-000522,yes,True,KEEP,Cut the phone crop from the original we already hold (AKL-000522) and let rewrite point the page at our own host. No purchase.,re-crop,"A — none. We hold the file; this is an hour of somebody's attention, not a purchase.",No budget. Cut the phone crop from the original we already hold (AKL-000522) and let rewrite point the page at our own host. No purchase.,"a light aircraft on a grass airstrip in remote grassland, South Sudan",16/9,AKL-000522,pexels:11833111,https://images.pexels.com/photos/11833111/pexels-photo-11833111.jpeg,Michael Pointner,https://www.pexels.com/photo/aiplane-on-grass-near-tarmac-11833111/
80,"P0 free — already ours, needs a crop not a purchase",/places/tunisia/desert-diving-dunes.html,tunisia,desert diving dunes,adventure,yes,yes,yes,4392000,4.39,estimated,4,no price attached,2,yes,AKL-000570,yes,True,KEEP,Cut the phone crop from the original we already hold (AKL-000570) and let rewrite point the page at our own host. No purchase.,re-crop,"A — none. We hold the file; this is an hour of somebody's attention, not a purchase.",No budget. Cut the phone crop from the original we already hold (AKL-000570) and let rewrite point the page at our own host. No purchase.,"camels crossing dunes on the Grand Erg oriental, Tunisia",16/9,AKL-000570,pexels:11042654,https://images.pexels.com/photos/11042654/pexels-photo-11042654.jpeg,Elias Strale,https://www.pexels.com/photo/aerial-view-of-dunes-11042654/
81,"P0 free — already ours, needs a crop not a purchase",/places/uganda/wildlife-encounters.html,uganda,wildlife encounters,wildlife,yes,yes,yes,3653019,3.65,estimated,1,operator — bookable today,3,yes,AKL-000607,yes,True,KEEP,Cut the phone crop from the original we already hold (AKL-000607) and let rewrite point the page at our own host. No purchase.,re-crop,"A — none. We hold the file; this is an hour of somebody's attention, not a purchase.",No budget. Cut the phone crop from the original we already hold (AKL-000607) and let rewrite point the page at our own host. No purchase.,"a mountain gorilla in the Bwindi Impenetrable Forest, Uganda",16/9,AKL-000607,unsplash:ayK9OL49mq4,https://images.unsplash.com/photo-1711198598802-c890ae001719,Gabriel Schumacher,https://unsplash.com/photos/a-black-gorilla-laying-in-the-middle-of-a-forest-ayK9OL49mq4
82,"P0 free — already ours, needs a crop not a purchase",/places/botswana/the-largest-elephant-population.html,botswana,the largest elephant population,wildlife,yes,yes,yes,3278610,3.28,estimated,2,"priced route — East, South and continental",4,yes,AKL-000031,yes,True,KEEP,Cut the phone crop from the original we already hold (AKL-000031) and let rewrite point the page at our own host. No purchase.,re-crop,"A — none. We hold the file; this is an hour of somebody's attention, not a purchase.",No budget. Cut the phone crop from the original we already hold (AKL-000031) and let rewrite point the page at our own host. No purchase.,"elephants coming down to the Chobe river in late light, Botswana",16/9,AKL-000031,unsplash:tZ_SGsO5aK4,https://images.unsplash.com/photo-1736705245463-8347e6828558,Travel2Africa,https://unsplash.com/photos/a-group-of-elephants-walking-across-a-body-of-water-tZ_SGsO5aK4
83,"P0 free — already ours, needs a crop not a purchase",/places/tanzania/uhuru-peak-by-machame.html,tanzania,uhuru peak by machame,adventure,yes,yes,yes,3278610,3.28,estimated,2,"priced route — East, South and continental",2,yes,AKL-000546,yes,True,KEEP,Cut the phone crop from the original we already hold (AKL-000546) and let rewrite point the page at our own host. No purchase.,re-crop,"A — none. We hold the file; this is an hour of somebody's attention, not a purchase.",No budget. Cut the phone crop from the original we already hold (AKL-000546) and let rewrite point the page at our own host. No purchase.,"trekkers on the Machame route high on Kilimanjaro, Tanzania",16/9,AKL-000546,unsplash:MTkNBoP3Bpk,https://images.unsplash.com/photo-1766401744148-0d6b442c57e8,Twende Africa Tours,https://unsplash.com/photos/snow-capped-mountain-peak-under-a-blue-sky-MTkNBoP3Bpk
84,"P0 free — already ours, needs a crop not a purchase",/places/uganda/half-the-worlds-gorillas.html,uganda,half the worlds gorillas,why-visit,yes,yes,yes,2226498,2.23,estimated,1,operator — bookable today,2,yes,AKL-000606,yes,True,KEEP,Cut the phone crop from the original we already hold (AKL-000606) and let rewrite point the page at our own host. No purchase.,re-crop,"A — none. We hold the file; this is an hour of somebody's attention, not a purchase.",No budget. Cut the phone crop from the original we already hold (AKL-000606) and let rewrite point the page at our own host. No purchase.,"a silverback mountain gorilla resting in the Bwindi undergrowth, Uganda",16/9,AKL-000606,unsplash:NrrzGBcU6aM,https://images.unsplash.com/photo-1620148878899-7c9b16ce9651,Ylenia Vimercati Molano,https://unsplash.com/photos/black-gorilla-on-green-grass-during-daytime-NrrzGBcU6aM
85,"P0 free — already ours, needs a crop not a purchase",/places/algeria/what-lives-in-the-sand.html,algeria,what lives in the sand,wildlife,yes,yes,yes,2226498,2.23,estimated,4,no price attached,4,yes,AKL-000009,yes,True,KEEP,Cut the phone crop from the original we already hold (AKL-000009) and let rewrite point the page at our own host. No purchase.,re-crop,"A — none. We hold the file; this is an hour of somebody's attention, not a purchase.",No budget. Cut the phone crop from the original we already hold (AKL-000009) and let rewrite point the page at our own host. No purchase.,a fennec fox at the edge of dunes in the Algerian Sahara,16/9,AKL-000009,unsplash:ySijdi3dK10,https://images.unsplash.com/photo-1632257996200-cb89e88cac8d,Azzedine Rouichi,https://unsplash.com/photos/a-desert-scene-with-rocks-and-sand-in-the-foreground-ySijdi3dK10
86,"P0 free — already ours, needs a crop not a purchase",/places/namibia/self-drive-country.html,namibia,self drive country,adventure,yes,yes,yes,1088372,1.09,estimated,1,operator — bookable today,2,yes,AKL-000403,yes,True,KEEP,Cut the phone crop from the original we already hold (AKL-000403) and let rewrite point the page at our own host. No purchase.,re-crop,"A — none. We hold the file; this is an hour of somebody's attention, not a purchase.",No budget. Cut the phone crop from the original we already hold (AKL-000403) and let rewrite point the page at our own host. No purchase.,"a gravel road running straight to the horizon, Namibia",16/9,AKL-000403,unsplash:MlCHlQtFKhg,https://images.unsplash.com/photo-1565204630921-bbafec59a229,Vicky Sim,https://unsplash.com/photos/brown-road-MlCHlQtFKhg
87,P1 acquire now — operator or priced major route,/places/cameroon/the-1999-lava-fields.html,cameroon,the 1999 lava fields,hidden-gems,yes,yes,yes,15166021,15.17,estimated,1,operator — bookable today,3,no,,no,True,REPLACE,"Add a width to the existing URL — the same ?auto=compress&cs=tinysrgb&w=1200 that 6,188 of the site's 7,496 provider references already carry. No licence, no new asset, no budget, and it does not prejudge whether the photograph is any good.",licence,C — a licence worth paying up for: this frame opens a page that carries a price.,"Opens /places/cameroon/the-1999-lava-fields.html, the only photograph on it a phone is certain to fetch. Operator — bookable today. The picture is wrong: the provider calls it ""green trees near mountain"". Costs a phone 15.2 MB today (estimated).",black solidified lava flows reaching the sea on the flank of Mount Cameroon,16/9,,pexels:9594981,https://images.pexels.com/photos/9594981/pexels-photo-9594981.jpeg,Kureng Workx,https://www.pexels.com/photo/green-trees-near-mountain-9594981/
88,P1 acquire now — operator or priced major route,/places/cameroon/village-and-mountain-together.html,cameroon,village and mountain together,family-community,yes,yes,yes,13774717,13.77,estimated,1,operator — bookable today,3,no,,no,True,REPLACE,"Add a width to the existing URL — the same ?auto=compress&cs=tinysrgb&w=1200 that 6,188 of the site's 7,496 provider references already carry. No licence, no new asset, no budget, and it does not prejudge whether the photograph is any good.",licence,C — a licence worth paying up for: this frame opens a page that carries a price.,"Opens /places/cameroon/village-and-mountain-together.html, the only photograph on it a phone is certain to fetch. Operator — bookable today. The picture is wrong: the provider calls it ""two people in life jackets wading through a body of "". Costs a phone 13.8 MB today (estimated).","villagers and guides repairing a stone section of mountain trail together, Cameroon",16/9,,unsplash:MLAKGOi9lrk,https://images.unsplash.com/photo-1689762063112-a6220c5e1f70,Joseph Siewe,https://unsplash.com/photos/two-people-in-life-jackets-wading-through-a-body-of-water-MLAKGOi9lrk
89,P1 acquire now — operator or priced major route,/places/namibia/the-caprivi-woodland.html,namibia,the caprivi woodland,forests,yes,yes,yes,7847578,7.85,estimated,1,operator — bookable today,3,no,,no,True,REPLACE,"Add a width to the existing URL — the same ?auto=compress&cs=tinysrgb&w=1200 that 6,188 of the site's 7,496 provider references already carry. No licence, no new asset, no budget, and it does not prejudge whether the photograph is any good.",licence,C — a licence worth paying up for: this frame opens a page that carries a price.,"Opens /places/namibia/the-caprivi-woodland.html, the only photograph on it a phone is certain to fetch. Operator — bookable today. The picture is wrong: relevance 2.2. Costs a phone 7.8 MB today (estimated).","Peaceful forest stream with trees reflecting in clear water, East Wenatchee, WA., Namibia",16/9,,pexels:16807196,https://images.pexels.com/photos/16807196/pexels-photo-16807196.jpeg,Frank Cone,https://www.pexels.com/photo/swamp-and-forest-16807196/
90,P1 acquire now — operator or priced major route,/places/namibia/dune-quad-balloon.html,namibia,dune quad balloon,outdoor,yes,yes,yes,7103392,7.10,estimated,1,operator — bookable today,2,no,,no,True,REPLACE,"Add a width to the existing URL — the same ?auto=compress&cs=tinysrgb&w=1200 that 6,188 of the site's 7,496 provider references already carry. No licence, no new asset, no budget, and it does not prejudge whether the photograph is any good.",licence,C — a licence worth paying up for: this frame opens a page that carries a price.,"Opens /places/namibia/dune-quad-balloon.html, the only photograph on it a phone is certain to fetch. Operator — bookable today. The picture is wrong: the provider calls it ""single tree on desert"". Costs a phone 7.1 MB today (estimated).","a balloon over the Namib at sunrise, Namibia",16/9,,pexels:25975001,https://images.pexels.com/photos/25975001/pexels-photo-25975001.jpeg,zhou shen,https://www.pexels.com/photo/single-tree-on-desert-25975001/
91,P1 acquire now — operator or priced major route,/places/cameroon/chefferie-and-colonial-buea.html,cameroon,chefferie and colonial buea,architecture,yes,yes,yes,5991671,5.99,estimated,1,operator — bookable today,3,no,,no,True,REPLACE,"Add a width to the existing URL — the same ?auto=compress&cs=tinysrgb&w=1200 that 6,188 of the site's 7,496 provider references already carry. No licence, no new asset, no budget, and it does not prejudge whether the photograph is any good.",licence,C — a licence worth paying up for: this frame opens a page that carries a price.,"Opens /places/cameroon/chefferie-and-colonial-buea.html, the only photograph on it a phone is certain to fetch. Operator — bookable today. The picture is wrong: relevance 2.2. Costs a phone 6.0 MB today (estimated).","A person carrying goods on their head walks through ornate African architecture, illustrating cultural lifestyle., Cameroon",16/9,,pexels:30253023,https://images.pexels.com/photos/30253023/pexels-photo-30253023.jpeg,Kaybee Photography,https://www.pexels.com/photo/traditional-african-architecture-and-daily-life-30253023/
92,P1 acquire now — operator or priced major route,/places/cameroon/the-ring-road-on-foot.html,cameroon,the ring road on foot,outdoor,yes,yes,yes,5837377,5.84,estimated,1,operator — bookable today,2,no,,no,True,REPLACE,"Add a width to the existing URL — the same ?auto=compress&cs=tinysrgb&w=1200 that 6,188 of the site's 7,496 provider references already carry. No licence, no new asset, no budget, and it does not prejudge whether the photograph is any good.",licence,C — a licence worth paying up for: this frame opens a page that carries a price.,"Opens /places/cameroon/the-ring-road-on-foot.html, the only photograph on it a phone is certain to fetch. Operator — bookable today. The picture is wrong: relevance 2.9. Costs a phone 5.8 MB today (estimated).","Mount Meru against a clear blue sky in Tanzania, showcasing its volcanic landscape., Cameroon",16/9,,pexels:12738166,https://images.pexels.com/photos/12738166/pexels-photo-12738166.jpeg,Peter Godfrey,https://www.pexels.com/photo/view-of-a-grass-field-trees-and-mount-meru-under-clear-blue-sky-12738166/
93,P1 acquire now — operator or priced major route,/places/cameroon/wildlife-of-the-rainforest.html,cameroon,wildlife of the rainforest,wildlife,yes,yes,yes,5790335,5.79,estimated,1,operator — bookable today,5,no,,yes,True,REPLACE,"Add a width to the existing URL — the same ?auto=compress&cs=tinysrgb&w=1200 that 6,188 of the site's 7,496 provider references already carry. No licence, no new asset, no budget, and it does not prejudge whether the photograph is any good.",licence,C — a licence worth paying up for: this frame opens a page that carries a price.,"Opens /places/cameroon/wildlife-of-the-rainforest.html, the only photograph on it a phone is certain to fetch. Operator — bookable today. The picture is wrong: the provider calls it ""an empty road in the middle of a jungle"". Costs a phone 5.8 MB today (estimated).","forest elephants among buttressed trees in Korup National Park, Cameroon",16/9,,unsplash:jp6NY2IPP6s,https://images.unsplash.com/photo-1682924754698-9f0a3bcef68f,Angelo Casto,https://unsplash.com/photos/an-empty-road-in-the-middle-of-a-jungle-jp6NY2IPP6s
94,P1 acquire now — operator or priced major route,/places/uganda/the-kingdom-of-buganda.html,uganda,the kingdom of buganda,culture,yes,yes,yes,5509324,5.51,estimated,1,operator — bookable today,3,no,,yes,True,REPLACE,"Add a width to the existing URL — the same ?auto=compress&cs=tinysrgb&w=1200 that 6,188 of the site's 7,496 provider references already carry. No licence, no new asset, no budget, and it does not prejudge whether the photograph is any good.",licence,C — a licence worth paying up for: this frame opens a page that carries a price.,"Opens /places/uganda/the-kingdom-of-buganda.html, the only photograph on it a phone is certain to fetch. Operator — bookable today. The picture is wrong: relevance 3.5; the provider calls it ""music and faces"". Costs a phone 5.5 MB today (estimated).","A vibrant group of people in traditional attire gathered outdoors in Masindi, Uganda.",16/9,,pexels:28100867,https://images.pexels.com/photos/28100867/pexels-photo-28100867.jpeg,illustrate Digital Ug,https://www.pexels.com/photo/music-and-faces-28100867/
95,P1 acquire now — operator or priced major route,/places/uganda/crater-lakes-at-first-light.html,uganda,crater lakes at first light,photography,yes,yes,yes,5055473,5.06,estimated,1,operator — bookable today,3,no,,no,True,REPLACE,"Add a width to the existing URL — the same ?auto=compress&cs=tinysrgb&w=1200 that 6,188 of the site's 7,496 provider references already carry. No licence, no new asset, no budget, and it does not prejudge whether the photograph is any good.",licence,C — a licence worth paying up for: this frame opens a page that carries a price.,"Opens /places/uganda/crater-lakes-at-first-light.html, the only photograph on it a phone is certain to fetch. Operator — bookable today. The picture is wrong: relevance 3.3; the provider calls it ""vibrant daily life on ugandan street"". Costs a phone 5.1 MB today (estimated).","morning mist on the Ndali-Kasenda crater lakes near Fort Portal, Uganda",16/9,,pexels:38520450,https://images.pexels.com/photos/38520450/pexels-photo-38520450.jpeg,Mwesigwa Joel,https://www.pexels.com/photo/vibrant-daily-life-on-ugandan-street-38520450/
96,P1 acquire now — operator or priced major route,/places/cameroon/everything-within-one-border.html,cameroon,everything within one border,why-visit,yes,yes,yes,4925544,4.93,estimated,1,operator — bookable today,2,no,,yes,True,REPLACE,"Add a width to the existing URL — the same ?auto=compress&cs=tinysrgb&w=1200 that 6,188 of the site's 7,496 provider references already carry. No licence, no new asset, no budget, and it does not prejudge whether the photograph is any good.",licence,C — a licence worth paying up for: this frame opens a page that carries a price.,"Opens /places/cameroon/everything-within-one-border.html, the only photograph on it a phone is certain to fetch. Operator — bookable today. The picture is wrong: relevance 3.9. Costs a phone 4.9 MB today (estimated).","Expansive view of farmland with a dirt road leading into the horizon under a vast sky., Cameroon",16/9,,pexels:10434600,https://images.pexels.com/photos/10434600/pexels-photo-10434600.jpeg,Moses Londo,https://www.pexels.com/photo/farmland-under-cloudy-sky-10434600/
97,P1 acquire now — operator or priced major route,/places/cameroon/sahel-safari-at-waza.html,cameroon,sahel safari at waza,safari,yes,yes,yes,4858718,4.86,estimated,1,operator — bookable today,4,no,,no,True,REPLACE,"Add a width to the existing URL — the same ?auto=compress&cs=tinysrgb&w=1200 that 6,188 of the site's 7,496 provider references already carry. No licence, no new asset, no budget, and it does not prejudge whether the photograph is any good.",licence,C — a licence worth paying up for: this frame opens a page that carries a price.,"Opens /places/cameroon/sahel-safari-at-waza.html, the only photograph on it a phone is certain to fetch. Operator — bookable today. The picture is wrong: the provider calls it ""a car is driving down a deserted road"". Costs a phone 4.9 MB today (estimated).","elephants and giraffe at a dry-season waterhole in Waza National Park, Cameroon",16/9,,unsplash:Y0GY5hKDOJc,https://images.unsplash.com/photo-1682924754765-75832404fd1d,Angelo Casto,https://unsplash.com/photos/a-car-is-driving-down-a-deserted-road-Y0GY5hKDOJc
98,P1 acquire now — operator or priced major route,/places/cameroon/fulani-mafa-and-bamileke.html,cameroon,fulani mafa and bamileke,traditional-people,yes,yes,yes,4760143,4.76,estimated,1,operator — bookable today,3,no,,no,True,REPLACE,"Add a width to the existing URL — the same ?auto=compress&cs=tinysrgb&w=1200 that 6,188 of the site's 7,496 provider references already carry. No licence, no new asset, no budget, and it does not prejudge whether the photograph is any good.",licence,C — a licence worth paying up for: this frame opens a page that carries a price.,"Opens /places/cameroon/fulani-mafa-and-bamileke.html, the only photograph on it a phone is certain to fetch. Operator — bookable today. The picture is wrong: relevance 2.5. Costs a phone 4.8 MB today (estimated).","Vibrant traditional parade with drummers in Nigeria showcasing rich cultural heritage., Cameroon",16/9,,pexels:27541898,https://images.pexels.com/photos/27541898/pexels-photo-27541898.jpeg,Al-amin Muhammad,https://www.pexels.com/photo/drummers-27541898/
99,P1 acquire now — operator or priced major route,/places/namibia/the-himba.html,namibia,the himba,traditional-people,yes,yes,yes,4750387,4.75,estimated,1,operator — bookable today,3,no,,no,True,REPLACE,"Add a width to the existing URL — the same ?auto=compress&cs=tinysrgb&w=1200 that 6,188 of the site's 7,496 provider references already carry. No licence, no new asset, no budget, and it does not prejudge whether the photograph is any good.",licence,C — a licence worth paying up for: this frame opens a page that carries a price.,"Opens /places/namibia/the-himba.html, the only photograph on it a phone is certain to fetch. Operator — bookable today. The picture is wrong: relevance 3.3. Costs a phone 4.8 MB today (estimated).","A portrait of a smiling woman wearing colorful traditional attire with intricate patterns and jewelry, exuding cultural richness., Namibia",16/9,,pexels:36843264,https://images.pexels.com/photos/36843264/pexels-photo-36843264.jpeg,Darkshade Photos,https://www.pexels.com/photo/smiling-woman-in-vibrant-traditional-attire-36843264/
100,P1 acquire now — operator or priced major route,/places/namibia/windhoek-karnival-and-maherero-day.html,namibia,windhoek karnival and maherero day,festivals,yes,yes,yes,4750387,4.75,estimated,1,operator — bookable today,3,no,,no,True,REPLACE,"Add a width to the existing URL — the same ?auto=compress&cs=tinysrgb&w=1200 that 6,188 of the site's 7,496 provider references already carry. No licence, no new asset, no budget, and it does not prejudge whether the photograph is any good.",licence,C — a licence worth paying up for: this frame opens a page that carries a price.,"Opens /places/namibia/windhoek-karnival-and-maherero-day.html, the only photograph on it a phone is certain to fetch. Operator — bookable today. The picture is wrong: relevance 2.0. Costs a phone 4.8 MB today (estimated).","A vibrant gathering of African people in traditional tribal attire at an outdoor festival., Namibia",16/9,,pexels:34735560,https://images.pexels.com/photos/34735560/pexels-photo-34735560.jpeg,Skylight Views,https://www.pexels.com/photo/african-tribal-festival-with-colorful-attire-34735560/
101,P1 acquire now — operator or priced major route,/places/namibia/conservancies.html,namibia,conservancies,eco-tourism,yes,yes,yes,4750387,4.75,estimated,1,operator — bookable today,2,no,,no,True,REPLACE,"Add a width to the existing URL — the same ?auto=compress&cs=tinysrgb&w=1200 that 6,188 of the site's 7,496 provider references already carry. No licence, no new asset, no budget, and it does not prejudge whether the photograph is any good.",licence,C — a licence worth paying up for: this frame opens a page that carries a price.,"Opens /places/namibia/conservancies.html, the only photograph on it a phone is certain to fetch. Operator — bookable today. The picture is wrong: relevance 2.7. Costs a phone 4.8 MB today (estimated).","a community game guard on patrol in a conservancy, Namibia",16/9,,pexels:33638908,https://images.pexels.com/photos/33638908/pexels-photo-33638908.jpeg,Faniry Raoilison,https://www.pexels.com/photo/young-adults-playing-outdoor-foosball-game-33638908/
102,P1 acquire now — operator or priced major route,/places/cameroon/the-grassfields-kingdoms.html,cameroon,the grassfields kingdoms,culture,yes,yes,yes,4677585,4.68,estimated,1,operator — bookable today,3,no,,yes,True,REPLACE,"Add a width to the existing URL — the same ?auto=compress&cs=tinysrgb&w=1200 that 6,188 of the site's 7,496 provider references already carry. No licence, no new asset, no budget, and it does not prejudge whether the photograph is any good.",licence,C — a licence worth paying up for: this frame opens a page that carries a price.,"Opens /places/cameroon/the-grassfields-kingdoms.html, the only photograph on it a phone is certain to fetch. Operator — bookable today. The picture is wrong: relevance 2.0. Costs a phone 4.7 MB today (estimated).","Traditional African music performance during a cultural event in Maiduguri, Nigeria., Cameroon",16/9,,pexels:30037266,https://images.pexels.com/photos/30037266/pexels-photo-30037266.jpeg,Shally  Imagery,https://www.pexels.com/photo/cultural-music-performance-in-maiduguri-nigeria-30037266/
103,P1 acquire now — operator or priced major route,/places/cameroon/summit-crater-coast.html,cameroon,summit crater coast,adventure,yes,yes,yes,4421326,4.42,estimated,1,operator — bookable today,3,no,,yes,True,REPLACE,"Add a width to the existing URL — the same ?auto=compress&cs=tinysrgb&w=1200 that 6,188 of the site's 7,496 provider references already carry. No licence, no new asset, no budget, and it does not prejudge whether the photograph is any good.",licence,C — a licence worth paying up for: this frame opens a page that carries a price.,"Opens /places/cameroon/summit-crater-coast.html, the only photograph on it a phone is certain to fetch. Operator — bookable today. The picture is wrong: the provider calls it ""view into active volcano"". Costs a phone 4.4 MB today (estimated).",walkers crossing grass slopes below the summit huts on Mount Cameroon,16/9,,pexels:4994530,https://images.pexels.com/photos/4994530/pexels-photo-4994530.jpeg,Thasura Kumarasinghe,https://www.pexels.com/photo/view-into-active-volcano-4994530/
104,P1 acquire now — operator or priced major route,/places/namibia/basketry-and-ostrich-shell.html,namibia,basketry and ostrich shell,crafts,yes,yes,yes,4421326,4.42,estimated,1,operator — bookable today,2,no,,no,True,REPLACE,"Add a width to the existing URL — the same ?auto=compress&cs=tinysrgb&w=1200 that 6,188 of the site's 7,496 provider references already carry. No licence, no new asset, no budget, and it does not prejudge whether the photograph is any good.",licence,C — a licence worth paying up for: this frame opens a page that carries a price.,"Opens /places/namibia/basketry-and-ostrich-shell.html, the only photograph on it a phone is certain to fetch. Operator — bookable today. The picture is wrong: relevance 2.7. Costs a phone 4.4 MB today (estimated).","Detailed close-up of an ostrich head against a vibrant green background, showcasing wildlife beauty., Namibia",16/9,,pexels:26630504,https://images.pexels.com/photos/26630504/pexels-photo-26630504.jpeg,Chris F,https://www.pexels.com/photo/portrait-of-ostrich-26630504/
105,P1 acquire now — operator or priced major route,/places/cameroon/black-sand-and-warm-water.html,cameroon,black sand and warm water,beaches,yes,yes,yes,4392000,4.39,estimated,1,operator — bookable today,3,no,,no,True,REPLACE,"Add a width to the existing URL — the same ?auto=compress&cs=tinysrgb&w=1200 that 6,188 of the site's 7,496 provider references already carry. No licence, no new asset, no budget, and it does not prejudge whether the photograph is any good.",licence,C — a licence worth paying up for: this frame opens a page that carries a price.,"Opens /places/cameroon/black-sand-and-warm-water.html, the only photograph on it a phone is certain to fetch. Operator — bookable today. The picture is wrong: the provider calls it ""church in tropical village"". Costs a phone 4.4 MB today (estimated).",surf breaking on volcanic black sand at dusk on the Cameroon coast near Limbe,16/9,,pexels:15456412,https://images.pexels.com/photos/15456412/pexels-photo-15456412.jpeg,George Njukeng,https://www.pexels.com/photo/church-in-tropical-village-15456412/
106,P1 acquire now — operator or priced major route,/places/cameroon/dja-rhumsiki-and-the-mandara.html,cameroon,dja rhumsiki and the mandara,heritage,yes,yes,yes,4392000,4.39,estimated,1,operator — bookable today,3,no,,no,True,REPLACE,"Add a width to the existing URL — the same ?auto=compress&cs=tinysrgb&w=1200 that 6,188 of the site's 7,496 provider references already carry. No licence, no new asset, no budget, and it does not prejudge whether the photograph is any good.",licence,C — a licence worth paying up for: this frame opens a page that carries a price.,"Opens /places/cameroon/dja-rhumsiki-and-the-mandara.html, the only photograph on it a phone is certain to fetch. Operator — bookable today. The picture is wrong: relevance 2.5. Costs a phone 4.4 MB today (estimated).","A dark volcanic terrain featuring rough, rocky structures., Cameroon",16/9,,pexels:15173312,https://images.pexels.com/photos/15173312/pexels-photo-15173312.jpeg,alleksana,https://www.pexels.com/photo/rocks-and-sand-in-volcanic-soil-15173312/
107,P1 acquire now — operator or priced major route,/places/namibia/epupa.html,namibia,epupa,waterfalls,yes,yes,yes,4392000,4.39,estimated,1,operator — bookable today,3,no,,no,True,REPLACE,"Add a width to the existing URL — the same ?auto=compress&cs=tinysrgb&w=1200 that 6,188 of the site's 7,496 provider references already carry. No licence, no new asset, no budget, and it does not prejudge whether the photograph is any good.",licence,C — a licence worth paying up for: this frame opens a page that carries a price.,"Opens /places/namibia/epupa.html, the only photograph on it a phone is certain to fetch. Operator — bookable today. The picture is wrong: relevance 2.7; query broadened to category; the provider calls it ""a powerful river flows through a rugged rocky canyon"". Costs a phone 4.4 MB today (estimated).",Waterfalls in Namibia,16/9,,unsplash:xV4gvqvS5rs,https://images.unsplash.com/photo-1784621556701-4974bcffaf47,Arno Smit,https://unsplash.com/photos/a-powerful-river-flows-through-a-rugged-rocky-canyon-xV4gvqvS5rs
108,P1 acquire now — operator or priced major route,/places/namibia/the-brandberg-and-the-escarpment.html,namibia,the brandberg and the escarpment,mountains,yes,yes,yes,4392000,4.39,estimated,1,operator — bookable today,3,no,,no,True,REPLACE,"Add a width to the existing URL — the same ?auto=compress&cs=tinysrgb&w=1200 that 6,188 of the site's 7,496 provider references already carry. No licence, no new asset, no budget, and it does not prejudge whether the photograph is any good.",licence,C — a licence worth paying up for: this frame opens a page that carries a price.,"Opens /places/namibia/the-brandberg-and-the-escarpment.html, the only photograph on it a phone is certain to fetch. Operator — bookable today. The picture is wrong: relevance 2.0. Costs a phone 4.4 MB today (estimated).","A man relaxes on sunlit rocks at Spitzkoppe, Namibia's striking mountain range.",16/9,,pexels:3405480,https://images.pexels.com/photos/3405480/pexels-photo-3405480.jpeg,Hc Digital,https://www.pexels.com/photo/man-sitting-under-barren-rocks-3405480/
109,P1 acquire now — operator or priced major route,/places/namibia/the-long-road.html,namibia,the long road,local-life,yes,yes,yes,4392000,4.39,estimated,1,operator — bookable today,3,no,,no,True,REPLACE,"Add a width to the existing URL — the same ?auto=compress&cs=tinysrgb&w=1200 that 6,188 of the site's 7,496 provider references already carry. No licence, no new asset, no budget, and it does not prejudge whether the photograph is any good.",licence,C — a licence worth paying up for: this frame opens a page that carries a price.,"Opens /places/namibia/the-long-road.html, the only photograph on it a phone is certain to fetch. Operator — bookable today. The picture is wrong: the provider calls it ""pineapples and bananas"". Costs a phone 4.4 MB today (estimated).",a roadside farm stall on a Namibian highway,16/9,,pexels:1363798,https://images.pexels.com/photos/1363798/pexels-photo-1363798.jpeg,Shane Kell,https://www.pexels.com/photo/pineapples-and-bananas-1363798/
110,P1 acquire now — operator or priced major route,/places/uganda/the-ssese-islands.html,uganda,the ssese islands,beaches,yes,yes,yes,4392000,4.39,estimated,1,operator — bookable today,3,no,,no,True,REPLACE,"Add a width to the existing URL — the same ?auto=compress&cs=tinysrgb&w=1200 that 6,188 of the site's 7,496 provider references already carry. No licence, no new asset, no budget, and it does not prejudge whether the photograph is any good.",licence,C — a licence worth paying up for: this frame opens a page that carries a price.,"Opens /places/uganda/the-ssese-islands.html, the only photograph on it a phone is certain to fetch. Operator — bookable today. The picture is wrong: relevance 2.0. Costs a phone 4.4 MB today (estimated).","A serene beach view at Batticaloa Lagoon, Sri Lanka with bright clouds under a vivid blue sky., Uganda",16/9,,pexels:37411686,https://images.pexels.com/photos/37411686/pexels-photo-37411686.jpeg,Thilina Alagiyawanna,https://www.pexels.com/photo/sunny-day-at-batticaloa-lagoon-sri-lanka-37411686/
111,P1 acquire now — operator or priced major route,/places/uganda/kidepo-valley.html,uganda,kidepo valley,hidden-gems,yes,yes,yes,4392000,4.39,estimated,1,operator — bookable today,2,no,,no,True,REPLACE,"Add a width to the existing URL — the same ?auto=compress&cs=tinysrgb&w=1200 that 6,188 of the site's 7,496 provider references already carry. No licence, no new asset, no budget, and it does not prejudge whether the photograph is any good.",licence,C — a licence worth paying up for: this frame opens a page that carries a price.,"Opens /places/uganda/kidepo-valley.html, the only photograph on it a phone is certain to fetch. Operator — bookable today. The picture is wrong: the provider calls it ""majestic giraffe in mbarara s scenic landscape"". Costs a phone 4.4 MB today (estimated).","the Narus valley and mountains of Kidepo Valley National Park, Uganda",16/9,,pexels:30135588,https://images.pexels.com/photos/30135588/pexels-photo-30135588.jpeg,Anthony Desrochers,https://www.pexels.com/photo/majestic-giraffe-in-mbarara-s-scenic-landscape-30135588/
112,P1 acquire now — operator or priced major route,/places/uganda/the-kasubi-tombs.html,uganda,the kasubi tombs,historic-sites,yes,yes,yes,4392000,4.39,estimated,1,operator — bookable today,2,no,,no,True,REPLACE,"Add a width to the existing URL — the same ?auto=compress&cs=tinysrgb&w=1200 that 6,188 of the site's 7,496 provider references already carry. No licence, no new asset, no budget, and it does not prejudge whether the photograph is any good.",licence,C — a licence worth paying up for: this frame opens a page that carries a price.,"Opens /places/uganda/the-kasubi-tombs.html, the only photograph on it a phone is certain to fetch. Operator — bookable today. The picture is wrong: the provider calls it ""ancient rock cut tomb in mugla turkiye"". Costs a phone 4.4 MB today (estimated).","the great thatched dome of the Kasubi Tombs in Kampala, Uganda",16/9,,pexels:29843680,https://images.pexels.com/photos/29843680/pexels-photo-29843680.jpeg,From Salih,https://www.pexels.com/photo/ancient-rock-cut-tomb-in-mugla-turkiye-29843680/
113,P1 acquire now — operator or priced major route,/places/namibia/easy-and-safe-to-drive.html,namibia,easy and safe to drive,family-community,yes,yes,yes,3976832,3.98,estimated,1,operator — bookable today,2,no,,no,True,REPLACE,"Add a width to the existing URL — the same ?auto=compress&cs=tinysrgb&w=1200 that 6,188 of the site's 7,496 provider references already carry. No licence, no new asset, no budget, and it does not prejudge whether the photograph is any good.",licence,C — a licence worth paying up for: this frame opens a page that carries a price.,"Opens /places/namibia/easy-and-safe-to-drive.html, the only photograph on it a phone is certain to fetch. Operator — bookable today. The picture is wrong: the provider calls it ""white and brown animal with antler on brown sand"". Costs a phone 4.0 MB today (estimated).","a family climbing a dune at Sossusvlei, Namibia",16/9,,unsplash:ZdWhZTpd_Uw,https://images.unsplash.com/photo-1506710507565-203b9f24669b,Joe McDaniel,https://unsplash.com/photos/white-and-brown-animal-with-antler-on-brown-sand-ZdWhZTpd_Uw
114,P1 acquire now — operator or priced major route,/places/namibia/the-kunene-and-the-zambezi.html,namibia,the kunene and the zambezi,lakes-rivers,yes,yes,yes,3787656,3.79,estimated,1,operator — bookable today,3,no,,no,True,REPLACE,"Add a width to the existing URL — the same ?auto=compress&cs=tinysrgb&w=1200 that 6,188 of the site's 7,496 provider references already carry. No licence, no new asset, no budget, and it does not prejudge whether the photograph is any good.",licence,C — a licence worth paying up for: this frame opens a page that carries a price.,"Opens /places/namibia/the-kunene-and-the-zambezi.html, the only photograph on it a phone is certain to fetch. Operator — bookable today. The picture is wrong: the provider calls it ""green tree on brown field during daytime"". Costs a phone 3.8 MB today (estimated).","a dry riverbed cutting through Damaraland, Namibia",16/9,,unsplash:kaD9-g6hLLs,https://images.unsplash.com/photo-1595584745013-f1fa257cf19a,Eelco Böhtlingk,https://unsplash.com/photos/green-tree-on-brown-field-during-daytime-kaD9-g6hLLs
115,P1 acquire now — operator or priced major route,/places/cameroon/korup-dja-and-the-village-fund.html,cameroon,korup dja and the village fund,eco-tourism,yes,yes,yes,3725540,3.73,estimated,1,operator — bookable today,3,no,,no,True,REPLACE,"Add a width to the existing URL — the same ?auto=compress&cs=tinysrgb&w=1200 that 6,188 of the site's 7,496 provider references already carry. No licence, no new asset, no budget, and it does not prejudge whether the photograph is any good.",licence,C — a licence worth paying up for: this frame opens a page that carries a price.,"Opens /places/cameroon/korup-dja-and-the-village-fund.html, the only photograph on it a phone is certain to fetch. Operator — bookable today. The picture is wrong: the provider calls it ""green trees under white clouds during daytime"". Costs a phone 3.7 MB today (estimated).","a forest guide identifying a tree species inside Korup rainforest, Cameroon",16/9,,unsplash:9ZFn__BKP_s,https://images.unsplash.com/photo-1615463738213-b9381d217b4e,Edouard TAMBA,https://unsplash.com/photos/green-trees-under-white-clouds-during-daytime-9ZFn__BKP_s
116,P1 acquire now — operator or priced major route,/places/uganda/queen-elizabeth-and-kidepo.html,uganda,queen elizabeth and kidepo,safari,yes,yes,yes,3315077,3.32,estimated,1,operator — bookable today,2,no,,no,True,REPLACE,"Add a width to the existing URL — the same ?auto=compress&cs=tinysrgb&w=1200 that 6,188 of the site's 7,496 provider references already carry. No licence, no new asset, no budget, and it does not prejudge whether the photograph is any good.",licence,C — a licence worth paying up for: this frame opens a page that carries a price.,"Opens /places/uganda/queen-elizabeth-and-kidepo.html, the only photograph on it a phone is certain to fetch. Operator — bookable today. The picture is wrong: the provider calls it ""elephant wading in water with lush green background"". Costs a phone 3.3 MB today (estimated).","elephants on the Kazinga Channel in Queen Elizabeth National Park, Uganda",16/9,,unsplash:jwlnfO135yI,https://images.unsplash.com/photo-1782504354311-5c104bf10185,Dmitrii Zhodzishskii,https://unsplash.com/photos/elephant-wading-in-water-with-lush-green-background-jwlnfO135yI
117,P1 acquire now — operator or priced major route,/places/namibia/space-and-the-silence-in-it.html,namibia,space and the silence in it,why-visit,yes,yes,yes,2470500,2.47,estimated,1,operator — bookable today,2,no,,yes,True,REPLACE,"Add a width to the existing URL — the same ?auto=compress&cs=tinysrgb&w=1200 that 6,188 of the site's 7,496 provider references already carry. No licence, no new asset, no budget, and it does not prejudge whether the photograph is any good.",licence,C — a licence worth paying up for: this frame opens a page that carries a price.,"Opens /places/namibia/space-and-the-silence-in-it.html, the only photograph on it a phone is certain to fetch. Operator — bookable today. The picture is wrong: relevance 3.9. Costs a phone 2.5 MB today (estimated).","an empty gravel plain stretching to distant mountains, Namibia",16/9,,unsplash:j3YAJH78dcc,https://images.unsplash.com/photo-1730444289940-6146460a05e4,Markus Kammermann,https://unsplash.com/photos/a-dirt-road-with-mountains-in-the-background-j3YAJH78dcc
118,P1 acquire now — operator or priced major route,/places/uganda/green-end-to-end.html,uganda,green end to end,nature,yes,yes,yes,2468304,2.47,estimated,1,operator — bookable today,3,no,,no,True,REPLACE,"Add a width to the existing URL — the same ?auto=compress&cs=tinysrgb&w=1200 that 6,188 of the site's 7,496 provider references already carry. No licence, no new asset, no budget, and it does not prejudge whether the photograph is any good.",licence,C — a licence worth paying up for: this frame opens a page that carries a price.,"Opens /places/uganda/green-end-to-end.html, the only photograph on it a phone is certain to fetch. Operator — bookable today. The picture is wrong: the provider calls it ""a sunset over a forest"". Costs a phone 2.5 MB today (estimated).","the crater lakes and green hills around Fort Portal, Uganda",16/9,,unsplash:k12dnEEB55o,https://images.unsplash.com/photo-1661883723725-57bd93747f75,Ivan Sabayuki,https://unsplash.com/photos/a-sunset-over-a-forest-k12dnEEB55o
119,P1 acquire now — operator or priced major route,/places/cameroon/six-climates-one-country.html,cameroon,six climates one country,nature,yes,yes,yes,2338792,2.34,estimated,1,operator — bookable today,5,no,,no,True,REPLACE,"Add a width to the existing URL — the same ?auto=compress&cs=tinysrgb&w=1200 that 6,188 of the site's 7,496 provider references already carry. No licence, no new asset, no budget, and it does not prejudge whether the photograph is any good.",licence,C — a licence worth paying up for: this frame opens a page that carries a price.,"Opens /places/cameroon/six-climates-one-country.html, the only photograph on it a phone is certain to fetch. Operator — bookable today. The picture is wrong: query broadened to category; the provider calls it ""a road with trees and houses along it"". Costs a phone 2.3 MB today (estimated).",Nature in Cameroon,16/9,,unsplash:YMk8h7xoja0,https://images.unsplash.com/photo-1659947234286-213fd15f0bcc,Ariel Nathan ADA MBITA,https://unsplash.com/photos/a-road-with-trees-and-houses-along-it-YMk8h7xoja0
120,P1 acquire now — operator or priced major route,/places/namibia/windhoek-and-swakopmund.html,namibia,windhoek and swakopmund,cities,yes,yes,yes,2333441,2.33,estimated,1,operator — bookable today,2,no,,no,True,REPLACE,"Add a width to the existing URL — the same ?auto=compress&cs=tinysrgb&w=1200 that 6,188 of the site's 7,496 provider references already carry. No licence, no new asset, no budget, and it does not prejudge whether the photograph is any good.",licence,C — a licence worth paying up for: this frame opens a page that carries a price.,"Opens /places/namibia/windhoek-and-swakopmund.html, the only photograph on it a phone is certain to fetch. Operator — bookable today. The picture is wrong: the provider calls it ""pink concrete bar"". Costs a phone 2.3 MB today (estimated).","the seafront and pier at Swakopmund in fog, Namibia",16/9,,unsplash:ycrX020cRcU,https://images.unsplash.com/photo-1504053587917-5f214fde5be2,Anqi Lu,https://unsplash.com/photos/pink-concrete-bar-ycrX020cRcU
121,P1 acquire now — operator or priced major route,/places/namibia/twyfelfontein.html,namibia,twyfelfontein,historic-sites,yes,yes,yes,2237195,2.24,estimated,1,operator — bookable today,2,no,,no,True,REPLACE,"Add a width to the existing URL — the same ?auto=compress&cs=tinysrgb&w=1200 that 6,188 of the site's 7,496 provider references already carry. No licence, no new asset, no budget, and it does not prejudge whether the photograph is any good.",licence,C — a licence worth paying up for: this frame opens a page that carries a price.,"Opens /places/namibia/twyfelfontein.html, the only photograph on it a phone is certain to fetch. Operator — bookable today. The picture is wrong: relevance 2.7. Costs a phone 2.2 MB today (estimated).","rock engravings on sandstone at Twyfelfontein, Namibia",16/9,,unsplash:9SHCL7WCDuc,https://images.unsplash.com/photo-1730744465455-d1b63a2a9132,Markus Kammermann,https://unsplash.com/photos/a-large-rock-with-some-writing-on-it-9SHCL7WCDuc
122,P1 acquire now — operator or priced major route,/places/uganda/grade-five-on-the-nile.html,uganda,grade five on the nile,adventure,yes,yes,yes,2231276,2.23,estimated,1,operator — bookable today,2,no,,yes,True,REPLACE,"Add a width to the existing URL — the same ?auto=compress&cs=tinysrgb&w=1200 that 6,188 of the site's 7,496 provider references already carry. No licence, no new asset, no budget, and it does not prejudge whether the photograph is any good.",licence,C — a licence worth paying up for: this frame opens a page that carries a price.,"Opens /places/uganda/grade-five-on-the-nile.html, the only photograph on it a phone is certain to fetch. Operator — bookable today. The picture is wrong: the provider calls it ""green trees near houses under white clouds and blue "". Costs a phone 2.2 MB today (estimated).","white-water rafting on the Nile rapids at Jinja, Uganda",16/9,,unsplash:AIfqCEt3eZY,https://images.unsplash.com/photo-1595790527813-6a76c994a1dd,b40deep,https://unsplash.com/photos/green-trees-near-houses-under-white-clouds-and-blue-sky-during-daytime-AIfqCEt3eZY
123,P1 acquire now — operator or priced major route,/places/namibia/the-skeleton-coast.html,namibia,the skeleton coast,beaches,yes,yes,yes,1952244,1.95,estimated,1,operator — bookable today,3,no,,no,True,REPLACE,"Add a width to the existing URL — the same ?auto=compress&cs=tinysrgb&w=1200 that 6,188 of the site's 7,496 provider references already carry. No licence, no new asset, no budget, and it does not prejudge whether the photograph is any good.",licence,C — a licence worth paying up for: this frame opens a page that carries a price.,"Opens /places/namibia/the-skeleton-coast.html, the only photograph on it a phone is certain to fetch. Operator — bookable today. The picture is wrong: the provider calls it ""sea waves near desert"". Costs a phone 2.0 MB today (estimated).","a shipwreck half-buried on the Skeleton Coast, Namibia",16/9,,unsplash:N1VxHAZNIrI,https://images.unsplash.com/photo-1545925677-8473d1249eaf,JP Desvigne,https://unsplash.com/photos/sea-waves-near-desert-N1VxHAZNIrI
124,P1 acquire now — operator or priced major route,/places/namibia/braai-and-biltong.html,namibia,braai and biltong,food,yes,yes,yes,1952244,1.95,estimated,1,operator — bookable today,2,no,,no,True,REPLACE,"Add a width to the existing URL — the same ?auto=compress&cs=tinysrgb&w=1200 that 6,188 of the site's 7,496 provider references already carry. No licence, no new asset, no budget, and it does not prejudge whether the photograph is any good.",licence,C — a licence worth paying up for: this frame opens a page that carries a price.,"Opens /places/namibia/braai-and-biltong.html, the only photograph on it a phone is certain to fetch. Operator — bookable today. The picture is wrong: relevance 3.7. Costs a phone 2.0 MB today (estimated).",game meat grilling over coals at a Namibian braai,16/9,,unsplash:U1kjLf5ssZk,https://images.unsplash.com/photo-1693921148355-1aa9512c7b20,Ultimate Safaris Namibia,https://unsplash.com/photos/a-man-in-a-chefs-outfit-cooking-food-on-a-grill-U1kjLf5ssZk
125,P1 acquire now — operator or priced major route,/places/cameroon/nguon-at-foumban.html,cameroon,nguon at foumban,festivals,yes,yes,yes,1826509,1.83,estimated,1,operator — bookable today,4,no,,no,True,REPLACE,"Add a width to the existing URL — the same ?auto=compress&cs=tinysrgb&w=1200 that 6,188 of the site's 7,496 provider references already carry. No licence, no new asset, no budget, and it does not prejudge whether the photograph is any good.",licence,C — a licence worth paying up for: this frame opens a page that carries a price.,"Opens /places/cameroon/nguon-at-foumban.html, the only photograph on it a phone is certain to fetch. Operator — bookable today. The picture is wrong: the provider calls it ""elderly people in traditional african attire during "". Costs a phone 1.8 MB today (estimated).","masked dancers and horsemen at the Nguon festival in Foumban, Cameroon",16/9,,unsplash:lNrp5eNli1M,https://images.unsplash.com/photo-1775138622438-f9568c3e279d,Vincent Lockhart,https://unsplash.com/photos/elderly-people-in-traditional-african-attire-during-a-ceremony-lNrp5eNli1M
126,P1 acquire now — operator or priced major route,/places/cameroon/ndole-poulet-dg-and-grilled-fish.html,cameroon,ndole poulet dg and grilled fish,food,yes,yes,yes,1446197,1.45,estimated,1,operator — bookable today,3,no,,no,True,REPLACE,"Add a width to the existing URL — the same ?auto=compress&cs=tinysrgb&w=1200 that 6,188 of the site's 7,496 provider references already carry. No licence, no new asset, no budget, and it does not prejudge whether the photograph is any good.",licence,C — a licence worth paying up for: this frame opens a page that carries a price.,"Opens /places/cameroon/ndole-poulet-dg-and-grilled-fish.html, the only photograph on it a phone is certain to fetch. Operator — bookable today. The picture is wrong: the provider calls it ""a beach with umbrellas and chairs"". Costs a phone 1.4 MB today (estimated).","grilled fish and plantain served at a beachside stall in Kribi, Cameroon",16/9,,unsplash:EysQnRouJ30,https://images.unsplash.com/photo-1659947234285-ebf2826cfe15,Ariel Nathan ADA MBITA,https://unsplash.com/photos/a-beach-with-umbrellas-and-chairs-EysQnRouJ30
127,P1 acquire now — operator or priced major route,/places/cameroon/the-4-095-m-volcano.html,cameroon,the 4 095 m volcano,mountains,yes,yes,yes,1407829,1.41,estimated,1,operator — bookable today,5,no,,no,True,REPLACE,"Add a width to the existing URL — the same ?auto=compress&cs=tinysrgb&w=1200 that 6,188 of the site's 7,496 provider references already carry. No licence, no new asset, no budget, and it does not prejudge whether the photograph is any good.",licence,C — a licence worth paying up for: this frame opens a page that carries a price.,"Opens /places/cameroon/the-4-095-m-volcano.html, the only photograph on it a phone is certain to fetch. Operator — bookable today. The picture is wrong: the provider calls it ""a view of a small town from a hill"". Costs a phone 1.4 MB today (estimated).",trekkers on the open upper slopes of Mount Cameroon above the tree line,16/9,,unsplash:wqDNF4KcHuI,https://images.unsplash.com/photo-1696541665406-a2517f84f934,Christian Aime Nanga,https://unsplash.com/photos/a-view-of-a-small-town-from-a-hill-wqDNF4KcHuI
128,P1 acquire now — operator or priced major route,/places/uganda/kingdoms-still-standing.html,uganda,kingdoms still standing,heritage,yes,yes,yes,1098000,1.10,estimated,1,operator — bookable today,3,no,,no,True,REPLACE,"Add a width to the existing URL — the same ?auto=compress&cs=tinysrgb&w=1200 that 6,188 of the site's 7,496 provider references already carry. No licence, no new asset, no budget, and it does not prejudge whether the photograph is any good.",licence,C — a licence worth paying up for: this frame opens a page that carries a price.,"Opens /places/uganda/kingdoms-still-standing.html, the only photograph on it a phone is certain to fetch. Operator — bookable today. The picture is wrong: relevance 2.0. Costs a phone 1.1 MB today (estimated).",royal regalia and drums inside a Buganda kingdom palace,16/9,,unsplash:zXu9RsYKgHA,https://images.unsplash.com/photo-1551357176-7d517a48c209,Random Institute,https://unsplash.com/photos/woman-standing-outdoor-zXu9RsYKgHA
129,P1 acquire now — operator or priced major route,/places/botswana/tsodilo.html,botswana,tsodilo,mountains,yes,yes,yes,12056833,12.06,estimated,2,"priced route — East, South and continental",4,no,,no,True,REPLACE,"Add a width to the existing URL — the same ?auto=compress&cs=tinysrgb&w=1200 that 6,188 of the site's 7,496 provider references already carry. No licence, no new asset, no budget, and it does not prejudge whether the photograph is any good.",licence,C — a licence worth paying up for: this frame opens a page that carries a price.,"Opens /places/botswana/tsodilo.html, the only photograph on it a phone is certain to fetch. Priced route — east, south and continental. The picture is wrong: relevance 3.0; the provider calls it ""majestic african lion resting in the wild"". Costs a phone 12.1 MB today (estimated).","the Tsodilo hills rising from flat Kalahari scrub, Botswana",16/9,,pexels:32798115,https://images.pexels.com/photos/32798115/pexels-photo-32798115.jpeg,Derek Keats,https://www.pexels.com/photo/majestic-african-lion-resting-in-the-wild-32798115/
130,P1 acquire now — operator or priced major route,/places/rwanda/terraces-to-the-horizon.html,rwanda,terraces to the horizon,nature,yes,yes,yes,11019773,11.02,estimated,2,"priced route — East, South and continental",4,no,,no,True,REPLACE,"Add a width to the existing URL — the same ?auto=compress&cs=tinysrgb&w=1200 that 6,188 of the site's 7,496 provider references already carry. No licence, no new asset, no budget, and it does not prejudge whether the photograph is any good.",licence,C — a licence worth paying up for: this frame opens a page that carries a price.,"Opens /places/rwanda/terraces-to-the-horizon.html, the only photograph on it a phone is certain to fetch. Priced route — east, south and continental. The picture is wrong: the provider calls it ""scenic view of rice paddies"". Costs a phone 11.0 MB today (estimated).",contour-terraced farmland covering the Rwandan hillsides,16/9,,pexels:6713725,https://images.pexels.com/photos/6713725/pexels-photo-6713725.jpeg,Quang Nguyen Vinh,https://www.pexels.com/photo/scenic-view-of-rice-paddies-6713725/
131,P1 acquire now — operator or priced major route,/places/zambia/village-around-the-park.html,zambia,village around the park,family-community,yes,yes,yes,10185667,10.19,estimated,2,"priced route — East, South and continental",2,no,,no,True,REPLACE,"Add a width to the existing URL — the same ?auto=compress&cs=tinysrgb&w=1200 that 6,188 of the site's 7,496 provider references already carry. No licence, no new asset, no budget, and it does not prejudge whether the photograph is any good.",licence,C — a licence worth paying up for: this frame opens a page that carries a price.,"Opens /places/zambia/village-around-the-park.html, the only photograph on it a phone is certain to fetch. Priced route — east, south and continental. The picture is wrong: relevance 2.7; the provider calls it ""wild giraffes at watering hole in africa"". Costs a phone 10.2 MB today (estimated).","a community craft cooperative near the South Luangwa park boundary, Zambia",16/9,,pexels:35447813,https://images.pexels.com/photos/35447813/pexels-photo-35447813.jpeg,Derek Keats,https://www.pexels.com/photo/wild-giraffes-at-watering-hole-in-africa-35447813/
132,P1 acquire now — operator or priced major route,/places/rwanda/akagera-big-five-again.html,rwanda,akagera big five again,safari,yes,yes,yes,9594236,9.59,estimated,2,"priced route — East, South and continental",2,no,,no,True,REPLACE,"Add a width to the existing URL — the same ?auto=compress&cs=tinysrgb&w=1200 that 6,188 of the site's 7,496 provider references already carry. No licence, no new asset, no budget, and it does not prejudge whether the photograph is any good.",licence,C — a licence worth paying up for: this frame opens a page that carries a price.,"Opens /places/rwanda/akagera-big-five-again.html, the only photograph on it a phone is certain to fetch. Priced route — east, south and continental. The picture is wrong: relevance 2.8. Costs a phone 9.6 MB today (estimated).","elephants and lakes in Akagera National Park, Rwanda",16/9,,pexels:35311351,https://images.pexels.com/photos/35311351/pexels-photo-35311351.jpeg,Derek Keats,https://www.pexels.com/photo/close-up-of-african-bush-elephants-by-waterhole-35311351/
133,P1 acquire now — operator or priced major route,/places/south-africa/chapmans-peak-drive.html,south-africa,chapmans peak drive,photography,yes,yes,yes,9166369,9.17,estimated,2,"priced route — East, South and continental",3,no,,no,True,REPLACE,"Add a width to the existing URL — the same ?auto=compress&cs=tinysrgb&w=1200 that 6,188 of the site's 7,496 provider references already carry. No licence, no new asset, no budget, and it does not prejudge whether the photograph is any good.",licence,C — a licence worth paying up for: this frame opens a page that carries a price.,"Opens /places/south-africa/chapmans-peak-drive.html, the only photograph on it a phone is certain to fetch. Priced route — east, south and continental. The picture is wrong: relevance 3.9. Costs a phone 9.2 MB today (estimated).","Chapman's Peak Drive cut into the cliffs above the Atlantic, South Africa",16/9,,pexels:36597763,https://images.pexels.com/photos/36597763/pexels-photo-36597763.jpeg,Adrien Olichon,https://www.pexels.com/photo/scenic-coastal-view-from-chapman-s-peak-cape-town-36597763/
134,P1 acquire now — operator or priced major route,/places/zimbabwe/harare-and-bulawayo.html,zimbabwe,harare and bulawayo,cities,yes,yes,yes,8506654,8.51,estimated,2,"priced route — East, South and continental",2,no,,no,True,REPLACE,"Add a width to the existing URL — the same ?auto=compress&cs=tinysrgb&w=1200 that 6,188 of the site's 7,496 provider references already carry. No licence, no new asset, no budget, and it does not prejudge whether the photograph is any good.",licence,C — a licence worth paying up for: this frame opens a page that carries a price.,"Opens /places/zimbabwe/harare-and-bulawayo.html, the only photograph on it a phone is certain to fetch. Priced route — east, south and continental. The picture is wrong: relevance 3.4. Costs a phone 8.5 MB today (estimated).","Grayscale image of an empty classroom in Bulawayo, Zimbabwe, with desks and chairs arranged neatly.",16/9,,pexels:11618643,https://images.pexels.com/photos/11618643/pexels-photo-11618643.jpeg,Elizabeth Lizzie,https://www.pexels.com/photo/brown-wooden-table-and-chairs-in-the-room-11618643/
135,P1 acquire now — operator or priced major route,/places/rwanda/kigali-across-the-ridges.html,rwanda,kigali across the ridges,cities,yes,yes,yes,8315707,8.32,estimated,2,"priced route — East, South and continental",2,no,,no,True,REPLACE,"Add a width to the existing URL — the same ?auto=compress&cs=tinysrgb&w=1200 that 6,188 of the site's 7,496 provider references already carry. No licence, no new asset, no budget, and it does not prejudge whether the photograph is any good.",licence,C — a licence worth paying up for: this frame opens a page that carries a price.,"Opens /places/rwanda/kigali-across-the-ridges.html, the only photograph on it a phone is certain to fetch. Priced route — east, south and continental. The picture is wrong: relevance 3.9. Costs a phone 8.3 MB today (estimated).","the ridges and rooftops of Kigali at dusk, Rwanda",16/9,,pexels:31464449,https://images.pexels.com/photos/31464449/pexels-photo-31464449.jpeg,Faustin NKURUNZIZA,https://www.pexels.com/photo/scenic-view-of-kigali-city-rooftops-in-rwanda-31464449/
136,P1 acquire now — operator or priced major route,/places/kenya/lamu-old-town.html,kenya,lamu old town,heritage,yes,yes,yes,8275969,8.28,estimated,2,"priced route — East, South and continental",3,no,,no,True,REPLACE,"Add a width to the existing URL — the same ?auto=compress&cs=tinysrgb&w=1200 that 6,188 of the site's 7,496 provider references already carry. No licence, no new asset, no budget, and it does not prejudge whether the photograph is any good.",licence,C — a licence worth paying up for: this frame opens a page that carries a price.,"Opens /places/kenya/lamu-old-town.html, the only photograph on it a phone is certain to fetch. Priced route — east, south and continental. The picture is wrong: the provider calls it ""boats sailing on the sea under blue sky"". Costs a phone 8.3 MB today (estimated).","carved wooden doors and coral stone alleys in Lamu Old Town, Kenya",16/9,,pexels:4995594,https://images.pexels.com/photos/4995594/pexels-photo-4995594.jpeg,Keegan Checks,https://www.pexels.com/photo/boats-sailing-on-the-sea-under-blue-sky-4995594/
137,P1 acquire now — operator or priced major route,/places/zimbabwe/shona-and-ndebele.html,zimbabwe,shona and ndebele,culture,yes,yes,yes,8191279,8.19,estimated,2,"priced route — East, South and continental",4,no,,yes,True,REPLACE,"Add a width to the existing URL — the same ?auto=compress&cs=tinysrgb&w=1200 that 6,188 of the site's 7,496 provider references already carry. No licence, no new asset, no budget, and it does not prejudge whether the photograph is any good.",licence,C — a licence worth paying up for: this frame opens a page that carries a price.,"Opens /places/zimbabwe/shona-and-ndebele.html, the only photograph on it a phone is certain to fetch. Priced route — east, south and continental. The picture is wrong: the provider calls it ""traditional straw hat worn by seated man"". Costs a phone 8.2 MB today (estimated).","a Shona stone sculptor at work, Zimbabwe",16/9,,pexels:37693588,https://images.pexels.com/photos/37693588/pexels-photo-37693588.jpeg,Magda Ehlers,https://www.pexels.com/photo/traditional-straw-hat-worn-by-seated-man-37693588/
138,P1 acquire now — operator or priced major route,/places/botswana/batswana-and-san.html,botswana,batswana and san,culture,yes,yes,yes,8172216,8.17,estimated,2,"priced route — East, South and continental",4,no,,yes,True,REPLACE,"Add a width to the existing URL — the same ?auto=compress&cs=tinysrgb&w=1200 that 6,188 of the site's 7,496 provider references already carry. No licence, no new asset, no budget, and it does not prejudge whether the photograph is any good.",licence,C — a licence worth paying up for: this frame opens a page that carries a price.,"Opens /places/botswana/batswana-and-san.html, the only photograph on it a phone is certain to fetch. Priced route — east, south and continental. The picture is wrong: relevance 3.0; the provider calls it ""cheetahs feeding in kgalagadi transfrontier park"". Costs a phone 8.2 MB today (estimated).","a San tracker reading spoor in the Kalahari sand, Botswana",16/9,,pexels:32818577,https://images.pexels.com/photos/32818577/pexels-photo-32818577.jpeg,Derek Keats,https://www.pexels.com/photo/cheetahs-feeding-in-kgalagadi-transfrontier-park-32818577/
139,P1 acquire now — operator or priced major route,/places/zimbabwe/great-zimbabwe.html,zimbabwe,great zimbabwe,historic-sites,yes,yes,yes,8110008,8.11,estimated,2,"priced route — East, South and continental",2,no,,no,True,REPLACE,"Add a width to the existing URL — the same ?auto=compress&cs=tinysrgb&w=1200 that 6,188 of the site's 7,496 provider references already carry. No licence, no new asset, no budget, and it does not prejudge whether the photograph is any good.",licence,C — a licence worth paying up for: this frame opens a page that carries a price.,"Opens /places/zimbabwe/great-zimbabwe.html, the only photograph on it a phone is certain to fetch. Priced route — east, south and continental. The picture is wrong: relevance 2.7; the provider calls it ""chimpanzee resting on metal structure at zoo"". Costs a phone 8.1 MB today (estimated).","the conical tower inside the Great Enclosure, Zimbabwe",16/9,,pexels:37123147,https://images.pexels.com/photos/37123147/pexels-photo-37123147.jpeg,Magda Ehlers,https://www.pexels.com/photo/chimpanzee-resting-on-metal-structure-at-zoo-37123147/
140,P1 acquire now — operator or priced major route,/places/kenya/beadwork-and-kisii-stone.html,kenya,beadwork and kisii stone,crafts,yes,yes,yes,7718465,7.72,estimated,2,"priced route — East, South and continental",2,no,,no,True,REPLACE,"Add a width to the existing URL — the same ?auto=compress&cs=tinysrgb&w=1200 that 6,188 of the site's 7,496 provider references already carry. No licence, no new asset, no budget, and it does not prejudge whether the photograph is any good.",licence,C — a licence worth paying up for: this frame opens a page that carries a price.,"Opens /places/kenya/beadwork-and-kisii-stone.html, the only photograph on it a phone is certain to fetch. Priced route — east, south and continental. The picture is wrong: the provider calls it ""photo of an elderly woman smiling"". Costs a phone 7.7 MB today (estimated).","Maasai women stringing beadwork ornaments, Kenya",16/9,,pexels:6299632,https://images.pexels.com/photos/6299632/pexels-photo-6299632.jpeg,Micah DeYoung,https://www.pexels.com/photo/photo-of-an-elderly-woman-smiling-6299632/
141,P1 acquire now — operator or priced major route,/places/zimbabwe/walking-canoeing-rafting.html,zimbabwe,walking canoeing rafting,adventure,yes,yes,yes,7439141,7.44,estimated,2,"priced route — East, South and continental",2,no,,yes,True,REPLACE,"Add a width to the existing URL — the same ?auto=compress&cs=tinysrgb&w=1200 that 6,188 of the site's 7,496 provider references already carry. No licence, no new asset, no budget, and it does not prejudge whether the photograph is any good.",licence,C — a licence worth paying up for: this frame opens a page that carries a price.,"Opens /places/zimbabwe/walking-canoeing-rafting.html, the only photograph on it a phone is certain to fetch. Priced route — east, south and continental. The picture is wrong: relevance 2.7; the provider calls it ""boats on body of water during sunset"". Costs a phone 7.4 MB today (estimated).","canoes on the Zambezi below Mana Pools, Zimbabwe",16/9,,pexels:13746782,https://images.pexels.com/photos/13746782/pexels-photo-13746782.jpeg,Quang Nguyen Vinh,https://www.pexels.com/photo/boats-on-body-of-water-during-sunset-13746782/
142,P1 acquire now — operator or priced major route,/places/zambia/the-nyika-plateau.html,zambia,the nyika plateau,mountains,yes,yes,yes,6693829,6.69,estimated,2,"priced route — East, South and continental",4,no,,no,True,REPLACE,"Add a width to the existing URL — the same ?auto=compress&cs=tinysrgb&w=1200 that 6,188 of the site's 7,496 provider references already carry. No licence, no new asset, no budget, and it does not prejudge whether the photograph is any good.",licence,C — a licence worth paying up for: this frame opens a page that carries a price.,"Opens /places/zambia/the-nyika-plateau.html, the only photograph on it a phone is certain to fetch. Priced route — east, south and continental. The picture is wrong: relevance 3.0; the provider calls it ""lush green landscape of piet retief"". Costs a phone 6.7 MB today (estimated).","rolling montane grassland on the Nyika plateau, Zambia",16/9,,pexels:31215327,https://images.pexels.com/photos/31215327/pexels-photo-31215327.jpeg,Lukas  Faust,https://www.pexels.com/photo/lush-green-landscape-of-piet-retief-31215327/
143,P1 acquire now — operator or priced major route,/places/south-africa/the-cradle-of-humankind.html,south-africa,the cradle of humankind,heritage,yes,yes,yes,6615874,6.62,estimated,2,"priced route — East, South and continental",3,no,,no,True,REPLACE,"Add a width to the existing URL — the same ?auto=compress&cs=tinysrgb&w=1200 that 6,188 of the site's 7,496 provider references already carry. No licence, no new asset, no budget, and it does not prejudge whether the photograph is any good.",licence,C — a licence worth paying up for: this frame opens a page that carries a price.,"Opens /places/south-africa/the-cradle-of-humankind.html, the only photograph on it a phone is certain to fetch. Priced route — east, south and continental. The picture is wrong: relevance 2.0. Costs a phone 6.6 MB today (estimated).","A group of Zulu women in traditional attire dancing passionately outdoors, showcasing vibrant cultural heritage., South Africa",16/9,,pexels:30333025,https://images.pexels.com/photos/30333025/pexels-photo-30333025.jpeg,claytons gallary,https://www.pexels.com/photo/vibrant-zulu-cultural-dance-celebration-outdoors-30333025/
144,P1 acquire now — operator or priced major route,/places/rwanda/imigongo-and-agaseke.html,rwanda,imigongo and agaseke,crafts,yes,yes,yes,6615874,6.62,estimated,2,"priced route — East, South and continental",2,no,,no,True,REPLACE,"Add a width to the existing URL — the same ?auto=compress&cs=tinysrgb&w=1200 that 6,188 of the site's 7,496 provider references already carry. No licence, no new asset, no budget, and it does not prejudge whether the photograph is any good.",licence,C — a licence worth paying up for: this frame opens a page that carries a price.,"Opens /places/rwanda/imigongo-and-agaseke.html, the only photograph on it a phone is certain to fetch. Priced route — east, south and continental. The picture is wrong: the provider calls it ""colorful artistic wall decorations"". Costs a phone 6.6 MB today (estimated).",geometric imigongo art panels made in eastern Rwanda,16/9,,pexels:25070525,https://images.pexels.com/photos/25070525/pexels-photo-25070525.jpeg,Diego F. Parra,https://www.pexels.com/photo/colorful-artistic-wall-decorations-25070525/
145,P1 acquire now — operator or priced major route,/places/zimbabwe/campfire.html,zimbabwe,campfire,eco-tourism,yes,yes,yes,6485358,6.49,estimated,2,"priced route — East, South and continental",2,no,,no,True,REPLACE,"Add a width to the existing URL — the same ?auto=compress&cs=tinysrgb&w=1200 that 6,188 of the site's 7,496 provider references already carry. No licence, no new asset, no budget, and it does not prejudge whether the photograph is any good.",licence,C — a licence worth paying up for: this frame opens a page that carries a price.,"Opens /places/zimbabwe/campfire.html, the only photograph on it a phone is certain to fetch. Priced route — east, south and continental. The picture is wrong: relevance 2.7; the provider calls it ""herd of african impalas grazing in the savannah"". Costs a phone 6.5 MB today (estimated).","a community conservation meeting beside a wildlife area, Zimbabwe",16/9,,pexels:37578893,https://images.pexels.com/photos/37578893/pexels-photo-37578893.jpeg,Magda Ehlers,https://www.pexels.com/photo/herd-of-african-impalas-grazing-in-the-savannah-37578893/
146,P1 acquire now — operator or priced major route,/places/rwanda/gishwati-mukura.html,rwanda,gishwati mukura,hidden-gems,yes,yes,yes,6435290,6.44,estimated,2,"priced route — East, South and continental",2,no,,no,True,REPLACE,"Add a width to the existing URL — the same ?auto=compress&cs=tinysrgb&w=1200 that 6,188 of the site's 7,496 provider references already carry. No licence, no new asset, no budget, and it does not prejudge whether the photograph is any good.",licence,C — a licence worth paying up for: this frame opens a page that carries a price.,"Opens /places/rwanda/gishwati-mukura.html, the only photograph on it a phone is certain to fetch. Priced route — east, south and continental. The picture is wrong: relevance 2.8; the provider calls it ""golden monkey walking in natural habitat"". Costs a phone 6.4 MB today (estimated).","the recovering montane forest of Gishwati-Mukura National Park, Rwanda",16/9,,pexels:37461139,https://images.pexels.com/photos/37461139/pexels-photo-37461139.jpeg,Mad Knoxx Deluxe,https://www.pexels.com/photo/golden-monkey-walking-in-natural-habitat-37461139/
147,P1 acquire now — operator or priced major route,/places/zimbabwe/hifa-and-the-harvest.html,zimbabwe,hifa and the harvest,festivals,yes,yes,yes,6101805,6.10,estimated,2,"priced route — East, South and continental",3,no,,no,True,REPLACE,"Add a width to the existing URL — the same ?auto=compress&cs=tinysrgb&w=1200 that 6,188 of the site's 7,496 provider references already carry. No licence, no new asset, no budget, and it does not prejudge whether the photograph is any good.",licence,C — a licence worth paying up for: this frame opens a page that carries a price.,"Opens /places/zimbabwe/hifa-and-the-harvest.html, the only photograph on it a phone is certain to fetch. Priced route — east, south and continental. The picture is wrong: relevance 3.7. Costs a phone 6.1 MB today (estimated).","Red bell pepper growing in a garden, rich soil, Harare, Zimbabwe.",16/9,,pexels:31162139,https://images.pexels.com/photos/31162139/pexels-photo-31162139.jpeg,Edias Vandirai,https://www.pexels.com/photo/close-up-of-red-bell-pepper-in-harare-garden-31162139/
148,P1 acquire now — operator or priced major route,/places/botswana/not-the-cheapest-but-quiet.html,botswana,not the cheapest but quiet,family-community,yes,yes,yes,5991671,5.99,estimated,2,"priced route — East, South and continental",2,no,,no,True,REPLACE,"Add a width to the existing URL — the same ?auto=compress&cs=tinysrgb&w=1200 that 6,188 of the site's 7,496 provider references already carry. No licence, no new asset, no budget, and it does not prejudge whether the photograph is any good.",licence,C — a licence worth paying up for: this frame opens a page that carries a price.,"Opens /places/botswana/not-the-cheapest-but-quiet.html, the only photograph on it a phone is certain to fetch. Priced route — east, south and continental. The picture is wrong: relevance 2.2. Costs a phone 6.0 MB today (estimated).","Two people relaxing on a sandy beach at sunset by a picturesque lake, enjoying leisure time., Botswana",16/9,,pexels:16444261,https://images.pexels.com/photos/16444261/pexels-photo-16444261.jpeg,Keegan Checks,https://www.pexels.com/photo/a-group-of-people-sitting-on-the-beach-at-sunset-16444261/
149,P1 acquire now — operator or priced major route,/places/zambia/wilderness-still-unmanaged.html,zambia,wilderness still unmanaged,why-visit,yes,yes,yes,5991671,5.99,estimated,2,"priced route — East, South and continental",2,no,,yes,True,REPLACE,"Add a width to the existing URL — the same ?auto=compress&cs=tinysrgb&w=1200 that 6,188 of the site's 7,496 provider references already carry. No licence, no new asset, no budget, and it does not prejudge whether the photograph is any good.",licence,C — a licence worth paying up for: this frame opens a page that carries a price.,"Opens /places/zambia/wilderness-still-unmanaged.html, the only photograph on it a phone is certain to fetch. Priced route — east, south and continental. The picture is wrong: relevance 3.9. Costs a phone 6.0 MB today (estimated).","a lone safari vehicle on an empty track in the South Luangwa, Zambia",16/9,,pexels:16444269,https://images.pexels.com/photos/16444269/pexels-photo-16444269.jpeg,Keegan Checks,https://www.pexels.com/photo/a-safari-vehicle-riding-through-a-field-16444269/
150,P1 acquire now — operator or priced major route,/places/zambia/lozi-bemba-tonga.html,zambia,lozi bemba tonga,culture,yes,yes,yes,5509324,5.51,estimated,2,"priced route — East, South and continental",4,no,,yes,True,REPLACE,"Add a width to the existing URL — the same ?auto=compress&cs=tinysrgb&w=1200 that 6,188 of the site's 7,496 provider references already carry. No licence, no new asset, no budget, and it does not prejudge whether the photograph is any good.",licence,C — a licence worth paying up for: this frame opens a page that carries a price.,"Opens /places/zambia/lozi-bemba-tonga.html, the only photograph on it a phone is certain to fetch. Priced route — east, south and continental. The picture is wrong: the provider calls it ""music band during traditional festival"". Costs a phone 5.5 MB today (estimated).","Lozi paddlers and drummers on the Zambezi floodplain, Zambia",16/9,,pexels:18807623,https://images.pexels.com/photos/18807623/pexels-photo-18807623.jpeg,Audy of  Course,https://www.pexels.com/photo/music-band-during-traditional-festival-18807623/
151,P1 acquire now — operator or priced major route,/places/zambia/the-barotse-floodplain.html,zambia,the barotse floodplain,traditional-people,yes,yes,yes,5509324,5.51,estimated,2,"priced route — East, South and continental",3,no,,no,True,REPLACE,"Add a width to the existing URL — the same ?auto=compress&cs=tinysrgb&w=1200 that 6,188 of the site's 7,496 provider references already carry. No licence, no new asset, no budget, and it does not prejudge whether the photograph is any good.",licence,C — a licence worth paying up for: this frame opens a page that carries a price.,"Opens /places/zambia/the-barotse-floodplain.html, the only photograph on it a phone is certain to fetch. Priced route — east, south and continental. The picture is wrong: relevance 3.7. Costs a phone 5.5 MB today (estimated).","Portrait of an adult wearing traditional African attire and beaded jewelry, outdoors., Zambia",16/9,,pexels:34040552,https://images.pexels.com/photos/34040552/pexels-photo-34040552.jpeg,josh_ dago__,https://www.pexels.com/photo/traditional-african-attire-with-beaded-jewelry-34040552/
152,P1 acquire now — operator or priced major route,/places/south-africa/sabi-sands-off-road.html,south-africa,sabi sands off road,safari,yes,yes,yes,5509324,5.51,estimated,2,"priced route — East, South and continental",2,no,,no,True,REPLACE,"Add a width to the existing URL — the same ?auto=compress&cs=tinysrgb&w=1200 that 6,188 of the site's 7,496 provider references already carry. No licence, no new asset, no budget, and it does not prejudge whether the photograph is any good.",licence,C — a licence worth paying up for: this frame opens a page that carries a price.,"Opens /places/south-africa/sabi-sands-off-road.html, the only photograph on it a phone is certain to fetch. Priced route — east, south and continental. The picture is wrong: the provider calls it ""leopard in tree observing its surroundings"". Costs a phone 5.5 MB today (estimated).","a safari vehicle beside lions in the Sabi Sands at dusk, South Africa",16/9,,pexels:28884379,https://images.pexels.com/photos/28884379/pexels-photo-28884379.jpeg,Marlin Clark,https://www.pexels.com/photo/leopard-in-tree-observing-its-surroundings-28884379/
153,P1 acquire now — operator or priced major route,/places/tanzania/following-the-migration.html,tanzania,following the migration,safari,yes,yes,yes,5509324,5.51,estimated,2,"priced route — East, South and continental",2,no,,no,True,REPLACE,"Add a width to the existing URL — the same ?auto=compress&cs=tinysrgb&w=1200 that 6,188 of the site's 7,496 provider references already carry. No licence, no new asset, no budget, and it does not prejudge whether the photograph is any good.",licence,C — a licence worth paying up for: this frame opens a page that carries a price.,"Opens /places/tanzania/following-the-migration.html, the only photograph on it a phone is certain to fetch. Priced route — east, south and continental. The picture is wrong: the provider calls it ""2 zebra on brown grass field during daytime"". Costs a phone 5.5 MB today (estimated).","wildebeest herds streaming across the Serengeti plains, Tanzania",16/9,,unsplash:EgbLppsj3L4,https://images.unsplash.com/photo-1580687774199-51c183723dd8,Magdalena Kula Manchee,https://unsplash.com/photos/2-zebra-on-brown-grass-field-during-daytime-EgbLppsj3L4
154,P1 acquire now — operator or priced major route,/places/tanzania/snorkelling-mnemba.html,tanzania,snorkelling mnemba,outdoor,yes,yes,yes,5509324,5.51,estimated,2,"priced route — East, South and continental",2,no,,no,True,REPLACE,"Add a width to the existing URL — the same ?auto=compress&cs=tinysrgb&w=1200 that 6,188 of the site's 7,496 provider references already carry. No licence, no new asset, no budget, and it does not prejudge whether the photograph is any good.",licence,C — a licence worth paying up for: this frame opens a page that carries a price.,"Opens /places/tanzania/snorkelling-mnemba.html, the only photograph on it a phone is certain to fetch. Priced route — east, south and continental. The picture is wrong: the provider calls it ""sailboat on the seashore"". Costs a phone 5.5 MB today (estimated).","snorkelling over coral reef at Mnemba atoll, Zanzibar, Tanzania",16/9,,pexels:14672897,https://images.pexels.com/photos/14672897/pexels-photo-14672897.jpeg,Kenneth Otoo,https://www.pexels.com/photo/sailboat-on-the-seashore-14672897/
155,P1 acquire now — operator or priced major route,/places/zambia/the-walking-safari.html,zambia,the walking safari,safari,yes,yes,yes,5315526,5.32,estimated,2,"priced route — East, South and continental",2,no,,no,True,REPLACE,"Add a width to the existing URL — the same ?auto=compress&cs=tinysrgb&w=1200 that 6,188 of the site's 7,496 provider references already carry. No licence, no new asset, no budget, and it does not prejudge whether the photograph is any good.",licence,C — a licence worth paying up for: this frame opens a page that carries a price.,"Opens /places/zambia/the-walking-safari.html, the only photograph on it a phone is certain to fetch. Priced route — east, south and continental. The picture is wrong: the provider calls it ""elephant bathing in mud"". Costs a phone 5.3 MB today (estimated).","a walking safari group and guide in the South Luangwa bush, Zambia",16/9,,pexels:16907733,https://images.pexels.com/photos/16907733/pexels-photo-16907733.jpeg,Diego F. Parra,https://www.pexels.com/photo/elephant-bathing-in-mud-16907733/
156,P1 acquire now — operator or priced major route,/places/south-africa/fynbos-and-the-garden-route.html,south-africa,fynbos and the garden route,nature,yes,yes,yes,4750387,4.75,estimated,2,"priced route — East, South and continental",4,no,,no,True,REPLACE,"Add a width to the existing URL — the same ?auto=compress&cs=tinysrgb&w=1200 that 6,188 of the site's 7,496 provider references already carry. No licence, no new asset, no budget, and it does not prejudge whether the photograph is any good.",licence,C — a licence worth paying up for: this frame opens a page that carries a price.,"Opens /places/south-africa/fynbos-and-the-garden-route.html, the only photograph on it a phone is certain to fetch. Priced route — east, south and continental. The picture is wrong: relevance 2.5. Costs a phone 4.8 MB today (estimated).","White house with a garden landscape under clear blue sky, offering a serene outdoor view., South Africa",16/9,,pexels:35158094,https://images.pexels.com/photos/35158094/pexels-photo-35158094.jpeg,Stefan Maritz,https://www.pexels.com/photo/charming-white-house-in-tranquil-garden-setting-35158094/
157,P1 acquire now — operator or priced major route,/places/zambia/the-zambezi-valley.html,zambia,the zambezi valley,nature,yes,yes,yes,4750387,4.75,estimated,2,"priced route — East, South and continental",4,no,,no,True,REPLACE,"Add a width to the existing URL — the same ?auto=compress&cs=tinysrgb&w=1200 that 6,188 of the site's 7,496 provider references already carry. No licence, no new asset, no budget, and it does not prejudge whether the photograph is any good.",licence,C — a licence worth paying up for: this frame opens a page that carries a price.,"Opens /places/zambia/the-zambezi-valley.html, the only photograph on it a phone is certain to fetch. Priced route — east, south and continental. The picture is wrong: the provider calls it ""buffalo in the water at sunset"". Costs a phone 4.8 MB today (estimated).","the Zambezi river and escarpment in the Lower Zambezi valley, Zambia",16/9,,pexels:28180872,https://images.pexels.com/photos/28180872/pexels-photo-28180872.jpeg,Zeynep Sude  Emek,https://www.pexels.com/photo/buffalo-in-the-water-at-sunset-28180872/
158,P1 acquire now — operator or priced major route,/places/zambia/mosi-oa-tunya-unesco.html,zambia,mosi oa tunya unesco,heritage,yes,yes,yes,4750387,4.75,estimated,2,"priced route — East, South and continental",3,no,,no,True,REPLACE,"Add a width to the existing URL — the same ?auto=compress&cs=tinysrgb&w=1200 that 6,188 of the site's 7,496 provider references already carry. No licence, no new asset, no budget, and it does not prejudge whether the photograph is any good.",licence,C — a licence worth paying up for: this frame opens a page that carries a price.,"Opens /places/zambia/mosi-oa-tunya-unesco.html, the only photograph on it a phone is certain to fetch. Priced route — east, south and continental. The picture is wrong: the provider calls it ""view of a waterfall"". Costs a phone 4.8 MB today (estimated).","the knife-edge bridge and gorge at Mosi-oa-Tunya, Victoria Falls, Zambia",16/9,,pexels:16241865,https://images.pexels.com/photos/16241865/pexels-photo-16241865.jpeg,K,https://www.pexels.com/photo/view-of-a-waterfall-16241865/
159,P1 acquire now — operator or priced major route,/places/zimbabwe/khami-and-matobo.html,zimbabwe,khami and matobo,heritage,yes,yes,yes,4750387,4.75,estimated,2,"priced route — East, South and continental",3,no,,no,True,REPLACE,"Add a width to the existing URL — the same ?auto=compress&cs=tinysrgb&w=1200 that 6,188 of the site's 7,496 provider references already carry. No licence, no new asset, no budget, and it does not prejudge whether the photograph is any good.",licence,C — a licence worth paying up for: this frame opens a page that carries a price.,"Opens /places/zimbabwe/khami-and-matobo.html, the only photograph on it a phone is certain to fetch. Priced route — east, south and continental. The picture is wrong: the provider calls it ""sunlit desert landscape with sparse vegetation"". Costs a phone 4.8 MB today (estimated).","balancing rocks and rock art in the Matobo hills, Zimbabwe",16/9,,pexels:28717726,https://images.pexels.com/photos/28717726/pexels-photo-28717726.jpeg,Hannah Barata,https://www.pexels.com/photo/sunlit-desert-landscape-with-sparse-vegetation-28717726/
160,P1 acquire now — operator or priced major route,/places/botswana/maun-and-kasane.html,botswana,maun and kasane,cities,yes,yes,yes,4750387,4.75,estimated,2,"priced route — East, South and continental",2,no,,no,True,REPLACE,"Add a width to the existing URL — the same ?auto=compress&cs=tinysrgb&w=1200 that 6,188 of the site's 7,496 provider references already carry. No licence, no new asset, no budget, and it does not prejudge whether the photograph is any good.",licence,C — a licence worth paying up for: this frame opens a page that carries a price.,"Opens /places/botswana/maun-and-kasane.html, the only photograph on it a phone is certain to fetch. Priced route — east, south and continental. The picture is wrong: relevance 3.9. Costs a phone 4.8 MB today (estimated).","Airplanes parked at an airport apron, showcasing the busy atmosphere of modern aviation., Botswana",16/9,,pexels:16108904,https://images.pexels.com/photos/16108904/pexels-photo-16108904.jpeg,Rafael Rodrigues,https://www.pexels.com/photo/aircraft-on-airport-apron-16108904/
161,P1 acquire now — operator or priced major route,/places/botswana/mokoro-walking-horseback.html,botswana,mokoro walking horseback,adventure,yes,yes,yes,4750387,4.75,estimated,2,"priced route — East, South and continental",2,no,,yes,True,REPLACE,"Add a width to the existing URL — the same ?auto=compress&cs=tinysrgb&w=1200 that 6,188 of the site's 7,496 provider references already carry. No licence, no new asset, no budget, and it does not prejudge whether the photograph is any good.",licence,C — a licence worth paying up for: this frame opens a page that carries a price.,"Opens /places/botswana/mokoro-walking-horseback.html, the only photograph on it a phone is certain to fetch. Priced route — east, south and continental. The picture is wrong: the provider calls it ""cattle near water"". Costs a phone 4.8 MB today (estimated).","riders crossing a floodplain on a horseback safari, Botswana",16/9,,pexels:18217144,https://images.pexels.com/photos/18217144/pexels-photo-18217144.jpeg,Zeynep Sude  Emek,https://www.pexels.com/photo/cattle-near-water-18217144/
162,P1 acquire now — operator or priced major route,/places/kenya/walking-hells-gate.html,kenya,walking hells gate,outdoor,yes,yes,yes,4750387,4.75,estimated,2,"priced route — East, South and continental",2,no,,no,True,REPLACE,"Add a width to the existing URL — the same ?auto=compress&cs=tinysrgb&w=1200 that 6,188 of the site's 7,496 provider references already carry. No licence, no new asset, no budget, and it does not prejudge whether the photograph is any good.",licence,C — a licence worth paying up for: this frame opens a page that carries a price.,"Opens /places/kenya/walking-hells-gate.html, the only photograph on it a phone is certain to fetch. Priced route — east, south and continental. The picture is wrong: relevance 2.5. Costs a phone 4.8 MB today (estimated).","cyclists on the track between the cliffs of Hell's Gate National Park, Kenya",16/9,,pexels:9833514,https://images.pexels.com/photos/9833514/pexels-photo-9833514.jpeg,Justin  Brian,https://www.pexels.com/photo/view-of-the-uhuru-park-in-nairobi-kenya-9833514/
163,P1 acquire now — operator or priced major route,/places/south-africa/braai-bunny-chow-curry.html,south-africa,braai bunny chow curry,food,yes,yes,yes,4750387,4.75,estimated,2,"priced route — East, South and continental",2,no,,no,True,REPLACE,"Add a width to the existing URL — the same ?auto=compress&cs=tinysrgb&w=1200 that 6,188 of the site's 7,496 provider references already carry. No licence, no new asset, no budget, and it does not prejudge whether the photograph is any good.",licence,C — a licence worth paying up for: this frame opens a page that carries a price.,"Opens /places/south-africa/braai-bunny-chow-curry.html, the only photograph on it a phone is certain to fetch. Priced route — east, south and continental. The picture is wrong: relevance 2.7. Costs a phone 4.8 MB today (estimated).","Close-up of grilling meat on glowing embers in a barbecue setup, outdoors in Diyarbakır., South Africa",16/9,,pexels:29132438,https://images.pexels.com/photos/29132438/pexels-photo-29132438.jpeg,Cemrecan Yurtman,https://www.pexels.com/photo/grilling-meat-on-glowing-embers-in-diyarbakir-29132438/
164,P1 acquire now — operator or priced major route,/places/tanzania/mountain-plain-and-reef.html,tanzania,mountain plain and reef,why-visit,yes,yes,yes,4750387,4.75,estimated,2,"priced route — East, South and continental",2,no,,yes,True,REPLACE,"Add a width to the existing URL — the same ?auto=compress&cs=tinysrgb&w=1200 that 6,188 of the site's 7,496 provider references already carry. No licence, no new asset, no budget, and it does not prejudge whether the photograph is any good.",licence,C — a licence worth paying up for: this frame opens a page that carries a price.,"Opens /places/tanzania/mountain-plain-and-reef.html, the only photograph on it a phone is certain to fetch. Priced route — east, south and continental. The picture is wrong: relevance 3.9. Costs a phone 4.8 MB today (estimated).","Kilimanjaro rising above the acacia plains at sunrise, Tanzania",16/9,,pexels:37808717,https://images.pexels.com/photos/37808717/pexels-photo-37808717.jpeg,Penfran Tanzania,https://www.pexels.com/photo/misty-landscape-of-kilimanjaro-national-park-37808717/
165,P1 acquire now — operator or priced major route,/places/zimbabwe/guides-and-great-ruins.html,zimbabwe,guides and great ruins,why-visit,yes,yes,yes,4750387,4.75,estimated,2,"priced route — East, South and continental",2,no,,yes,True,REPLACE,"Add a width to the existing URL — the same ?auto=compress&cs=tinysrgb&w=1200 that 6,188 of the site's 7,496 provider references already carry. No licence, no new asset, no budget, and it does not prejudge whether the photograph is any good.",licence,C — a licence worth paying up for: this frame opens a page that carries a price.,"Opens /places/zimbabwe/guides-and-great-ruins.html, the only photograph on it a phone is certain to fetch. Priced route — east, south and continental. The picture is wrong: relevance 3.9. Costs a phone 4.8 MB today (estimated).","A guide leading a group of people on an informative nature walk in a dense forest., Zimbabwe",16/9,,pexels:37025848,https://images.pexels.com/photos/37025848/pexels-photo-37025848.jpeg,Pew Nguyen,https://www.pexels.com/photo/guided-nature-walk-through-lush-forest-37025848/
166,P1 acquire now — operator or priced major route,/places/zimbabwe/mana-pools-on-foot.html,zimbabwe,mana pools on foot,safari,yes,yes,yes,4750387,4.75,estimated,2,"priced route — East, South and continental",2,no,,no,True,REPLACE,"Add a width to the existing URL — the same ?auto=compress&cs=tinysrgb&w=1200 that 6,188 of the site's 7,496 provider references already carry. No licence, no new asset, no budget, and it does not prejudge whether the photograph is any good.",licence,C — a licence worth paying up for: this frame opens a page that carries a price.,"Opens /places/zimbabwe/mana-pools-on-foot.html, the only photograph on it a phone is certain to fetch. Priced route — east, south and continental. The picture is wrong: relevance 2.7. Costs a phone 4.8 MB today (estimated).","an elephant reaching into an albida tree at Mana Pools, Zimbabwe",16/9,,pexels:33290131,https://images.pexels.com/photos/33290131/pexels-photo-33290131.jpeg,ubeyonroad,https://www.pexels.com/photo/african-lion-resting-under-a-tree-in-tanzania-33290131/
167,P1 acquire now — operator or priced major route,/places/zimbabwe/victoria-falls.html,zimbabwe,victoria falls,waterfalls,yes,yes,yes,4750387,4.75,estimated,2,"priced route — East, South and continental",2,no,,no,True,REPLACE,"Add a width to the existing URL — the same ?auto=compress&cs=tinysrgb&w=1200 that 6,188 of the site's 7,496 provider references already carry. No licence, no new asset, no budget, and it does not prejudge whether the photograph is any good.",licence,C — a licence worth paying up for: this frame opens a page that carries a price.,"Opens /places/zimbabwe/victoria-falls.html, the only photograph on it a phone is certain to fetch. Priced route — east, south and continental. The picture is wrong: the provider calls it ""rainbow by waterfall"". Costs a phone 4.8 MB today (estimated).","Victoria Falls in full flood with spray rising, Zimbabwe",16/9,,pexels:16241868,https://images.pexels.com/photos/16241868/pexels-photo-16241868.jpeg,K,https://www.pexels.com/photo/rainbow-by-waterfall-16241868/
168,P1 acquire now — operator or priced major route,/places/rwanda/small-country-nothing-missing.html,rwanda,small country nothing missing,why-visit,yes,yes,yes,4748484,4.75,estimated,2,"priced route — East, South and continental",2,no,,yes,True,REPLACE,"Add a width to the existing URL — the same ?auto=compress&cs=tinysrgb&w=1200 that 6,188 of the site's 7,496 provider references already carry. No licence, no new asset, no budget, and it does not prejudge whether the photograph is any good.",licence,C — a licence worth paying up for: this frame opens a page that carries a price.,"Opens /places/rwanda/small-country-nothing-missing.html, the only photograph on it a phone is certain to fetch. Priced route — east, south and continental. The picture is wrong: relevance 3.9. Costs a phone 4.7 MB today (estimated).","a silverback gorilla in the bamboo of Volcanoes National Park, Rwanda",16/9,,pexels:27257405,https://images.pexels.com/photos/27257405/pexels-photo-27257405.jpeg,Nick,https://www.pexels.com/photo/a-gorilla-walking-on-grass-in-a-zoo-27257405/
169,P1 acquire now — operator or priced major route,/places/kenya/thomsons-falls.html,kenya,thomsons falls,waterfalls,yes,yes,yes,4478048,4.48,estimated,2,"priced route — East, South and continental",3,no,,no,True,REPLACE,"Add a width to the existing URL — the same ?auto=compress&cs=tinysrgb&w=1200 that 6,188 of the site's 7,496 provider references already carry. No licence, no new asset, no budget, and it does not prejudge whether the photograph is any good.",licence,C — a licence worth paying up for: this frame opens a page that carries a price.,"Opens /places/kenya/thomsons-falls.html, the only photograph on it a phone is certain to fetch. Priced route — east, south and continental. The picture is wrong: relevance 2.5; the provider calls it ""adventurous hiker at majestic waterfall scene"". Costs a phone 4.5 MB today (estimated).","Thomson's Falls dropping into the fern gorge at Nyahururu, Kenya",16/9,,pexels:30980291,https://images.pexels.com/photos/30980291/pexels-photo-30980291.jpeg,Никита  Шелайкин,https://www.pexels.com/photo/adventurous-hiker-at-majestic-waterfall-scene-30980291/
170,P1 acquire now — operator or priced major route,/places/south-africa/bloukrans-and-the-cage.html,south-africa,bloukrans and the cage,adventure,yes,yes,yes,4478048,4.48,estimated,2,"priced route — East, South and continental",2,no,,yes,True,REPLACE,"Add a width to the existing URL — the same ?auto=compress&cs=tinysrgb&w=1200 that 6,188 of the site's 7,496 provider references already carry. No licence, no new asset, no budget, and it does not prejudge whether the photograph is any good.",licence,C — a licence worth paying up for: this frame opens a page that carries a price.,"Opens /places/south-africa/bloukrans-and-the-cage.html, the only photograph on it a phone is certain to fetch. Priced route — east, south and continental. The picture is wrong: relevance 3.0. Costs a phone 4.5 MB today (estimated).","Charming outdoor garden with vintage decor featuring a whimsical pig statue., South Africa",16/9,,pexels:30923155,https://images.pexels.com/photos/30923155/pexels-photo-30923155.jpeg,Magda Ehlers,https://www.pexels.com/photo/vintage-pig-decor-in-outdoor-garden-setting-30923155/
171,P1 acquire now — operator or priced major route,/places/south-africa/the-big-five-close.html,south-africa,the big five close,wildlife,yes,yes,yes,4462553,4.46,estimated,2,"priced route — East, South and continental",4,no,,yes,True,REPLACE,"Add a width to the existing URL — the same ?auto=compress&cs=tinysrgb&w=1200 that 6,188 of the site's 7,496 provider references already carry. No licence, no new asset, no budget, and it does not prejudge whether the photograph is any good.",licence,C — a licence worth paying up for: this frame opens a page that carries a price.,"Opens /places/south-africa/the-big-five-close.html, the only photograph on it a phone is certain to fetch. Priced route — east, south and continental. The picture is wrong: relevance 3.5. Costs a phone 4.5 MB today (estimated).","Three rhinos grazing in the lush grasslands of South Africa, showcasing wildlife.",16/9,,pexels:26761742,https://images.pexels.com/photos/26761742/pexels-photo-26761742.jpeg,MINEIA  MARTINS,https://www.pexels.com/photo/rhinos-on-a-field-26761742/
172,P1 acquire now — operator or priced major route,/places/zambia/kafue-and-the-carnivores.html,zambia,kafue and the carnivores,eco-tourism,yes,yes,yes,4443387,4.44,estimated,2,"priced route — East, South and continental",2,no,,no,True,REPLACE,"Add a width to the existing URL — the same ?auto=compress&cs=tinysrgb&w=1200 that 6,188 of the site's 7,496 provider references already carry. No licence, no new asset, no budget, and it does not prejudge whether the photograph is any good.",licence,C — a licence worth paying up for: this frame opens a page that carries a price.,"Opens /places/zambia/kafue-and-the-carnivores.html, the only photograph on it a phone is certain to fetch. Priced route — east, south and continental. The picture is wrong: the provider calls it ""close up photo of deer"". Costs a phone 4.4 MB today (estimated).","wild dogs on the Busanga plains in Kafue National Park, Zambia",16/9,,pexels:750537,https://images.pexels.com/photos/750537/pexels-photo-750537.jpeg,Adriaan Greyling,https://www.pexels.com/photo/close-up-photo-of-deer-750537/
173,P1 acquire now — operator or priced major route,/places/south-africa/carnival-and-afrikaburn.html,south-africa,carnival and afrikaburn,festivals,yes,yes,yes,4434199,4.43,estimated,2,"priced route — East, South and continental",3,no,,no,True,REPLACE,"Add a width to the existing URL — the same ?auto=compress&cs=tinysrgb&w=1200 that 6,188 of the site's 7,496 provider references already carry. No licence, no new asset, no budget, and it does not prejudge whether the photograph is any good.",licence,C — a licence worth paying up for: this frame opens a page that carries a price.,"Opens /places/south-africa/carnival-and-afrikaburn.html, the only photograph on it a phone is certain to fetch. Priced route — east, south and continental. The picture is wrong: the provider calls it ""beach near mountain under blue sky"". Costs a phone 4.4 MB today (estimated).","performers in costume at the Cape Town Carnival, South Africa",16/9,,pexels:10010546,https://images.pexels.com/photos/10010546/pexels-photo-10010546.jpeg,Stephan Louis,https://www.pexels.com/photo/beach-near-mountain-under-blue-sky-10010546/
174,P1 acquire now — operator or priced major route,/places/botswana/the-concession-camps.html,botswana,the concession camps,luxury,yes,yes,yes,4427201,4.43,estimated,2,"priced route — East, South and continental",2,no,,no,True,REPLACE,"Add a width to the existing URL — the same ?auto=compress&cs=tinysrgb&w=1200 that 6,188 of the site's 7,496 provider references already carry. No licence, no new asset, no budget, and it does not prejudge whether the photograph is any good.",licence,C — a licence worth paying up for: this frame opens a page that carries a price.,"Opens /places/botswana/the-concession-camps.html, the only photograph on it a phone is certain to fetch. Priced route — east, south and continental. The picture is wrong: the provider calls it ""a bedroom with textile ceiling and wall"". Costs a phone 4.4 MB today (estimated).","a small luxury tented camp lit at dusk in the delta, Botswana",16/9,,pexels:9497620,https://images.pexels.com/photos/9497620/pexels-photo-9497620.jpeg,Prince Desert Camp,https://www.pexels.com/photo/a-bedroom-with-textile-ceiling-and-wall-9497620/
175,P1 acquire now — operator or priced major route,/places/zimbabwe/landlocked.html,zimbabwe,landlocked,beaches,yes,yes,yes,4421326,4.42,estimated,2,"priced route — East, South and continental",4,no,,no,True,REPLACE,"Add a width to the existing URL — the same ?auto=compress&cs=tinysrgb&w=1200 that 6,188 of the site's 7,496 provider references already carry. No licence, no new asset, no budget, and it does not prejudge whether the photograph is any good.",licence,C — a licence worth paying up for: this frame opens a page that carries a price.,"Opens /places/zimbabwe/landlocked.html, the only photograph on it a phone is certain to fetch. Priced route — east, south and continental. The picture is wrong: relevance 2.5. Costs a phone 4.4 MB today (estimated).","the Zambezi river wide and slow above the falls, Zimbabwe",16/9,,pexels:36451593,https://images.pexels.com/photos/36451593/pexels-photo-36451593.jpeg,Kabwe Kabwe,https://www.pexels.com/photo/scenic-gorge-river-flowing-through-rocky-landscape-36451593/
176,P1 acquire now — operator or priced major route,/places/tanzania/dala-dalas-and-dhows.html,tanzania,dala dalas and dhows,local-life,yes,yes,yes,4421326,4.42,estimated,2,"priced route — East, South and continental",3,no,,no,True,REPLACE,"Add a width to the existing URL — the same ?auto=compress&cs=tinysrgb&w=1200 that 6,188 of the site's 7,496 provider references already carry. No licence, no new asset, no budget, and it does not prejudge whether the photograph is any good.",licence,C — a licence worth paying up for: this frame opens a page that carries a price.,"Opens /places/tanzania/dala-dalas-and-dhows.html, the only photograph on it a phone is certain to fetch. Priced route — east, south and continental. The picture is wrong: the provider calls it ""woman in blue and yellow floral shirt standing besid"". Costs a phone 4.4 MB today (estimated).","the early morning fish market at Kivukoni in Dar es Salaam, Tanzania",16/9,,pexels:8637299,https://images.pexels.com/photos/8637299/pexels-photo-8637299.jpeg,Rangy Tarimu,https://www.pexels.com/photo/woman-in-blue-and-yellow-floral-shirt-standing-beside-the-green-banana-fruits-8637299/
177,P1 acquire now — operator or priced major route,/places/zimbabwe/the-old-safari-standard.html,zimbabwe,the old safari standard,luxury,yes,yes,yes,4421326,4.42,estimated,2,"priced route — East, South and continental",2,no,,no,True,REPLACE,"Add a width to the existing URL — the same ?auto=compress&cs=tinysrgb&w=1200 that 6,188 of the site's 7,496 provider references already carry. No licence, no new asset, no budget, and it does not prejudge whether the photograph is any good.",licence,C — a licence worth paying up for: this frame opens a page that carries a price.,"Opens /places/zimbabwe/the-old-safari-standard.html, the only photograph on it a phone is certain to fetch. Priced route — east, south and continental. The picture is wrong: relevance 2.5; query broadened to category. Costs a phone 4.4 MB today (estimated).",Luxury Travel in Zimbabwe,16/9,,pexels:14074141,https://images.pexels.com/photos/14074141/pexels-photo-14074141.jpeg,Steward Masweneng,https://www.pexels.com/photo/tourists-on-a-safari-14074141/
178,P1 acquire now — operator or priced major route,/places/zambia/lake-tanganyika-shore.html,zambia,lake tanganyika shore,beaches,yes,yes,yes,4403712,4.40,estimated,2,"priced route — East, South and continental",4,no,,no,True,REPLACE,"Add a width to the existing URL — the same ?auto=compress&cs=tinysrgb&w=1200 that 6,188 of the site's 7,496 provider references already carry. No licence, no new asset, no budget, and it does not prejudge whether the photograph is any good.",licence,C — a licence worth paying up for: this frame opens a page that carries a price.,"Opens /places/zambia/lake-tanganyika-shore.html, the only photograph on it a phone is certain to fetch. Priced route — east, south and continental. The picture is wrong: the provider calls it ""boats on beach"". Costs a phone 4.4 MB today (estimated).","the clear freshwater shore of Lake Tanganyika at Nsumbu, Zambia",16/9,,pexels:26382557,https://images.pexels.com/photos/26382557/pexels-photo-26382557.jpeg,Vika Glitter,https://www.pexels.com/photo/boats-on-beach-26382557/
179,P1 acquire now — operator or priced major route,/places/tanzania/stone-town-and-kilwa.html,tanzania,stone town and kilwa,historic-sites,yes,yes,yes,4403712,4.40,estimated,2,"priced route — East, South and continental",2,no,,no,True,REPLACE,"Add a width to the existing URL — the same ?auto=compress&cs=tinysrgb&w=1200 that 6,188 of the site's 7,496 provider references already carry. No licence, no new asset, no budget, and it does not prejudge whether the photograph is any good.",licence,C — a licence worth paying up for: this frame opens a page that carries a price.,"Opens /places/tanzania/stone-town-and-kilwa.html, the only photograph on it a phone is certain to fetch. Priced route — east, south and continental. The picture is wrong: relevance 2.2. Costs a phone 4.4 MB today (estimated).","Charming sailboat on the vibrant waters of Zanzibar against a historic cityscape., Tanzania",16/9,,pexels:9499540,https://images.pexels.com/photos/9499540/pexels-photo-9499540.jpeg,Salim Kombo,https://www.pexels.com/photo/sailboat-swimming-by-the-coast-with-tropical-resort-9499540/
180,P1 acquire now — operator or priced major route,/places/botswana/landlocked.html,botswana,landlocked,beaches,yes,yes,yes,4392000,4.39,estimated,2,"priced route — East, South and continental",6,no,,no,True,REPLACE,"Add a width to the existing URL — the same ?auto=compress&cs=tinysrgb&w=1200 that 6,188 of the site's 7,496 provider references already carry. No licence, no new asset, no budget, and it does not prejudge whether the photograph is any good.",licence,C — a licence worth paying up for: this frame opens a page that carries a price.,"Opens /places/botswana/landlocked.html, the only photograph on it a phone is certain to fetch. Priced route — east, south and continental. The picture is wrong: the provider calls it ""an aerial view of a river running through a lush gre"". Costs a phone 4.4 MB today (estimated).","a floodplain island in the Okavango at sunrise, Botswana",16/9,,unsplash:jk_2Ak2z3JY,https://images.unsplash.com/photo-1722645148077-a7f99c8bcef2,Sheila C,https://unsplash.com/photos/an-aerial-view-of-a-river-running-through-a-lush-green-field-jk_2Ak2z3JY
181,P1 acquire now — operator or priced major route,/places/botswana/riverine-and-mopane.html,botswana,riverine and mopane,forests,yes,yes,yes,4392000,4.39,estimated,2,"priced route — East, South and continental",4,no,,no,True,REPLACE,"Add a width to the existing URL — the same ?auto=compress&cs=tinysrgb&w=1200 that 6,188 of the site's 7,496 provider references already carry. No licence, no new asset, no budget, and it does not prejudge whether the photograph is any good.",licence,C — a licence worth paying up for: this frame opens a page that carries a price.,"Opens /places/botswana/riverine-and-mopane.html, the only photograph on it a phone is certain to fetch. Priced route — east, south and continental. The picture is wrong: the provider calls it ""a herd of elephants walking across a dirt field"". Costs a phone 4.4 MB today (estimated).","riverine forest along the Chobe river bank, Botswana",16/9,,unsplash:utr5ifIk19c,https://images.unsplash.com/photo-1708886196391-0ed2efac7fcc,Ida Kymmer,https://unsplash.com/photos/a-herd-of-elephants-walking-across-a-dirt-field-utr5ifIk19c
182,P1 acquire now — operator or priced major route,/places/kenya/the-great-rift-valley.html,kenya,the great rift valley,nature,yes,yes,yes,4392000,4.39,estimated,2,"priced route — East, South and continental",4,no,,no,True,REPLACE,"Add a width to the existing URL — the same ?auto=compress&cs=tinysrgb&w=1200 that 6,188 of the site's 7,496 provider references already carry. No licence, no new asset, no budget, and it does not prejudge whether the photograph is any good.",licence,C — a licence worth paying up for: this frame opens a page that carries a price.,"Opens /places/kenya/the-great-rift-valley.html, the only photograph on it a phone is certain to fetch. Priced route — east, south and continental. The picture is wrong: the provider calls it ""a flying bird"". Costs a phone 4.4 MB today (estimated).","the Great Rift Valley escarpment and floor seen from the Naivasha road, Kenya",16/9,,pexels:7734639,https://images.pexels.com/photos/7734639/pexels-photo-7734639.jpeg,Sanjeed Quazi,https://www.pexels.com/photo/a-flying-bird-7734639/
183,P1 acquire now — operator or priced major route,/places/rwanda/face-to-face-with-gorillas.html,rwanda,face to face with gorillas,wildlife,yes,yes,yes,4392000,4.39,estimated,2,"priced route — East, South and continental",4,no,,yes,True,REPLACE,"Add a width to the existing URL — the same ?auto=compress&cs=tinysrgb&w=1200 that 6,188 of the site's 7,496 provider references already carry. No licence, no new asset, no budget, and it does not prejudge whether the photograph is any good.",licence,C — a licence worth paying up for: this frame opens a page that carries a price.,"Opens /places/rwanda/face-to-face-with-gorillas.html, the only photograph on it a phone is certain to fetch. Priced route — east, south and continental. The picture is wrong: relevance 2.5. Costs a phone 4.4 MB today (estimated).","A Mexican volcanic mountain under a cloudy sky, showcasing natural beauty., Rwanda",16/9,,pexels:6636427,https://images.pexels.com/photos/6636427/pexels-photo-6636427.jpeg,Alan Cabello,https://www.pexels.com/photo/brown-grass-field-near-a-volcano-under-cloudy-sky-6636427/
184,P1 acquire now — operator or priced major route,/places/rwanda/rubavu-lakeshore.html,rwanda,rubavu lakeshore,beaches,yes,yes,yes,4392000,4.39,estimated,2,"priced route — East, South and continental",4,no,,no,True,REPLACE,"Add a width to the existing URL — the same ?auto=compress&cs=tinysrgb&w=1200 that 6,188 of the site's 7,496 provider references already carry. No licence, no new asset, no budget, and it does not prejudge whether the photograph is any good.",licence,C — a licence worth paying up for: this frame opens a page that carries a price.,"Opens /places/rwanda/rubavu-lakeshore.html, the only photograph on it a phone is certain to fetch. Priced route — east, south and continental. The picture is wrong: relevance 2.5. Costs a phone 4.4 MB today (estimated).","the lakeshore beach and palms at Rubavu on Lake Kivu, Rwanda",16/9,,pexels:30487817,https://images.pexels.com/photos/30487817/pexels-photo-30487817.jpeg,Mad Knoxx Deluxe,https://www.pexels.com/photo/scenic-landscape-of-lake-surroundings-with-islands-30487817/
185,P1 acquire now — operator or priced major route,/places/rwanda/the-nyungwe-canopy-walk.html,rwanda,the nyungwe canopy walk,forests,yes,yes,yes,4392000,4.39,estimated,2,"priced route — East, South and continental",4,no,,no,True,REPLACE,"Add a width to the existing URL — the same ?auto=compress&cs=tinysrgb&w=1200 that 6,188 of the site's 7,496 provider references already carry. No licence, no new asset, no budget, and it does not prejudge whether the photograph is any good.",licence,C — a licence worth paying up for: this frame opens a page that carries a price.,"Opens /places/rwanda/the-nyungwe-canopy-walk.html, the only photograph on it a phone is certain to fetch. Priced route — east, south and continental. The picture is wrong: the provider calls it ""bosque y montana"". Costs a phone 4.4 MB today (estimated).","the canopy walkway suspended above Nyungwe rainforest, Rwanda",16/9,,pexels:28154528,https://images.pexels.com/photos/28154528/pexels-photo-28154528.jpeg,Juan Felipe Ramírez,https://www.pexels.com/photo/bosque-y-montana-28154528/
186,P1 acquire now — operator or priced major route,/places/rwanda/the-virunga-volcanoes.html,rwanda,the virunga volcanoes,mountains,yes,yes,yes,4392000,4.39,estimated,2,"priced route — East, South and continental",4,no,,no,True,REPLACE,"Add a width to the existing URL — the same ?auto=compress&cs=tinysrgb&w=1200 that 6,188 of the site's 7,496 provider references already carry. No licence, no new asset, no budget, and it does not prejudge whether the photograph is any good.",licence,C — a licence worth paying up for: this frame opens a page that carries a price.,"Opens /places/rwanda/the-virunga-volcanoes.html, the only photograph on it a phone is certain to fetch. Priced route — east, south and continental. The picture is wrong: relevance 2.5. Costs a phone 4.4 MB today (estimated).","Dramatic view of a volcano with clouds over Ciudad de Guatemala's architecture., Rwanda",16/9,,pexels:10653712,https://images.pexels.com/photos/10653712/pexels-photo-10653712.jpeg,HAROLD PRODUCTIONS,https://www.pexels.com/photo/cloud-and-volcano-10653712/
187,P1 acquire now — operator or priced major route,/places/south-africa/tsitsikamma.html,south-africa,tsitsikamma,forests,yes,yes,yes,4392000,4.39,estimated,2,"priced route — East, South and continental",4,no,,no,True,REPLACE,"Add a width to the existing URL — the same ?auto=compress&cs=tinysrgb&w=1200 that 6,188 of the site's 7,496 provider references already carry. No licence, no new asset, no budget, and it does not prejudge whether the photograph is any good.",licence,C — a licence worth paying up for: this frame opens a page that carries a price.,"Opens /places/south-africa/tsitsikamma.html, the only photograph on it a phone is certain to fetch. Priced route — east, south and continental. The picture is wrong: relevance 2.7; the provider calls it ""water falls under blue sky and white clouds"". Costs a phone 4.4 MB today (estimated).","the Storms River mouth suspension bridge in Tsitsikamma, South Africa",16/9,,pexels:13448548,https://images.pexels.com/photos/13448548/pexels-photo-13448548.jpeg,Piat Van Zyl,https://www.pexels.com/photo/water-falls-under-blue-sky-and-white-clouds-13448548/
188,P1 acquire now — operator or priced major route,/places/tanzania/the-big-five-and-then-some.html,tanzania,the big five and then some,wildlife,yes,yes,yes,4392000,4.39,estimated,2,"priced route — East, South and continental",4,no,,yes,True,REPLACE,"Add a width to the existing URL — the same ?auto=compress&cs=tinysrgb&w=1200 that 6,188 of the site's 7,496 provider references already carry. No licence, no new asset, no budget, and it does not prejudge whether the photograph is any good.",licence,C — a licence worth paying up for: this frame opens a page that carries a price.,"Opens /places/tanzania/the-big-five-and-then-some.html, the only photograph on it a phone is certain to fetch. Priced route — east, south and continental. The picture is wrong: the provider calls it ""zebras standing on a green grass field"". Costs a phone 4.4 MB today (estimated).","a lion pride resting on a kopje in the Serengeti, Tanzania",16/9,,pexels:9909939,https://images.pexels.com/photos/9909939/pexels-photo-9909939.jpeg,Carlos,https://www.pexels.com/photo/zebras-standing-on-a-green-grass-field-9909939/
189,P1 acquire now — operator or priced major route,/places/tanzania/udzungwa-and-jozani.html,tanzania,udzungwa and jozani,forests,yes,yes,yes,4392000,4.39,estimated,2,"priced route — East, South and continental",4,no,,no,True,REPLACE,"Add a width to the existing URL — the same ?auto=compress&cs=tinysrgb&w=1200 that 6,188 of the site's 7,496 provider references already carry. No licence, no new asset, no budget, and it does not prejudge whether the photograph is any good.",licence,C — a licence worth paying up for: this frame opens a page that carries a price.,"Opens /places/tanzania/udzungwa-and-jozani.html, the only photograph on it a phone is certain to fetch. Priced route — east, south and continental. The picture is wrong: the provider calls it ""a couple of monkeys sitting on top of a tree branch"". Costs a phone 4.4 MB today (estimated).","a Zanzibar red colobus monkey in Jozani Forest, Tanzania",16/9,,unsplash:u0EyU5NzmIM,https://images.unsplash.com/photo-1694960679817-f471fb7d49dc,Aron Marinelli,https://unsplash.com/photos/a-couple-of-monkeys-sitting-on-top-of-a-tree-branch-u0EyU5NzmIM
190,P1 acquire now — operator or priced major route,/places/zimbabwe/msasa-and-miombo.html,zimbabwe,msasa and miombo,forests,yes,yes,yes,4392000,4.39,estimated,2,"priced route — East, South and continental",4,no,,no,True,REPLACE,"Add a width to the existing URL — the same ?auto=compress&cs=tinysrgb&w=1200 that 6,188 of the site's 7,496 provider references already carry. No licence, no new asset, no budget, and it does not prejudge whether the photograph is any good.",licence,C — a licence worth paying up for: this frame opens a page that carries a price.,"Opens /places/zimbabwe/msasa-and-miombo.html, the only photograph on it a phone is certain to fetch. Priced route — east, south and continental. The picture is wrong: the provider calls it ""majestic impala in natural habitat forest"". Costs a phone 4.4 MB today (estimated).","msasa trees in red new leaf in September, Zimbabwe",16/9,,pexels:34191802,https://images.pexels.com/photos/34191802/pexels-photo-34191802.jpeg,Andrea Gambirasio,https://www.pexels.com/photo/majestic-impala-in-natural-habitat-forest-34191802/
191,P1 acquire now — operator or priced major route,/places/zimbabwe/the-eastern-highlands.html,zimbabwe,the eastern highlands,mountains,yes,yes,yes,4392000,4.39,estimated,2,"priced route — East, South and continental",4,no,,no,True,REPLACE,"Add a width to the existing URL — the same ?auto=compress&cs=tinysrgb&w=1200 that 6,188 of the site's 7,496 provider references already carry. No licence, no new asset, no budget, and it does not prejudge whether the photograph is any good.",licence,C — a licence worth paying up for: this frame opens a page that carries a price.,"Opens /places/zimbabwe/the-eastern-highlands.html, the only photograph on it a phone is certain to fetch. Priced route — east, south and continental. The picture is wrong: the provider calls it ""dramatic mountain peak in lush green valley"". Costs a phone 4.4 MB today (estimated).","the green Eastern Highlands at Nyanga, Zimbabwe",16/9,,pexels:34166926,https://images.pexels.com/photos/34166926/pexels-photo-34166926.jpeg,Andrea Gambirasio,https://www.pexels.com/photo/dramatic-mountain-peak-in-lush-green-valley-34166926/
192,P1 acquire now — operator or priced major route,/places/botswana/seswaa-and-bogobe.html,botswana,seswaa and bogobe,food,yes,yes,yes,4392000,4.39,estimated,2,"priced route — East, South and continental",3,no,,no,True,REPLACE,"Add a width to the existing URL — the same ?auto=compress&cs=tinysrgb&w=1200 that 6,188 of the site's 7,496 provider references already carry. No licence, no new asset, no budget, and it does not prejudge whether the photograph is any good.",licence,C — a licence worth paying up for: this frame opens a page that carries a price.,"Opens /places/botswana/seswaa-and-bogobe.html, the only photograph on it a phone is certain to fetch. Priced route — east, south and continental. The picture is wrong: the provider calls it ""man cooking in cauldrons"". Costs a phone 4.4 MB today (estimated).",seswaa and bogobe served at a Botswana lodge,16/9,,pexels:15022727,https://images.pexels.com/photos/15022727/pexels-photo-15022727.jpeg,Fredrick Bk Gasentsima,https://www.pexels.com/photo/man-cooking-in-cauldrons-15022727/
193,P1 acquire now — operator or priced major route,/places/botswana/the-okavango-and-the-chobe.html,botswana,the okavango and the chobe,lakes-rivers,yes,yes,yes,4392000,4.39,estimated,2,"priced route — East, South and continental",3,no,,no,True,REPLACE,"Add a width to the existing URL — the same ?auto=compress&cs=tinysrgb&w=1200 that 6,188 of the site's 7,496 provider references already carry. No licence, no new asset, no budget, and it does not prejudge whether the photograph is any good.",licence,C — a licence worth paying up for: this frame opens a page that carries a price.,"Opens /places/botswana/the-okavango-and-the-chobe.html, the only photograph on it a phone is certain to fetch. Priced route — east, south and continental. The picture is wrong: the provider calls it ""trees and body of water during golden hour"". Costs a phone 4.4 MB today (estimated).","a mokoro being poled through a papyrus channel, Botswana",16/9,,unsplash:mGmo5XEsw4M,https://images.unsplash.com/photo-1573707627676-eda00266adce,Jose Mizrahi,https://unsplash.com/photos/trees-and-body-of-water-during-golden-hour-mGmo5XEsw4M
194,P1 acquire now — operator or priced major route,/places/kenya/lamu-cultural-festival.html,kenya,lamu cultural festival,festivals,yes,yes,yes,4392000,4.39,estimated,2,"priced route — East, South and continental",3,no,,no,True,REPLACE,"Add a width to the existing URL — the same ?auto=compress&cs=tinysrgb&w=1200 that 6,188 of the site's 7,496 provider references already carry. No licence, no new asset, no budget, and it does not prejudge whether the photograph is any good.",licence,C — a licence worth paying up for: this frame opens a page that carries a price.,"Opens /places/kenya/lamu-cultural-festival.html, the only photograph on it a phone is certain to fetch. Priced route — east, south and continental. The picture is wrong: relevance 2.5; the provider calls it ""two men on a fishing boat"". Costs a phone 4.4 MB today (estimated).","Two local fishermen navigate a traditional dhow on the clear waters of Zanzibar under a bright blue sky., Kenya",16/9,,pexels:5859000,https://images.pexels.com/photos/5859000/pexels-photo-5859000.jpeg,Taryn Elliott,https://www.pexels.com/photo/two-men-on-a-fishing-boat-5859000/
195,P1 acquire now — operator or priced major route,/places/rwanda/isumo-under-nyungwe.html,rwanda,isumo under nyungwe,waterfalls,yes,yes,yes,4392000,4.39,estimated,2,"priced route — East, South and continental",3,no,,no,True,REPLACE,"Add a width to the existing URL — the same ?auto=compress&cs=tinysrgb&w=1200 that 6,188 of the site's 7,496 provider references already carry. No licence, no new asset, no budget, and it does not prejudge whether the photograph is any good.",licence,C — a licence worth paying up for: this frame opens a page that carries a price.,"Opens /places/rwanda/isumo-under-nyungwe.html, the only photograph on it a phone is certain to fetch. Priced route — east, south and continental. The picture is wrong: the provider calls it ""view of a mountain with trees"". Costs a phone 4.4 MB today (estimated).","the Isumo waterfall in the Nyungwe forest, Rwanda",16/9,,pexels:13981875,https://images.pexels.com/photos/13981875/pexels-photo-13981875.jpeg,Valentina Restrepo Ríos,https://www.pexels.com/photo/view-of-a-mountain-with-trees-13981875/
196,P1 acquire now — operator or priced major route,/places/tanzania/the-hadzabe-of-lake-eyasi.html,tanzania,the hadzabe of lake eyasi,traditional-people,yes,yes,yes,4392000,4.39,estimated,2,"priced route — East, South and continental",3,no,,no,True,REPLACE,"Add a width to the existing URL — the same ?auto=compress&cs=tinysrgb&w=1200 that 6,188 of the site's 7,496 provider references already carry. No licence, no new asset, no budget, and it does not prejudge whether the photograph is any good.",licence,C — a licence worth paying up for: this frame opens a page that carries a price.,"Opens /places/tanzania/the-hadzabe-of-lake-eyasi.html, the only photograph on it a phone is certain to fetch. Priced route — east, south and continental. The picture is wrong: relevance 3.7. Costs a phone 4.4 MB today (estimated).",Maasai woman adorned in traditional attire and jewelry in Tanzania.,16/9,,pexels:7637399,https://images.pexels.com/photos/7637399/pexels-photo-7637399.jpeg,Kureng Workx,https://www.pexels.com/photo/woman-in-yellow-and-black-polka-dot-shirt-7637399/
197,P1 acquire now — operator or priced major route,/places/zambia/livingstones-verandas.html,zambia,livingstones verandas,architecture,yes,yes,yes,4392000,4.39,estimated,2,"priced route — East, South and continental",3,no,,no,True,REPLACE,"Add a width to the existing URL — the same ?auto=compress&cs=tinysrgb&w=1200 that 6,188 of the site's 7,496 provider references already carry. No licence, no new asset, no budget, and it does not prejudge whether the photograph is any good.",licence,C — a licence worth paying up for: this frame opens a page that carries a price.,"Opens /places/zambia/livingstones-verandas.html, the only photograph on it a phone is certain to fetch. Priced route — east, south and continental. The picture is wrong: relevance 2.7. Costs a phone 4.4 MB today (estimated).","a colonial veranda building on Mosi-oa-Tunya Road in Livingstone, Zambia",16/9,,pexels:18132617,https://images.pexels.com/photos/18132617/pexels-photo-18132617.jpeg,Frederick Adegoke Snr.,https://www.pexels.com/photo/david-livingstone-statue-in-edinburgh-18132617/
198,P1 acquire now — operator or priced major route,/places/zambia/luangwa-at-last-light.html,zambia,luangwa at last light,photography,yes,yes,yes,4392000,4.39,estimated,2,"priced route — East, South and continental",3,no,,no,True,REPLACE,"Add a width to the existing URL — the same ?auto=compress&cs=tinysrgb&w=1200 that 6,188 of the site's 7,496 provider references already carry. No licence, no new asset, no budget, and it does not prejudge whether the photograph is any good.",licence,C — a licence worth paying up for: this frame opens a page that carries a price.,"Opens /places/zambia/luangwa-at-last-light.html, the only photograph on it a phone is certain to fetch. Priced route — east, south and continental. The picture is wrong: relevance 2.9. Costs a phone 4.4 MB today (estimated).","hippos in the Luangwa river at last light, Zambia",16/9,,pexels:36916888,https://images.pexels.com/photos/36916888/pexels-photo-36916888.jpeg,Ana Kenk,https://www.pexels.com/photo/traditional-thatched-huts-in-rural-zambia-landscape-36916888/
199,P1 acquire now — operator or priced major route,/places/botswana/fewer-people-than-elephants.html,botswana,fewer people than elephants,why-visit,yes,yes,yes,4392000,4.39,estimated,2,"priced route — East, South and continental",2,no,,yes,True,REPLACE,"Add a width to the existing URL — the same ?auto=compress&cs=tinysrgb&w=1200 that 6,188 of the site's 7,496 provider references already carry. No licence, no new asset, no budget, and it does not prejudge whether the photograph is any good.",licence,C — a licence worth paying up for: this frame opens a page that carries a price.,"Opens /places/botswana/fewer-people-than-elephants.html, the only photograph on it a phone is certain to fetch. Priced route — east, south and continental. The picture is wrong: relevance 3.9. Costs a phone 4.4 MB today (estimated).","an elephant herd crossing open Kalahari grassland, Botswana",16/9,,unsplash:G6oow3hC7UU,https://images.unsplash.com/photo-1623263320330-83472c08dfe4,Leon Pauleikhoff,https://unsplash.com/photos/a-herd-of-antelope-grazing-on-dry-grass-G6oow3hC7UU
200,P1 acquire now — operator or priced major route,/places/botswana/mokoro-and-walking.html,botswana,mokoro and walking,outdoor,yes,yes,yes,4392000,4.39,estimated,2,"priced route — East, South and continental",2,no,,no,True,REPLACE,"Add a width to the existing URL — the same ?auto=compress&cs=tinysrgb&w=1200 that 6,188 of the site's 7,496 provider references already carry. No licence, no new asset, no budget, and it does not prejudge whether the photograph is any good.",licence,C — a licence worth paying up for: this frame opens a page that carries a price.,"Opens /places/botswana/mokoro-and-walking.html, the only photograph on it a phone is certain to fetch. Priced route — east, south and continental. The picture is wrong: relevance 2.5. Costs a phone 4.4 MB today (estimated).","Two giraffes walking in the vibrant African savannah landscape., Botswana",16/9,,pexels:5715513,https://images.pexels.com/photos/5715513/pexels-photo-5715513.jpeg,Roger Brown,https://www.pexels.com/photo/giraffes-on-brown-grass-field-5715513/
201,P1 acquire now — operator or priced major route,/places/botswana/tsodilo-hills.html,botswana,tsodilo hills,historic-sites,yes,yes,yes,4392000,4.39,estimated,2,"priced route — East, South and continental",2,no,,no,True,REPLACE,"Add a width to the existing URL — the same ?auto=compress&cs=tinysrgb&w=1200 that 6,188 of the site's 7,496 provider references already carry. No licence, no new asset, no budget, and it does not prejudge whether the photograph is any good.",licence,C — a licence worth paying up for: this frame opens a page that carries a price.,"Opens /places/botswana/tsodilo-hills.html, the only photograph on it a phone is certain to fetch. Priced route — east, south and continental. The picture is wrong: relevance 2.7. Costs a phone 4.4 MB today (estimated).","Explore this natural rock cave entrance with unique geological features and a sandy floor., Botswana",16/9,,pexels:11754720,https://images.pexels.com/photos/11754720/pexels-photo-11754720.jpeg,Nandakumar R,https://www.pexels.com/photo/a-cave-entrance-11754720/
202,P1 acquire now — operator or priced major route,/places/kenya/camps-on-the-mara.html,kenya,camps on the mara,luxury,yes,yes,yes,4392000,4.39,estimated,2,"priced route — East, South and continental",2,no,,no,True,REPLACE,"Add a width to the existing URL — the same ?auto=compress&cs=tinysrgb&w=1200 that 6,188 of the site's 7,496 provider references already carry. No licence, no new asset, no budget, and it does not prejudge whether the photograph is any good.",licence,C — a licence worth paying up for: this frame opens a page that carries a price.,"Opens /places/kenya/camps-on-the-mara.html, the only photograph on it a phone is certain to fetch. Priced route — east, south and continental. The picture is wrong: the provider calls it ""cheetah looking at the landscape"". Costs a phone 4.4 MB today (estimated).","a luxury tented safari camp overlooking the Maasai Mara plains, Kenya",16/9,,pexels:23886628,https://images.pexels.com/photos/23886628/pexels-photo-23886628.jpeg,Image  Noise,https://www.pexels.com/photo/cheetah-looking-at-the-landscape-23886628/
203,P1 acquire now — operator or priced major route,/places/kenya/fort-jesus-mombasa.html,kenya,fort jesus mombasa,historic-sites,yes,yes,yes,4392000,4.39,estimated,2,"priced route — East, South and continental",2,no,,no,True,REPLACE,"Add a width to the existing URL — the same ?auto=compress&cs=tinysrgb&w=1200 that 6,188 of the site's 7,496 provider references already carry. No licence, no new asset, no budget, and it does not prejudge whether the photograph is any good.",licence,C — a licence worth paying up for: this frame opens a page that carries a price.,"Opens /places/kenya/fort-jesus-mombasa.html, the only photograph on it a phone is certain to fetch. Priced route — east, south and continental. The picture is wrong: the provider calls it ""the ruins of a temple in the middle of a field"". Costs a phone 4.4 MB today (estimated).","the coral ramparts of Fort Jesus above Mombasa old harbour, Kenya",16/9,,pexels:27669322,https://images.pexels.com/photos/27669322/pexels-photo-27669322.jpeg,Thilina Alagiyawanna,https://www.pexels.com/photo/the-ruins-of-a-temple-in-the-middle-of-a-field-27669322/
204,P1 acquire now — operator or priced major route,/places/south-africa/marine-and-rhino-work.html,south-africa,marine and rhino work,eco-tourism,yes,yes,yes,4392000,4.39,estimated,2,"priced route — East, South and continental",2,no,,no,True,REPLACE,"Add a width to the existing URL — the same ?auto=compress&cs=tinysrgb&w=1200 that 6,188 of the site's 7,496 provider references already carry. No licence, no new asset, no budget, and it does not prejudge whether the photograph is any good.",licence,C — a licence worth paying up for: this frame opens a page that carries a price.,"Opens /places/south-africa/marine-and-rhino-work.html, the only photograph on it a phone is certain to fetch. Priced route — east, south and continental. The picture is wrong: the provider calls it ""a view of a beach with mountains in the background"". Costs a phone 4.4 MB today (estimated).","African penguins on the boulders at Simon's Town, South Africa",16/9,,unsplash:i1el7Rtl-UY,https://images.unsplash.com/photo-1730234350694-1f8716098f8a,Martijn Vonk,https://unsplash.com/photos/a-view-of-a-beach-with-mountains-in-the-background-i1el7Rtl-UY
205,P1 acquire now — operator or priced major route,/places/south-africa/ndebele-beadwork.html,south-africa,ndebele beadwork,crafts,yes,yes,yes,4392000,4.39,estimated,2,"priced route — East, South and continental",2,no,,no,True,REPLACE,"Add a width to the existing URL — the same ?auto=compress&cs=tinysrgb&w=1200 that 6,188 of the site's 7,496 provider references already carry. No licence, no new asset, no budget, and it does not prejudge whether the photograph is any good.",licence,C — a licence worth paying up for: this frame opens a page that carries a price.,"Opens /places/south-africa/ndebele-beadwork.html, the only photograph on it a phone is certain to fetch. Priced route — east, south and continental. The picture is wrong: the provider calls it ""a woman wearing colorful beaded headband and necklac"". Costs a phone 4.4 MB today (estimated).","Ndebele beadwork and geometric wall painting, South Africa",16/9,,pexels:5831735,https://images.pexels.com/photos/5831735/pexels-photo-5831735.jpeg,Studio Pilot Photography,https://www.pexels.com/photo/a-woman-wearing-colorful-beaded-headband-and-necklace-smiling-to-the-camera-5831735/
206,P1 acquire now — operator or priced major route,/places/tanzania/camps-and-spice-islands.html,tanzania,camps and spice islands,luxury,yes,yes,yes,4392000,4.39,estimated,2,"priced route — East, South and continental",2,no,,no,True,REPLACE,"Add a width to the existing URL — the same ?auto=compress&cs=tinysrgb&w=1200 that 6,188 of the site's 7,496 provider references already carry. No licence, no new asset, no budget, and it does not prejudge whether the photograph is any good.",licence,C — a licence worth paying up for: this frame opens a page that carries a price.,"Opens /places/tanzania/camps-and-spice-islands.html, the only photograph on it a phone is certain to fetch. Priced route — east, south and continental. The picture is wrong: the provider calls it ""zebras and elephants on grass field"". Costs a phone 4.4 MB today (estimated).","a luxury tented camp on the Serengeti plains at dusk, Tanzania",16/9,,pexels:9185432,https://images.pexels.com/photos/9185432/pexels-photo-9185432.jpeg,Ákos Helgert,https://www.pexels.com/photo/zebras-and-elephants-on-grass-field-9185432/
207,P1 acquire now — operator or priced major route,/places/tanzania/ngorongoro-shared-ground.html,tanzania,ngorongoro shared ground,eco-tourism,yes,yes,yes,4392000,4.39,estimated,2,"priced route — East, South and continental",2,no,,no,True,REPLACE,"Add a width to the existing URL — the same ?auto=compress&cs=tinysrgb&w=1200 that 6,188 of the site's 7,496 provider references already carry. No licence, no new asset, no budget, and it does not prejudge whether the photograph is any good.",licence,C — a licence worth paying up for: this frame opens a page that carries a price.,"Opens /places/tanzania/ngorongoro-shared-ground.html, the only photograph on it a phone is certain to fetch. Priced route — east, south and continental. The picture is wrong: the provider calls it ""women of massai tribe"". Costs a phone 4.4 MB today (estimated).","Maasai herders and cattle on the Ngorongoro conservation area highlands, Tanzania",16/9,,pexels:11679893,https://images.pexels.com/photos/11679893/pexels-photo-11679893.jpeg,Valerie Sutton,https://www.pexels.com/photo/women-of-massai-tribe-11679893/
208,P1 acquire now — operator or priced major route,/places/tanzania/tingatinga-and-makonde.html,tanzania,tingatinga and makonde,crafts,yes,yes,yes,4392000,4.39,estimated,2,"priced route — East, South and continental",2,no,,no,True,REPLACE,"Add a width to the existing URL — the same ?auto=compress&cs=tinysrgb&w=1200 that 6,188 of the site's 7,496 provider references already carry. No licence, no new asset, no budget, and it does not prejudge whether the photograph is any good.",licence,C — a licence worth paying up for: this frame opens a page that carries a price.,"Opens /places/tanzania/tingatinga-and-makonde.html, the only photograph on it a phone is certain to fetch. Priced route — east, south and continental. The picture is wrong: relevance 2.7. Costs a phone 4.4 MB today (estimated).","A craftsman skillfully carves wood in a traditional workshop. Rustic surroundings emphasize a cultural atmosphere., Tanzania",16/9,,pexels:37444929,https://images.pexels.com/photos/37444929/pexels-photo-37444929.jpeg,Jauhar Musthofal Qulub,https://www.pexels.com/photo/artisan-carving-wood-in-traditional-workshop-setting-37444929/
209,P1 acquire now — operator or priced major route,/places/zambia/bush-camps-six-beds.html,zambia,bush camps six beds,luxury,yes,yes,yes,4392000,4.39,estimated,2,"priced route — East, South and continental",2,no,,no,True,REPLACE,"Add a width to the existing URL — the same ?auto=compress&cs=tinysrgb&w=1200 that 6,188 of the site's 7,496 provider references already carry. No licence, no new asset, no budget, and it does not prejudge whether the photograph is any good.",licence,C — a licence worth paying up for: this frame opens a page that carries a price.,"Opens /places/zambia/bush-camps-six-beds.html, the only photograph on it a phone is certain to fetch. Priced route — east, south and continental. The picture is wrong: the provider calls it ""traditional rural huts in zambian countryside"". Costs a phone 4.4 MB today (estimated).","a small thatched bush camp overlooking the Luangwa river, Zambia",16/9,,pexels:36916911,https://images.pexels.com/photos/36916911/pexels-photo-36916911.jpeg,Ana Kenk,https://www.pexels.com/photo/traditional-rural-huts-in-zambian-countryside-36916911/
210,P1 acquire now — operator or priced major route,/places/zimbabwe/chimanimani.html,zimbabwe,chimanimani,hidden-gems,yes,yes,yes,4392000,4.39,estimated,2,"priced route — East, South and continental",2,no,,no,True,REPLACE,"Add a width to the existing URL — the same ?auto=compress&cs=tinysrgb&w=1200 that 6,188 of the site's 7,496 provider references already carry. No licence, no new asset, no budget, and it does not prejudge whether the photograph is any good.",licence,C — a licence worth paying up for: this frame opens a page that carries a price.,"Opens /places/zimbabwe/chimanimani.html, the only photograph on it a phone is certain to fetch. Priced route — east, south and continental. The picture is wrong: relevance 2.7; the provider calls it ""clouds over forested cliffs"". Costs a phone 4.4 MB today (estimated).","the Chimanimani mountains on the Mozambique border, Zimbabwe",16/9,,pexels:16832175,https://images.pexels.com/photos/16832175/pexels-photo-16832175.jpeg,Rodrigo Menezes,https://www.pexels.com/photo/clouds-over-forested-cliffs-16832175/
211,P1 acquire now — operator or priced major route,/places/zimbabwe/falls-and-elephant.html,zimbabwe,falls and elephant,family-community,yes,yes,yes,4392000,4.39,estimated,2,"priced route — East, South and continental",2,no,,no,True,REPLACE,"Add a width to the existing URL — the same ?auto=compress&cs=tinysrgb&w=1200 that 6,188 of the site's 7,496 provider references already carry. No licence, no new asset, no budget, and it does not prejudge whether the photograph is any good.",licence,C — a licence worth paying up for: this frame opens a page that carries a price.,"Opens /places/zimbabwe/falls-and-elephant.html, the only photograph on it a phone is certain to fetch. Priced route — east, south and continental. The picture is wrong: relevance 2.7. Costs a phone 4.4 MB today (estimated).","A herd of African elephants (Loxodonta africana) drinks at a waterhole in the Arusha Region, Tanzania., Zimbabwe",16/9,,pexels:15212438,https://images.pexels.com/photos/15212438/pexels-photo-15212438.jpeg,Alex Levis,https://www.pexels.com/photo/gray-elephants-on-body-of-water-15212438/
212,P1 acquire now — operator or priced major route,/places/botswana/the-makgadikgadi.html,botswana,the makgadikgadi,hidden-gems,yes,yes,yes,4269693,4.27,estimated,2,"priced route — East, South and continental",2,no,,no,True,REPLACE,"Add a width to the existing URL — the same ?auto=compress&cs=tinysrgb&w=1200 that 6,188 of the site's 7,496 provider references already carry. No licence, no new asset, no budget, and it does not prejudge whether the photograph is any good.",licence,C — a licence worth paying up for: this frame opens a page that carries a price.,"Opens /places/botswana/the-makgadikgadi.html, the only photograph on it a phone is certain to fetch. Priced route — east, south and continental. The picture is wrong: the provider calls it ""a herd of wildebeest gathered near water"". Costs a phone 4.3 MB today (estimated).","quad bikes on the Makgadikgadi salt pan at dusk, Botswana",16/9,,unsplash:zmjoekNWffI,https://images.unsplash.com/photo-1759216942482-d4a344132fea,Ed Wingate,https://unsplash.com/photos/a-herd-of-wildebeest-gathered-near-water-zmjoekNWffI
213,P1 acquire now — operator or priced major route,/places/tanzania/olduvai-and-the-coast.html,tanzania,olduvai and the coast,heritage,yes,yes,yes,4235311,4.24,estimated,2,"priced route — East, South and continental",3,no,,no,True,REPLACE,"Add a width to the existing URL — the same ?auto=compress&cs=tinysrgb&w=1200 that 6,188 of the site's 7,496 provider references already carry. No licence, no new asset, no budget, and it does not prejudge whether the photograph is any good.",licence,C — a licence worth paying up for: this frame opens a page that carries a price.,"Opens /places/tanzania/olduvai-and-the-coast.html, the only photograph on it a phone is certain to fetch. Priced route — east, south and continental. The picture is wrong: the provider calls it ""two zebras are standing on a grassy hill"". Costs a phone 4.2 MB today (estimated).","the layered walls of Olduvai Gorge in the Ngorongoro conservation area, Tanzania",16/9,,unsplash:wYEBXWMqEdc,https://images.unsplash.com/photo-1739097108468-9364ea62383d,Mustafa Masetic,https://unsplash.com/photos/two-zebras-are-standing-on-a-grassy-hill-wYEBXWMqEdc
214,P1 acquire now — operator or priced major route,/places/south-africa/township-tourism-done-right.html,south-africa,township tourism done right,family-community,yes,yes,yes,3913272,3.91,estimated,2,"priced route — East, South and continental",2,no,,no,True,REPLACE,"Add a width to the existing URL — the same ?auto=compress&cs=tinysrgb&w=1200 that 6,188 of the site's 7,496 provider references already carry. No licence, no new asset, no budget, and it does not prejudge whether the photograph is any good.",licence,C — a licence worth paying up for: this frame opens a page that carries a price.,"Opens /places/south-africa/township-tourism-done-right.html, the only photograph on it a phone is certain to fetch. Priced route — east, south and continental. The picture is wrong: relevance 3.0; the provider calls it ""a group of banners"". Costs a phone 3.9 MB today (estimated).","a resident guide leading a walking tour in Soweto, South Africa",16/9,,unsplash:7mb8JrsE0Do,https://images.unsplash.com/photo-1667909547154-85b04eb47a8d,Robin Kutesa,https://unsplash.com/photos/a-group-of-banners-7mb8JrsE0Do
215,P1 acquire now — operator or priced major route,/places/south-africa/the-winelands.html,south-africa,the winelands,luxury,yes,yes,yes,3782320,3.78,estimated,2,"priced route — East, South and continental",2,no,,no,True,REPLACE,"Add a width to the existing URL — the same ?auto=compress&cs=tinysrgb&w=1200 that 6,188 of the site's 7,496 provider references already carry. No licence, no new asset, no budget, and it does not prejudge whether the photograph is any good.",licence,C — a licence worth paying up for: this frame opens a page that carries a price.,"Opens /places/south-africa/the-winelands.html, the only photograph on it a phone is certain to fetch. Priced route — east, south and continental. The picture is wrong: the provider calls it ""a white house with a lawn in front of it"". Costs a phone 3.8 MB today (estimated).","a Cape Dutch wine estate among vineyards in Franschhoek, South Africa",16/9,,unsplash:ONDJD7_mvTY,https://images.unsplash.com/photo-1662309376204-8d6bef792ade,Tanya Paquet,https://unsplash.com/photos/a-white-house-with-a-lawn-in-front-of-it-ONDJD7_mvTY
216,P1 acquire now — operator or priced major route,/places/botswana/water-and-light.html,botswana,water and light,photography,yes,yes,yes,3706848,3.71,estimated,2,"priced route — East, South and continental",3,no,,no,True,REPLACE,"Add a width to the existing URL — the same ?auto=compress&cs=tinysrgb&w=1200 that 6,188 of the site's 7,496 provider references already carry. No licence, no new asset, no budget, and it does not prejudge whether the photograph is any good.",licence,C — a licence worth paying up for: this frame opens a page that carries a price.,"Opens /places/botswana/water-and-light.html, the only photograph on it a phone is certain to fetch. Priced route — east, south and continental. The picture is wrong: relevance 2.3. Costs a phone 3.7 MB today (estimated).","aerial view of flooded Okavango channels at golden hour, Botswana",16/9,,unsplash:uihrkX40Jx0,https://images.unsplash.com/photo-1756903723056-ae7e64b95ca4,Jade Plk,https://unsplash.com/photos/elephant-wading-through-shallow-water-with-grass-uihrkX40Jx0
217,P1 acquire now — operator or priced major route,/places/botswana/cattle-posts.html,botswana,cattle posts,local-life,yes,yes,yes,3352704,3.35,estimated,2,"priced route — East, South and continental",3,no,,no,True,REPLACE,"Add a width to the existing URL — the same ?auto=compress&cs=tinysrgb&w=1200 that 6,188 of the site's 7,496 provider references already carry. No licence, no new asset, no budget, and it does not prejudge whether the photograph is any good.",licence,C — a licence worth paying up for: this frame opens a page that carries a price.,"Opens /places/botswana/cattle-posts.html, the only photograph on it a phone is certain to fetch. Priced route — east, south and continental. The picture is wrong: the provider calls it ""a giraffe walking across a dry grass field"". Costs a phone 3.4 MB today (estimated).","a cattle post at the edge of the Kalahari, Botswana",16/9,,unsplash:Q_Kdahzgl-Y,https://images.unsplash.com/photo-1653684147709-83a1f8621cdd,Thomas Evans,https://unsplash.com/photos/a-giraffe-walking-across-a-dry-grass-field-Q_Kdahzgl-Y
218,P1 acquire now — operator or priced major route,/places/botswana/tent-deck-and-sand.html,botswana,tent deck and sand,architecture,yes,yes,yes,3278610,3.28,estimated,2,"priced route — East, South and continental",3,no,,no,True,REPLACE,"Add a width to the existing URL — the same ?auto=compress&cs=tinysrgb&w=1200 that 6,188 of the site's 7,496 provider references already carry. No licence, no new asset, no budget, and it does not prejudge whether the photograph is any good.",licence,C — a licence worth paying up for: this frame opens a page that carries a price.,"Opens /places/botswana/tent-deck-and-sand.html, the only photograph on it a phone is certain to fetch. Priced route — east, south and continental. The picture is wrong: relevance 2.2; the provider calls it ""a lone tree is reflected in the still water of a lak"". Costs a phone 3.3 MB today (estimated).","a tented camp on a deck above the Okavango floodplain, Botswana",16/9,,unsplash:42ie4S3TqkA,https://images.unsplash.com/photo-1652778287834-d626affb8eff,Andy Robson,https://unsplash.com/photos/a-lone-tree-is-reflected-in-the-still-water-of-a-lake-42ie4S3TqkA
219,P1 acquire now — operator or priced major route,/places/botswana/basketry.html,botswana,basketry,crafts,yes,yes,yes,3050610,3.05,estimated,2,"priced route — East, South and continental",2,no,,no,True,REPLACE,"Add a width to the existing URL — the same ?auto=compress&cs=tinysrgb&w=1200 that 6,188 of the site's 7,496 provider references already carry. No licence, no new asset, no budget, and it does not prejudge whether the photograph is any good.",licence,C — a licence worth paying up for: this frame opens a page that carries a price.,"Opens /places/botswana/basketry.html, the only photograph on it a phone is certain to fetch. Priced route — east, south and continental. The picture is wrong: the provider calls it ""a group of animals in a grassy field"". Costs a phone 3.1 MB today (estimated).","woven palm baskets from the Okavango panhandle, Botswana",16/9,,unsplash:6eqISXrL59E,https://images.unsplash.com/photo-1659559108505-828b8b819cc5,Colin Watts,https://unsplash.com/photos/a-group-of-animals-in-a-grassy-field-6eqISXrL59E
220,P1 acquire now — operator or priced major route,/places/tanzania/manyara-and-the-rufiji.html,tanzania,manyara and the rufiji,lakes-rivers,yes,yes,yes,2810880,2.81,estimated,2,"priced route — East, South and continental",3,no,,no,True,REPLACE,"Add a width to the existing URL — the same ?auto=compress&cs=tinysrgb&w=1200 that 6,188 of the site's 7,496 provider references already carry. No licence, no new asset, no budget, and it does not prejudge whether the photograph is any good.",licence,C — a licence worth paying up for: this frame opens a page that carries a price.,"Opens /places/tanzania/manyara-and-the-rufiji.html, the only photograph on it a phone is certain to fetch. Priced route — east, south and continental. The picture is wrong: the provider calls it ""three elephants are standing in a grassy field"". Costs a phone 2.8 MB today (estimated).","the Rufiji river braiding through Nyerere National Park, Tanzania",16/9,,unsplash:bGJK-uwOpbQ,https://images.unsplash.com/photo-1695304693615-1b93195c57ac,Aron Marinelli,https://unsplash.com/photos/three-elephants-are-standing-in-a-grassy-field-bGJK-uwOpbQ
221,P1 acquire now — operator or priced major route,/places/botswana/no-falls-and-the-zambezi-next-door.html,botswana,no falls and the zambezi next door,waterfalls,yes,yes,yes,2754662,2.75,estimated,2,"priced route — East, South and continental",3,no,,no,True,REPLACE,"Add a width to the existing URL — the same ?auto=compress&cs=tinysrgb&w=1200 that 6,188 of the site's 7,496 provider references already carry. No licence, no new asset, no budget, and it does not prejudge whether the photograph is any good.",licence,C — a licence worth paying up for: this frame opens a page that carries a price.,"Opens /places/botswana/no-falls-and-the-zambezi-next-door.html, the only photograph on it a phone is certain to fetch. Priced route — east, south and continental. The picture is wrong: the provider calls it ""zebra standing on brown grass field"". Costs a phone 2.8 MB today (estimated).","the Chobe river spreading wide at sunset, Botswana",16/9,,unsplash:z50HyMmJ6ao,https://images.unsplash.com/photo-1583049478856-7dc76fbb5e6a,Anika De Klerk,https://unsplash.com/photos/zebra-standing-on-brown-grass-field-z50HyMmJ6ao
222,P1 acquire now — operator or priced major route,/places/botswana/delta-pan-and-desert.html,botswana,delta pan and desert,nature,yes,yes,yes,2697173,2.70,estimated,2,"priced route — East, South and continental",4,no,,no,True,REPLACE,"Add a width to the existing URL — the same ?auto=compress&cs=tinysrgb&w=1200 that 6,188 of the site's 7,496 provider references already carry. No licence, no new asset, no budget, and it does not prejudge whether the photograph is any good.",licence,C — a licence worth paying up for: this frame opens a page that carries a price.,"Opens /places/botswana/delta-pan-and-desert.html, the only photograph on it a phone is certain to fetch. Priced route — east, south and continental. The picture is wrong: the provider calls it ""a herd of wildebeest stand near water in a savanna"". Costs a phone 2.7 MB today (estimated).","the Makgadikgadi salt pans stretching to the horizon, Botswana",16/9,,unsplash:QLTNvSEKRKs,https://images.unsplash.com/photo-1759216942476-c8e7f1d09b4f,Ed Wingate,https://unsplash.com/photos/a-herd-of-wildebeest-stand-near-water-in-a-savanna-QLTNvSEKRKs
223,P1 acquire now — operator or priced major route,/places/tanzania/the-ngorongoro-crater.html,tanzania,the ngorongoro crater,nature,yes,yes,yes,2208293,2.21,estimated,2,"priced route — East, South and continental",4,no,,no,True,REPLACE,"Add a width to the existing URL — the same ?auto=compress&cs=tinysrgb&w=1200 that 6,188 of the site's 7,496 provider references already carry. No licence, no new asset, no budget, and it does not prejudge whether the photograph is any good.",licence,C — a licence worth paying up for: this frame opens a page that carries a price.,"Opens /places/tanzania/the-ngorongoro-crater.html, the only photograph on it a phone is certain to fetch. Priced route — east, south and continental. The picture is wrong: the provider calls it ""brown rabbit on green grass field during daytime"". Costs a phone 2.2 MB today (estimated).","the floor of the Ngorongoro Crater seen from the rim, Tanzania",16/9,,unsplash:UTbshy4gwBs,https://images.unsplash.com/photo-1619022916752-63f61593556f,Dmitrii Zhodzishskii,https://unsplash.com/photos/brown-rabbit-on-green-grass-field-during-daytime-UTbshy4gwBs
224,P1 acquire now — operator or priced major route,/places/south-africa/the-wild-coast-and-karoo.html,south-africa,the wild coast and karoo,hidden-gems,yes,yes,yes,1990243,1.99,estimated,2,"priced route — East, South and continental",2,no,,no,True,REPLACE,"Add a width to the existing URL — the same ?auto=compress&cs=tinysrgb&w=1200 that 6,188 of the site's 7,496 provider references already carry. No licence, no new asset, no budget, and it does not prejudge whether the photograph is any good.",licence,C — a licence worth paying up for: this frame opens a page that carries a price.,"Opens /places/south-africa/the-wild-coast-and-karoo.html, the only photograph on it a phone is certain to fetch. Priced route — east, south and continental. The picture is wrong: the provider calls it ""view photography of seashore"". Costs a phone 2.0 MB today (estimated).","the Hole in the Wall rock arch on the Wild Coast, South Africa",16/9,,unsplash:wrL5RrDyUPw,https://images.unsplash.com/photo-1572702624247-ba99bd76043c,Joshua Gaunt,https://unsplash.com/photos/view-photography-of-seashore-wrL5RrDyUPw
225,P1 acquire now — operator or priced major route,/places/south-africa/lions-head-at-dawn.html,south-africa,lions head at dawn,outdoor,yes,yes,yes,1895339,1.90,estimated,2,"priced route — East, South and continental",2,no,,no,True,REPLACE,"Add a width to the existing URL — the same ?auto=compress&cs=tinysrgb&w=1200 that 6,188 of the site's 7,496 provider references already carry. No licence, no new asset, no budget, and it does not prejudge whether the photograph is any good.",licence,C — a licence worth paying up for: this frame opens a page that carries a price.,"Opens /places/south-africa/lions-head-at-dawn.html, the only photograph on it a phone is certain to fetch. Priced route — east, south and continental. The picture is wrong: the provider calls it ""rock formations with body of water"". Costs a phone 1.9 MB today (estimated).","walkers on the spiral path up Lion's Head above Cape Town, South Africa",16/9,,unsplash:d6QlQivhZWA,https://images.unsplash.com/photo-1519941459598-a1588781b56e,Finding Dan | Dan Grinwis,https://unsplash.com/photos/rock-formations-with-body-of-water-d6QlQivhZWA
226,P1 acquire now — operator or priced major route,/places/south-africa/two-weeks-four-countries-worth.html,south-africa,two weeks four countries worth,why-visit,yes,yes,yes,1339946,1.34,estimated,2,"priced route — East, South and continental",2,no,,yes,True,REPLACE,"Add a width to the existing URL — the same ?auto=compress&cs=tinysrgb&w=1200 that 6,188 of the site's 7,496 provider references already carry. No licence, no new asset, no budget, and it does not prejudge whether the photograph is any good.",licence,C — a licence worth paying up for: this frame opens a page that carries a price.,"Opens /places/south-africa/two-weeks-four-countries-worth.html, the only photograph on it a phone is certain to fetch. Priced route — east, south and continental. The picture is wrong: the provider calls it ""a rock formation in the middle of a field"". Costs a phone 1.3 MB today (estimated).","Cape Point where the two oceans meet at the tip of the peninsula, South Africa",16/9,,unsplash:VEn6PDbUhME,https://images.unsplash.com/photo-1671769940434-3a0b85595e4a,Riëtte Fourie,https://unsplash.com/photos/a-rock-formation-in-the-middle-of-a-field-VEn6PDbUhME
227,P1 acquire now — operator or priced major route,/places/botswana/low-volume-high-value.html,botswana,low volume high value,safari,yes,yes,yes,1228817,1.23,estimated,2,"priced route — East, South and continental",2,no,,no,True,REPLACE,"Add a width to the existing URL — the same ?auto=compress&cs=tinysrgb&w=1200 that 6,188 of the site's 7,496 provider references already carry. No licence, no new asset, no budget, and it does not prejudge whether the photograph is any good.",licence,C — a licence worth paying up for: this frame opens a page that carries a price.,"Opens /places/botswana/low-volume-high-value.html, the only photograph on it a phone is certain to fetch. Priced route — east, south and continental. The picture is wrong: the provider calls it ""black ram near tree"". Costs a phone 1.2 MB today (estimated).","a game vehicle alone on a track in the Okavango, Botswana",16/9,,unsplash:JaD-db16oAE,https://images.unsplash.com/photo-1503592687001-f8d008454cbf,Jennifer Latuperisa-Andresen,https://unsplash.com/photos/black-ram-near-tree-JaD-db16oAE
228,P2 acquire after P1 — priced West route,/places/gambia/river-light.html,gambia,river light,photography,yes,yes,yes,15805929,15.81,estimated,3,priced route — West,3,no,,no,True,REPLACE,"Add a width to the existing URL — the same ?auto=compress&cs=tinysrgb&w=1200 that 6,188 of the site's 7,496 provider references already carry. No licence, no new asset, no budget, and it does not prejudge whether the photograph is any good.",licence,C — a licence worth paying up for: this frame opens a page that carries a price.,"Opens /places/gambia/river-light.html, the only photograph on it a phone is certain to fetch. Priced route — west. The picture is wrong: relevance 2.4; the provider calls it ""coastal city on island in birds eye view"". Costs a phone 15.8 MB today (estimated).","Banjul, The Gambia's scenic coastline under a cloudy sky.",16/9,,pexels:16562852,https://images.pexels.com/photos/16562852/pexels-photo-16562852.jpeg,K,https://www.pexels.com/photo/coastal-city-on-island-in-birds-eye-view-16562852/
229,P2 acquire after P1 — priced West route,/places/guinea/the-upper-niger.html,guinea,the upper niger,lakes-rivers,yes,yes,yes,9210691,9.21,estimated,3,priced route — West,3,no,,no,True,REPLACE,"Add a width to the existing URL — the same ?auto=compress&cs=tinysrgb&w=1200 that 6,188 of the site's 7,496 provider references already carry. No licence, no new asset, no budget, and it does not prejudge whether the photograph is any good.",licence,C — a licence worth paying up for: this frame opens a page that carries a price.,"Opens /places/guinea/the-upper-niger.html, the only photograph on it a phone is certain to fetch. Priced route — west. The picture is wrong: relevance 3.2. Costs a phone 9.2 MB today (estimated).","Colorful sunset over the Mississippi River in Reads Landing, Minnesota., Guinea",16/9,,pexels:38696764,https://images.pexels.com/photos/38696764/pexels-photo-38696764.jpeg,Tom Fisk,https://www.pexels.com/photo/sunset-over-mississippi-river-at-reads-landing-38696764/
230,P2 acquire after P1 — priced West route,/places/guinea/colonial-and-fouta-vernacular.html,guinea,colonial and fouta vernacular,architecture,yes,yes,yes,8925106,8.93,estimated,3,priced route — West,3,no,,no,True,REPLACE,"Add a width to the existing URL — the same ?auto=compress&cs=tinysrgb&w=1200 that 6,188 of the site's 7,496 provider references already carry. No licence, no new asset, no budget, and it does not prejudge whether the photograph is any good.",licence,C — a licence worth paying up for: this frame opens a page that carries a price.,"Opens /places/guinea/colonial-and-fouta-vernacular.html, the only photograph on it a phone is certain to fetch. Priced route — west. The picture is wrong: relevance 3.0. Costs a phone 8.9 MB today (estimated).","A rustic thatched gazebo surrounded by lush greenery in a serene garden setting., Guinea",16/9,,pexels:29117223,https://images.pexels.com/photos/29117223/pexels-photo-29117223.jpeg,quang vinh,https://www.pexels.com/photo/rustic-thatched-gazebo-in-lush-garden-29117223/
231,P2 acquire after P1 — priced West route,/places/guinea/the-dame-de-mali.html,guinea,the dame de mali,hidden-gems,yes,yes,yes,8925106,8.93,estimated,3,priced route — West,2,no,,no,True,REPLACE,"Add a width to the existing URL — the same ?auto=compress&cs=tinysrgb&w=1200 that 6,188 of the site's 7,496 provider references already carry. No licence, no new asset, no budget, and it does not prejudge whether the photograph is any good.",licence,C — a licence worth paying up for: this frame opens a page that carries a price.,"Opens /places/guinea/the-dame-de-mali.html, the only photograph on it a phone is certain to fetch. Priced route — west. The picture is wrong: the provider calls it ""body of water under cloudy sky"". Costs a phone 8.9 MB today (estimated).","the Dame de Mali rock profile above the Fouta escarpment, Guinea",16/9,,pexels:14992419,https://images.pexels.com/photos/14992419/pexels-photo-14992419.jpeg,DeLuca G,https://www.pexels.com/photo/body-of-water-under-cloudy-sky-14992419/
232,P2 acquire after P1 — priced West route,/places/guinea-bissau/island-hopping-by-pirogue.html,guinea-bissau,island hopping by pirogue,adventure,yes,yes,yes,8925106,8.93,estimated,3,priced route — West,2,no,,yes,True,REPLACE,"Add a width to the existing URL — the same ?auto=compress&cs=tinysrgb&w=1200 that 6,188 of the site's 7,496 provider references already carry. No licence, no new asset, no budget, and it does not prejudge whether the photograph is any good.",licence,C — a licence worth paying up for: this frame opens a page that carries a price.,"Opens /places/guinea-bissau/island-hopping-by-pirogue.html, the only photograph on it a phone is certain to fetch. Priced route — west. The picture is wrong: relevance 3.0; the provider calls it ""aerial view of lychee farmer on bridge in bac giang"". Costs a phone 8.9 MB today (estimated).","a motorised pirogue crossing between Bijagos islands, Guinea-Bissau",16/9,,pexels:32799486,https://images.pexels.com/photos/32799486/pexels-photo-32799486.jpeg,Vietnam  Hidden Light,https://www.pexels.com/photo/aerial-view-of-lychee-farmer-on-bridge-in-bac-giang-32799486/
233,P2 acquire after P1 — priced West route,/places/gambia/none.html,gambia,none,waterfalls,yes,yes,yes,8252799,8.25,estimated,3,priced route — West,3,no,,no,True,REPLACE,"Add a width to the existing URL — the same ?auto=compress&cs=tinysrgb&w=1200 that 6,188 of the site's 7,496 provider references already carry. No licence, no new asset, no budget, and it does not prejudge whether the photograph is any good.",licence,C — a licence worth paying up for: this frame opens a page that carries a price.,"Opens /places/gambia/none.html, the only photograph on it a phone is certain to fetch. Priced route — west. The picture is wrong: relevance 3.0. Costs a phone 8.3 MB today (estimated).","still water and reflected trees on the upper Gambia river, The Gambia",16/9,,pexels:31604091,https://images.pexels.com/photos/31604091/pexels-photo-31604091.jpeg,Adedoyin ADEROMOLA,https://www.pexels.com/photo/serene-aerial-view-of-a-nigerian-river-scene-31604091/
234,P2 acquire after P1 — priced West route,/places/senegal/the-petite-c-te.html,senegal,the petite c te,beaches,yes,yes,yes,8191279,8.19,estimated,3,priced route — West,4,no,,no,True,REPLACE,"Add a width to the existing URL — the same ?auto=compress&cs=tinysrgb&w=1200 that 6,188 of the site's 7,496 provider references already carry. No licence, no new asset, no budget, and it does not prejudge whether the photograph is any good.",licence,C — a licence worth paying up for: this frame opens a page that carries a price.,"Opens /places/senegal/the-petite-c-te.html, the only photograph on it a phone is certain to fetch. Priced route — west. The picture is wrong: the provider calls it ""ocean crashing on rocks at the coast"". Costs a phone 8.2 MB today (estimated).","the long Atlantic beach at Cap Skirring, Senegal",16/9,,pexels:16563167,https://images.pexels.com/photos/16563167/pexels-photo-16563167.jpeg,K,https://www.pexels.com/photo/ocean-crashing-on-rocks-at-the-coast-16563167/
235,P2 acquire after P1 — priced West route,/places/cote-divoire/maquis-at-night.html,cote-divoire,maquis at night,local-life,yes,yes,yes,8191279,8.19,estimated,3,priced route — West,3,no,,no,True,REPLACE,"Add a width to the existing URL — the same ?auto=compress&cs=tinysrgb&w=1200 that 6,188 of the site's 7,496 provider references already carry. No licence, no new asset, no budget, and it does not prejudge whether the photograph is any good.",licence,C — a licence worth paying up for: this frame opens a page that carries a price.,"Opens /places/cote-divoire/maquis-at-night.html, the only photograph on it a phone is certain to fetch. Priced route — west. The picture is wrong: the provider calls it ""traffic jam on a street"". Costs a phone 8.2 MB today (estimated).","a busy open-air maquis at night in Abidjan, Côte d'Ivoire",16/9,,pexels:17234849,https://images.pexels.com/photos/17234849/pexels-photo-17234849.jpeg,K,https://www.pexels.com/photo/traffic-jam-on-a-street-17234849/
236,P2 acquire after P1 — priced West route,/places/ghana/nzulezo.html,ghana,nzulezo,hidden-gems,yes,yes,yes,8191279,8.19,estimated,3,priced route — West,2,no,,no,True,REPLACE,"Add a width to the existing URL — the same ?auto=compress&cs=tinysrgb&w=1200 that 6,188 of the site's 7,496 provider references already carry. No licence, no new asset, no budget, and it does not prejudge whether the photograph is any good.",licence,C — a licence worth paying up for: this frame opens a page that carries a price.,"Opens /places/ghana/nzulezo.html, the only photograph on it a phone is certain to fetch. Priced route — west. The picture is wrong: the provider calls it ""wooden shed on lake"". Costs a phone 8.2 MB today (estimated).","the stilt village of Nzulezo over the water, Ghana",16/9,,pexels:19142332,https://images.pexels.com/photos/19142332/pexels-photo-19142332.jpeg,K,https://www.pexels.com/photo/wooden-shed-on-lake-19142332/
237,P2 acquire after P1 — priced West route,/places/gambia/community-birding.html,gambia,community birding,eco-tourism,yes,yes,yes,7820204,7.82,estimated,3,priced route — West,2,no,,no,True,REPLACE,"Add a width to the existing URL — the same ?auto=compress&cs=tinysrgb&w=1200 that 6,188 of the site's 7,496 provider references already carry. No licence, no new asset, no budget, and it does not prejudge whether the photograph is any good.",licence,C — a licence worth paying up for: this frame opens a page that carries a price.,"Opens /places/gambia/community-birding.html, the only photograph on it a phone is certain to fetch. Priced route — west. The picture is wrong: relevance 2.7; the provider calls it ""meat hanging by butcher store in village"". Costs a phone 7.8 MB today (estimated).","a local guide pointing out a bird to visitors on a creek, The Gambia",16/9,,pexels:16563172,https://images.pexels.com/photos/16563172/pexels-photo-16563172.jpeg,K,https://www.pexels.com/photo/meat-hanging-by-butcher-store-in-village-16563172/
238,P2 acquire after P1 — priced West route,/places/senegal/teranga.html,senegal,teranga,culture,yes,yes,yes,7718465,7.72,estimated,3,priced route — West,4,no,,yes,True,REPLACE,"Add a width to the existing URL — the same ?auto=compress&cs=tinysrgb&w=1200 that 6,188 of the site's 7,496 provider references already carry. No licence, no new asset, no budget, and it does not prejudge whether the photograph is any good.",licence,C — a licence worth paying up for: this frame opens a page that carries a price.,"Opens /places/senegal/teranga.html, the only photograph on it a phone is certain to fetch. Priced route — west. The picture is wrong: the provider calls it ""faceless farmers in straw hats picking tea leaves on"". Costs a phone 7.7 MB today (estimated).",a family gathering for tea in a Senegalese courtyard,16/9,,pexels:4544171,https://images.pexels.com/photos/4544171/pexels-photo-4544171.jpeg,Quang Nguyen Vinh,https://www.pexels.com/photo/faceless-farmers-in-straw-hats-picking-tea-leaves-on-plantation-4544171/
239,P2 acquire after P1 — priced West route,/places/cote-divoire/ta-and-the-chimpanzees.html,cote-divoire,ta and the chimpanzees,eco-tourism,yes,yes,yes,7718465,7.72,estimated,3,priced route — West,2,no,,no,True,REPLACE,"Add a width to the existing URL — the same ?auto=compress&cs=tinysrgb&w=1200 that 6,188 of the site's 7,496 provider references already carry. No licence, no new asset, no budget, and it does not prejudge whether the photograph is any good.",licence,C — a licence worth paying up for: this frame opens a page that carries a price.,"Opens /places/cote-divoire/ta-and-the-chimpanzees.html, the only photograph on it a phone is certain to fetch. Priced route — west. The picture is wrong: the provider calls it ""people hiking through woods"". Costs a phone 7.7 MB today (estimated).","Group of hikers walking along a scenic forest trail, enjoying the vibrant nature around them., Côte d'Ivoire",16/9,,pexels:14020616,https://images.pexels.com/photos/14020616/pexels-photo-14020616.jpeg,Quang Nguyen Vinh,https://www.pexels.com/photo/people-hiking-through-woods-14020616/
240,P2 acquire after P1 — priced West route,/places/cote-divoire/baoul-senufo-and-dan.html,cote-divoire,baoul senufo and dan,traditional-people,yes,yes,yes,7403169,7.40,estimated,3,priced route — West,3,no,,no,True,REPLACE,"Add a width to the existing URL — the same ?auto=compress&cs=tinysrgb&w=1200 that 6,188 of the site's 7,496 provider references already carry. No licence, no new asset, no budget, and it does not prejudge whether the photograph is any good.",licence,C — a licence worth paying up for: this frame opens a page that carries a price.,"Opens /places/cote-divoire/baoul-senufo-and-dan.html, the only photograph on it a phone is certain to fetch. Priced route — west. The picture is wrong: relevance 3.8. Costs a phone 7.4 MB today (estimated).","Sophisticated studio portrait of a woman in a stylish yellow dress, showcasing elegance., Côte d'Ivoire",16/9,,pexels:13691405,https://images.pexels.com/photos/13691405/pexels-photo-13691405.jpeg,Ali  Drabo,https://www.pexels.com/photo/woman-posing-in-elegant-yellow-outfit-13691405/
241,P2 acquire after P1 — priced West route,/places/guinea/nimba-listed.html,guinea,nimba listed,heritage,yes,yes,yes,7286082,7.29,estimated,3,priced route — West,3,no,,no,True,REPLACE,"Add a width to the existing URL — the same ?auto=compress&cs=tinysrgb&w=1200 that 6,188 of the site's 7,496 provider references already carry. No licence, no new asset, no budget, and it does not prejudge whether the photograph is any good.",licence,C — a licence worth paying up for: this frame opens a page that carries a price.,"Opens /places/guinea/nimba-listed.html, the only photograph on it a phone is certain to fetch. Priced route — west. The picture is wrong: relevance 2.5; the provider calls it ""vast scenic landscape in mondol kiri cambodia"". Costs a phone 7.3 MB today (estimated).","montane grassland and cloud on the Nimba ridge, Guinea",16/9,,pexels:36838514,https://images.pexels.com/photos/36838514/pexels-photo-36838514.jpeg,Baptiste D.,https://www.pexels.com/photo/vast-scenic-landscape-in-mondol-kiri-cambodia-36838514/
242,P2 acquire after P1 — priced West route,/places/cote-divoire/como.html,cote-divoire,como,safari,yes,yes,yes,6706021,6.71,estimated,3,priced route — West,2,no,,no,True,REPLACE,"Add a width to the existing URL — the same ?auto=compress&cs=tinysrgb&w=1200 that 6,188 of the site's 7,496 provider references already carry. No licence, no new asset, no budget, and it does not prejudge whether the photograph is any good.",licence,C — a licence worth paying up for: this frame opens a page that carries a price.,"Opens /places/cote-divoire/como.html, the only photograph on it a phone is certain to fetch. Priced route — west. The picture is wrong: relevance 2.7; the provider calls it ""serene kenyan landscape at dusk"". Costs a phone 6.7 MB today (estimated).","open savanna and gallery forest at Comoé, Côte d'Ivoire",16/9,,pexels:38852767,https://images.pexels.com/photos/38852767/pexels-photo-38852767.jpeg,Vishva Patel,https://www.pexels.com/photo/serene-kenyan-landscape-at-dusk-38852767/
243,P2 acquire after P1 — priced West route,/places/ghana/kakum.html,ghana,kakum,forests,yes,yes,yes,6673499,6.67,estimated,3,priced route — West,4,no,,no,True,REPLACE,"Add a width to the existing URL — the same ?auto=compress&cs=tinysrgb&w=1200 that 6,188 of the site's 7,496 provider references already carry. No licence, no new asset, no budget, and it does not prejudge whether the photograph is any good.",licence,C — a licence worth paying up for: this frame opens a page that carries a price.,"Opens /places/ghana/kakum.html, the only photograph on it a phone is certain to fetch. Priced route — west. The picture is wrong: relevance 2.2. Costs a phone 6.7 MB today (estimated).","the canopy walkway suspended above Kakum rainforest, Ghana",16/9,,pexels:5118539,https://images.pexels.com/photos/5118539/pexels-photo-5118539.jpeg,Quang Nguyen Vinh,https://www.pexels.com/photo/unrecognizable-traveler-near-tall-tree-in-rainforest-5118539/
244,P2 acquire after P1 — priced West route,/places/ghana/accra-and-kumasi.html,ghana,accra and kumasi,cities,yes,yes,yes,6615874,6.62,estimated,3,priced route — West,2,no,,no,True,REPLACE,"Add a width to the existing URL — the same ?auto=compress&cs=tinysrgb&w=1200 that 6,188 of the site's 7,496 provider references already carry. No licence, no new asset, no budget, and it does not prejudge whether the photograph is any good.",licence,C — a licence worth paying up for: this frame opens a page that carries a price.,"Opens /places/ghana/accra-and-kumasi.html, the only photograph on it a phone is certain to fetch. Priced route — west. The picture is wrong: the provider calls it ""merchandise on display"". Costs a phone 6.6 MB today (estimated).","the vast Kejetia market spread out at Kumasi, Ghana",16/9,,pexels:16274226,https://images.pexels.com/photos/16274226/pexels-photo-16274226.jpeg,David Iloba,https://www.pexels.com/photo/merchandise-on-display-16274226/
245,P2 acquire after P1 — priced West route,/places/guinea/hiking-the-fouta.html,guinea,hiking the fouta,adventure,yes,yes,yes,6615874,6.62,estimated,3,priced route — West,2,no,,yes,True,REPLACE,"Add a width to the existing URL — the same ?auto=compress&cs=tinysrgb&w=1200 that 6,188 of the site's 7,496 provider references already carry. No licence, no new asset, no budget, and it does not prejudge whether the photograph is any good.",licence,C — a licence worth paying up for: this frame opens a page that carries a price.,"Opens /places/guinea/hiking-the-fouta.html, the only photograph on it a phone is certain to fetch. Priced route — west. The picture is wrong: relevance 2.7; the provider calls it ""scenic mountain valley with winding pathway"". Costs a phone 6.6 MB today (estimated).","walkers on a path between villages in the Fouta Djallon, Guinea",16/9,,pexels:34662621,https://images.pexels.com/photos/34662621/pexels-photo-34662621.jpeg,Ama Journey,https://www.pexels.com/photo/scenic-mountain-valley-with-winding-pathway-34662621/
246,P2 acquire after P1 — priced West route,/places/senegal/delta-and-dune.html,senegal,delta and dune,nature,yes,yes,yes,6602314,6.60,estimated,3,priced route — West,4,no,,no,True,REPLACE,"Add a width to the existing URL — the same ?auto=compress&cs=tinysrgb&w=1200 that 6,188 of the site's 7,496 provider references already carry. No licence, no new asset, no budget, and it does not prejudge whether the photograph is any good.",licence,C — a licence worth paying up for: this frame opens a page that carries a price.,"Opens /places/senegal/delta-and-dune.html, the only photograph on it a phone is certain to fetch. Priced route — west. The picture is wrong: relevance 3.0. Costs a phone 6.6 MB today (estimated).","Two women in traditional clothes fishing in a serene mangrove forest with bamboo traps., Senegal",16/9,,pexels:14021573,https://images.pexels.com/photos/14021573/pexels-photo-14021573.jpeg,Quang Nguyen Vinh,https://www.pexels.com/photo/standing-women-in-the-water-holding-traps-for-fishes-14021573/
247,P2 acquire after P1 — priced West route,/places/senegal/surf-sail-paddle.html,senegal,surf sail paddle,adventure,yes,yes,yes,6046513,6.05,estimated,3,priced route — West,2,no,,yes,True,REPLACE,"Add a width to the existing URL — the same ?auto=compress&cs=tinysrgb&w=1200 that 6,188 of the site's 7,496 provider references already carry. No licence, no new asset, no budget, and it does not prejudge whether the photograph is any good.",licence,C — a licence worth paying up for: this frame opens a page that carries a price.,"Opens /places/senegal/surf-sail-paddle.html, the only photograph on it a phone is certain to fetch. Priced route — west. The picture is wrong: the provider calls it ""women in blue and white dress and brown cone hats st"". Costs a phone 6.0 MB today (estimated).","surfers at Ngor island off Dakar, Senegal",16/9,,pexels:12014943,https://images.pexels.com/photos/12014943/pexels-photo-12014943.jpeg,William Adams,https://www.pexels.com/photo/women-in-blue-and-white-dress-and-brown-cone-hats-standing-on-the-shore-12014943/
248,P2 acquire after P1 — priced West route,/places/senegal/niokolo-koba.html,senegal,niokolo koba,safari,yes,yes,yes,5991671,5.99,estimated,3,priced route — West,2,no,,no,True,REPLACE,"Add a width to the existing URL — the same ?auto=compress&cs=tinysrgb&w=1200 that 6,188 of the site's 7,496 provider references already carry. No licence, no new asset, no budget, and it does not prejudge whether the photograph is any good.",licence,C — a licence worth paying up for: this frame opens a page that carries a price.,"Opens /places/senegal/niokolo-koba.html, the only photograph on it a phone is certain to fetch. Priced route — west. The picture is wrong: relevance 2.2. Costs a phone 6.0 MB today (estimated).","a game track through Niokolo-Koba woodland, Senegal",16/9,,pexels:16444276,https://images.pexels.com/photos/16444276/pexels-photo-16444276.jpeg,Keegan Checks,https://www.pexels.com/photo/a-road-on-safari-seen-from-a-safari-vehicle-16444276/
249,P2 acquire after P1 — priced West route,/places/cote-divoire/man-and-the-waterfalls.html,cote-divoire,man and the waterfalls,waterfalls,yes,yes,yes,5909875,5.91,estimated,3,priced route — West,3,no,,no,True,REPLACE,"Add a width to the existing URL — the same ?auto=compress&cs=tinysrgb&w=1200 that 6,188 of the site's 7,496 provider references already carry. No licence, no new asset, no budget, and it does not prejudge whether the photograph is any good.",licence,C — a licence worth paying up for: this frame opens a page that carries a price.,"Opens /places/cote-divoire/man-and-the-waterfalls.html, the only photograph on it a phone is certain to fetch. Priced route — west. The picture is wrong: the provider calls it ""monochrome portrait in catania streets"". Costs a phone 5.9 MB today (estimated).","a waterfall in the hills around Man, Côte d'Ivoire",16/9,,pexels:29575667,https://images.pexels.com/photos/29575667/pexels-photo-29575667.jpeg,Efrem  Efre,https://www.pexels.com/photo/monochrome-portrait-in-catania-streets-29575667/
250,P2 acquire after P1 — priced West route,/places/guinea-bissau/carnival-in-bissau.html,guinea-bissau,carnival in bissau,festivals,yes,yes,yes,5909875,5.91,estimated,3,priced route — West,3,no,,no,True,REPLACE,"Add a width to the existing URL — the same ?auto=compress&cs=tinysrgb&w=1200 that 6,188 of the site's 7,496 provider references already carry. No licence, no new asset, no budget, and it does not prejudge whether the photograph is any good.",licence,C — a licence worth paying up for: this frame opens a page that carries a price.,"Opens /places/guinea-bissau/carnival-in-bissau.html, the only photograph on it a phone is certain to fetch. Priced route — west. The picture is wrong: relevance 3.5. Costs a phone 5.9 MB today (estimated).","masked dancers at the Bissau carnival, Guinea-Bissau",16/9,,pexels:32656682,https://images.pexels.com/photos/32656682/pexels-photo-32656682.jpeg,Alex Fanaso,https://www.pexels.com/photo/traditional-sing-sing-dancers-in-papua-new-guinea-32656682/
251,P2 acquire after P1 — priced West route,/places/senegal/dakart-and-the-magal.html,senegal,dakart and the magal,festivals,yes,yes,yes,5909875,5.91,estimated,3,priced route — West,3,no,,no,True,REPLACE,"Add a width to the existing URL — the same ?auto=compress&cs=tinysrgb&w=1200 that 6,188 of the site's 7,496 provider references already carry. No licence, no new asset, no budget, and it does not prejudge whether the photograph is any good.",licence,C — a licence worth paying up for: this frame opens a page that carries a price.,"Opens /places/senegal/dakart-and-the-magal.html, the only photograph on it a phone is certain to fetch. Priced route — west. The picture is wrong: relevance 3.5. Costs a phone 5.9 MB today (estimated).",A lively night celebration in Senegal with a man holding a firework as people cheer around him.,16/9,,pexels:36598101,https://images.pexels.com/photos/36598101/pexels-photo-36598101.jpeg,Felipe Esono Nguema,https://www.pexels.com/photo/vibrant-senegalese-celebration-with-fireworks-display-36598101/
252,P2 acquire after P1 — priced West route,/places/ghana/lake-volta.html,ghana,lake volta,lakes-rivers,yes,yes,yes,5509324,5.51,estimated,3,priced route — West,3,no,,no,True,REPLACE,"Add a width to the existing URL — the same ?auto=compress&cs=tinysrgb&w=1200 that 6,188 of the site's 7,496 provider references already carry. No licence, no new asset, no budget, and it does not prejudge whether the photograph is any good.",licence,C — a licence worth paying up for: this frame opens a page that carries a price.,"Opens /places/ghana/lake-volta.html, the only photograph on it a phone is certain to fetch. Priced route — west. The picture is wrong: relevance 3.4. Costs a phone 5.5 MB today (estimated).","fishing boats on Lake Volta at first light, Ghana",16/9,,pexels:36386087,https://images.pexels.com/photos/36386087/pexels-photo-36386087.jpeg,Emmanuel  Oppong,https://www.pexels.com/photo/fisherman-working-in-volta-region-ghana-36386087/
253,P2 acquire after P1 — priced West route,/places/senegal/wolof-serer-and-diola.html,senegal,wolof serer and diola,traditional-people,yes,yes,yes,5509324,5.51,estimated,3,priced route — West,3,no,,no,True,REPLACE,"Add a width to the existing URL — the same ?auto=compress&cs=tinysrgb&w=1200 that 6,188 of the site's 7,496 provider references already carry. No licence, no new asset, no budget, and it does not prejudge whether the photograph is any good.",licence,C — a licence worth paying up for: this frame opens a page that carries a price.,"Opens /places/senegal/wolof-serer-and-diola.html, the only photograph on it a phone is certain to fetch. Priced route — west. The picture is wrong: relevance 3.7. Costs a phone 5.5 MB today (estimated).","Portrait of an elderly man in traditional clothing playing a musical instrument, showcasing cultural heritage., Senegal",16/9,,pexels:15944472,https://images.pexels.com/photos/15944472/pexels-photo-15944472.jpeg,Jonathan Shembere,https://www.pexels.com/photo/man-in-traditional-clothing-playing-an-instrument-15944472/
254,P2 acquire after P1 — priced West route,/places/cote-divoire/surf-and-hike.html,cote-divoire,surf and hike,outdoor,yes,yes,yes,5509324,5.51,estimated,3,priced route — West,2,no,,no,True,REPLACE,"Add a width to the existing URL — the same ?auto=compress&cs=tinysrgb&w=1200 that 6,188 of the site's 7,496 provider references already carry. No licence, no new asset, no budget, and it does not prejudge whether the photograph is any good.",licence,C — a licence worth paying up for: this frame opens a page that carries a price.,"Opens /places/cote-divoire/surf-and-hike.html, the only photograph on it a phone is certain to fetch. Priced route — west. The picture is wrong: the provider calls it ""smiling man holding package outdoors in urban settin"". Costs a phone 5.5 MB today (estimated).","a liana bridge strung across a river near Man, Côte d'Ivoire",16/9,,pexels:32370963,https://images.pexels.com/photos/32370963/pexels-photo-32370963.jpeg,Tifeclicks  ...,https://www.pexels.com/photo/smiling-man-holding-package-outdoors-in-urban-setting-32370963/
255,P2 acquire after P1 — priced West route,/places/cote-divoire/weaving-and-carving.html,cote-divoire,weaving and carving,crafts,yes,yes,yes,5509324,5.51,estimated,3,priced route — West,2,no,,no,True,REPLACE,"Add a width to the existing URL — the same ?auto=compress&cs=tinysrgb&w=1200 that 6,188 of the site's 7,496 provider references already carry. No licence, no new asset, no budget, and it does not prejudge whether the photograph is any good.",licence,C — a licence worth paying up for: this frame opens a page that carries a price.,"Opens /places/cote-divoire/weaving-and-carving.html, the only photograph on it a phone is certain to fetch. Priced route — west. The picture is wrong: the provider calls it ""women working in village"". Costs a phone 5.5 MB today (estimated).","Korhogo cloth painted with mud pigment, Côte d'Ivoire",16/9,,pexels:17072424,https://images.pexels.com/photos/17072424/pexels-photo-17072424.jpeg,Alfred Desiré Nebout,https://www.pexels.com/photo/women-working-in-village-17072424/
256,P2 acquire after P1 — priced West route,/places/gambia/kartong.html,gambia,kartong,hidden-gems,yes,yes,yes,5509324,5.51,estimated,3,priced route — West,2,no,,no,True,REPLACE,"Add a width to the existing URL — the same ?auto=compress&cs=tinysrgb&w=1200 that 6,188 of the site's 7,496 provider references already carry. No licence, no new asset, no budget, and it does not prejudge whether the photograph is any good.",licence,C — a licence worth paying up for: this frame opens a page that carries a price.,"Opens /places/gambia/kartong.html, the only photograph on it a phone is certain to fetch. Priced route — west. The picture is wrong: the provider calls it ""local fishermen preparing canoe in cabinda angola"". Costs a phone 5.5 MB today (estimated).","the quiet river mouth and empty beach at Kartong, The Gambia",16/9,,pexels:29266328,https://images.pexels.com/photos/29266328/pexels-photo-29266328.jpeg,Cardoso Lopes Lopes,https://www.pexels.com/photo/local-fishermen-preparing-canoe-in-cabinda-angola-29266328/
257,P2 acquire after P1 — priced West route,/places/senegal/community-campements.html,senegal,community campements,eco-tourism,yes,yes,yes,5509324,5.51,estimated,3,priced route — West,2,no,,no,True,REPLACE,"Add a width to the existing URL — the same ?auto=compress&cs=tinysrgb&w=1200 that 6,188 of the site's 7,496 provider references already carry. No licence, no new asset, no budget, and it does not prejudge whether the photograph is any good.",licence,C — a licence worth paying up for: this frame opens a page that carries a price.,"Opens /places/senegal/community-campements.html, the only photograph on it a phone is certain to fetch. Priced route — west. The picture is wrong: relevance 2.7. Costs a phone 5.5 MB today (estimated).","a village-run campement in Casamance, Senegal",16/9,,pexels:37904491,https://images.pexels.com/photos/37904491/pexels-photo-37904491.jpeg,Lom Doudou,https://www.pexels.com/photo/colorful-fishing-boats-by-coastal-village-waters-37904491/
258,P2 acquire after P1 — priced West route,/places/senegal/dakar.html,senegal,dakar,cities,yes,yes,yes,5509324,5.51,estimated,3,priced route — West,2,no,,no,True,REPLACE,"Add a width to the existing URL — the same ?auto=compress&cs=tinysrgb&w=1200 that 6,188 of the site's 7,496 provider references already carry. No licence, no new asset, no budget, and it does not prejudge whether the photograph is any good.",licence,C — a licence worth paying up for: this frame opens a page that carries a price.,"Opens /places/senegal/dakar.html, the only photograph on it a phone is certain to fetch. Priced route — west. The picture is wrong: the provider calls it ""businessmen talking to each other"". Costs a phone 5.5 MB today (estimated).","the Dakar coastline seen from the Corniche, Senegal",16/9,,pexels:12179672,https://images.pexels.com/photos/12179672/pexels-photo-12179672.jpeg,Libasse El Arbi Ndoye,https://www.pexels.com/photo/businessmen-talking-to-each-other-12179672/
259,P2 acquire after P1 — priced West route,/places/gambia/mandinka-fula-wolof-jola.html,gambia,mandinka fula wolof jola,culture,yes,yes,yes,5491712,5.49,estimated,3,priced route — West,4,no,,yes,True,REPLACE,"Add a width to the existing URL — the same ?auto=compress&cs=tinysrgb&w=1200 that 6,188 of the site's 7,496 provider references already carry. No licence, no new asset, no budget, and it does not prejudge whether the photograph is any good.",licence,C — a licence worth paying up for: this frame opens a page that carries a price.,"Opens /places/gambia/mandinka-fula-wolof-jola.html, the only photograph on it a phone is certain to fetch. Priced route — west. The picture is wrong: relevance 2.0; the provider calls it ""close up photo of man playing violin"". Costs a phone 5.5 MB today (estimated).","a kora player performing at a Gambian village gathering, The Gambia",16/9,,pexels:6192163,https://images.pexels.com/photos/6192163/pexels-photo-6192163.jpeg,RDNE Stock project,https://www.pexels.com/photo/close-up-photo-of-man-playing-violin-6192163/
260,P2 acquire after P1 — priced West route,/places/cote-divoire/man.html,cote-divoire,man,hidden-gems,yes,yes,yes,5287968,5.29,estimated,3,priced route — West,2,no,,no,True,REPLACE,"Add a width to the existing URL — the same ?auto=compress&cs=tinysrgb&w=1200 that 6,188 of the site's 7,496 provider references already carry. No licence, no new asset, no budget, and it does not prejudge whether the photograph is any good.",licence,C — a licence worth paying up for: this frame opens a page that carries a price.,"Opens /places/cote-divoire/man.html, the only photograph on it a phone is certain to fetch. Priced route — west. The picture is wrong: the provider calls it ""contemplative man relaxing on wooden canoe"". Costs a phone 5.3 MB today (estimated).","the hills and forest around the town of Man, Côte d'Ivoire",16/9,,pexels:33971956,https://images.pexels.com/photos/33971956/pexels-photo-33971956.jpeg,Stephen Tettey Atsu,https://www.pexels.com/photo/contemplative-man-relaxing-on-wooden-canoe-33971956/
261,P2 acquire after P1 — priced West route,/places/guinea/where-the-rivers-rise.html,guinea,where the rivers rise,nature,yes,yes,yes,5197012,5.20,estimated,3,priced route — West,4,no,,no,True,REPLACE,"Add a width to the existing URL — the same ?auto=compress&cs=tinysrgb&w=1200 that 6,188 of the site's 7,496 provider references already carry. No licence, no new asset, no budget, and it does not prejudge whether the photograph is any good.",licence,C — a licence worth paying up for: this frame opens a page that carries a price.,"Opens /places/guinea/where-the-rivers-rise.html, the only photograph on it a phone is certain to fetch. Priced route — west. The picture is wrong: relevance 2.5; the provider calls it ""aerial view of small town with vast landscape"". Costs a phone 5.2 MB today (estimated).","a clear stream running over rock at the source of the Niger, Guinea",16/9,,pexels:30684014,https://images.pexels.com/photos/30684014/pexels-photo-30684014.jpeg,Bobby Dimas,https://www.pexels.com/photo/aerial-view-of-small-town-with-vast-landscape-30684014/
262,P2 acquire after P1 — priced West route,/places/gambia/the-fish-landing-at-tanji.html,gambia,the fish landing at tanji,local-life,yes,yes,yes,5184678,5.18,estimated,3,priced route — West,3,no,,no,True,REPLACE,"Add a width to the existing URL — the same ?auto=compress&cs=tinysrgb&w=1200 that 6,188 of the site's 7,496 provider references already carry. No licence, no new asset, no budget, and it does not prejudge whether the photograph is any good.",licence,C — a licence worth paying up for: this frame opens a page that carries a price.,"Opens /places/gambia/the-fish-landing-at-tanji.html, the only photograph on it a phone is certain to fetch. Priced route — west. The picture is wrong: relevance 3.7. Costs a phone 5.2 MB today (estimated).","Colorful street market scene with a vendor selling lemons beside a motorcycle outdoors in daylight., The Gambia",16/9,,pexels:34635381,https://images.pexels.com/photos/34635381/pexels-photo-34635381.jpeg,BULE,https://www.pexels.com/photo/street-vendor-selling-lemons-near-motorbike-34635381/
263,P2 acquire after P1 — priced West route,/places/ghana/the-gentle-introduction.html,ghana,the gentle introduction,why-visit,yes,yes,yes,5068032,5.07,estimated,3,priced route — West,2,no,,yes,True,REPLACE,"Add a width to the existing URL — the same ?auto=compress&cs=tinysrgb&w=1200 that 6,188 of the site's 7,496 provider references already carry. No licence, no new asset, no budget, and it does not prejudge whether the photograph is any good.",licence,C — a licence worth paying up for: this frame opens a page that carries a price.,"Opens /places/ghana/the-gentle-introduction.html, the only photograph on it a phone is certain to fetch. Priced route — west. The picture is wrong: relevance 3.9. Costs a phone 5.1 MB today (estimated).","A woman running on a scenic dirt road surrounded by lush greenery on a summer day., Ghana",16/9,,pexels:17979530,https://images.pexels.com/photos/17979530/pexels-photo-17979530.jpeg,Pexels LATAM,https://www.pexels.com/photo/woman-running-on-a-field-17979530/
264,P2 acquire after P1 — priced West route,/places/ghana/ashanti.html,ghana,ashanti,culture,yes,yes,yes,4750387,4.75,estimated,3,priced route — West,4,no,,yes,True,REPLACE,"Add a width to the existing URL — the same ?auto=compress&cs=tinysrgb&w=1200 that 6,188 of the site's 7,496 provider references already carry. No licence, no new asset, no budget, and it does not prejudge whether the photograph is any good.",licence,C — a licence worth paying up for: this frame opens a page that carries a price.,"Opens /places/ghana/ashanti.html, the only photograph on it a phone is certain to fetch. Priced route — west. The picture is wrong: the provider calls it ""happy family on bench"". Costs a phone 4.8 MB today (estimated).","the Manhyia palace grounds at Kumasi, Ghana",16/9,,pexels:17682756,https://images.pexels.com/photos/17682756/pexels-photo-17682756.jpeg,Emmanuel Yaw Opoku,https://www.pexels.com/photo/happy-family-on-bench-17682756/
265,P2 acquire after P1 — priced West route,/places/ghana/the-akwapim-and-afadja.html,ghana,the akwapim and afadja,mountains,yes,yes,yes,4750387,4.75,estimated,3,priced route — West,4,no,,no,True,REPLACE,"Add a width to the existing URL — the same ?auto=compress&cs=tinysrgb&w=1200 that 6,188 of the site's 7,496 provider references already carry. No licence, no new asset, no budget, and it does not prejudge whether the photograph is any good.",licence,C — a licence worth paying up for: this frame opens a page that carries a price.,"Opens /places/ghana/the-akwapim-and-afadja.html, the only photograph on it a phone is certain to fetch. Priced route — west. The picture is wrong: the provider calls it ""hand sticking out of river with flower"". Costs a phone 4.8 MB today (estimated).","the green hills of the Volta region from Afadjato, Ghana",16/9,,pexels:18232582,https://images.pexels.com/photos/18232582/pexels-photo-18232582.jpeg,Ona Freeseed,https://www.pexels.com/photo/hand-sticking-out-of-river-with-flower-18232582/
266,P2 acquire after P1 — priced West route,/places/senegal/djoudj.html,senegal,djoudj,wildlife,yes,yes,yes,4750387,4.75,estimated,3,priced route — West,4,no,,yes,True,REPLACE,"Add a width to the existing URL — the same ?auto=compress&cs=tinysrgb&w=1200 that 6,188 of the site's 7,496 provider references already carry. No licence, no new asset, no budget, and it does not prejudge whether the photograph is any good.",licence,C — a licence worth paying up for: this frame opens a page that carries a price.,"Opens /places/senegal/djoudj.html, the only photograph on it a phone is certain to fetch. Priced route — west. The picture is wrong: relevance 2.5. Costs a phone 4.8 MB today (estimated).","pelicans massed on the water at Djoudj, Senegal",16/9,,pexels:6216083,https://images.pexels.com/photos/6216083/pexels-photo-6216083.jpeg,Andrei Prodan,https://www.pexels.com/photo/white-pelicans-swimming-on-the-lake-6216083/
267,P2 acquire after P1 — priced West route,/places/ghana/chop-bars-and-trotros.html,ghana,chop bars and trotros,local-life,yes,yes,yes,4750387,4.75,estimated,3,priced route — West,3,no,,no,True,REPLACE,"Add a width to the existing URL — the same ?auto=compress&cs=tinysrgb&w=1200 that 6,188 of the site's 7,496 provider references already carry. No licence, no new asset, no budget, and it does not prejudge whether the photograph is any good.",licence,C — a licence worth paying up for: this frame opens a page that carries a price.,"Opens /places/ghana/chop-bars-and-trotros.html, the only photograph on it a phone is certain to fetch. Priced route — west. The picture is wrong: the provider calls it ""moved by the gods"". Costs a phone 4.8 MB today (estimated).","a busy trotro station in Accra, Ghana",16/9,,pexels:27879059,https://images.pexels.com/photos/27879059/pexels-photo-27879059.jpeg,Albert Chime,https://www.pexels.com/photo/moved-by-the-gods-27879059/
268,P2 acquire after P1 — priced West route,/places/ghana/colour-everywhere.html,ghana,colour everywhere,photography,yes,yes,yes,4750387,4.75,estimated,3,priced route — West,3,no,,no,True,REPLACE,"Add a width to the existing URL — the same ?auto=compress&cs=tinysrgb&w=1200 that 6,188 of the site's 7,496 provider references already carry. No licence, no new asset, no budget, and it does not prejudge whether the photograph is any good.",licence,C — a licence worth paying up for: this frame opens a page that carries a price.,"Opens /places/ghana/colour-everywhere.html, the only photograph on it a phone is certain to fetch. Priced route — west. The picture is wrong: relevance 3.9. Costs a phone 4.8 MB today (estimated).",stacked bolts of printed cloth in a Ghanaian market,16/9,,pexels:28119589,https://images.pexels.com/photos/28119589/pexels-photo-28119589.jpeg,Nic Wood,https://www.pexels.com/photo/nuts-and-bolts-28119589/
269,P2 acquire after P1 — priced West route,/places/guinea/fulani-malinke-susu.html,guinea,fulani malinke susu,traditional-people,yes,yes,yes,4750387,4.75,estimated,3,priced route — West,3,no,,no,True,REPLACE,"Add a width to the existing URL — the same ?auto=compress&cs=tinysrgb&w=1200 that 6,188 of the site's 7,496 provider references already carry. No licence, no new asset, no budget, and it does not prejudge whether the photograph is any good.",licence,C — a licence worth paying up for: this frame opens a page that carries a price.,"Opens /places/guinea/fulani-malinke-susu.html, the only photograph on it a phone is certain to fetch. Priced route — west. The picture is wrong: the provider calls it ""portrait of an indigenous woman holding a bowl and a"". Costs a phone 4.8 MB today (estimated).","a Fulani herder with cattle on the Fouta Djallon plateau, Guinea",16/9,,pexels:19734012,https://images.pexels.com/photos/19734012/pexels-photo-19734012.jpeg,Ila Bappa Ibrahim,https://www.pexels.com/photo/portrait-of-an-indigenous-woman-holding-a-bowl-and-a-pole-19734012/
270,P2 acquire after P1 — priced West route,/places/guinea-bissau/none-to-speak-of.html,guinea-bissau,none to speak of,waterfalls,yes,yes,yes,4750387,4.75,estimated,3,priced route — West,3,no,,no,True,REPLACE,"Add a width to the existing URL — the same ?auto=compress&cs=tinysrgb&w=1200 that 6,188 of the site's 7,496 provider references already carry. No licence, no new asset, no budget, and it does not prejudge whether the photograph is any good.",licence,C — a licence worth paying up for: this frame opens a page that carries a price.,"Opens /places/guinea-bissau/none-to-speak-of.html, the only photograph on it a phone is certain to fetch. Priced route — west. The picture is wrong: relevance 2.7. Costs a phone 4.8 MB today (estimated).","a tidal creek running through mangrove at Cacheu, Guinea-Bissau",16/9,,pexels:36569191,https://images.pexels.com/photos/36569191/pexels-photo-36569191.jpeg,Vincent  Eshun,https://www.pexels.com/photo/dynamic-motion-of-a-man-running-on-water-in-takoradi-36569191/
271,P2 acquire after P1 — priced West route,/places/guinea-bissau/tide-and-palm.html,guinea-bissau,tide and palm,photography,yes,yes,yes,4750387,4.75,estimated,3,priced route — West,3,no,,no,True,REPLACE,"Add a width to the existing URL — the same ?auto=compress&cs=tinysrgb&w=1200 that 6,188 of the site's 7,496 provider references already carry. No licence, no new asset, no budget, and it does not prejudge whether the photograph is any good.",licence,C — a licence worth paying up for: this frame opens a page that carries a price.,"Opens /places/guinea-bissau/tide-and-palm.html, the only photograph on it a phone is certain to fetch. Priced route — west. The picture is wrong: relevance 3.9. Costs a phone 4.8 MB today (estimated).","exposed mangrove roots and channels at low tide, Guinea-Bissau",16/9,,pexels:30004135,https://images.pexels.com/photos/30004135/pexels-photo-30004135.jpeg,Ihsan Adityawarman,https://www.pexels.com/photo/tanjong-sepat-mangrove-landscape-with-tree-stumps-30004135/
272,P2 acquire after P1 — priced West route,/places/cote-divoire/abidjan.html,cote-divoire,abidjan,cities,yes,yes,yes,4750387,4.75,estimated,3,priced route — West,2,no,,no,True,REPLACE,"Add a width to the existing URL — the same ?auto=compress&cs=tinysrgb&w=1200 that 6,188 of the site's 7,496 provider references already carry. No licence, no new asset, no budget, and it does not prejudge whether the photograph is any good.",licence,C — a licence worth paying up for: this frame opens a page that carries a price.,"Opens /places/cote-divoire/abidjan.html, the only photograph on it a phone is certain to fetch. Priced route — west. The picture is wrong: relevance 2.9; the provider calls it ""bustling city street with shops and vehicles"". Costs a phone 4.8 MB today (estimated).","the towers of the Plateau district in Abidjan, Côte d'Ivoire",16/9,,pexels:37479623,https://images.pexels.com/photos/37479623/pexels-photo-37479623.jpeg,Xlenz  Creatives,https://www.pexels.com/photo/bustling-city-street-with-shops-and-vehicles-37479623/
273,P2 acquire after P1 — priced West route,/places/ghana/jollof-banku-and-grilled-tilapia.html,ghana,jollof banku and grilled tilapia,food,yes,yes,yes,4750387,4.75,estimated,3,priced route — West,2,no,,no,True,REPLACE,"Add a width to the existing URL — the same ?auto=compress&cs=tinysrgb&w=1200 that 6,188 of the site's 7,496 provider references already carry. No licence, no new asset, no budget, and it does not prejudge whether the photograph is any good.",licence,C — a licence worth paying up for: this frame opens a page that carries a price.,"Opens /places/ghana/jollof-banku-and-grilled-tilapia.html, the only photograph on it a phone is certain to fetch. Priced route — west. The picture is wrong: the provider calls it ""close up of a fish dish with sauces"". Costs a phone 4.8 MB today (estimated).","grilled tilapia and banku served at a roadside chop bar, Ghana",16/9,,pexels:20067063,https://images.pexels.com/photos/20067063/pexels-photo-20067063.jpeg,Official Akfotos,https://www.pexels.com/photo/close-up-of-a-fish-dish-with-sauces-20067063/
274,P2 acquire after P1 — priced West route,/places/ghana/lodges-on-the-water.html,ghana,lodges on the water,luxury,yes,yes,yes,4750387,4.75,estimated,3,priced route — West,2,no,,no,True,REPLACE,"Add a width to the existing URL — the same ?auto=compress&cs=tinysrgb&w=1200 that 6,188 of the site's 7,496 provider references already carry. No licence, no new asset, no budget, and it does not prejudge whether the photograph is any good.",licence,C — a licence worth paying up for: this frame opens a page that carries a price.,"Opens /places/ghana/lodges-on-the-water.html, the only photograph on it a phone is certain to fetch. Priced route — west. The picture is wrong: relevance 2.5. Costs a phone 4.8 MB today (estimated).","A wooden terrace with two chairs and a double bass overlooks a vast landscape under cloudy skies., Ghana",16/9,,pexels:17316581,https://images.pexels.com/photos/17316581/pexels-photo-17316581.jpeg,Serg Alesenko,https://www.pexels.com/photo/double-bass-and-chairs-on-terrace-over-plains-17316581/
275,P2 acquire after P1 — priced West route,/places/guinea/waterfalls-you-can-swim-in.html,guinea,waterfalls you can swim in,family-community,yes,yes,yes,4750387,4.75,estimated,3,priced route — West,2,no,,no,True,REPLACE,"Add a width to the existing URL — the same ?auto=compress&cs=tinysrgb&w=1200 that 6,188 of the site's 7,496 provider references already carry. No licence, no new asset, no budget, and it does not prejudge whether the photograph is any good.",licence,C — a licence worth paying up for: this frame opens a page that carries a price.,"Opens /places/guinea/waterfalls-you-can-swim-in.html, the only photograph on it a phone is certain to fetch. Priced route — west. The picture is wrong: relevance 2.7. Costs a phone 4.8 MB today (estimated).","children swimming in a pool below a Fouta Djallon waterfall, Guinea",16/9,,pexels:31680373,https://images.pexels.com/photos/31680373/pexels-photo-31680373.jpeg,Kazys Photography,https://www.pexels.com/photo/man-swimming-in-rocky-desert-oasis-pool-31680373/
276,P2 acquire after P1 — priced West route,/places/guinea/why-guinea.html,guinea,why guinea,why-visit,yes,yes,yes,4750387,4.75,estimated,3,priced route — West,2,no,,yes,True,REPLACE,"Add a width to the existing URL — the same ?auto=compress&cs=tinysrgb&w=1200 that 6,188 of the site's 7,496 provider references already carry. No licence, no new asset, no budget, and it does not prejudge whether the photograph is any good.",licence,C — a licence worth paying up for: this frame opens a page that carries a price.,"Opens /places/guinea/why-guinea.html, the only photograph on it a phone is certain to fetch. Priced route — west. The picture is wrong: relevance 3.4. Costs a phone 4.8 MB today (estimated).","a walker looking out over layered Fouta Djallon ridges, Guinea",16/9,,pexels:30316272,https://images.pexels.com/photos/30316272/pexels-photo-30316272.jpeg,Gabi Soutto Mayor,https://www.pexels.com/photo/close-up-of-a-guinea-pig-in-a-cage-with-food-bowl-30316272/
277,P2 acquire after P1 — priced West route,/places/senegal/surf-and-sail.html,senegal,surf and sail,outdoor,yes,yes,yes,4750387,4.75,estimated,3,priced route — West,2,no,,no,True,REPLACE,"Add a width to the existing URL — the same ?auto=compress&cs=tinysrgb&w=1200 that 6,188 of the site's 7,496 provider references already carry. No licence, no new asset, no budget, and it does not prejudge whether the photograph is any good.",licence,C — a licence worth paying up for: this frame opens a page that carries a price.,"Opens /places/senegal/surf-and-sail.html, the only photograph on it a phone is certain to fetch. Priced route — west. The picture is wrong: relevance 2.5. Costs a phone 4.8 MB today (estimated).","Kitesurfers skillfully riding waves under a clear blue sky with colorful kites., Senegal",16/9,,pexels:18696593,https://images.pexels.com/photos/18696593/pexels-photo-18696593.jpeg,Serg Alesenko,https://www.pexels.com/photo/kites-over-kitesurfers-on-sea-shore-18696593/
278,P2 acquire after P1 — priced West route,/places/senegal/thieboudienne.html,senegal,thieboudienne,food,yes,yes,yes,4688545,4.69,estimated,3,priced route — West,2,no,,no,True,REPLACE,"Add a width to the existing URL — the same ?auto=compress&cs=tinysrgb&w=1200 that 6,188 of the site's 7,496 provider references already carry. No licence, no new asset, no budget, and it does not prejudge whether the photograph is any good.",licence,C — a licence worth paying up for: this frame opens a page that carries a price.,"Opens /places/senegal/thieboudienne.html, the only photograph on it a phone is certain to fetch. Priced route — west. The picture is wrong: the provider calls it ""person eating fish soup"". Costs a phone 4.7 MB today (estimated).","thieboudienne served on a shared platter, Senegal",16/9,,pexels:19141534,https://images.pexels.com/photos/19141534/pexels-photo-19141534.jpeg,Thu Huynh,https://www.pexels.com/photo/person-eating-fish-soup-19141534/
279,P2 acquire after P1 — priced West route,/places/cote-divoire/lagoon-colonial.html,cote-divoire,lagoon colonial,architecture,yes,yes,yes,4632187,4.63,estimated,3,priced route — West,3,no,,no,True,REPLACE,"Add a width to the existing URL — the same ?auto=compress&cs=tinysrgb&w=1200 that 6,188 of the site's 7,496 provider references already carry. No licence, no new asset, no budget, and it does not prejudge whether the photograph is any good.",licence,C — a licence worth paying up for: this frame opens a page that carries a price.,"Opens /places/cote-divoire/lagoon-colonial.html, the only photograph on it a phone is certain to fetch. Priced route — west. The picture is wrong: the provider calls it ""portrait of a shirtless man"". Costs a phone 4.6 MB today (estimated).","a colonial trading house on the Grand-Bassam waterfront, Côte d'Ivoire",16/9,,pexels:13353092,https://images.pexels.com/photos/13353092/pexels-photo-13353092.jpeg,Adera Abdoulaye Dolo,https://www.pexels.com/photo/portrait-of-a-shirtless-man-13353092/
280,P2 acquire after P1 — priced West route,/places/guinea-bissau/bissau.html,guinea-bissau,bissau,cities,yes,yes,yes,4478048,4.48,estimated,3,priced route — West,2,no,,no,True,REPLACE,"Add a width to the existing URL — the same ?auto=compress&cs=tinysrgb&w=1200 that 6,188 of the site's 7,496 provider references already carry. No licence, no new asset, no budget, and it does not prejudge whether the photograph is any good.",licence,C — a licence worth paying up for: this frame opens a page that carries a price.,"Opens /places/guinea-bissau/bissau.html, the only photograph on it a phone is certain to fetch. Priced route — west. The picture is wrong: relevance 3.7. Costs a phone 4.5 MB today (estimated).","the faded Portuguese colonial buildings of Bissau Velho, Guinea-Bissau",16/9,,pexels:38783877,https://images.pexels.com/photos/38783877/pexels-photo-38783877.jpeg,Guillaume Kremer,https://www.pexels.com/photo/colorful-colonial-architecture-in-macao-38783877/
281,P2 acquire after P1 — priced West route,/places/ghana/coast-to-savanna.html,ghana,coast to savanna,nature,yes,yes,yes,4453698,4.45,estimated,3,priced route — West,4,no,,no,True,REPLACE,"Add a width to the existing URL — the same ?auto=compress&cs=tinysrgb&w=1200 that 6,188 of the site's 7,496 provider references already carry. No licence, no new asset, no budget, and it does not prejudge whether the photograph is any good.",licence,C — a licence worth paying up for: this frame opens a page that carries a price.,"Opens /places/ghana/coast-to-savanna.html, the only photograph on it a phone is certain to fetch. Priced route — west. The picture is wrong: relevance 2.5; the provider calls it ""green trees under white clouds"". Costs a phone 4.5 MB today (estimated).","rainforest canopy in Kakum national park, Ghana",16/9,,pexels:3975047,https://images.pexels.com/photos/3975047/pexels-photo-3975047.jpeg,Thibault Luycx,https://www.pexels.com/photo/green-trees-under-white-clouds-3975047/
282,P2 acquire after P1 — priced West route,/places/gambia/colonial-and-compound.html,gambia,colonial and compound,architecture,yes,yes,yes,4432628,4.43,estimated,3,priced route — West,3,no,,no,True,REPLACE,"Add a width to the existing URL — the same ?auto=compress&cs=tinysrgb&w=1200 that 6,188 of the site's 7,496 provider references already carry. No licence, no new asset, no budget, and it does not prejudge whether the photograph is any good.",licence,C — a licence worth paying up for: this frame opens a page that carries a price.,"Opens /places/gambia/colonial-and-compound.html, the only photograph on it a phone is certain to fetch. Priced route — west. The picture is wrong: relevance 2.9. Costs a phone 4.4 MB today (estimated).","a walled family compound with a swept yard and mango tree, The Gambia",16/9,,pexels:37672853,https://images.pexels.com/photos/37672853/pexels-photo-37672853.jpeg,LekePOV,https://www.pexels.com/photo/solitary-tree-in-sunlit-courtyard-scene-37672853/
283,P2 acquire after P1 — priced West route,/places/guinea/riz-gras-and-fouti.html,guinea,riz gras and fouti,food,yes,yes,yes,4421326,4.42,estimated,3,priced route — West,2,no,,no,True,REPLACE,"Add a width to the existing URL — the same ?auto=compress&cs=tinysrgb&w=1200 that 6,188 of the site's 7,496 provider references already carry. No licence, no new asset, no budget, and it does not prejudge whether the photograph is any good.",licence,C — a licence worth paying up for: this frame opens a page that carries a price.,"Opens /places/guinea/riz-gras-and-fouti.html, the only photograph on it a phone is certain to fetch. Priced route — west. The picture is wrong: relevance 2.2; the provider calls it ""group of people eating together"". Costs a phone 4.4 MB today (estimated).","Casual dinner party with friends sharing food and drinks around a wooden table., Guinea",16/9,,pexels:6950752,https://images.pexels.com/photos/6950752/pexels-photo-6950752.jpeg,Kampus Production,https://www.pexels.com/photo/group-of-people-eating-together-6950752/
284,P2 acquire after P1 — priced West route,/places/guinea-bissau/carving-and-cloth.html,guinea-bissau,carving and cloth,crafts,yes,yes,yes,4421326,4.42,estimated,3,priced route — West,2,no,,no,True,REPLACE,"Add a width to the existing URL — the same ?auto=compress&cs=tinysrgb&w=1200 that 6,188 of the site's 7,496 provider references already carry. No licence, no new asset, no budget, and it does not prejudge whether the photograph is any good.",licence,C — a licence worth paying up for: this frame opens a page that carries a price.,"Opens /places/guinea-bissau/carving-and-cloth.html, the only photograph on it a phone is certain to fetch. Priced route — west. The picture is wrong: relevance 2.7. Costs a phone 4.4 MB today (estimated).","Dramatic close-up of a sand tiger shark swimming gracefully underwater, showcasing its sharp teeth., Guinea-Bissau",16/9,,pexels:20091538,https://images.pexels.com/photos/20091538/pexels-photo-20091538.jpeg,David Ramsamy,https://www.pexels.com/photo/shark-in-close-up-20091538/
285,P2 acquire after P1 — priced West route,/places/gambia/batik-carving-and-baskets.html,gambia,batik carving and baskets,crafts,yes,yes,yes,4396393,4.40,estimated,3,priced route — West,2,no,,no,True,REPLACE,"Add a width to the existing URL — the same ?auto=compress&cs=tinysrgb&w=1200 that 6,188 of the site's 7,496 provider references already carry. No licence, no new asset, no budget, and it does not prejudge whether the photograph is any good.",licence,C — a licence worth paying up for: this frame opens a page that carries a price.,"Opens /places/gambia/batik-carving-and-baskets.html, the only photograph on it a phone is certain to fetch. Priced route — west. The picture is wrong: the provider calls it ""a person designing a shirt"". Costs a phone 4.4 MB today (estimated).","Close-up of an artisan handcrafting a traditional batik design on fabric, highlighting cultural craftsmanship., The Gambia",16/9,,pexels:8967206,https://images.pexels.com/photos/8967206/pexels-photo-8967206.jpeg,Rizky Rafael,https://www.pexels.com/photo/a-person-designing-a-shirt-8967206/
286,P2 acquire after P1 — priced West route,/places/cote-divoire/forest-to-savanna.html,cote-divoire,forest to savanna,nature,yes,yes,yes,4392000,4.39,estimated,3,priced route — West,4,no,,no,True,REPLACE,"Add a width to the existing URL — the same ?auto=compress&cs=tinysrgb&w=1200 that 6,188 of the site's 7,496 provider references already carry. No licence, no new asset, no budget, and it does not prejudge whether the photograph is any good.",licence,C — a licence worth paying up for: this frame opens a page that carries a price.,"Opens /places/cote-divoire/forest-to-savanna.html, the only photograph on it a phone is certain to fetch. Priced route — west. The picture is wrong: relevance 2.5; the provider calls it ""fashionable cowgirl adjusts fringe boots outdoors"". Costs a phone 4.4 MB today (estimated).","the Ébrié lagoon fringed with palms, Côte d'Ivoire",16/9,,pexels:38896885,https://images.pexels.com/photos/38896885/pexels-photo-38896885.jpeg,Mike C,https://www.pexels.com/photo/fashionable-cowgirl-adjusts-fringe-boots-outdoors-38896885/
287,P2 acquire after P1 — priced West route,/places/cote-divoire/mount-nimba.html,cote-divoire,mount nimba,mountains,yes,yes,yes,4392000,4.39,estimated,3,priced route — West,4,no,,no,True,REPLACE,"Add a width to the existing URL — the same ?auto=compress&cs=tinysrgb&w=1200 that 6,188 of the site's 7,496 provider references already carry. No licence, no new asset, no budget, and it does not prejudge whether the photograph is any good.",licence,C — a licence worth paying up for: this frame opens a page that carries a price.,"Opens /places/cote-divoire/mount-nimba.html, the only photograph on it a phone is certain to fetch. Priced route — west. The picture is wrong: relevance 3.5; the provider calls it ""brown rocky mountain under white clouds"". Costs a phone 4.4 MB today (estimated).","the grassy summit ridge of Mount Nimba, Côte d'Ivoire",16/9,,pexels:12339534,https://images.pexels.com/photos/12339534/pexels-photo-12339534.jpeg,Jakson Martins,https://www.pexels.com/photo/brown-rocky-mountain-under-white-clouds-12339534/
288,P2 acquire after P1 — priced West route,/places/cote-divoire/sixty-peoples.html,cote-divoire,sixty peoples,culture,yes,yes,yes,4392000,4.39,estimated,3,priced route — West,4,no,,yes,True,REPLACE,"Add a width to the existing URL — the same ?auto=compress&cs=tinysrgb&w=1200 that 6,188 of the site's 7,496 provider references already carry. No licence, no new asset, no budget, and it does not prejudge whether the photograph is any good.",licence,C — a licence worth paying up for: this frame opens a page that carries a price.,"Opens /places/cote-divoire/sixty-peoples.html, the only photograph on it a phone is certain to fetch. Priced route — west. The picture is wrong: the provider calls it ""basilica of our lady of peace in yamoussoukro in ivo"". Costs a phone 4.4 MB today (estimated).",a Baoulé mask dance in central Côte d'Ivoire,16/9,,pexels:19951405,https://images.pexels.com/photos/19951405/pexels-photo-19951405.jpeg,Cedric G,https://www.pexels.com/photo/basilica-of-our-lady-of-peace-in-yamoussoukro-in-ivory-coast-19951405/
289,P2 acquire after P1 — priced West route,/places/cote-divoire/ta-rainforest.html,cote-divoire,ta rainforest,forests,yes,yes,yes,4392000,4.39,estimated,3,priced route — West,4,no,,no,True,REPLACE,"Add a width to the existing URL — the same ?auto=compress&cs=tinysrgb&w=1200 that 6,188 of the site's 7,496 provider references already carry. No licence, no new asset, no budget, and it does not prejudge whether the photograph is any good.",licence,C — a licence worth paying up for: this frame opens a page that carries a price.,"Opens /places/cote-divoire/ta-rainforest.html, the only photograph on it a phone is certain to fetch. Priced route — west. The picture is wrong: the provider calls it ""green trees and a creek"". Costs a phone 4.4 MB today (estimated).","primary rainforest interior at Taï, Côte d'Ivoire",16/9,,pexels:1878709,https://images.pexels.com/photos/1878709/pexels-photo-1878709.jpeg,Matheus Natan,https://www.pexels.com/photo/green-trees-and-a-creek-1878709/
290,P2 acquire after P1 — priced West route,/places/gambia/flat.html,gambia,flat,mountains,yes,yes,yes,4392000,4.39,estimated,3,priced route — West,4,no,,no,True,REPLACE,"Add a width to the existing URL — the same ?auto=compress&cs=tinysrgb&w=1200 that 6,188 of the site's 7,496 provider references already carry. No licence, no new asset, no budget, and it does not prejudge whether the photograph is any good.",licence,C — a licence worth paying up for: this frame opens a page that carries a price.,"Opens /places/gambia/flat.html, the only photograph on it a phone is certain to fetch. Priced route — west. The picture is wrong: the provider calls it ""solitary tree in cordoba s open fields"". Costs a phone 4.4 MB today (estimated).","flat savanna and a lone baobab in the upper river region, The Gambia",16/9,,pexels:34317142,https://images.pexels.com/photos/34317142/pexels-photo-34317142.jpeg,Tomás Asurmendi,https://www.pexels.com/photo/solitary-tree-in-cordoba-s-open-fields-34317142/
291,P2 acquire after P1 — priced West route,/places/gambia/six-hundred-bird-species.html,gambia,six hundred bird species,wildlife,yes,yes,yes,4392000,4.39,estimated,3,priced route — West,4,no,,yes,True,REPLACE,"Add a width to the existing URL — the same ?auto=compress&cs=tinysrgb&w=1200 that 6,188 of the site's 7,496 provider references already carry. No licence, no new asset, no budget, and it does not prejudge whether the photograph is any good.",licence,C — a licence worth paying up for: this frame opens a page that carries a price.,"Opens /places/gambia/six-hundred-bird-species.html, the only photograph on it a phone is certain to fetch. Priced route — west. The picture is wrong: relevance 2.0; the provider calls it ""selective focus photo of deer"". Costs a phone 4.4 MB today (estimated).","an Abyssinian roller on a branch in Gambian savanna, The Gambia",16/9,,pexels:1344765,https://images.pexels.com/photos/1344765/pexels-photo-1344765.jpeg,Francesco Ungaro,https://www.pexels.com/photo/selective-focus-photo-of-deer-1344765/
292,P2 acquire after P1 — priced West route,/places/guinea/chimpanzees-at-bossou.html,guinea,chimpanzees at bossou,wildlife,yes,yes,yes,4392000,4.39,estimated,3,priced route — West,4,no,,yes,True,REPLACE,"Add a width to the existing URL — the same ?auto=compress&cs=tinysrgb&w=1200 that 6,188 of the site's 7,496 provider references already carry. No licence, no new asset, no budget, and it does not prejudge whether the photograph is any good.",licence,C — a licence worth paying up for: this frame opens a page that carries a price.,"Opens /places/guinea/chimpanzees-at-bossou.html, the only photograph on it a phone is certain to fetch. Priced route — west. The picture is wrong: the provider calls it ""monkey on a tree"". Costs a phone 4.4 MB today (estimated).","A chimpanzee peers through vibrant green foliage in a dense jungle setting. Perfect for wildlife themes., Guinea",16/9,,pexels:1238346,https://images.pexels.com/photos/1238346/pexels-photo-1238346.jpeg,Francesco Ungaro,https://www.pexels.com/photo/monkey-on-a-tree-1238346/
293,P2 acquire after P1 — priced West route,/places/guinea-bissau/mangrove-and-tide.html,guinea-bissau,mangrove and tide,nature,yes,yes,yes,4392000,4.39,estimated,3,priced route — West,4,no,,no,True,REPLACE,"Add a width to the existing URL — the same ?auto=compress&cs=tinysrgb&w=1200 that 6,188 of the site's 7,496 provider references already carry. No licence, no new asset, no budget, and it does not prejudge whether the photograph is any good.",licence,C — a licence worth paying up for: this frame opens a page that carries a price.,"Opens /places/guinea-bissau/mangrove-and-tide.html, the only photograph on it a phone is certain to fetch. Priced route — west. The picture is wrong: relevance 2.5. Costs a phone 4.4 MB today (estimated).","Explore the lush mangrove forests of Batticaloa Lagoon, Eastern Province, Sri Lanka., Guinea-Bissau",16/9,,pexels:37391954,https://images.pexels.com/photos/37391954/pexels-photo-37391954.jpeg,Thilina Alagiyawanna,https://www.pexels.com/photo/lush-mangrove-forest-in-batticaloa-sri-lanka-37391954/
294,P2 acquire after P1 — priced West route,/places/guinea-bissau/matrilineal-and-still-so.html,guinea-bissau,matrilineal and still so,culture,yes,yes,yes,4392000,4.39,estimated,3,priced route — West,4,no,,yes,True,REPLACE,"Add a width to the existing URL — the same ?auto=compress&cs=tinysrgb&w=1200 that 6,188 of the site's 7,496 provider references already carry. No licence, no new asset, no budget, and it does not prejudge whether the photograph is any good.",licence,C — a licence worth paying up for: this frame opens a page that carries a price.,"Opens /places/guinea-bissau/matrilineal-and-still-so.html, the only photograph on it a phone is certain to fetch. Priced route — west. The picture is wrong: relevance 2.0. Costs a phone 4.4 MB today (estimated).","Vibrant traditional Hausa architecture in Bauchi, Nigeria at sunset., Guinea-Bissau",16/9,,pexels:38192541,https://images.pexels.com/photos/38192541/pexels-photo-38192541.jpeg,Sani Maikatanga,https://www.pexels.com/photo/colorful-palace-facade-in-bauchi-nigeria-38192541/
295,P2 acquire after P1 — priced West route,/places/cote-divoire/lagoon-light.html,cote-divoire,lagoon light,photography,yes,yes,yes,4392000,4.39,estimated,3,priced route — West,3,no,,no,True,REPLACE,"Add a width to the existing URL — the same ?auto=compress&cs=tinysrgb&w=1200 that 6,188 of the site's 7,496 provider references already carry. No licence, no new asset, no budget, and it does not prejudge whether the photograph is any good.",licence,C — a licence worth paying up for: this frame opens a page that carries a price.,"Opens /places/cote-divoire/lagoon-light.html, the only photograph on it a phone is certain to fetch. Priced route — west. The picture is wrong: relevance 3.9. Costs a phone 4.4 MB today (estimated).","pirogues silhouetted on the lagoon at sunset, Côte d'Ivoire",16/9,,pexels:28385235,https://images.pexels.com/photos/28385235/pexels-photo-28385235.jpeg,B. Aristotlè Guweh Jr,https://www.pexels.com/photo/silhouetted-fishermen-on-a-canoe-at-sunset-28385235/
296,P2 acquire after P1 — priced West route,/places/cote-divoire/the-bri-and-the-bandama.html,cote-divoire,the bri and the bandama,lakes-rivers,yes,yes,yes,4392000,4.39,estimated,3,priced route — West,3,no,,no,True,REPLACE,"Add a width to the existing URL — the same ?auto=compress&cs=tinysrgb&w=1200 that 6,188 of the site's 7,496 provider references already carry. No licence, no new asset, no budget, and it does not prejudge whether the photograph is any good.",licence,C — a licence worth paying up for: this frame opens a page that carries a price.,"Opens /places/cote-divoire/the-bri-and-the-bandama.html, the only photograph on it a phone is certain to fetch. Priced route — west. The picture is wrong: relevance 3.9. Costs a phone 4.4 MB today (estimated).","pirogues on the Ébrié lagoon at dusk, Côte d'Ivoire",16/9,,pexels:37411693,https://images.pexels.com/photos/37411693/pexels-photo-37411693.jpeg,Thilina Alagiyawanna,https://www.pexels.com/photo/scenic-view-of-batticaloa-lagoon-with-lighthouse-37411693/
297,P2 acquire after P1 — priced West route,/places/ghana/the-year-of-return.html,ghana,the year of return,heritage,yes,yes,yes,4392000,4.39,estimated,3,priced route — West,3,no,,no,True,REPLACE,"Add a width to the existing URL — the same ?auto=compress&cs=tinysrgb&w=1200 that 6,188 of the site's 7,496 provider references already carry. No licence, no new asset, no budget, and it does not prejudge whether the photograph is any good.",licence,C — a licence worth paying up for: this frame opens a page that carries a price.,"Opens /places/ghana/the-year-of-return.html, the only photograph on it a phone is certain to fetch. Priced route — west. The picture is wrong: the provider calls it ""boy with wooden boats on sea shore"". Costs a phone 4.4 MB today (estimated).","a memorial gathering at Cape Coast castle, Ghana",16/9,,pexels:3522700,https://images.pexels.com/photos/3522700/pexels-photo-3522700.jpeg,Seyiram Kweku,https://www.pexels.com/photo/boy-with-wooden-boats-on-sea-shore-3522700/
298,P2 acquire after P1 — priced West route,/places/guinea/market-day-in-labe.html,guinea,market day in labe,local-life,yes,yes,yes,4392000,4.39,estimated,3,priced route — West,3,no,,no,True,REPLACE,"Add a width to the existing URL — the same ?auto=compress&cs=tinysrgb&w=1200 that 6,188 of the site's 7,496 provider references already carry. No licence, no new asset, no budget, and it does not prejudge whether the photograph is any good.",licence,C — a licence worth paying up for: this frame opens a page that carries a price.,"Opens /places/guinea/market-day-in-labe.html, the only photograph on it a phone is certain to fetch. Priced route — west. The picture is wrong: relevance 2.7; the provider calls it ""portrait of a man in traditional nigerian attire out"". Costs a phone 4.4 MB today (estimated).","the crowded weekly market at Labe in the Fouta Djallon, Guinea",16/9,,pexels:36742857,https://images.pexels.com/photos/36742857/pexels-photo-36742857.jpeg,that_photographer,https://www.pexels.com/photo/portrait-of-a-man-in-traditional-nigerian-attire-outdoors-36742857/
299,P2 acquire after P1 — priced West route,/places/guinea-bissau/sunday-at-the-beach.html,guinea-bissau,sunday at the beach,local-life,yes,yes,yes,4392000,4.39,estimated,3,priced route — West,3,no,,no,True,REPLACE,"Add a width to the existing URL — the same ?auto=compress&cs=tinysrgb&w=1200 that 6,188 of the site's 7,496 provider references already carry. No licence, no new asset, no budget, and it does not prejudge whether the photograph is any good.",licence,C — a licence worth paying up for: this frame opens a page that carries a price.,"Opens /places/guinea-bissau/sunday-at-the-beach.html, the only photograph on it a phone is certain to fetch. Priced route — west. The picture is wrong: relevance 2.2. Costs a phone 4.4 MB today (estimated).","Vibrant street scene in Nigeria depicting a traditional horse festival with colorful attire and festive atmosphere., Guinea-Bissau",16/9,,pexels:36742864,https://images.pexels.com/photos/36742864/pexels-photo-36742864.jpeg,that_photographer,https://www.pexels.com/photo/traditional-nigerian-horse-festival-with-colorful-attire-36742864/
300,P2 acquire after P1 — priced West route,/places/guinea-bissau/the-bijagos.html,guinea-bissau,the bijagos,traditional-people,yes,yes,yes,4392000,4.39,estimated,3,priced route — West,3,no,,no,True,REPLACE,"Add a width to the existing URL — the same ?auto=compress&cs=tinysrgb&w=1200 that 6,188 of the site's 7,496 provider references already carry. No licence, no new asset, no budget, and it does not prejudge whether the photograph is any good.",licence,C — a licence worth paying up for: this frame opens a page that carries a price.,"Opens /places/guinea-bissau/the-bijagos.html, the only photograph on it a phone is certain to fetch. Priced route — west. The picture is wrong: relevance 2.2. Costs a phone 4.4 MB today (estimated).","Vibrant aerial view of Kano, Nigeria showcasing traditional architecture and urban landscape., Guinea-Bissau",16/9,,pexels:31837751,https://images.pexels.com/photos/31837751/pexels-photo-31837751.jpeg,Abduljalil Attahir,https://www.pexels.com/photo/aerial-view-of-kano-s-traditional-architecture-31837751/
301,P2 acquire after P1 — priced West route,/places/senegal/saint-louis.html,senegal,saint louis,heritage,yes,yes,yes,4392000,4.39,estimated,3,priced route — West,3,no,,no,True,REPLACE,"Add a width to the existing URL — the same ?auto=compress&cs=tinysrgb&w=1200 that 6,188 of the site's 7,496 provider references already carry. No licence, no new asset, no budget, and it does not prejudge whether the photograph is any good.",licence,C — a licence worth paying up for: this frame opens a page that carries a price.,"Opens /places/senegal/saint-louis.html, the only photograph on it a phone is certain to fetch. Priced route — west. The picture is wrong: relevance 2.5; the provider calls it ""facade of sofitel legend casco viejo in panama city "". Costs a phone 4.4 MB today (estimated).","the colonial waterfront of Saint-Louis at dusk, Senegal",16/9,,pexels:18482508,https://images.pexels.com/photos/18482508/pexels-photo-18482508.jpeg,Luis Quintero,https://www.pexels.com/photo/facade-of-sofitel-legend-casco-viejo-in-panama-city-panama-18482508/
302,P2 acquire after P1 — priced West route,/places/cote-divoire/assinie-and-abidjan.html,cote-divoire,assinie and abidjan,luxury,yes,yes,yes,4392000,4.39,estimated,3,priced route — West,2,no,,no,True,REPLACE,"Add a width to the existing URL — the same ?auto=compress&cs=tinysrgb&w=1200 that 6,188 of the site's 7,496 provider references already carry. No licence, no new asset, no budget, and it does not prejudge whether the photograph is any good.",licence,C — a licence worth paying up for: this frame opens a page that carries a price.,"Opens /places/cote-divoire/assinie-and-abidjan.html, the only photograph on it a phone is certain to fetch. Priced route — west. The picture is wrong: relevance 2.5. Costs a phone 4.4 MB today (estimated).","African woman smiling in traditional attire sitting in a lush park in Abidjan., Côte d'Ivoire",16/9,,pexels:12458471,https://images.pexels.com/photos/12458471/pexels-photo-12458471.jpeg,Onesime Iba,https://www.pexels.com/photo/woman-in-yellow-and-white-stripe-dress-sitting-on-gray-concrete-floor-12458471/
303,P2 acquire after P1 — priced West route,/places/cote-divoire/grand-bassam.html,cote-divoire,grand bassam,historic-sites,yes,yes,yes,4392000,4.39,estimated,3,priced route — West,2,no,,no,True,REPLACE,"Add a width to the existing URL — the same ?auto=compress&cs=tinysrgb&w=1200 that 6,188 of the site's 7,496 provider references already carry. No licence, no new asset, no budget, and it does not prejudge whether the photograph is any good.",licence,C — a licence worth paying up for: this frame opens a page that carries a price.,"Opens /places/cote-divoire/grand-bassam.html, the only photograph on it a phone is certain to fetch. Priced route — west. The picture is wrong: relevance 2.2; the provider calls it ""ancient coastal fort ruins along scenic beach"". Costs a phone 4.4 MB today (estimated).","the colonial quarter of Grand-Bassam, Côte d'Ivoire",16/9,,pexels:34440613,https://images.pexels.com/photos/34440613/pexels-photo-34440613.jpeg,Ventara Films,https://www.pexels.com/photo/ancient-coastal-fort-ruins-along-scenic-beach-34440613/
304,P2 acquire after P1 — priced West route,/places/cote-divoire/surf-hike-paddle.html,cote-divoire,surf hike paddle,adventure,yes,yes,yes,4392000,4.39,estimated,3,priced route — West,2,no,,yes,True,REPLACE,"Add a width to the existing URL — the same ?auto=compress&cs=tinysrgb&w=1200 that 6,188 of the site's 7,496 provider references already carry. No licence, no new asset, no budget, and it does not prejudge whether the photograph is any good.",licence,C — a licence worth paying up for: this frame opens a page that carries a price.,"Opens /places/cote-divoire/surf-hike-paddle.html, the only photograph on it a phone is certain to fetch. Priced route — west. The picture is wrong: relevance 2.7. Costs a phone 4.4 MB today (estimated).","surfers in the water off Assinie, Côte d'Ivoire",16/9,,pexels:27584026,https://images.pexels.com/photos/27584026/pexels-photo-27584026.jpeg,Cedric G,https://www.pexels.com/photo/ile-aux-caiman-yamoussoukro-cote-d-ivoire-27584026/
305,P2 acquire after P1 — priced West route,/places/gambia/upriver-by-boat.html,gambia,upriver by boat,adventure,yes,yes,yes,4392000,4.39,estimated,3,priced route — West,2,no,,yes,True,REPLACE,"Add a width to the existing URL — the same ?auto=compress&cs=tinysrgb&w=1200 that 6,188 of the site's 7,496 provider references already carry. No licence, no new asset, no budget, and it does not prejudge whether the photograph is any good.",licence,C — a licence worth paying up for: this frame opens a page that carries a price.,"Opens /places/gambia/upriver-by-boat.html, the only photograph on it a phone is certain to fetch. Priced route — west. The picture is wrong: the provider calls it ""photo of men on a white rowboat"". Costs a phone 4.4 MB today (estimated).","a small river boat moving upstream past mangrove, The Gambia",16/9,,pexels:11044710,https://images.pexels.com/photos/11044710/pexels-photo-11044710.jpeg,Mustafa ezz,https://www.pexels.com/photo/photo-of-men-on-a-white-rowboat-11044710/
306,P2 acquire after P1 — priced West route,/places/ghana/community-forest.html,ghana,community forest,eco-tourism,yes,yes,yes,4392000,4.39,estimated,3,priced route — West,2,no,,no,True,REPLACE,"Add a width to the existing URL — the same ?auto=compress&cs=tinysrgb&w=1200 that 6,188 of the site's 7,496 provider references already carry. No licence, no new asset, no budget, and it does not prejudge whether the photograph is any good.",licence,C — a licence worth paying up for: this frame opens a page that carries a price.,"Opens /places/ghana/community-forest.html, the only photograph on it a phone is certain to fetch. Priced route — west. The picture is wrong: relevance 2.7. Costs a phone 4.4 MB today (estimated).","hippos in the Black Volta at the Wechiau sanctuary, Ghana",16/9,,pexels:24862208,https://images.pexels.com/photos/24862208/pexels-photo-24862208.jpeg,Molnár Tamás Photography™,https://www.pexels.com/photo/river-hippos-sleeping-in-the-zoo-enclosure-24862208/
307,P2 acquire after P1 — priced West route,/places/ghana/the-slave-forts.html,ghana,the slave forts,historic-sites,yes,yes,yes,4392000,4.39,estimated,3,priced route — West,2,no,,no,True,REPLACE,"Add a width to the existing URL — the same ?auto=compress&cs=tinysrgb&w=1200 that 6,188 of the site's 7,496 provider references already carry. No licence, no new asset, no budget, and it does not prejudge whether the photograph is any good.",licence,C — a licence worth paying up for: this frame opens a page that carries a price.,"Opens /places/ghana/the-slave-forts.html, the only photograph on it a phone is certain to fetch. Priced route — west. The picture is wrong: the provider calls it ""people on brown boat"". Costs a phone 4.4 MB today (estimated).","the door of no return at Elmina castle, Ghana",16/9,,pexels:3561109,https://images.pexels.com/photos/3561109/pexels-photo-3561109.jpeg,Seyiram Kweku,https://www.pexels.com/photo/people-on-brown-boat-3561109/
308,P2 acquire after P1 — priced West route,/places/ghana/walking-safari-at-mole.html,ghana,walking safari at mole,safari,yes,yes,yes,4392000,4.39,estimated,3,priced route — West,2,no,,no,True,REPLACE,"Add a width to the existing URL — the same ?auto=compress&cs=tinysrgb&w=1200 that 6,188 of the site's 7,496 provider references already carry. No licence, no new asset, no budget, and it does not prejudge whether the photograph is any good.",licence,C — a licence worth paying up for: this frame opens a page that carries a price.,"Opens /places/ghana/walking-safari-at-mole.html, the only photograph on it a phone is certain to fetch. Priced route — west. The picture is wrong: relevance 2.7. Costs a phone 4.4 MB today (estimated).","a ranger leading walkers through savanna at Mole, Ghana",16/9,,pexels:15382803,https://images.pexels.com/photos/15382803/pexels-photo-15382803.jpeg,Seun Adeniyi,https://www.pexels.com/photo/people-carrying-rifle-while-walking-on-the-dirt-road-15382803/
309,P2 acquire after P1 — priced West route,/places/guinea/nimbas-endemics.html,guinea,nimbas endemics,eco-tourism,yes,yes,yes,4392000,4.39,estimated,3,priced route — West,2,no,,no,True,REPLACE,"Add a width to the existing URL — the same ?auto=compress&cs=tinysrgb&w=1200 that 6,188 of the site's 7,496 provider references already carry. No licence, no new asset, no budget, and it does not prejudge whether the photograph is any good.",licence,C — a licence worth paying up for: this frame opens a page that carries a price.,"Opens /places/guinea/nimbas-endemics.html, the only photograph on it a phone is certain to fetch. Priced route — west. The picture is wrong: the provider calls it ""woman in white button up shirt holding a magnifying "". Costs a phone 4.4 MB today (estimated).","a botanist recording plants on the Nimba grassland, Guinea",16/9,,pexels:8512674,https://images.pexels.com/photos/8512674/pexels-photo-8512674.jpeg,Yaroslav Shuraev,https://www.pexels.com/photo/woman-in-white-button-up-shirt-holding-a-magnifying-glass-8512674/
310,P2 acquire after P1 — priced West route,/places/guinea/the-forest-not-the-plain.html,guinea,the forest not the plain,safari,yes,yes,yes,4392000,4.39,estimated,3,priced route — West,2,no,,no,True,REPLACE,"Add a width to the existing URL — the same ?auto=compress&cs=tinysrgb&w=1200 that 6,188 of the site's 7,496 provider references already carry. No licence, no new asset, no budget, and it does not prejudge whether the photograph is any good.",licence,C — a licence worth paying up for: this frame opens a page that carries a price.,"Opens /places/guinea/the-forest-not-the-plain.html, the only photograph on it a phone is certain to fetch. Priced route — west. The picture is wrong: relevance 2.7. Costs a phone 4.4 MB today (estimated).","dense forest canopy on the slopes of Mount Nimba, Guinea",16/9,,pexels:38262907,https://images.pexels.com/photos/38262907/pexels-photo-38262907.jpeg,Daneswara Eka,https://www.pexels.com/photo/stunning-view-of-mount-bromo-at-sunrise-east-java-38262907/
311,P2 acquire after P1 — priced West route,/places/guinea-bissau/community-conservation.html,guinea-bissau,community conservation,eco-tourism,yes,yes,yes,4392000,4.39,estimated,3,priced route — West,2,no,,no,True,REPLACE,"Add a width to the existing URL — the same ?auto=compress&cs=tinysrgb&w=1200 that 6,188 of the site's 7,496 provider references already carry. No licence, no new asset, no budget, and it does not prejudge whether the photograph is any good.",licence,C — a licence worth paying up for: this frame opens a page that carries a price.,"Opens /places/guinea-bissau/community-conservation.html, the only photograph on it a phone is certain to fetch. Priced route — west. The picture is wrong: relevance 2.7. Costs a phone 4.4 MB today (estimated).","villagers recording a turtle nest on a Bijagos beach, Guinea-Bissau",16/9,,pexels:7723173,https://images.pexels.com/photos/7723173/pexels-photo-7723173.jpeg,Mikhail Nilov,https://www.pexels.com/photo/a-turtle-in-the-water-7723173/
312,P2 acquire after P1 — priced West route,/places/guinea-bissau/two-or-three-lodges.html,guinea-bissau,two or three lodges,luxury,yes,yes,yes,4392000,4.39,estimated,3,priced route — West,2,no,,no,True,REPLACE,"Add a width to the existing URL — the same ?auto=compress&cs=tinysrgb&w=1200 that 6,188 of the site's 7,496 provider references already carry. No licence, no new asset, no budget, and it does not prejudge whether the photograph is any good.",licence,C — a licence worth paying up for: this frame opens a page that carries a price.,"Opens /places/guinea-bissau/two-or-three-lodges.html, the only photograph on it a phone is certain to fetch. Priced route — west. The picture is wrong: relevance 2.5. Costs a phone 4.4 MB today (estimated).","a small thatched eco-lodge among palms on a Bijagos island, Guinea-Bissau",16/9,,pexels:36467560,https://images.pexels.com/photos/36467560/pexels-photo-36467560.jpeg,Ana Kenk,https://www.pexels.com/photo/traditional-thatched-hut-in-rural-zambia-36467560/
313,P2 acquire after P1 — priced West route,/places/senegal/delta-lodges.html,senegal,delta lodges,luxury,yes,yes,yes,4392000,4.39,estimated,3,priced route — West,2,no,,no,True,REPLACE,"Add a width to the existing URL — the same ?auto=compress&cs=tinysrgb&w=1200 that 6,188 of the site's 7,496 provider references already carry. No licence, no new asset, no budget, and it does not prejudge whether the photograph is any good.",licence,C — a licence worth paying up for: this frame opens a page that carries a price.,"Opens /places/senegal/delta-lodges.html, the only photograph on it a phone is certain to fetch. Priced route — west. The picture is wrong: relevance 2.5; the provider calls it ""rocks on a beach"". Costs a phone 4.4 MB today (estimated).","a lodge deck over the water in the Saloum delta, Senegal",16/9,,pexels:26673387,https://images.pexels.com/photos/26673387/pexels-photo-26673387.jpeg,Ferdous  Hasan,https://www.pexels.com/photo/rocks-on-a-beach-26673387/
314,P2 acquire after P1 — priced West route,/places/guinea/masked-dance-in-the-forest-region.html,guinea,masked dance in the forest region,festivals,yes,yes,yes,4144950,4.14,estimated,3,priced route — West,3,no,,no,True,REPLACE,"Add a width to the existing URL — the same ?auto=compress&cs=tinysrgb&w=1200 that 6,188 of the site's 7,496 provider references already carry. No licence, no new asset, no budget, and it does not prejudge whether the photograph is any good.",licence,C — a licence worth paying up for: this frame opens a page that carries a price.,"Opens /places/guinea/masked-dance-in-the-forest-region.html, the only photograph on it a phone is certain to fetch. Priced route — west. The picture is wrong: the provider calls it ""people in black and white costume"". Costs a phone 4.1 MB today (estimated).",a stilt dancer performing at a village festival in Guinea,16/9,,unsplash:tDJyR7GaxYI,https://images.unsplash.com/photo-1600891407163-0613dd5f85c5,Bob Brewer,https://unsplash.com/photos/people-in-black-and-white-costume-tDJyR7GaxYI
315,P2 acquire after P1 — priced West route,/places/guinea/where-the-music-came-from.html,guinea,where the music came from,culture,yes,yes,yes,3653019,3.65,estimated,3,priced route — West,4,no,,yes,True,REPLACE,"Add a width to the existing URL — the same ?auto=compress&cs=tinysrgb&w=1200 that 6,188 of the site's 7,496 provider references already carry. No licence, no new asset, no budget, and it does not prejudge whether the photograph is any good.",licence,C — a licence worth paying up for: this frame opens a page that carries a price.,"Opens /places/guinea/where-the-music-came-from.html, the only photograph on it a phone is certain to fetch. Priced route — west. The picture is wrong: relevance 2.5; the provider calls it ""lightning during nighttime"". Costs a phone 3.7 MB today (estimated).","a djembe and balafon group performing in Conakry, Guinea",16/9,,unsplash:HdDw9foglbo,https://images.unsplash.com/photo-1511906093482-1fea1ec38adb,Tim Oun,https://unsplash.com/photos/lightning-during-nighttime-HdDw9foglbo
316,P2 acquire after P1 — priced West route,/places/guinea/modest.html,guinea,modest,luxury,yes,yes,yes,1936415,1.94,estimated,3,priced route — West,2,no,,no,True,REPLACE,"Add a width to the existing URL — the same ?auto=compress&cs=tinysrgb&w=1200 that 6,188 of the site's 7,496 provider references already carry. No licence, no new asset, no budget, and it does not prejudge whether the photograph is any good.",licence,C — a licence worth paying up for: this frame opens a page that carries a price.,"Opens /places/guinea/modest.html, the only photograph on it a phone is certain to fetch. Priced route — west. The picture is wrong: relevance 2.0. Costs a phone 1.9 MB today (estimated).","a colonial-era hill station guesthouse at Dalaba, Guinea",16/9,,unsplash:0I3c0ziQxKI,https://images.unsplash.com/photo-1653277276192-4b62301ec906,Jelilah Kum,https://unsplash.com/photos/a-view-of-the-ocean-from-the-top-of-a-hill-0I3c0ziQxKI
317,P3 defer — no price attached to this country,/places/togo/lake-togo-and-the-mono.html,togo,lake togo and the mono,lakes-rivers,yes,yes,yes,27480195,27.48,estimated,4,no price attached,3,no,,no,True,REPLACE,"Add a width to the existing URL — the same ?auto=compress&cs=tinysrgb&w=1200 that 6,188 of the site's 7,496 provider references already carry. No licence, no new asset, no budget, and it does not prejudge whether the photograph is any good.",licence,B — one stock or agency licence at the going rate.,"Opens /places/togo/lake-togo-and-the-mono.html, the only photograph on it a phone is certain to fetch. No price attached. The picture is wrong: the provider calls it ""scenic canoe by rocky lakeside shoreline"". Costs a phone 27.5 MB today (estimated).",pirogues on the shallow water of Lake Togo,16/9,,pexels:35602815,https://images.pexels.com/photos/35602815/pexels-photo-35602815.jpeg,David Kwewum,https://www.pexels.com/photo/scenic-canoe-by-rocky-lakeside-shoreline-35602815/
318,P3 defer — no price attached to this country,/places/somalia/laas-geel.html,somalia,laas geel,historic-sites,yes,yes,yes,19715358,19.72,estimated,4,no price attached,2,no,,no,True,REPLACE,"Add a width to the existing URL — the same ?auto=compress&cs=tinysrgb&w=1200 that 6,188 of the site's 7,496 provider references already carry. No licence, no new asset, no budget, and it does not prejudge whether the photograph is any good.",licence,B — one stock or agency licence at the going rate.,"Opens /places/somalia/laas-geel.html, the only photograph on it a phone is certain to fetch. No price attached. The picture is wrong: relevance 2.7. Costs a phone 19.7 MB today (estimated).","painted cattle and human figures on the rock shelters at Laas Geel, Somalia",16/9,,pexels:37982575,https://images.pexels.com/photos/37982575/pexels-photo-37982575.jpeg,Amjad ali,https://www.pexels.com/photo/exploring-ancient-rock-art-in-swat-valley-37982575/
319,P3 defer — no price attached to this country,/places/sierra-leone/freetown.html,sierra-leone,freetown,cities,yes,yes,yes,19229087,19.23,estimated,4,no price attached,2,no,,no,True,REPLACE,"Add a width to the existing URL — the same ?auto=compress&cs=tinysrgb&w=1200 that 6,188 of the site's 7,496 provider references already carry. No licence, no new asset, no budget, and it does not prejudge whether the photograph is any good.",licence,B — one stock or agency licence at the going rate.,"Opens /places/sierra-leone/freetown.html, the only photograph on it a phone is certain to fetch. No price attached. The picture is wrong: relevance 2.8. Costs a phone 19.2 MB today (estimated).","Plastic waste and debris on Freetown's beach in Sierra Leone, highlighting environmental pollution.",16/9,,pexels:17658839,https://images.pexels.com/photos/17658839/pexels-photo-17658839.jpeg,BabijaPhoto JB,https://www.pexels.com/photo/rubbish-on-beach-17658839/
320,P3 defer — no price attached to this country,/places/eswatini/why-eswatini.html,eswatini,why eswatini,why-visit,yes,yes,yes,15543042,15.54,estimated,4,no price attached,2,no,,yes,True,REPLACE,"Add a width to the existing URL — the same ?auto=compress&cs=tinysrgb&w=1200 that 6,188 of the site's 7,496 provider references already carry. No licence, no new asset, no budget, and it does not prejudge whether the photograph is any good.",licence,B — one stock or agency licence at the going rate.,"Opens /places/eswatini/why-eswatini.html, the only photograph on it a phone is certain to fetch. No price attached. The picture is wrong: relevance 3.8; the provider calls it ""aerial view of rural landscape in south africa"". Costs a phone 15.5 MB today (estimated).","a rhino at close range from a walking trail at Mkhaya, Eswatini",16/9,,pexels:33621927,https://images.pexels.com/photos/33621927/pexels-photo-33621927.jpeg,K,https://www.pexels.com/photo/aerial-view-of-rural-landscape-in-south-africa-33621927/
321,P3 defer — no price attached to this country,/places/eswatini/canopy-tours-and-whitewater.html,eswatini,canopy tours and whitewater,adventure,yes,yes,yes,14639462,14.64,estimated,4,no price attached,2,no,,yes,True,REPLACE,"Add a width to the existing URL — the same ?auto=compress&cs=tinysrgb&w=1200 that 6,188 of the site's 7,496 provider references already carry. No licence, no new asset, no budget, and it does not prejudge whether the photograph is any good.",licence,B — one stock or agency licence at the going rate.,"Opens /places/eswatini/canopy-tours-and-whitewater.html, the only photograph on it a phone is certain to fetch. No price attached. The picture is wrong: the provider calls it ""people on zipline platform"". Costs a phone 14.6 MB today (estimated).","Children zipping across a breathtaking river gorge, capturing the thrill of outdoor adventure., Eswatini",16/9,,pexels:15621422,https://images.pexels.com/photos/15621422/pexels-photo-15621422.jpeg,Quang Nguyen Vinh,https://www.pexels.com/photo/people-on-zipline-platform-15621422/
322,P3 defer — no price attached to this country,/places/cabo-verde/pottery-panu-and-grogue.html,cabo-verde,pottery panu and grogue,crafts,yes,yes,yes,13725000,13.72,estimated,4,no price attached,2,no,,no,True,REPLACE,"Add a width to the existing URL — the same ?auto=compress&cs=tinysrgb&w=1200 that 6,188 of the site's 7,496 provider references already carry. No licence, no new asset, no budget, and it does not prejudge whether the photograph is any good.",licence,B — one stock or agency licence at the going rate.,"Opens /places/cabo-verde/pottery-panu-and-grogue.html, the only photograph on it a phone is certain to fetch. No price attached. The picture is wrong: the provider calls it ""texture of a beautiful carpet"". Costs a phone 13.7 MB today (estimated).",a woven panu cloth on a narrow Cabo Verdean loom,16/9,,pexels:28389982,https://images.pexels.com/photos/28389982/pexels-photo-28389982.jpeg,Engin Akyurt,https://www.pexels.com/photo/texture-of-a-beautiful-carpet-28389982/
323,P3 defer — no price attached to this country,/places/niger/the-doum-palm-valleys.html,niger,the doum palm valleys,forests,yes,yes,yes,12807566,12.81,estimated,4,no price attached,4,no,,no,True,REPLACE,"Add a width to the existing URL — the same ?auto=compress&cs=tinysrgb&w=1200 that 6,188 of the site's 7,496 provider references already carry. No licence, no new asset, no budget, and it does not prejudge whether the photograph is any good.",licence,B — one stock or agency licence at the going rate.,"Opens /places/niger/the-doum-palm-valleys.html, the only photograph on it a phone is certain to fetch. No price attached. The picture is wrong: relevance 3.0. Costs a phone 12.8 MB today (estimated).","Vibrant tropical palm trees with dried leaves set against a clear blue sky., Niger",16/9,,pexels:11498742,https://images.pexels.com/photos/11498742/pexels-photo-11498742.jpeg,Engin Akyurt,https://www.pexels.com/photo/dry-palm-trees-under-blue-sky-11498742/
324,P3 defer — no price attached to this country,/places/madagascar/small-lodges.html,madagascar,small lodges,luxury,yes,yes,yes,12639420,12.64,estimated,4,no price attached,2,no,,no,True,REPLACE,"Add a width to the existing URL — the same ?auto=compress&cs=tinysrgb&w=1200 that 6,188 of the site's 7,496 provider references already carry. No licence, no new asset, no budget, and it does not prejudge whether the photograph is any good.",licence,B — one stock or agency licence at the going rate.,"Opens /places/madagascar/small-lodges.html, the only photograph on it a phone is certain to fetch. No price attached. The picture is wrong: relevance 3.0. Costs a phone 12.6 MB today (estimated).",a small lodge among trees at a Madagascar park gate,16/9,,pexels:9056704,https://images.pexels.com/photos/9056704/pexels-photo-9056704.jpeg,Matheus Bertelli,https://www.pexels.com/photo/an-aerial-photography-of-a-wooden-house-near-the-green-trees-9056704/
325,P3 defer — no price attached to this country,/places/equatorial-guinea/annobon.html,equatorial-guinea,annobon,hidden-gems,yes,yes,yes,11741312,11.74,estimated,4,no price attached,2,no,,no,True,REPLACE,"Add a width to the existing URL — the same ?auto=compress&cs=tinysrgb&w=1200 that 6,188 of the site's 7,496 provider references already carry. No licence, no new asset, no budget, and it does not prejudge whether the photograph is any good.",licence,B — one stock or agency licence at the going rate.,"Opens /places/equatorial-guinea/annobon.html, the only photograph on it a phone is certain to fetch. No price attached. The picture is wrong: relevance 2.9. Costs a phone 11.7 MB today (estimated).","the crater lake and volcanic slopes of Annobon island, Equatorial Guinea",16/9,,pexels:3030308,https://images.pexels.com/photos/3030308/pexels-photo-3030308.jpeg,K,https://www.pexels.com/photo/aerial-photo-of-island-surrounded-by-sea-3030308/
326,P3 defer — no price attached to this country,/places/morocco/the-draa-and-the-dades.html,morocco,the draa and the dades,nature,yes,yes,yes,11738375,11.74,estimated,4,no price attached,4,no,,no,True,REPLACE,"Add a width to the existing URL — the same ?auto=compress&cs=tinysrgb&w=1200 that 6,188 of the site's 7,496 provider references already carry. No licence, no new asset, no budget, and it does not prejudge whether the photograph is any good.",licence,B — one stock or agency licence at the going rate.,"Opens /places/morocco/the-draa-and-the-dades.html, the only photograph on it a phone is certain to fetch. No price attached. The picture is wrong: relevance 3.8. Costs a phone 11.7 MB today (estimated).","Discover the diverse rock formations and serene valley in Tinghir, Morocco.",16/9,,pexels:26561133,https://images.pexels.com/photos/26561133/pexels-photo-26561133.jpeg,outajour mourad,https://www.pexels.com/photo/rocky-mountains-and-a-green-valley-26561133/
327,P3 defer — no price attached to this country,/places/malawi/manchewe.html,malawi,manchewe,waterfalls,yes,yes,yes,11738375,11.74,estimated,4,no price attached,3,no,,no,True,REPLACE,"Add a width to the existing URL — the same ?auto=compress&cs=tinysrgb&w=1200 that 6,188 of the site's 7,496 provider references already carry. No licence, no new asset, no budget, and it does not prejudge whether the photograph is any good.",licence,B — one stock or agency licence at the going rate.,"Opens /places/malawi/manchewe.html, the only photograph on it a phone is certain to fetch. No price attached. The picture is wrong: relevance 2.5; the provider calls it ""rock formation with waterfall"". Costs a phone 11.7 MB today (estimated).","the Manchewe falls dropping off the escarpment near Livingstonia, Malawi",16/9,,pexels:18651412,https://images.pexels.com/photos/18651412/pexels-photo-18651412.jpeg,Betül Ayyıldız,https://www.pexels.com/photo/rock-formation-with-waterfall-18651412/
328,P3 defer — no price attached to this country,/places/gabon/lowland-gorillas-and-mandrills.html,gabon,lowland gorillas and mandrills,wildlife,yes,yes,yes,11019773,11.02,estimated,4,no price attached,4,no,,yes,True,REPLACE,"Add a width to the existing URL — the same ?auto=compress&cs=tinysrgb&w=1200 that 6,188 of the site's 7,496 provider references already carry. No licence, no new asset, no budget, and it does not prejudge whether the photograph is any good.",licence,B — one stock or agency licence at the going rate.,"Opens /places/gabon/lowland-gorillas-and-mandrills.html, the only photograph on it a phone is certain to fetch. No price attached. The picture is wrong: relevance 2.0. Costs a phone 11.0 MB today (estimated).","Close-up of a majestic antelope resting in the grasslands of Africa, showcasing wildlife beauty., Gabon",16/9,,pexels:29973777,https://images.pexels.com/photos/29973777/pexels-photo-29973777.jpeg,Caleb Falkenhagen,https://www.pexels.com/photo/majestic-antelope-resting-in-african-grasslands-29973777/
329,P3 defer — no price attached to this country,/places/niger/the-air-massif.html,niger,the air massif,nature,yes,yes,yes,11019773,11.02,estimated,4,no price attached,4,no,,no,True,REPLACE,"Add a width to the existing URL — the same ?auto=compress&cs=tinysrgb&w=1200 that 6,188 of the site's 7,496 provider references already carry. No licence, no new asset, no budget, and it does not prejudge whether the photograph is any good.",licence,B — one stock or agency licence at the going rate.,"Opens /places/niger/the-air-massif.html, the only photograph on it a phone is certain to fetch. No price attached. The picture is wrong: relevance 2.5. Costs a phone 11.0 MB today (estimated).","Majestic snow-covered mountain peaks create a serene winter landscape., Niger",16/9,,pexels:35523354,https://images.pexels.com/photos/35523354/pexels-photo-35523354.jpeg,SERHAT  TUĞ,https://www.pexels.com/photo/snow-covered-mountain-peaks-in-winter-landscape-35523354/
330,P3 defer — no price attached to this country,/places/south-sudan/no-coast-plenty-of-water.html,south-sudan,no coast plenty of water,beaches,yes,yes,yes,11019773,11.02,estimated,4,no price attached,4,no,,no,True,REPLACE,"Add a width to the existing URL — the same ?auto=compress&cs=tinysrgb&w=1200 that 6,188 of the site's 7,496 provider references already carry. No licence, no new asset, no budget, and it does not prejudge whether the photograph is any good.",licence,B — one stock or agency licence at the going rate.,"Opens /places/south-sudan/no-coast-plenty-of-water.html, the only photograph on it a phone is certain to fetch. No price attached. The picture is wrong: relevance 2.5. Costs a phone 11.0 MB today (estimated).","a sandbar and shallow water on the White Nile near Terekeka, South Sudan",16/9,,pexels:29795351,https://images.pexels.com/photos/29795351/pexels-photo-29795351.jpeg,Caleb Falkenhagen,https://www.pexels.com/photo/nile-crocodile-basking-on-riverbank-in-the-sunlight-29795351/
331,P3 defer — no price attached to this country,/places/central-african-republic/dzanga-sanghas-model.html,central-african-republic,dzanga sanghas model,eco-tourism,yes,yes,yes,11019773,11.02,estimated,4,no price attached,2,no,,no,True,REPLACE,"Add a width to the existing URL — the same ?auto=compress&cs=tinysrgb&w=1200 that 6,188 of the site's 7,496 provider references already carry. No licence, no new asset, no budget, and it does not prejudge whether the photograph is any good.",licence,B — one stock or agency licence at the going rate.,"Opens /places/central-african-republic/dzanga-sanghas-model.html, the only photograph on it a phone is certain to fetch. No price attached. The picture is wrong: query broadened to category. Costs a phone 11.0 MB today (estimated).",Eco Tourism in Central African Republic,16/9,,pexels:29795333,https://images.pexels.com/photos/29795333/pexels-photo-29795333.jpeg,Caleb Falkenhagen,https://www.pexels.com/photo/majestic-african-elephant-in-natural-habitat-29795333/
332,P3 defer — no price attached to this country,/places/chad/why-chad.html,chad,why chad,why-visit,yes,yes,yes,11019773,11.02,estimated,4,no price attached,2,no,,yes,True,REPLACE,"Add a width to the existing URL — the same ?auto=compress&cs=tinysrgb&w=1200 that 6,188 of the site's 7,496 provider references already carry. No licence, no new asset, no budget, and it does not prejudge whether the photograph is any good.",licence,B — one stock or agency licence at the going rate.,"Opens /places/chad/why-chad.html, the only photograph on it a phone is certain to fetch. No price attached. The picture is wrong: relevance 3.9; the provider calls it ""man exploring natural arch formation in desert"". Costs a phone 11.0 MB today (estimated).","a lone vehicle beneath the vast sandstone towers of the Ennedi, Chad",16/9,,pexels:38599730,https://images.pexels.com/photos/38599730/pexels-photo-38599730.jpeg,Moha Sheikh,https://www.pexels.com/photo/man-exploring-natural-arch-formation-in-desert-38599730/
333,P3 defer — no price attached to this country,/places/niger/crossing-the-tenere.html,niger,crossing the tenere,adventure,yes,yes,yes,11019773,11.02,estimated,4,no price attached,2,no,,yes,True,REPLACE,"Add a width to the existing URL — the same ?auto=compress&cs=tinysrgb&w=1200 that 6,188 of the site's 7,496 provider references already carry. No licence, no new asset, no budget, and it does not prejudge whether the photograph is any good.",licence,B — one stock or agency licence at the going rate.,"Opens /places/niger/crossing-the-tenere.html, the only photograph on it a phone is certain to fetch. No price attached. The picture is wrong: relevance 2.7. Costs a phone 11.0 MB today (estimated).","SUVs navigating vast orange sand dunes in a bright desert landscape., Niger",16/9,,pexels:10658174,https://images.pexels.com/photos/10658174/pexels-photo-10658174.jpeg,光曦 刘,https://www.pexels.com/photo/motor-vehicles-on-the-desert-10658174/
334,P3 defer — no price attached to this country,/places/sudan/gum-arabic-and-the-acacia-belt.html,sudan,gum arabic and the acacia belt,eco-tourism,yes,yes,yes,10979332,10.98,estimated,4,no price attached,2,no,,no,True,REPLACE,"Add a width to the existing URL — the same ?auto=compress&cs=tinysrgb&w=1200 that 6,188 of the site's 7,496 provider references already carry. No licence, no new asset, no budget, and it does not prejudge whether the photograph is any good.",licence,B — one stock or agency licence at the going rate.,"Opens /places/sudan/gum-arabic-and-the-acacia-belt.html, the only photograph on it a phone is certain to fetch. No price attached. The picture is wrong: the provider calls it ""close up shot of tree log"". Costs a phone 11.0 MB today (estimated).","a tapped acacia trunk with gum arabic crystals on the bark, Sudan",16/9,,pexels:11825299,https://images.pexels.com/photos/11825299/pexels-photo-11825299.jpeg,Engin Akyurt,https://www.pexels.com/photo/close-up-shot-of-tree-log-11825299/
335,P3 defer — no price attached to this country,/places/libya/waw-an-namus.html,libya,waw an namus,hidden-gems,yes,yes,yes,10812621,10.81,estimated,4,no price attached,2,no,,no,True,REPLACE,"Add a width to the existing URL — the same ?auto=compress&cs=tinysrgb&w=1200 that 6,188 of the site's 7,496 provider references already carry. No licence, no new asset, no budget, and it does not prejudge whether the photograph is any good.",licence,B — one stock or agency licence at the going rate.,"Opens /places/libya/waw-an-namus.html, the only photograph on it a phone is certain to fetch. No price attached. The picture is wrong: the provider calls it ""majestic cliffs of moher overlooking atlantic"". Costs a phone 10.8 MB today (estimated).","the black volcanic crater and green lakes of Waw an Namus, Libya",16/9,,pexels:34244272,https://images.pexels.com/photos/34244272/pexels-photo-34244272.jpeg,Adrien Olichon,https://www.pexels.com/photo/majestic-cliffs-of-moher-overlooking-atlantic-34244272/
336,P3 defer — no price attached to this country,/places/togo/small-and-recovering.html,togo,small and recovering,safari,yes,yes,yes,10811259,10.81,estimated,4,no price attached,2,no,,no,True,REPLACE,"Add a width to the existing URL — the same ?auto=compress&cs=tinysrgb&w=1200 that 6,188 of the site's 7,496 provider references already carry. No licence, no new asset, no budget, and it does not prejudge whether the photograph is any good.",licence,B — one stock or agency licence at the going rate.,"Opens /places/togo/small-and-recovering.html, the only photograph on it a phone is certain to fetch. No price attached. The picture is wrong: relevance 3.0. Costs a phone 10.8 MB today (estimated).",a waterhole and buffalo tracks in a Togolese reserve,16/9,,pexels:35311560,https://images.pexels.com/photos/35311560/pexels-photo-35311560.jpeg,Derek Keats,https://www.pexels.com/photo/cape-buffalo-with-red-billed-oxpeckers-in-africa-35311560/
337,P3 defer — no price attached to this country,/places/sao-tome-and-principe/auto-de-floripes.html,sao-tome-and-principe,auto de floripes,festivals,yes,yes,yes,10493428,10.49,estimated,4,no price attached,3,no,,no,True,REPLACE,"Add a width to the existing URL — the same ?auto=compress&cs=tinysrgb&w=1200 that 6,188 of the site's 7,496 provider references already carry. No licence, no new asset, no budget, and it does not prejudge whether the photograph is any good.",licence,B — one stock or agency licence at the going rate.,"Opens /places/sao-tome-and-principe/auto-de-floripes.html, the only photograph on it a phone is certain to fetch. No price attached. The picture is wrong: relevance 2.5; the provider calls it ""automobile driving on road against exotic trees on r"". Costs a phone 10.5 MB today (estimated).","costumed performers in the Auto de Floripes on Principe, Sao Tome and Principe",16/9,,pexels:6416320,https://images.pexels.com/photos/6416320/pexels-photo-6416320.jpeg,Quang Nguyen Vinh,https://www.pexels.com/photo/automobile-driving-on-road-against-exotic-trees-on-ridge-6416320/
338,P3 defer — no price attached to this country,/places/eritrea/the-afar-and-the-rashaida.html,eritrea,the afar and the rashaida,traditional-people,yes,yes,yes,10474603,10.47,estimated,4,no price attached,3,no,,no,True,REPLACE,"Add a width to the existing URL — the same ?auto=compress&cs=tinysrgb&w=1200 that 6,188 of the site's 7,496 provider references already carry. No licence, no new asset, no budget, and it does not prejudge whether the photograph is any good.",licence,B — one stock or agency licence at the going rate.,"Opens /places/eritrea/the-afar-and-the-rashaida.html, the only photograph on it a phone is certain to fetch. No price attached. The picture is wrong: the provider calls it ""scenic coastal view of egyptian mountain"". Costs a phone 10.5 MB today (estimated).","a Rashaida woman in an embroidered veil near the Red Sea coast, Eritrea",16/9,,pexels:30709732,https://images.pexels.com/photos/30709732/pexels-photo-30709732.jpeg,Mido Makasardi ©️,https://www.pexels.com/photo/scenic-coastal-view-of-egyptian-mountain-30709732/
339,P3 defer — no price attached to this country,/places/eritrea/meskel-and-eid.html,eritrea,meskel and eid,festivals,yes,yes,yes,10386215,10.39,estimated,4,no price attached,3,no,,no,True,REPLACE,"Add a width to the existing URL — the same ?auto=compress&cs=tinysrgb&w=1200 that 6,188 of the site's 7,496 provider references already carry. No licence, no new asset, no budget, and it does not prejudge whether the photograph is any good.",licence,B — one stock or agency licence at the going rate.,"Opens /places/eritrea/meskel-and-eid.html, the only photograph on it a phone is certain to fetch. No price attached. The picture is wrong: relevance 2.5; the provider calls it ""vibrant night candlelight ceremony gathering"". Costs a phone 10.4 MB today (estimated).",a Meskel bonfire and crowd in an Eritrean town square,16/9,,pexels:28645144,https://images.pexels.com/photos/28645144/pexels-photo-28645144.jpeg,Christian  Alemu,https://www.pexels.com/photo/vibrant-night-candlelight-ceremony-gathering-28645144/
340,P3 defer — no price attached to this country,/places/eritrea/asmara-and-massawa.html,eritrea,asmara and massawa,cities,yes,yes,yes,9882000,9.88,estimated,4,no price attached,2,no,,no,True,REPLACE,"Add a width to the existing URL — the same ?auto=compress&cs=tinysrgb&w=1200 that 6,188 of the site's 7,496 provider references already carry. No licence, no new asset, no budget, and it does not prejudge whether the photograph is any good.",licence,B — one stock or agency licence at the going rate.,"Opens /places/eritrea/asmara-and-massawa.html, the only photograph on it a phone is certain to fetch. No price attached. The picture is wrong: relevance 3.9. Costs a phone 9.9 MB today (estimated).","coral-block Ottoman buildings on the waterfront at Massawa, Eritrea",16/9,,pexels:28574904,https://images.pexels.com/photos/28574904/pexels-photo-28574904.jpeg,Helin Gezer,https://www.pexels.com/photo/elegant-ottoman-style-historic-living-room-interior-28574904/
341,P3 defer — no price attached to this country,/places/benin/the-royal-palaces-of-abomey.html,benin,the royal palaces of abomey,historic-sites,yes,yes,yes,9355170,9.36,estimated,4,no price attached,2,no,,no,True,REPLACE,"Add a width to the existing URL — the same ?auto=compress&cs=tinysrgb&w=1200 that 6,188 of the site's 7,496 provider references already carry. No licence, no new asset, no budget, and it does not prejudge whether the photograph is any good.",licence,B — one stock or agency licence at the going rate.,"Opens /places/benin/the-royal-palaces-of-abomey.html, the only photograph on it a phone is certain to fetch. No price attached. The picture is wrong: relevance 3.0. Costs a phone 9.4 MB today (estimated).","Close-up of a detailed architectural wall adorned with diverse carvings and patterns., Benin",16/9,,pexels:33924914,https://images.pexels.com/photos/33924914/pexels-photo-33924914.jpeg,Tahir Xəlfəquliyev,https://www.pexels.com/photo/intricate-architectural-wall-with-carvings-33924914/
342,P3 defer — no price attached to this country,/places/mozambique/ibo-island.html,mozambique,ibo island,hidden-gems,yes,yes,yes,9210691,9.21,estimated,4,no price attached,2,no,,no,True,REPLACE,"Add a width to the existing URL — the same ?auto=compress&cs=tinysrgb&w=1200 that 6,188 of the site's 7,496 provider references already carry. No licence, no new asset, no budget, and it does not prejudge whether the photograph is any good.",licence,B — one stock or agency licence at the going rate.,"Opens /places/mozambique/ibo-island.html, the only photograph on it a phone is certain to fetch. No price attached. The picture is wrong: relevance 2.5; the provider calls it ""aerial view of bagamoyo coastline tanzania"". Costs a phone 9.2 MB today (estimated).","a silversmith working inside the fort on Ibo island, Mozambique",16/9,,pexels:37732684,https://images.pexels.com/photos/37732684/pexels-photo-37732684.jpeg,I am DullyGrapher,https://www.pexels.com/photo/aerial-view-of-bagamoyo-coastline-tanzania-37732684/
343,P3 defer — no price attached to this country,/places/eswatini/rhino-at-mkhaya.html,eswatini,rhino at mkhaya,wildlife,yes,yes,yes,9208723,9.21,estimated,4,no price attached,4,no,,yes,True,REPLACE,"Add a width to the existing URL — the same ?auto=compress&cs=tinysrgb&w=1200 that 6,188 of the site's 7,496 provider references already carry. No licence, no new asset, no budget, and it does not prejudge whether the photograph is any good.",licence,B — one stock or agency licence at the going rate.,"Opens /places/eswatini/rhino-at-mkhaya.html, the only photograph on it a phone is certain to fetch. No price attached. The picture is wrong: the provider calls it ""rhinos in reserve in kenya"". Costs a phone 9.2 MB today (estimated).","a black rhino among thorn scrub at Mkhaya, Eswatini",16/9,,pexels:18000468,https://images.pexels.com/photos/18000468/pexels-photo-18000468.jpeg,Twilight Kenya,https://www.pexels.com/photo/rhinos-in-reserve-in-kenya-18000468/
344,P3 defer — no price attached to this country,/places/central-african-republic/dzanga-sangha.html,central-african-republic,dzanga sangha,forests,yes,yes,yes,8925106,8.93,estimated,4,no price attached,4,no,,no,True,REPLACE,"Add a width to the existing URL — the same ?auto=compress&cs=tinysrgb&w=1200 that 6,188 of the site's 7,496 provider references already carry. No licence, no new asset, no budget, and it does not prejudge whether the photograph is any good.",licence,B — one stock or agency licence at the going rate.,"Opens /places/central-african-republic/dzanga-sangha.html, the only photograph on it a phone is certain to fetch. No price attached. The picture is wrong: the provider calls it ""clouds over forest on plains"". Costs a phone 8.9 MB today (estimated).","buttressed rainforest giants in Dzanga-Sangha, Central African Republic",16/9,,pexels:17291028,https://images.pexels.com/photos/17291028/pexels-photo-17291028.jpeg,K,https://www.pexels.com/photo/clouds-over-forest-on-plains-17291028/
345,P3 defer — no price attached to this country,/places/angola/portuguese-colonial-and-modernist.html,angola,portuguese colonial and modernist,architecture,yes,yes,yes,8925106,8.93,estimated,4,no price attached,3,no,,no,True,REPLACE,"Add a width to the existing URL — the same ?auto=compress&cs=tinysrgb&w=1200 that 6,188 of the site's 7,496 provider references already carry. No licence, no new asset, no budget, and it does not prejudge whether the photograph is any good.",licence,B — one stock or agency licence at the going rate.,"Opens /places/angola/portuguese-colonial-and-modernist.html, the only photograph on it a phone is certain to fetch. No price attached. The picture is wrong: the provider calls it ""lush greenery and creek in azorean forest"". Costs a phone 8.9 MB today (estimated).","the yellow walls of the Fortaleza de Sao Miguel above Luanda, Angola",16/9,,pexels:37796587,https://images.pexels.com/photos/37796587/pexels-photo-37796587.jpeg,Guillaume Kremer,https://www.pexels.com/photo/lush-greenery-and-creek-in-azorean-forest-37796587/
346,P3 defer — no price attached to this country,/places/dr-congo/belgian-colonial-and-cite.html,dr-congo,belgian colonial and cite,architecture,yes,yes,yes,8925106,8.93,estimated,4,no price attached,3,no,,no,True,REPLACE,"Add a width to the existing URL — the same ?auto=compress&cs=tinysrgb&w=1200 that 6,188 of the site's 7,496 provider references already carry. No licence, no new asset, no budget, and it does not prejudge whether the photograph is any good.",licence,B — one stock or agency licence at the going rate.,"Opens /places/dr-congo/belgian-colonial-and-cite.html, the only photograph on it a phone is certain to fetch. No price attached. The picture is wrong: the provider calls it ""cars on roundabout in yaounde"". Costs a phone 8.9 MB today (estimated).","a 1930s art deco building in central Kinshasa, DR Congo",16/9,,pexels:17290975,https://images.pexels.com/photos/17290975/pexels-photo-17290975.jpeg,K,https://www.pexels.com/photo/cars-on-roundabout-in-yaounde-17290975/
347,P3 defer — no price attached to this country,/places/south-sudan/smoke-and-horns.html,south-sudan,smoke and horns,photography,yes,yes,yes,8925106,8.93,estimated,4,no price attached,3,no,,no,True,REPLACE,"Add a width to the existing URL — the same ?auto=compress&cs=tinysrgb&w=1200 that 6,188 of the site's 7,496 provider references already carry. No licence, no new asset, no budget, and it does not prejudge whether the photograph is any good.",licence,B — one stock or agency licence at the going rate.,"Opens /places/south-sudan/smoke-and-horns.html, the only photograph on it a phone is certain to fetch. No price attached. The picture is wrong: relevance 3.7. Costs a phone 8.9 MB today (estimated).","sunlight through dung smoke over cattle horns at a Mundari camp, South Sudan",16/9,,pexels:36280662,https://images.pexels.com/photos/36280662/pexels-photo-36280662.jpeg,Harun Makandi,https://www.pexels.com/photo/herd-of-cattle-and-goats-under-a-clear-sky-36280662/
348,P3 defer — no price attached to this country,/places/angola/luanda-and-little-else.html,angola,luanda and little else,luxury,yes,yes,yes,8925106,8.93,estimated,4,no price attached,2,no,,no,True,REPLACE,"Add a width to the existing URL — the same ?auto=compress&cs=tinysrgb&w=1200 that 6,188 of the site's 7,496 provider references already carry. No licence, no new asset, no budget, and it does not prejudge whether the photograph is any good.",licence,B — one stock or agency licence at the going rate.,"Opens /places/angola/luanda-and-little-else.html, the only photograph on it a phone is certain to fetch. No price attached. The picture is wrong: the provider calls it ""skyscrapers in modern city near water"". Costs a phone 8.9 MB today (estimated).","a hotel terrace looking over Luanda bay at sunset, Angola",16/9,,pexels:17291230,https://images.pexels.com/photos/17291230/pexels-photo-17291230.jpeg,K,https://www.pexels.com/photo/skyscrapers-in-modern-city-near-water-17291230/
349,P3 defer — no price attached to this country,/places/central-african-republic/bangui.html,central-african-republic,bangui,cities,yes,yes,yes,8925106,8.93,estimated,4,no price attached,2,no,,no,True,REPLACE,"Add a width to the existing URL — the same ?auto=compress&cs=tinysrgb&w=1200 that 6,188 of the site's 7,496 provider references already carry. No licence, no new asset, no budget, and it does not prejudge whether the photograph is any good.",licence,B — one stock or agency licence at the going rate.,"Opens /places/central-african-republic/bangui.html, the only photograph on it a phone is certain to fetch. No price attached. The picture is wrong: relevance 3.2; the provider calls it ""bazaar in town"". Costs a phone 8.9 MB today (estimated).","the Ubangi riverfront and market at Bangui, Central African Republic",16/9,,pexels:17290972,https://images.pexels.com/photos/17290972/pexels-photo-17290972.jpeg,K,https://www.pexels.com/photo/bazaar-in-town-17290972/
350,P3 defer — no price attached to this country,/places/congo/forest-and-river.html,congo,forest and river,adventure,yes,yes,yes,8925106,8.93,estimated,4,no price attached,2,no,,yes,True,REPLACE,"Add a width to the existing URL — the same ?auto=compress&cs=tinysrgb&w=1200 that 6,188 of the site's 7,496 provider references already carry. No licence, no new asset, no budget, and it does not prejudge whether the photograph is any good.",licence,B — one stock or agency licence at the going rate.,"Opens /places/congo/forest-and-river.html, the only photograph on it a phone is certain to fetch. No price attached. The picture is wrong: relevance 3.0. Costs a phone 8.9 MB today (estimated).","A fisherman paddles a wooden canoe on the calm waters of the Kaduna River in Nigeria., Congo",16/9,,pexels:32187360,https://images.pexels.com/photos/32187360/pexels-photo-32187360.jpeg,Abdulrahman Abubakar,https://www.pexels.com/photo/fisherman-canoeing-on-kaduna-river-nigeria-32187360/
351,P3 defer — no price attached to this country,/places/equatorial-guinea/malabo-and-bata.html,equatorial-guinea,malabo and bata,cities,yes,yes,yes,8925106,8.93,estimated,4,no price attached,2,no,,no,True,REPLACE,"Add a width to the existing URL — the same ?auto=compress&cs=tinysrgb&w=1200 that 6,188 of the site's 7,496 provider references already carry. No licence, no new asset, no budget, and it does not prejudge whether the photograph is any good.",licence,B — one stock or agency licence at the going rate.,"Opens /places/equatorial-guinea/malabo-and-bata.html, the only photograph on it a phone is certain to fetch. No price attached. The picture is wrong: relevance 2.7. Costs a phone 8.9 MB today (estimated).","The bustling traffic circle in Yaoundé, showcasing urban architecture and city life., Equatorial Guinea",16/9,,pexels:17290982,https://images.pexels.com/photos/17290982/pexels-photo-17290982.jpeg,K,https://www.pexels.com/photo/traffic-circle-in-capital-city-of-cameroon-17290982/
352,P3 defer — no price attached to this country,/places/equatorial-guinea/the-bubi.html,equatorial-guinea,the bubi,traditional-people,yes,yes,yes,8904457,8.90,estimated,4,no price attached,3,no,,no,True,REPLACE,"Add a width to the existing URL — the same ?auto=compress&cs=tinysrgb&w=1200 that 6,188 of the site's 7,496 provider references already carry. No licence, no new asset, no budget, and it does not prejudge whether the photograph is any good.",licence,B — one stock or agency licence at the going rate.,"Opens /places/equatorial-guinea/the-bubi.html, the only photograph on it a phone is certain to fetch. No price attached. The picture is wrong: relevance 3.0. Costs a phone 8.9 MB today (estimated).","Aerial landscape of a lush green valley with a small village surrounded by dense forests., Equatorial Guinea",16/9,,pexels:38197485,https://images.pexels.com/photos/38197485/pexels-photo-38197485.jpeg,Yunus Tuğ,https://www.pexels.com/photo/aerial-view-of-rural-village-in-verdant-valley-38197485/
353,P3 defer — no price attached to this country,/places/seychelles/the-plantations.html,seychelles,the plantations,historic-sites,yes,yes,yes,8854272,8.85,estimated,4,no price attached,2,no,,no,True,REPLACE,"Add a width to the existing URL — the same ?auto=compress&cs=tinysrgb&w=1200 that 6,188 of the site's 7,496 provider references already carry. No licence, no new asset, no budget, and it does not prejudge whether the photograph is any good.",licence,B — one stock or agency licence at the going rate.,"Opens /places/seychelles/the-plantations.html, the only photograph on it a phone is certain to fetch. No price attached. The picture is wrong: relevance 3.0. Costs a phone 8.9 MB today (estimated).","Aerial view showcasing a lush tropical coconut plantation with dense green foliage., Seychelles",16/9,,pexels:15717701,https://images.pexels.com/photos/15717701/pexels-photo-15717701.jpeg,Azinuddin Bin Abas,https://www.pexels.com/photo/coconut-trees-on-grassland-by-woods-15717701/
354,P3 defer — no price attached to this country,/places/ethiopia/timkat-and-meskel.html,ethiopia,timkat and meskel,festivals,yes,yes,yes,8803614,8.80,estimated,4,no price attached,3,no,,no,True,REPLACE,"Add a width to the existing URL — the same ?auto=compress&cs=tinysrgb&w=1200 that 6,188 of the site's 7,496 provider references already carry. No licence, no new asset, no budget, and it does not prejudge whether the photograph is any good.",licence,B — one stock or agency licence at the going rate.,"Opens /places/ethiopia/timkat-and-meskel.html, the only photograph on it a phone is certain to fetch. No price attached. The picture is wrong: the provider calls it ""ethiopian religious ceremony with ornate umbrellas"". Costs a phone 8.8 MB today (estimated).","the Timkat procession with white-robed crowds at Gondar, Ethiopia",16/9,,pexels:30308334,https://images.pexels.com/photos/30308334/pexels-photo-30308334.jpeg,Christian  Alemu,https://www.pexels.com/photo/ethiopian-religious-ceremony-with-ornate-umbrellas-30308334/
355,P3 defer — no price attached to this country,/places/mauritius/lagoon-colour.html,mauritius,lagoon colour,photography,yes,yes,yes,8784000,8.78,estimated,4,no price attached,3,no,,no,True,REPLACE,"Add a width to the existing URL — the same ?auto=compress&cs=tinysrgb&w=1200 that 6,188 of the site's 7,496 provider references already carry. No licence, no new asset, no budget, and it does not prejudge whether the photograph is any good.",licence,B — one stock or agency licence at the going rate.,"Opens /places/mauritius/lagoon-colour.html, the only photograph on it a phone is certain to fetch. No price attached. The picture is wrong: relevance 3.2. Costs a phone 8.8 MB today (estimated).","aerial view of a Mauritian lagoon and reef, Mauritius",16/9,,pexels:7425282,https://images.pexels.com/photos/7425282/pexels-photo-7425282.jpeg,Dominik Ruhl,https://www.pexels.com/photo/aerial-view-of-a-tropical-island-7425282/
356,P3 defer — no price attached to this country,/places/niger/the-niamey-grand-marche.html,niger,the niamey grand marche,local-life,yes,yes,yes,8784000,8.78,estimated,4,no price attached,3,no,,no,True,REPLACE,"Add a width to the existing URL — the same ?auto=compress&cs=tinysrgb&w=1200 that 6,188 of the site's 7,496 provider references already carry. No licence, no new asset, no budget, and it does not prejudge whether the photograph is any good.",licence,B — one stock or agency licence at the going rate.,"Opens /places/niger/the-niamey-grand-marche.html, the only photograph on it a phone is certain to fetch. No price attached. The picture is wrong: relevance 2.5. Costs a phone 8.8 MB today (estimated).","A bustling outdoor market with colorful tents and people in a rural setting., Niger",16/9,,pexels:37606675,https://images.pexels.com/photos/37606675/pexels-photo-37606675.jpeg,Ghufran Visuals,https://www.pexels.com/photo/aerial-view-of-vibrant-outdoor-market-in-rural-area-37606675/
357,P3 defer — no price attached to this country,/places/central-african-republic/chimpanzees-at-bai-hokou.html,central-african-republic,chimpanzees at bai hokou,hidden-gems,yes,yes,yes,8784000,8.78,estimated,4,no price attached,2,no,,no,True,REPLACE,"Add a width to the existing URL — the same ?auto=compress&cs=tinysrgb&w=1200 that 6,188 of the site's 7,496 provider references already carry. No licence, no new asset, no budget, and it does not prejudge whether the photograph is any good.",licence,B — one stock or agency licence at the going rate.,"Opens /places/central-african-republic/chimpanzees-at-bai-hokou.html, the only photograph on it a phone is certain to fetch. No price attached. The picture is wrong: relevance 3.0; the provider calls it ""brown rock formation surrounded by green trees"". Costs a phone 8.8 MB today (estimated).","a chimpanzee resting in a forest tree at Bai Hokou, Central African Republic",16/9,,pexels:6872641,https://images.pexels.com/photos/6872641/pexels-photo-6872641.jpeg,Quang Nguyen Vinh,https://www.pexels.com/photo/brown-rock-formation-surrounded-by-green-trees-6872641/
358,P3 defer — no price attached to this country,/places/mauritius/rodrigues.html,mauritius,rodrigues,hidden-gems,yes,yes,yes,8784000,8.78,estimated,4,no price attached,2,no,,no,True,REPLACE,"Add a width to the existing URL — the same ?auto=compress&cs=tinysrgb&w=1200 that 6,188 of the site's 7,496 provider references already carry. No licence, no new asset, no budget, and it does not prejudge whether the photograph is any good.",licence,B — one stock or agency licence at the going rate.,"Opens /places/mauritius/rodrigues.html, the only photograph on it a phone is certain to fetch. No price attached. The picture is wrong: the provider calls it ""an aerial photography of green trees on mountains un"". Costs a phone 8.8 MB today (estimated).","the hills and lagoon of Rodrigues island, Mauritius",16/9,,pexels:7415730,https://images.pexels.com/photos/7415730/pexels-photo-7415730.jpeg,Dominik Ruhl,https://www.pexels.com/photo/an-aerial-photography-of-green-trees-on-mountains-under-the-blue-sky-and-white-clouds-7415730/
359,P3 defer — no price attached to this country,/places/gabon/the-trans-gabonais.html,gabon,the trans gabonais,hidden-gems,yes,yes,yes,8770097,8.77,estimated,4,no price attached,2,no,,no,True,REPLACE,"Add a width to the existing URL — the same ?auto=compress&cs=tinysrgb&w=1200 that 6,188 of the site's 7,496 provider references already carry. No licence, no new asset, no budget, and it does not prejudge whether the photograph is any good.",licence,B — one stock or agency licence at the going rate.,"Opens /places/gabon/the-trans-gabonais.html, the only photograph on it a phone is certain to fetch. No price attached. The picture is wrong: relevance 3.0. Costs a phone 8.8 MB today (estimated).","A picturesque railway surrounded by lush green hills, conveying tranquility., Gabon",16/9,,pexels:37270093,https://images.pexels.com/photos/37270093/pexels-photo-37270093.jpeg,Wesley  Novais,https://www.pexels.com/photo/aerial-view-of-a-scenic-railway-crossing-37270093/
360,P3 defer — no price attached to this country,/places/sudan/the-red-sea-hills-and-jebel-marra.html,sudan,the red sea hills and jebel marra,mountains,yes,yes,yes,8755517,8.76,estimated,4,no price attached,4,no,,no,True,REPLACE,"Add a width to the existing URL — the same ?auto=compress&cs=tinysrgb&w=1200 that 6,188 of the site's 7,496 provider references already carry. No licence, no new asset, no budget, and it does not prejudge whether the photograph is any good.",licence,B — one stock or agency licence at the going rate.,"Opens /places/sudan/the-red-sea-hills-and-jebel-marra.html, the only photograph on it a phone is certain to fetch. No price attached. The picture is wrong: relevance 2.4. Costs a phone 8.8 MB today (estimated).","A breathtaking view of a mountain range under a vivid blue sky with scattered clouds., Sudan",16/9,,pexels:9335683,https://images.pexels.com/photos/9335683/pexels-photo-9335683.jpeg,Djamel Ramdani,https://www.pexels.com/photo/rocky-mountains-under-white-clouds-9335683/
361,P3 defer — no price attached to this country,/places/tunisia/tunis-and-sfax.html,tunisia,tunis and sfax,cities,yes,yes,yes,8550960,8.55,estimated,4,no price attached,2,no,,no,True,REPLACE,"Add a width to the existing URL — the same ?auto=compress&cs=tinysrgb&w=1200 that 6,188 of the site's 7,496 provider references already carry. No licence, no new asset, no budget, and it does not prejudge whether the photograph is any good.",licence,B — one stock or agency licence at the going rate.,"Opens /places/tunisia/tunis-and-sfax.html, the only photograph on it a phone is certain to fetch. No price attached. The picture is wrong: relevance 3.7; the provider calls it ""traditional tunisian architecture with green shutter"". Costs a phone 8.6 MB today (estimated).","the medina rooftops of Tunis at dusk, Tunisia",16/9,,pexels:38002205,https://images.pexels.com/photos/38002205/pexels-photo-38002205.jpeg,Chermiti Mohamed,https://www.pexels.com/photo/traditional-tunisian-architecture-with-green-shutters-38002205/
362,P3 defer — no price attached to this country,/places/mozambique/portuguese-and-swahili.html,mozambique,portuguese and swahili,culture,yes,yes,yes,8522584,8.52,estimated,4,no price attached,4,no,,yes,True,REPLACE,"Add a width to the existing URL — the same ?auto=compress&cs=tinysrgb&w=1200 that 6,188 of the site's 7,496 provider references already carry. No licence, no new asset, no budget, and it does not prejudge whether the photograph is any good.",licence,B — one stock or agency licence at the going rate.,"Opens /places/mozambique/portuguese-and-swahili.html, the only photograph on it a phone is certain to fetch. No price attached. The picture is wrong: relevance 2.6. Costs a phone 8.5 MB today (estimated).","Beautiful coral reef underwater, vibrant marine life ecosystem., Mozambique",16/9,,pexels:7959474,https://images.pexels.com/photos/7959474/pexels-photo-7959474.jpeg,Trung Nguyen,https://www.pexels.com/photo/brown-and-black-coral-reef-7959474/
363,P3 defer — no price attached to this country,/places/eritrea/the-safest-capital-around.html,eritrea,the safest capital around,family-community,yes,yes,yes,8471036,8.47,estimated,4,no price attached,2,no,,no,True,REPLACE,"Add a width to the existing URL — the same ?auto=compress&cs=tinysrgb&w=1200 that 6,188 of the site's 7,496 provider references already carry. No licence, no new asset, no budget, and it does not prejudge whether the photograph is any good.",licence,B — one stock or agency licence at the going rate.,"Opens /places/eritrea/the-safest-capital-around.html, the only photograph on it a phone is certain to fetch. No price attached. The picture is wrong: relevance 2.2. Costs a phone 8.5 MB today (estimated).","Dynamic street scene capturing a lively city market with people engaging in daily activities., Eritrea",16/9,,pexels:20177680,https://images.pexels.com/photos/20177680/pexels-photo-20177680.jpeg,Mwakapila Victor,https://www.pexels.com/photo/men-and-bazaar-on-street-in-town-20177680/
364,P3 defer — no price attached to this country,/places/congo/small-and-excellent.html,congo,small and excellent,luxury,yes,yes,yes,8369811,8.37,estimated,4,no price attached,2,no,,no,True,REPLACE,"Add a width to the existing URL — the same ?auto=compress&cs=tinysrgb&w=1200 that 6,188 of the site's 7,496 provider references already carry. No licence, no new asset, no budget, and it does not prejudge whether the photograph is any good.",licence,B — one stock or agency licence at the going rate.,"Opens /places/congo/small-and-excellent.html, the only photograph on it a phone is certain to fetch. No price attached. The picture is wrong: relevance 2.6. Costs a phone 8.4 MB today (estimated).","A scenic mountain valley with rustic camp tents. Ideal for nature and travel imagery., Congo",16/9,,pexels:30175005,https://images.pexels.com/photos/30175005/pexels-photo-30175005.jpeg,Quang Nguyen Vinh,https://www.pexels.com/photo/scenic-mountain-valley-with-rustic-camp-tents-30175005/
365,P3 defer — no price attached to this country,/places/djibouti/the-last-juniper.html,djibouti,the last juniper,forests,yes,yes,yes,8315707,8.32,estimated,4,no price attached,4,no,,no,True,REPLACE,"Add a width to the existing URL — the same ?auto=compress&cs=tinysrgb&w=1200 that 6,188 of the site's 7,496 provider references already carry. No licence, no new asset, no budget, and it does not prejudge whether the photograph is any good.",licence,B — one stock or agency licence at the going rate.,"Opens /places/djibouti/the-last-juniper.html, the only photograph on it a phone is certain to fetch. No price attached. The picture is wrong: relevance 2.7. Costs a phone 8.3 MB today (estimated).","Explore the vibrant red rock desert landscape with a lone juniper tree at sunset under dramatic skies., Djibouti",16/9,,pexels:32289539,https://images.pexels.com/photos/32289539/pexels-photo-32289539.jpeg,Robert Hacker,https://www.pexels.com/photo/stunning-red-rock-desert-landscape-at-sunset-32289539/
366,P3 defer — no price attached to this country,/places/benin/amiwo-and-grilled-fish.html,benin,amiwo and grilled fish,food,yes,yes,yes,8315707,8.32,estimated,4,no price attached,3,no,,no,True,REPLACE,"Add a width to the existing URL — the same ?auto=compress&cs=tinysrgb&w=1200 that 6,188 of the site's 7,496 provider references already carry. No licence, no new asset, no budget, and it does not prejudge whether the photograph is any good.",licence,B — one stock or agency licence at the going rate.,"Opens /places/benin/amiwo-and-grilled-fish.html, the only photograph on it a phone is certain to fetch. No price attached. The picture is wrong: the provider calls it ""indonesian fusion cuisine plated elegantly"". Costs a phone 8.3 MB today (estimated).","a plate of amiwo with grilled chicken and pepper sauce, Benin",16/9,,pexels:37211572,https://images.pexels.com/photos/37211572/pexels-photo-37211572.jpeg,kevin yung,https://www.pexels.com/photo/indonesian-fusion-cuisine-plated-elegantly-37211572/
367,P3 defer — no price attached to this country,/places/chad/sandstone-and-shadow.html,chad,sandstone and shadow,photography,yes,yes,yes,8315707,8.32,estimated,4,no price attached,3,no,,no,True,REPLACE,"Add a width to the existing URL — the same ?auto=compress&cs=tinysrgb&w=1200 that 6,188 of the site's 7,496 provider references already carry. No licence, no new asset, no budget, and it does not prejudge whether the photograph is any good.",licence,B — one stock or agency licence at the going rate.,"Opens /places/chad/sandstone-and-shadow.html, the only photograph on it a phone is certain to fetch. No price attached. The picture is wrong: relevance 3.9. Costs a phone 8.3 MB today (estimated).","Stunning red rock arch in the desert with sun rays and dramatic clouds creating a breathtaking scene., Chad",16/9,,pexels:32289527,https://images.pexels.com/photos/32289527/pexels-photo-32289527.jpeg,Robert Hacker,https://www.pexels.com/photo/majestic-desert-arch-formations-at-sunrise-32289527/
368,P3 defer — no price attached to this country,/places/comoros/nothing-listed-much-standing.html,comoros,nothing listed much standing,heritage,yes,yes,yes,8315707,8.32,estimated,4,no price attached,3,no,,no,True,REPLACE,"Add a width to the existing URL — the same ?auto=compress&cs=tinysrgb&w=1200 that 6,188 of the site's 7,496 provider references already carry. No licence, no new asset, no budget, and it does not prejudge whether the photograph is any good.",licence,B — one stock or agency licence at the going rate.,"Opens /places/comoros/nothing-listed-much-standing.html, the only photograph on it a phone is certain to fetch. No price attached. The picture is wrong: relevance 2.5; the provider calls it ""unrecognizable muslim woman in traditional headscarf"". Costs a phone 8.3 MB today (estimated).","narrow stone alleys in the medina of Moroni, Comoros",16/9,,pexels:7292900,https://images.pexels.com/photos/7292900/pexels-photo-7292900.jpeg,Julia Volk,https://www.pexels.com/photo/unrecognizable-muslim-woman-in-traditional-headscarf-walking-on-street-7292900/
369,P3 defer — no price attached to this country,/places/mozambique/marrabenta-and-timbila.html,mozambique,marrabenta and timbila,festivals,yes,yes,yes,8315707,8.32,estimated,4,no price attached,3,no,,no,True,REPLACE,"Add a width to the existing URL — the same ?auto=compress&cs=tinysrgb&w=1200 that 6,188 of the site's 7,496 provider references already carry. No licence, no new asset, no budget, and it does not prejudge whether the photograph is any good.",licence,B — one stock or agency licence at the going rate.,"Opens /places/mozambique/marrabenta-and-timbila.html, the only photograph on it a phone is certain to fetch. No price attached. The picture is wrong: relevance 2.5. Costs a phone 8.3 MB today (estimated).","Music band in ceremonial uniforms performing outdoors with brass instruments. Vibrant and festive atmosphere., Mozambique",16/9,,pexels:31624893,https://images.pexels.com/photos/31624893/pexels-photo-31624893.jpeg,Faustin NKURUNZIZA,https://www.pexels.com/photo/ceremonial-band-performance-at-outdoor-event-31624893/
370,P3 defer — no price attached to this country,/places/angola/the-pensador-and-basketry.html,angola,the pensador and basketry,crafts,yes,yes,yes,8315707,8.32,estimated,4,no price attached,2,no,,no,True,REPLACE,"Add a width to the existing URL — the same ?auto=compress&cs=tinysrgb&w=1200 that 6,188 of the site's 7,496 provider references already carry. No licence, no new asset, no budget, and it does not prejudge whether the photograph is any good.",licence,B — one stock or agency licence at the going rate.,"Opens /places/angola/the-pensador-and-basketry.html, the only photograph on it a phone is certain to fetch. No price attached. The picture is wrong: relevance 2.7. Costs a phone 8.3 MB today (estimated).","Profile of a woman with long dark hair standing against a textured concrete wall., Angola",16/9,,pexels:33322108,https://images.pexels.com/photos/33322108/pexels-photo-33322108.jpeg,Tam Nguyen,https://www.pexels.com/photo/contemplative-woman-against-concrete-wall-33322108/
371,P3 defer — no price attached to this country,/places/comoros/moroni-and-mutsamudu.html,comoros,moroni and mutsamudu,cities,yes,yes,yes,8315707,8.32,estimated,4,no price attached,2,no,,no,True,REPLACE,"Add a width to the existing URL — the same ?auto=compress&cs=tinysrgb&w=1200 that 6,188 of the site's 7,496 provider references already carry. No licence, no new asset, no budget, and it does not prejudge whether the photograph is any good.",licence,B — one stock or agency licence at the going rate.,"Opens /places/comoros/moroni-and-mutsamudu.html, the only photograph on it a phone is certain to fetch. No price attached. The picture is wrong: relevance 3.4. Costs a phone 8.3 MB today (estimated).","Paved narrow street between aged stone residential houses with shabby facade in city, Comoros",16/9,,pexels:7292744,https://images.pexels.com/photos/7292744/pexels-photo-7292744.jpeg,Julia Volk,https://www.pexels.com/photo/old-narrow-street-in-city-7292744/
372,P3 defer — no price attached to this country,/places/mozambique/dive-and-sail.html,mozambique,dive and sail,outdoor,yes,yes,yes,8248816,8.25,estimated,4,no price attached,2,no,,no,True,REPLACE,"Add a width to the existing URL — the same ?auto=compress&cs=tinysrgb&w=1200 that 6,188 of the site's 7,496 provider references already carry. No licence, no new asset, no budget, and it does not prejudge whether the photograph is any good.",licence,B — one stock or agency licence at the going rate.,"Opens /places/mozambique/dive-and-sail.html, the only photograph on it a phone is certain to fetch. No price attached. The picture is wrong: relevance 2.7; the provider calls it ""sea shell over corals"". Costs a phone 8.2 MB today (estimated).","a dhow under sail between coral islands, Mozambique",16/9,,pexels:7959477,https://images.pexels.com/photos/7959477/pexels-photo-7959477.jpeg,Trung Nguyen,https://www.pexels.com/photo/sea-shell-over-corals-7959477/
373,P3 defer — no price attached to this country,/places/djibouti/the-afar.html,djibouti,the afar,traditional-people,yes,yes,yes,8241588,8.24,estimated,4,no price attached,3,no,,no,True,REPLACE,"Add a width to the existing URL — the same ?auto=compress&cs=tinysrgb&w=1200 that 6,188 of the site's 7,496 provider references already carry. No licence, no new asset, no budget, and it does not prejudge whether the photograph is any good.",licence,B — one stock or agency licence at the going rate.,"Opens /places/djibouti/the-afar.html, the only photograph on it a phone is certain to fetch. No price attached. The picture is wrong: the provider calls it ""man standing on eroded seashore"". Costs a phone 8.2 MB today (estimated).","an Afar man leading camels loaded with salt slabs from Lake Assal, Djibouti",16/9,,pexels:18283935,https://images.pexels.com/photos/18283935/pexels-photo-18283935.jpeg,Plastic Lines,https://www.pexels.com/photo/man-standing-on-eroded-seashore-18283935/
374,P3 defer — no price attached to this country,/places/libya/two-thousand-kilometres-of-coast.html,libya,two thousand kilometres of coast,beaches,yes,yes,yes,8191279,8.19,estimated,4,no price attached,4,no,,no,True,REPLACE,"Add a width to the existing URL — the same ?auto=compress&cs=tinysrgb&w=1200 that 6,188 of the site's 7,496 provider references already carry. No licence, no new asset, no budget, and it does not prejudge whether the photograph is any good.",licence,B — one stock or agency licence at the going rate.,"Opens /places/libya/two-thousand-kilometres-of-coast.html, the only photograph on it a phone is certain to fetch. No price attached. The picture is wrong: the provider calls it ""eroded sandstone cliff"". Costs a phone 8.2 MB today (estimated).",an empty white sand beach on the Libyan Mediterranean coast,16/9,,pexels:18573920,https://images.pexels.com/photos/18573920/pexels-photo-18573920.jpeg,Christophe RASCLE,https://www.pexels.com/photo/eroded-sandstone-cliff-18573920/
375,P3 defer — no price attached to this country,/places/comoros/the-coelacanth.html,comoros,the coelacanth,hidden-gems,yes,yes,yes,8191279,8.19,estimated,4,no price attached,2,no,,no,True,REPLACE,"Add a width to the existing URL — the same ?auto=compress&cs=tinysrgb&w=1200 that 6,188 of the site's 7,496 provider references already carry. No licence, no new asset, no budget, and it does not prejudge whether the photograph is any good.",licence,B — one stock or agency licence at the going rate.,"Opens /places/comoros/the-coelacanth.html, the only photograph on it a phone is certain to fetch. No price attached. The picture is wrong: relevance 2.7. Costs a phone 8.2 MB today (estimated).","Close-up of a historic sculpture showcasing art and history in a museum setting., Comoros",16/9,,pexels:19143037,https://images.pexels.com/photos/19143037/pexels-photo-19143037.jpeg,K,https://www.pexels.com/photo/close-up-of-sculpture-of-person-lying-down-19143037/
376,P3 defer — no price attached to this country,/places/djibouti/day-forest.html,djibouti,day forest,safari,yes,yes,yes,8191279,8.19,estimated,4,no price attached,2,no,,no,True,REPLACE,"Add a width to the existing URL — the same ?auto=compress&cs=tinysrgb&w=1200 that 6,188 of the site's 7,496 provider references already carry. No licence, no new asset, no budget, and it does not prejudge whether the photograph is any good.",licence,B — one stock or agency licence at the going rate.,"Opens /places/djibouti/day-forest.html, the only photograph on it a phone is certain to fetch. No price attached. The picture is wrong: relevance 2.7. Costs a phone 8.2 MB today (estimated).","juniper forest on the slopes of the Goda mountains at Day, Djibouti",16/9,,pexels:10364447,https://images.pexels.com/photos/10364447/pexels-photo-10364447.jpeg,Engin Akyurt,https://www.pexels.com/photo/drone-shot-of-green-trees-in-the-forest-10364447/
377,P3 defer — no price attached to this country,/places/egypt/siwa.html,egypt,siwa,hidden-gems,yes,yes,yes,8191279,8.19,estimated,4,no price attached,2,no,,no,True,REPLACE,"Add a width to the existing URL — the same ?auto=compress&cs=tinysrgb&w=1200 that 6,188 of the site's 7,496 provider references already carry. No licence, no new asset, no budget, and it does not prejudge whether the photograph is any good.",licence,B — one stock or agency licence at the going rate.,"Opens /places/egypt/siwa.html, the only photograph on it a phone is certain to fetch. No price attached. The picture is wrong: the provider calls it ""mountain"". Costs a phone 8.2 MB today (estimated).","salt pools and palms at the Siwa oasis, Egypt",16/9,,pexels:27407392,https://images.pexels.com/photos/27407392/pexels-photo-27407392.jpeg,Eslam Mohammed Abdelmaksoud,https://www.pexels.com/photo/mountain-27407392/
378,P3 defer — no price attached to this country,/places/eswatini/candles-glass-and-weaving.html,eswatini,candles glass and weaving,crafts,yes,yes,yes,8191279,8.19,estimated,4,no price attached,2,no,,no,True,REPLACE,"Add a width to the existing URL — the same ?auto=compress&cs=tinysrgb&w=1200 that 6,188 of the site's 7,496 provider references already carry. No licence, no new asset, no budget, and it does not prejudge whether the photograph is any good.",licence,B — one stock or agency licence at the going rate.,"Opens /places/eswatini/candles-glass-and-weaving.html, the only photograph on it a phone is certain to fetch. No price attached. The picture is wrong: relevance 2.7. Costs a phone 8.2 MB today (estimated).","Close-up of a person creating vibrant beaded art with intricate patterns., Eswatini",16/9,,pexels:32405949,https://images.pexels.com/photos/32405949/pexels-photo-32405949.jpeg,Magda Ehlers,https://www.pexels.com/photo/colorful-handcrafted-beaded-art-in-progress-32405949/
379,P3 defer — no price attached to this country,/places/south-sudan/kisra-asida-and-fish.html,south-sudan,kisra asida and fish,food,yes,yes,yes,8191279,8.19,estimated,4,no price attached,2,no,,no,True,REPLACE,"Add a width to the existing URL — the same ?auto=compress&cs=tinysrgb&w=1200 that 6,188 of the site's 7,496 provider references already carry. No licence, no new asset, no budget, and it does not prejudge whether the photograph is any good.",licence,B — one stock or agency licence at the going rate.,"Opens /places/south-sudan/kisra-asida-and-fish.html, the only photograph on it a phone is certain to fetch. No price attached. The picture is wrong: the provider calls it ""aswan"". Costs a phone 8.2 MB today (estimated).","grilled Nile perch and flatbread served on a riverbank, South Sudan",16/9,,pexels:27407536,https://images.pexels.com/photos/27407536/pexels-photo-27407536.jpeg,Eslam Mohammed Abdelmaksoud,https://www.pexels.com/photo/aswan-27407536/
380,P3 defer — no price attached to this country,/places/sudan/basketry-and-silver.html,sudan,basketry and silver,crafts,yes,yes,yes,8191279,8.19,estimated,4,no price attached,2,no,,no,True,REPLACE,"Add a width to the existing URL — the same ?auto=compress&cs=tinysrgb&w=1200 that 6,188 of the site's 7,496 provider references already carry. No licence, no new asset, no budget, and it does not prejudge whether the photograph is any good.",licence,B — one stock or agency licence at the going rate.,"Opens /places/sudan/basketry-and-silver.html, the only photograph on it a phone is certain to fetch. No price attached. The picture is wrong: relevance 2.7. Costs a phone 8.2 MB today (estimated).","Artistic close-up of palm leaf creating diagonal abstract patterns., Sudan",16/9,,pexels:36198451,https://images.pexels.com/photos/36198451/pexels-photo-36198451.jpeg,Magda Ehlers,https://www.pexels.com/photo/close-up-abstract-of-palm-leaf-patterns-36198451/
381,P3 defer — no price attached to this country,/places/mauritania/thieboudienne-and-three-teas.html,mauritania,thieboudienne and three teas,food,yes,yes,yes,8063325,8.06,estimated,4,no price attached,2,no,,no,True,REPLACE,"Add a width to the existing URL — the same ?auto=compress&cs=tinysrgb&w=1200 that 6,188 of the site's 7,496 provider references already carry. No licence, no new asset, no budget, and it does not prejudge whether the photograph is any good.",licence,B — one stock or agency licence at the going rate.,"Opens /places/mauritania/thieboudienne-and-three-teas.html, the only photograph on it a phone is certain to fetch. No price attached. The picture is wrong: relevance 2.7. Costs a phone 8.1 MB today (estimated).","Three colorful beverages in glasses placed on a wooden bench, perfect for drinks themed content., Mauritania",16/9,,pexels:7656387,https://images.pexels.com/photos/7656387/pexels-photo-7656387.jpeg,Cup of  Couple,https://www.pexels.com/photo/various-drinks-on-a-wooden-bench-7656387/
382,P3 defer — no price attached to this country,/places/mali/walking-the-dogon-country.html,mali,walking the dogon country,adventure,yes,yes,yes,8039539,8.04,estimated,4,no price attached,2,no,,yes,True,REPLACE,"Add a width to the existing URL — the same ?auto=compress&cs=tinysrgb&w=1200 that 6,188 of the site's 7,496 provider references already carry. No licence, no new asset, no budget, and it does not prejudge whether the photograph is any good.",licence,B — one stock or agency licence at the going rate.,"Opens /places/mali/walking-the-dogon-country.html, the only photograph on it a phone is certain to fetch. No price attached. The picture is wrong: relevance 2.7. Costs a phone 8.0 MB today (estimated).","Tranquil garden path under a canopy of trees, surrounded by lush greenery and spring blooms., Mali",16/9,,pexels:38339188,https://images.pexels.com/photos/38339188/pexels-photo-38339188.jpeg,Magda Ehlers,https://www.pexels.com/photo/serene-botanical-garden-pathway-in-spring-38339188/
383,P3 defer — no price attached to this country,/places/mali/re-plastering-djenne.html,mali,re plastering djenne,eco-tourism,yes,yes,yes,8036727,8.04,estimated,4,no price attached,2,no,,no,True,REPLACE,"Add a width to the existing URL — the same ?auto=compress&cs=tinysrgb&w=1200 that 6,188 of the site's 7,496 provider references already carry. No licence, no new asset, no budget, and it does not prejudge whether the photograph is any good.",licence,B — one stock or agency licence at the going rate.,"Opens /places/mali/re-plastering-djenne.html, the only photograph on it a phone is certain to fetch. No price attached. The picture is wrong: relevance 2.7. Costs a phone 8.0 MB today (estimated).","the whole town plastering the Great Mosque of Djenne by hand, Mali",16/9,,pexels:31619955,https://images.pexels.com/photos/31619955/pexels-photo-31619955.jpeg,Abdulrahman Abubakar,https://www.pexels.com/photo/aerial-view-of-a-mosque-in-kaduna-nigeria-31619955/
384,P3 defer — no price attached to this country,/places/lesotho/thaba-bosiu.html,lesotho,thaba bosiu,historic-sites,yes,yes,yes,7976773,7.98,estimated,4,no price attached,2,no,,no,True,REPLACE,"Add a width to the existing URL — the same ?auto=compress&cs=tinysrgb&w=1200 that 6,188 of the site's 7,496 provider references already carry. No licence, no new asset, no budget, and it does not prejudge whether the photograph is any good.",licence,B — one stock or agency licence at the going rate.,"Opens /places/lesotho/thaba-bosiu.html, the only photograph on it a phone is certain to fetch. No price attached. The picture is wrong: relevance 2.2. Costs a phone 8.0 MB today (estimated).","the flat-topped plateau of Thaba Bosiu above the plain, Lesotho",16/9,,pexels:38253354,https://images.pexels.com/photos/38253354/pexels-photo-38253354.jpeg,Magda Ehlers,https://www.pexels.com/photo/exterior-view-of-historic-stone-building-38253354/
385,P3 defer — no price attached to this country,/places/burkina-faso/nazinga-and-arli.html,burkina-faso,nazinga and arli,safari,yes,yes,yes,7896577,7.90,estimated,4,no price attached,2,no,,no,True,REPLACE,"Add a width to the existing URL — the same ?auto=compress&cs=tinysrgb&w=1200 that 6,188 of the site's 7,496 provider references already carry. No licence, no new asset, no budget, and it does not prejudge whether the photograph is any good.",licence,B — one stock or agency licence at the going rate.,"Opens /places/burkina-faso/nazinga-and-arli.html, the only photograph on it a phone is certain to fetch. No price attached. The picture is wrong: relevance 2.7. Costs a phone 7.9 MB today (estimated).","elephants at a waterhole in Nazinga ranch, Burkina Faso",16/9,,pexels:11760799,https://images.pexels.com/photos/11760799/pexels-photo-11760799.jpeg,ROMAN ODINTSOV,https://www.pexels.com/photo/elephants-walking-on-dry-land-11760799/
386,P3 defer — no price attached to this country,/places/angola/the-escarpment-roads.html,angola,the escarpment roads,outdoor,yes,yes,yes,7795804,7.80,estimated,4,no price attached,2,no,,no,True,REPLACE,"Add a width to the existing URL — the same ?auto=compress&cs=tinysrgb&w=1200 that 6,188 of the site's 7,496 provider references already carry. No licence, no new asset, no budget, and it does not prejudge whether the photograph is any good.",licence,B — one stock or agency licence at the going rate.,"Opens /places/angola/the-escarpment-roads.html, the only photograph on it a phone is certain to fetch. No price attached. The picture is wrong: relevance 2.5. Costs a phone 7.8 MB today (estimated).","Winding mountain road with hairpin turns in rocky desert landscape, ideal for travel inspiration., Angola",16/9,,pexels:34985213,https://images.pexels.com/photos/34985213/pexels-photo-34985213.jpeg,Kirandeep Singh Walia,https://www.pexels.com/photo/scenic-mountain-road-with-hairpin-turns-34985213/
387,P3 defer — no price attached to this country,/places/liberia/sapo-and-gola.html,liberia,sapo and gola,forests,yes,yes,yes,7718465,7.72,estimated,4,no price attached,4,no,,no,True,REPLACE,"Add a width to the existing URL — the same ?auto=compress&cs=tinysrgb&w=1200 that 6,188 of the site's 7,496 provider references already carry. No licence, no new asset, no budget, and it does not prejudge whether the photograph is any good.",licence,B — one stock or agency licence at the going rate.,"Opens /places/liberia/sapo-and-gola.html, the only photograph on it a phone is certain to fetch. No price attached. The picture is wrong: the provider calls it ""mountain covered with trees under blue sky"". Costs a phone 7.7 MB today (estimated).","A breathtaking view of a lush tropical rainforest shrouded in mist and clouds., Liberia",16/9,,pexels:2518891,https://images.pexels.com/photos/2518891/pexels-photo-2518891.jpeg,Quang Nguyen Vinh,https://www.pexels.com/photo/mountain-covered-with-trees-under-blue-sky-2518891/
388,P3 defer — no price attached to this country,/places/mozambique/reef-and-miombo.html,mozambique,reef and miombo,nature,yes,yes,yes,7718465,7.72,estimated,4,no price attached,4,no,,no,True,REPLACE,"Add a width to the existing URL — the same ?auto=compress&cs=tinysrgb&w=1200 that 6,188 of the site's 7,496 provider references already carry. No licence, no new asset, no budget, and it does not prejudge whether the photograph is any good.",licence,B — one stock or agency licence at the going rate.,"Opens /places/mozambique/reef-and-miombo.html, the only photograph on it a phone is certain to fetch. No price attached. The picture is wrong: relevance 2.5. Costs a phone 7.7 MB today (estimated).","A carabao wandering through a vibrant, green, wooded landscape, showcasing nature's tranquility., Mozambique",16/9,,pexels:16444298,https://images.pexels.com/photos/16444298/pexels-photo-16444298.jpeg,Keegan Checks,https://www.pexels.com/photo/carabao-in-nature-16444298/
389,P3 defer — no price attached to this country,/places/niger/sandbars-on-the-river.html,niger,sandbars on the river,beaches,yes,yes,yes,7718465,7.72,estimated,4,no price attached,4,no,,no,True,REPLACE,"Add a width to the existing URL — the same ?auto=compress&cs=tinysrgb&w=1200 that 6,188 of the site's 7,496 provider references already carry. No licence, no new asset, no budget, and it does not prejudge whether the photograph is any good.",licence,B — one stock or agency licence at the going rate.,"Opens /places/niger/sandbars-on-the-river.html, the only photograph on it a phone is certain to fetch. No price attached. The picture is wrong: relevance 2.5. Costs a phone 7.7 MB today (estimated).",a wide sandbar in the Niger river with people on it,16/9,,pexels:31719004,https://images.pexels.com/photos/31719004/pexels-photo-31719004.jpeg,Abdulrahman Abubakar,https://www.pexels.com/photo/fishermen-navigating-river-in-port-harcourt-nigeria-31719004/
390,P3 defer — no price attached to this country,/places/sierra-leone/river-no-2-and-the-banana-islands.html,sierra-leone,river no 2 and the banana islands,beaches,yes,yes,yes,7718465,7.72,estimated,4,no price attached,4,no,,no,True,REPLACE,"Add a width to the existing URL — the same ?auto=compress&cs=tinysrgb&w=1200 that 6,188 of the site's 7,496 provider references already carry. No licence, no new asset, no budget, and it does not prejudge whether the photograph is any good.",licence,B — one stock or agency licence at the going rate.,"Opens /places/sierra-leone/river-no-2-and-the-banana-islands.html, the only photograph on it a phone is certain to fetch. No price attached. The picture is wrong: the provider calls it ""green trees and brown buildings during daytime"". Costs a phone 7.7 MB today (estimated).","the white sand and green forest of River No. 2 beach, Sierra Leone",16/9,,unsplash:RbI3m7aE1LM,https://images.unsplash.com/photo-1582617327918-4a9f2d286fda,Random Institute,https://unsplash.com/photos/green-trees-and-brown-buildings-during-daytime-RbI3m7aE1LM
391,P3 defer — no price attached to this country,/places/comoros/the-grand-mariage.html,comoros,the grand mariage,traditional-people,yes,yes,yes,7718465,7.72,estimated,4,no price attached,3,no,,no,True,REPLACE,"Add a width to the existing URL — the same ?auto=compress&cs=tinysrgb&w=1200 that 6,188 of the site's 7,496 provider references already carry. No licence, no new asset, no budget, and it does not prejudge whether the photograph is any good.",licence,B — one stock or agency licence at the going rate.,"Opens /places/comoros/the-grand-mariage.html, the only photograph on it a phone is certain to fetch. No price attached. The picture is wrong: relevance 3.7; the provider calls it ""woman in lace dress"". Costs a phone 7.7 MB today (estimated).","a Grand Mariage procession with drummers and gold jewellery, Comoros",16/9,,pexels:13156489,https://images.pexels.com/photos/13156489/pexels-photo-13156489.jpeg,Adera Abdoulaye Dolo,https://www.pexels.com/photo/woman-in-lace-dress-13156489/
392,P3 defer — no price attached to this country,/places/djibouti/khat-at-four.html,djibouti,khat at four,local-life,yes,yes,yes,7718465,7.72,estimated,4,no price attached,3,no,,no,True,REPLACE,"Add a width to the existing URL — the same ?auto=compress&cs=tinysrgb&w=1200 that 6,188 of the site's 7,496 provider references already carry. No licence, no new asset, no budget, and it does not prejudge whether the photograph is any good.",licence,B — one stock or agency licence at the going rate.,"Opens /places/djibouti/khat-at-four.html, the only photograph on it a phone is certain to fetch. No price attached. The picture is wrong: the provider calls it ""people working on a farm"". Costs a phone 7.7 MB today (estimated).","men sorting bundles of khat at a street stall in the afternoon, Djibouti",16/9,,pexels:12387363,https://images.pexels.com/photos/12387363/pexels-photo-12387363.jpeg,Quang Nguyen Vinh,https://www.pexels.com/photo/people-working-on-a-farm-12387363/
393,P3 defer — no price attached to this country,/places/gabon/grilled-fish-on-the-sand.html,gabon,grilled fish on the sand,local-life,yes,yes,yes,7718465,7.72,estimated,4,no price attached,3,no,,no,True,REPLACE,"Add a width to the existing URL — the same ?auto=compress&cs=tinysrgb&w=1200 that 6,188 of the site's 7,496 provider references already carry. No licence, no new asset, no budget, and it does not prejudge whether the photograph is any good.",licence,B — one stock or agency licence at the going rate.,"Opens /places/gabon/grilled-fish-on-the-sand.html, the only photograph on it a phone is certain to fetch. No price attached. The picture is wrong: relevance 2.7. Costs a phone 7.7 MB today (estimated).","grilled fish being served at a beach restaurant in Libreville, Gabon",16/9,,pexels:38722178,https://images.pexels.com/photos/38722178/pexels-photo-38722178.jpeg,Manass Rex,https://www.pexels.com/photo/elegant-woman-in-flowing-red-gown-on-beach-38722178/
394,P3 defer — no price attached to this country,/places/mozambique/the-beach-market.html,mozambique,the beach market,local-life,yes,yes,yes,7718465,7.72,estimated,4,no price attached,3,no,,no,True,REPLACE,"Add a width to the existing URL — the same ?auto=compress&cs=tinysrgb&w=1200 that 6,188 of the site's 7,496 provider references already carry. No licence, no new asset, no budget, and it does not prejudge whether the photograph is any good.",licence,B — one stock or agency licence at the going rate.,"Opens /places/mozambique/the-beach-market.html, the only photograph on it a phone is certain to fetch. No price attached. The picture is wrong: the provider calls it ""photo of person holding wooden tray"". Costs a phone 7.7 MB today (estimated).","fish being sold on the sand beside a dhow, Mozambique",16/9,,pexels:3871784,https://images.pexels.com/photos/3871784/pexels-photo-3871784.jpeg,Quang Nguyen Vinh,https://www.pexels.com/photo/photo-of-person-holding-wooden-tray-3871784/
395,P3 defer — no price attached to this country,/places/sierra-leone/charlotte-and-bumbuna.html,sierra-leone,charlotte and bumbuna,waterfalls,yes,yes,yes,7718465,7.72,estimated,4,no price attached,3,no,,no,True,REPLACE,"Add a width to the existing URL — the same ?auto=compress&cs=tinysrgb&w=1200 that 6,188 of the site's 7,496 provider references already carry. No licence, no new asset, no budget, and it does not prejudge whether the photograph is any good.",licence,B — one stock or agency licence at the going rate.,"Opens /places/sierra-leone/charlotte-and-bumbuna.html, the only photograph on it a phone is certain to fetch. No price attached. The picture is wrong: the provider calls it ""girl in purple and blue floral dress wearing helmet"". Costs a phone 7.7 MB today (estimated).","the Charlotte waterfall falling through forest near Freetown, Sierra Leone",16/9,,unsplash:bHSGyeDCSwk,https://images.unsplash.com/photo-1582588498376-48c11c0d90b2,Random Institute,https://unsplash.com/photos/girl-in-purple-and-blue-floral-dress-wearing-helmet-bHSGyeDCSwk
396,P3 defer — no price attached to this country,/places/chad/leatherwork-and-silver.html,chad,leatherwork and silver,crafts,yes,yes,yes,7718465,7.72,estimated,4,no price attached,2,no,,no,True,REPLACE,"Add a width to the existing URL — the same ?auto=compress&cs=tinysrgb&w=1200 that 6,188 of the site's 7,496 provider references already carry. No licence, no new asset, no budget, and it does not prejudge whether the photograph is any good.",licence,B — one stock or agency licence at the going rate.,"Opens /places/chad/leatherwork-and-silver.html, the only photograph on it a phone is certain to fetch. No price attached. The picture is wrong: the provider calls it ""man sitting next to his donkey"". Costs a phone 7.7 MB today (estimated).",tooled leather camel gear and silver at a Chadian market,16/9,,pexels:18056071,https://images.pexels.com/photos/18056071/pexels-photo-18056071.jpeg,Ahmet Yüksek ✪,https://www.pexels.com/photo/man-sitting-next-to-his-donkey-18056071/
397,P3 defer — no price attached to this country,/places/comoros/climbing-karthala.html,comoros,climbing karthala,adventure,yes,yes,yes,7718465,7.72,estimated,4,no price attached,2,no,,yes,True,REPLACE,"Add a width to the existing URL — the same ?auto=compress&cs=tinysrgb&w=1200 that 6,188 of the site's 7,496 provider references already carry. No licence, no new asset, no budget, and it does not prejudge whether the photograph is any good.",licence,B — one stock or agency licence at the going rate.,"Opens /places/comoros/climbing-karthala.html, the only photograph on it a phone is certain to fetch. No price attached. The picture is wrong: relevance 2.7; the provider calls it ""mountains around lake"". Costs a phone 7.7 MB today (estimated).","walkers camping on the crater rim of Karthala, Comoros",16/9,,pexels:4581173,https://images.pexels.com/photos/4581173/pexels-photo-4581173.jpeg,ArtHouse Studio,https://www.pexels.com/photo/mountains-around-lake-4581173/
398,P3 defer — no price attached to this country,/places/comoros/mohelis-community-park.html,comoros,mohelis community park,eco-tourism,yes,yes,yes,7718465,7.72,estimated,4,no price attached,2,no,,no,True,REPLACE,"Add a width to the existing URL — the same ?auto=compress&cs=tinysrgb&w=1200 that 6,188 of the site's 7,496 provider references already carry. No licence, no new asset, no budget, and it does not prejudge whether the photograph is any good.",licence,B — one stock or agency licence at the going rate.,"Opens /places/comoros/mohelis-community-park.html, the only photograph on it a phone is certain to fetch. No price attached. The picture is wrong: the provider calls it ""camera man shooting a local person"". Costs a phone 7.7 MB today (estimated).","a community ranger recording turtle nests on Moheli, Comoros",16/9,,pexels:9733797,https://images.pexels.com/photos/9733797/pexels-photo-9733797.jpeg,Brian kimotho,https://www.pexels.com/photo/camera-man-shooting-a-local-person-9733797/
399,P3 defer — no price attached to this country,/places/djibouti/salt-cut-by-hand.html,djibouti,salt cut by hand,eco-tourism,yes,yes,yes,7718465,7.72,estimated,4,no price attached,2,no,,no,True,REPLACE,"Add a width to the existing URL — the same ?auto=compress&cs=tinysrgb&w=1200 that 6,188 of the site's 7,496 provider references already carry. No licence, no new asset, no budget, and it does not prejudge whether the photograph is any good.",licence,B — one stock or agency licence at the going rate.,"Opens /places/djibouti/salt-cut-by-hand.html, the only photograph on it a phone is certain to fetch. No price attached. The picture is wrong: relevance 2.7; the provider calls it ""silhouette of people enjoying dock at sunset"". Costs a phone 7.7 MB today (estimated).","salt slabs being cut by hand from the crust at Lake Assal, Djibouti",16/9,,pexels:32063196,https://images.pexels.com/photos/32063196/pexels-photo-32063196.jpeg,笑 邵,https://www.pexels.com/photo/silhouette-of-people-enjoying-dock-at-sunset-32063196/
400,P3 defer — no price attached to this country,/places/egypt/desert-crossings.html,egypt,desert crossings,adventure,yes,yes,yes,7718465,7.72,estimated,4,no price attached,2,no,,yes,True,REPLACE,"Add a width to the existing URL — the same ?auto=compress&cs=tinysrgb&w=1200 that 6,188 of the site's 7,496 provider references already carry. No licence, no new asset, no budget, and it does not prejudge whether the photograph is any good.",licence,B — one stock or agency licence at the going rate.,"Opens /places/egypt/desert-crossings.html, the only photograph on it a phone is certain to fetch. No price attached. The picture is wrong: the provider calls it ""tranquil red sea view with moon in hurghada"". Costs a phone 7.7 MB today (estimated).","a vehicle crossing dunes in the Great Sand Sea, Egypt",16/9,,pexels:30683936,https://images.pexels.com/photos/30683936/pexels-photo-30683936.jpeg,Bunyamin Cicek,https://www.pexels.com/photo/tranquil-red-sea-view-with-moon-in-hurghada-30683936/
401,P3 defer — no price attached to this country,/places/gabon/forest-and-savanna-at-lope.html,gabon,forest and savanna at lope,safari,yes,yes,yes,7718465,7.72,estimated,4,no price attached,2,no,,no,True,REPLACE,"Add a width to the existing URL — the same ?auto=compress&cs=tinysrgb&w=1200 that 6,188 of the site's 7,496 provider references already carry. No licence, no new asset, no budget, and it does not prejudge whether the photograph is any good.",licence,B — one stock or agency licence at the going rate.,"Opens /places/gabon/forest-and-savanna-at-lope.html, the only photograph on it a phone is certain to fetch. No price attached. The picture is wrong: relevance 2.7. Costs a phone 7.7 MB today (estimated).","A diverse group of people enjoying a hike in a lush, green forest., Gabon",16/9,,pexels:30669664,https://images.pexels.com/photos/30669664/pexels-photo-30669664.jpeg,Chukwuemeka Joel,https://www.pexels.com/photo/group-hiking-adventure-through-lush-green-forest-30669664/
402,P3 defer — no price attached to this country,/places/lesotho/dinosaur-footprints.html,lesotho,dinosaur footprints,hidden-gems,yes,yes,yes,7718465,7.72,estimated,4,no price attached,2,no,,no,True,REPLACE,"Add a width to the existing URL — the same ?auto=compress&cs=tinysrgb&w=1200 that 6,188 of the site's 7,496 provider references already carry. No licence, no new asset, no budget, and it does not prejudge whether the photograph is any good.",licence,B — one stock or agency licence at the going rate.,"Opens /places/lesotho/dinosaur-footprints.html, the only photograph on it a phone is certain to fetch. No price attached. The picture is wrong: the provider calls it ""footprint on the ground"". Costs a phone 7.7 MB today (estimated).","fossil dinosaur footprints in exposed sandstone rock, Lesotho",16/9,,pexels:12337484,https://images.pexels.com/photos/12337484/pexels-photo-12337484.jpeg,Vladimir Srajber,https://www.pexels.com/photo/footprint-on-the-ground-12337484/
403,P3 defer — no price attached to this country,/places/liberia/providence-island.html,liberia,providence island,historic-sites,yes,yes,yes,7718465,7.72,estimated,4,no price attached,2,no,,no,True,REPLACE,"Add a width to the existing URL — the same ?auto=compress&cs=tinysrgb&w=1200 that 6,188 of the site's 7,496 provider references already carry. No licence, no new asset, no budget, and it does not prejudge whether the photograph is any good.",licence,B — one stock or agency licence at the going rate.,"Opens /places/liberia/providence-island.html, the only photograph on it a phone is certain to fetch. No price attached. The picture is wrong: relevance 2.7. Costs a phone 7.7 MB today (estimated).","the old cotton tree and monument on Providence Island, Liberia",16/9,,pexels:5118524,https://images.pexels.com/photos/5118524/pexels-photo-5118524.jpeg,Quang Nguyen Vinh,https://www.pexels.com/photo/travelers-exploring-forest-with-huge-tall-tree-5118524/
404,P3 defer — no price attached to this country,/places/sao-tome-and-principe/calulu-and-chocolate.html,sao-tome-and-principe,calulu and chocolate,food,yes,yes,yes,7718465,7.72,estimated,4,no price attached,2,no,,no,True,REPLACE,"Add a width to the existing URL — the same ?auto=compress&cs=tinysrgb&w=1200 that 6,188 of the site's 7,496 provider references already carry. No licence, no new asset, no budget, and it does not prejudge whether the photograph is any good.",licence,B — one stock or agency licence at the going rate.,"Opens /places/sao-tome-and-principe/calulu-and-chocolate.html, the only photograph on it a phone is certain to fetch. No price attached. The picture is wrong: the provider calls it ""green fruit on tree"". Costs a phone 7.7 MB today (estimated).","a plate of calulu with breadfruit and rice, Sao Tome and Principe",16/9,,pexels:4078086,https://images.pexels.com/photos/4078086/pexels-photo-4078086.jpeg,Quang Nguyen Vinh,https://www.pexels.com/photo/green-fruit-on-tree-4078086/
405,P3 defer — no price attached to this country,/places/sao-tome-and-principe/walking-and-diving.html,sao-tome-and-principe,walking and diving,adventure,yes,yes,yes,7718465,7.72,estimated,4,no price attached,2,no,,yes,True,REPLACE,"Add a width to the existing URL — the same ?auto=compress&cs=tinysrgb&w=1200 that 6,188 of the site's 7,496 provider references already carry. No licence, no new asset, no budget, and it does not prejudge whether the photograph is any good.",licence,B — one stock or agency licence at the going rate.,"Opens /places/sao-tome-and-principe/walking-and-diving.html, the only photograph on it a phone is certain to fetch. No price attached. The picture is wrong: relevance 2.7. Costs a phone 7.7 MB today (estimated).","High angle back view of faceless hikers with backpacks walking on pathway in lush rainforest, Sao Tome and Principe",16/9,,pexels:5118521,https://images.pexels.com/photos/5118521/pexels-photo-5118521.jpeg,Quang Nguyen Vinh,https://www.pexels.com/photo/group-of-tourists-walking-through-tropical-forest-5118521/
406,P3 defer — no price attached to this country,/places/sierra-leone/climbing-bintumani.html,sierra-leone,climbing bintumani,outdoor,yes,yes,yes,7718465,7.72,estimated,4,no price attached,2,no,,no,True,REPLACE,"Add a width to the existing URL — the same ?auto=compress&cs=tinysrgb&w=1200 that 6,188 of the site's 7,496 provider references already carry. No licence, no new asset, no budget, and it does not prejudge whether the photograph is any good.",licence,B — one stock or agency licence at the going rate.,"Opens /places/sierra-leone/climbing-bintumani.html, the only photograph on it a phone is certain to fetch. No price attached. The picture is wrong: relevance 2.5; the provider calls it ""adventurous walk on a rope bridge in the forest"". Costs a phone 7.7 MB today (estimated).","a walker crossing montane grassland on Bintumani, Sierra Leone",16/9,,pexels:38825026,https://images.pexels.com/photos/38825026/pexels-photo-38825026.jpeg,Manass Rex,https://www.pexels.com/photo/adventurous-walk-on-a-rope-bridge-in-the-forest-38825026/
407,P3 defer — no price attached to this country,/places/sierra-leone/why-sierra-leone.html,sierra-leone,why sierra leone,why-visit,yes,yes,yes,7718465,7.72,estimated,4,no price attached,2,no,,yes,True,REPLACE,"Add a width to the existing URL — the same ?auto=compress&cs=tinysrgb&w=1200 that 6,188 of the site's 7,496 provider references already carry. No licence, no new asset, no budget, and it does not prejudge whether the photograph is any good.",licence,B — one stock or agency licence at the going rate.,"Opens /places/sierra-leone/why-sierra-leone.html, the only photograph on it a phone is certain to fetch. No price attached. The picture is wrong: the provider calls it ""brown canoe on brown sand during daytime"". Costs a phone 7.7 MB today (estimated).","an empty white beach below forested hills at dusk, Sierra Leone",16/9,,unsplash:k33898qkqxE,https://images.unsplash.com/photo-1630510590530-ffe042121ca7,Random Institute,https://unsplash.com/photos/brown-canoe-on-brown-sand-during-daytime-k33898qkqxE
408,P3 defer — no price attached to this country,/places/south-sudan/two-camps.html,south-sudan,two camps,luxury,yes,yes,yes,7718465,7.72,estimated,4,no price attached,2,no,,no,True,REPLACE,"Add a width to the existing URL — the same ?auto=compress&cs=tinysrgb&w=1200 that 6,188 of the site's 7,496 provider references already carry. No licence, no new asset, no budget, and it does not prejudge whether the photograph is any good.",licence,B — one stock or agency licence at the going rate.,"Opens /places/south-sudan/two-camps.html, the only photograph on it a phone is certain to fetch. No price attached. The picture is wrong: relevance 2.5. Costs a phone 7.7 MB today (estimated).","Colorful tents located at camp in mountainous valley near green trees against picturesque sunset sky, South Sudan",16/9,,pexels:4268126,https://images.pexels.com/photos/4268126/pexels-photo-4268126.jpeg,Quang Nguyen Vinh,https://www.pexels.com/photo/multicolored-camping-tents-on-mountain-peak-during-sundown-4268126/
409,P3 defer — no price attached to this country,/places/togo/butterflies-at-kloto.html,togo,butterflies at kloto,eco-tourism,yes,yes,yes,7718465,7.72,estimated,4,no price attached,2,no,,no,True,REPLACE,"Add a width to the existing URL — the same ?auto=compress&cs=tinysrgb&w=1200 that 6,188 of the site's 7,496 provider references already carry. No licence, no new asset, no budget, and it does not prejudge whether the photograph is any good.",licence,B — one stock or agency licence at the going rate.,"Opens /places/togo/butterflies-at-kloto.html, the only photograph on it a phone is certain to fetch. No price attached. The picture is wrong: the provider calls it ""close up of a butterfly"". Costs a phone 7.7 MB today (estimated).","a guide showing butterflies in the Kloto forest, Togo",16/9,,pexels:11669252,https://images.pexels.com/photos/11669252/pexels-photo-11669252.jpeg,Quang Nguyen Vinh,https://www.pexels.com/photo/close-up-of-a-butterfly-11669252/
410,P3 defer — no price attached to this country,/places/south-sudan/market-day-at-terekeka.html,south-sudan,market day at terekeka,local-life,yes,yes,yes,7567077,7.57,estimated,4,no price attached,3,no,,no,True,REPLACE,"Add a width to the existing URL — the same ?auto=compress&cs=tinysrgb&w=1200 that 6,188 of the site's 7,496 provider references already carry. No licence, no new asset, no budget, and it does not prejudge whether the photograph is any good.",licence,B — one stock or agency licence at the going rate.,"Opens /places/south-sudan/market-day-at-terekeka.html, the only photograph on it a phone is certain to fetch. No price attached. The picture is wrong: the provider calls it ""pack donkey carrying plastic containers in field"". Costs a phone 7.6 MB today (estimated).","a busy open-air market with cattle and traders at Terekeka, South Sudan",16/9,,pexels:33927038,https://images.pexels.com/photos/33927038/pexels-photo-33927038.jpeg,Becky  Awo,https://www.pexels.com/photo/pack-donkey-carrying-plastic-containers-in-field-33927038/
411,P3 defer — no price attached to this country,/places/mauritania/why-mauritania.html,mauritania,why mauritania,why-visit,yes,yes,yes,7544363,7.54,estimated,4,no price attached,2,no,,yes,True,REPLACE,"Add a width to the existing URL — the same ?auto=compress&cs=tinysrgb&w=1200 that 6,188 of the site's 7,496 provider references already carry. No licence, no new asset, no budget, and it does not prejudge whether the photograph is any good.",licence,B — one stock or agency licence at the going rate.,"Opens /places/mauritania/why-mauritania.html, the only photograph on it a phone is certain to fetch. No price attached. The picture is wrong: the provider calls it ""silhouette of a person on mudflats at twilight"". Costs a phone 7.5 MB today (estimated).","a lone figure walking a sand-filled street in Ouadane, Mauritania",16/9,,pexels:29090185,https://images.pexels.com/photos/29090185/pexels-photo-29090185.jpeg,YEON JUNG,https://www.pexels.com/photo/silhouette-of-a-person-on-mudflats-at-twilight-29090185/
412,P3 defer — no price attached to this country,/places/comoros/moheli-marine-park.html,comoros,moheli marine park,safari,yes,yes,yes,7390160,7.39,estimated,4,no price attached,2,no,,no,True,REPLACE,"Add a width to the existing URL — the same ?auto=compress&cs=tinysrgb&w=1200 that 6,188 of the site's 7,496 provider references already carry. No licence, no new asset, no budget, and it does not prejudge whether the photograph is any good.",licence,B — one stock or agency licence at the going rate.,"Opens /places/comoros/moheli-marine-park.html, the only photograph on it a phone is certain to fetch. No price attached. The picture is wrong: relevance 2.7; the provider calls it ""boulders on sea shore"". Costs a phone 7.4 MB today (estimated).","A tranquil beach setting with rocky formations and lush forests under a cloudy sky., Comoros",16/9,,pexels:11331485,https://images.pexels.com/photos/11331485/pexels-photo-11331485.jpeg,Quang Nguyen Vinh,https://www.pexels.com/photo/boulders-on-sea-shore-11331485/
413,P3 defer — no price attached to this country,/places/liberia/the-upper-guinean-forest.html,liberia,the upper guinean forest,nature,yes,yes,yes,7317700,7.32,estimated,4,no price attached,4,no,,no,True,REPLACE,"Add a width to the existing URL — the same ?auto=compress&cs=tinysrgb&w=1200 that 6,188 of the site's 7,496 provider references already carry. No licence, no new asset, no budget, and it does not prejudge whether the photograph is any good.",licence,B — one stock or agency licence at the going rate.,"Opens /places/liberia/the-upper-guinean-forest.html, the only photograph on it a phone is certain to fetch. No price attached. The picture is wrong: relevance 2.5. Costs a phone 7.3 MB today (estimated).",buttressed rainforest trees and lianas in Liberian forest,16/9,,pexels:6416336,https://images.pexels.com/photos/6416336/pexels-photo-6416336.jpeg,Quang Nguyen Vinh,https://www.pexels.com/photo/tree-ferns-with-large-foliage-growing-in-rainforest-6416336/
414,P3 defer — no price attached to this country,/places/burkina-faso/sixty-languages-one-cinema.html,burkina-faso,sixty languages one cinema,culture,yes,yes,yes,7286082,7.29,estimated,4,no price attached,4,no,,yes,True,REPLACE,"Add a width to the existing URL — the same ?auto=compress&cs=tinysrgb&w=1200 that 6,188 of the site's 7,496 provider references already carry. No licence, no new asset, no budget, and it does not prejudge whether the photograph is any good.",licence,B — one stock or agency licence at the going rate.,"Opens /places/burkina-faso/sixty-languages-one-cinema.html, the only photograph on it a phone is certain to fetch. No price attached. The picture is wrong: relevance 2.0; the provider calls it ""a gate with a pole in front of it"". Costs a phone 7.3 MB today (estimated).","a crowd outside a cinema at FESPACO in Ouagadougou, Burkina Faso",16/9,,pexels:27935638,https://images.pexels.com/photos/27935638/pexels-photo-27935638.jpeg,Iklima Babangida,https://www.pexels.com/photo/a-gate-with-a-pole-in-front-of-it-27935638/
415,P3 defer — no price attached to this country,/places/togo/mont-agou.html,togo,mont agou,mountains,yes,yes,yes,7286082,7.29,estimated,4,no price attached,4,no,,no,True,REPLACE,"Add a width to the existing URL — the same ?auto=compress&cs=tinysrgb&w=1200 that 6,188 of the site's 7,496 provider references already carry. No licence, no new asset, no budget, and it does not prejudge whether the photograph is any good.",licence,B — one stock or agency licence at the going rate.,"Opens /places/togo/mont-agou.html, the only photograph on it a phone is certain to fetch. No price attached. The picture is wrong: relevance 2.5. Costs a phone 7.3 MB today (estimated).","the forested cone of Mont Agou above villages and farms, Togo",16/9,,pexels:32186167,https://images.pexels.com/photos/32186167/pexels-photo-32186167.jpeg,Emre Gokceoglu,https://www.pexels.com/photo/pine-branch-with-cone-in-forest-setting-32186167/
416,P3 defer — no price attached to this country,/places/morocco/zellige-leather-and-wool.html,morocco,zellige leather and wool,crafts,yes,yes,yes,7286082,7.29,estimated,4,no price attached,2,no,,no,True,REPLACE,"Add a width to the existing URL — the same ?auto=compress&cs=tinysrgb&w=1200 that 6,188 of the site's 7,496 provider references already carry. No licence, no new asset, no budget, and it does not prejudge whether the photograph is any good.",licence,B — one stock or agency licence at the going rate.,"Opens /places/morocco/zellige-leather-and-wool.html, the only photograph on it a phone is certain to fetch. No price attached. The picture is wrong: the provider calls it ""historic tanneries of fes in warm daylight"". Costs a phone 7.3 MB today (estimated).","a craftsman cutting zellige tile by hand in Fez, Morocco",16/9,,pexels:38112326,https://images.pexels.com/photos/38112326/pexels-photo-38112326.jpeg,Ramon Karolan,https://www.pexels.com/photo/historic-tanneries-of-fes-in-warm-daylight-38112326/
417,P3 defer — no price attached to this country,/places/libya/thin-on-the-ground.html,libya,thin on the ground,luxury,yes,yes,yes,7254723,7.25,estimated,4,no price attached,2,no,,no,True,REPLACE,"Add a width to the existing URL — the same ?auto=compress&cs=tinysrgb&w=1200 that 6,188 of the site's 7,496 provider references already carry. No licence, no new asset, no budget, and it does not prejudge whether the photograph is any good.",licence,B — one stock or agency licence at the going rate.,"Opens /places/libya/thin-on-the-ground.html, the only photograph on it a phone is certain to fetch. No price attached. The picture is wrong: the provider calls it ""a group of boys crouching in front of damaged buildi"". Costs a phone 7.3 MB today (estimated).","a restored merchant's courtyard house in Tripoli medina, Libya",16/9,,pexels:15449849,https://images.pexels.com/photos/15449849/pexels-photo-15449849.jpeg,Mohammed Alashibi,https://www.pexels.com/photo/a-group-of-boys-crouching-in-front-of-damaged-buildings-15449849/
418,P3 defer — no price attached to this country,/places/mauritius/kite-dive-hike.html,mauritius,kite dive hike,adventure,yes,yes,yes,7229622,7.23,estimated,4,no price attached,2,no,,yes,True,REPLACE,"Add a width to the existing URL — the same ?auto=compress&cs=tinysrgb&w=1200 that 6,188 of the site's 7,496 provider references already carry. No licence, no new asset, no budget, and it does not prejudge whether the photograph is any good.",licence,B — one stock or agency licence at the going rate.,"Opens /places/mauritius/kite-dive-hike.html, the only photograph on it a phone is certain to fetch. No price attached. The picture is wrong: relevance 2.7; the provider calls it ""kiteboarders practicing kitesurfing on stormy sea wi"". Costs a phone 7.2 MB today (estimated).","kitesurfers on the lagoon below Le Morne, Mauritius",16/9,,pexels:6416393,https://images.pexels.com/photos/6416393/pexels-photo-6416393.jpeg,Quang Nguyen Vinh,https://www.pexels.com/photo/kiteboarders-practicing-kitesurfing-on-stormy-sea-with-horizon-6416393/
419,P3 defer — no price attached to this country,/places/sierra-leone/krio-and-sixteen-others.html,sierra-leone,krio and sixteen others,culture,yes,yes,yes,7193510,7.19,estimated,4,no price attached,4,no,,yes,True,REPLACE,"Add a width to the existing URL — the same ?auto=compress&cs=tinysrgb&w=1200 that 6,188 of the site's 7,496 provider references already carry. No licence, no new asset, no budget, and it does not prejudge whether the photograph is any good.",licence,B — one stock or agency licence at the going rate.,"Opens /places/sierra-leone/krio-and-sixteen-others.html, the only photograph on it a phone is certain to fetch. No price attached. The picture is wrong: the provider calls it ""blue and yellow bus on road during daytime"". Costs a phone 7.2 MB today (estimated).","a Krio board house with fretwork balconies in Freetown, Sierra Leone",16/9,,unsplash:00GKTfFdjK8,https://images.unsplash.com/photo-1582617327915-38767d80638c,Random Institute,https://unsplash.com/photos/blue-and-yellow-bus-on-road-during-daytime-00GKTfFdjK8
420,P3 defer — no price attached to this country,/places/burkina-faso/elephants-you-can-walk-to.html,burkina-faso,elephants you can walk to,family-community,yes,yes,yes,7180868,7.18,estimated,4,no price attached,2,no,,no,True,REPLACE,"Add a width to the existing URL — the same ?auto=compress&cs=tinysrgb&w=1200 that 6,188 of the site's 7,496 provider references already carry. No licence, no new asset, no budget, and it does not prejudge whether the photograph is any good.",licence,B — one stock or agency licence at the going rate.,"Opens /places/burkina-faso/elephants-you-can-walk-to.html, the only photograph on it a phone is certain to fetch. No price attached. The picture is wrong: relevance 2.7. Costs a phone 7.2 MB today (estimated).","a family walking with a guide towards elephants at Nazinga, Burkina Faso",16/9,,pexels:11760859,https://images.pexels.com/photos/11760859/pexels-photo-11760859.jpeg,ROMAN ODINTSOV,https://www.pexels.com/photo/elephants-on-a-land-11760859/
421,P3 defer — no price attached to this country,/places/tunisia/riad-dar-and-dune-camp.html,tunisia,riad dar and dune camp,luxury,yes,yes,yes,7075566,7.08,estimated,4,no price attached,2,no,,no,True,REPLACE,"Add a width to the existing URL — the same ?auto=compress&cs=tinysrgb&w=1200 that 6,188 of the site's 7,496 provider references already carry. No licence, no new asset, no budget, and it does not prejudge whether the photograph is any good.",licence,B — one stock or agency licence at the going rate.,"Opens /places/tunisia/riad-dar-and-dune-camp.html, the only photograph on it a phone is certain to fetch. No price attached. The picture is wrong: relevance 3.8; the provider calls it ""charming tunisian street scene with cafe"". Costs a phone 7.1 MB today (estimated).","the courtyard of a restored dar in the Tunis medina, Tunisia",16/9,,pexels:38203209,https://images.pexels.com/photos/38203209/pexels-photo-38203209.jpeg,Chermiti Mohamed,https://www.pexels.com/photo/charming-tunisian-street-scene-with-cafe-38203209/
422,P3 defer — no price attached to this country,/places/algeria/algiers-white-on-the-bay.html,algeria,algiers white on the bay,cities,yes,yes,yes,7047183,7.05,estimated,4,no price attached,2,no,,no,True,REPLACE,"Add a width to the existing URL — the same ?auto=compress&cs=tinysrgb&w=1200 that 6,188 of the site's 7,496 provider references already carry. No licence, no new asset, no budget, and it does not prejudge whether the photograph is any good.",licence,B — one stock or agency licence at the going rate.,"Opens /places/algeria/algiers-white-on-the-bay.html, the only photograph on it a phone is certain to fetch. No price attached. The picture is wrong: relevance 3.9; the provider calls it ""white and brown concrete building near body of water"". Costs a phone 7.0 MB today (estimated).","the white terraces of the Casbah of Algiers above the bay, Algeria",16/9,,unsplash:jHo1miI-ZJE,https://images.unsplash.com/photo-1610133290889-0ed892ce5157,Azzedine Rouichi,https://unsplash.com/photos/white-and-brown-concrete-building-near-body-of-water-during-daytime-jHo1miI-ZJE
423,P3 defer — no price attached to this country,/places/chad/two-sites-in-the-sahara.html,chad,two sites in the sahara,heritage,yes,yes,yes,6974368,6.97,estimated,4,no price attached,3,no,,no,True,REPLACE,"Add a width to the existing URL — the same ?auto=compress&cs=tinysrgb&w=1200 that 6,188 of the site's 7,496 provider references already carry. No licence, no new asset, no budget, and it does not prejudge whether the photograph is any good.",licence,B — one stock or agency licence at the going rate.,"Opens /places/chad/two-sites-in-the-sahara.html, the only photograph on it a phone is certain to fetch. No price attached. The picture is wrong: the provider calls it ""brown rock formations under white clouds"". Costs a phone 7.0 MB today (estimated).","the layered sandstone towers of the Ennedi at sunset, Chad",16/9,,pexels:9180225,https://images.pexels.com/photos/9180225/pexels-photo-9180225.jpeg,Djamel Ramdani,https://www.pexels.com/photo/brown-rock-formations-under-white-clouds-9180225/
424,P3 defer — no price attached to this country,/places/malawi/the-rift-and-the-massif.html,malawi,the rift and the massif,nature,yes,yes,yes,6939114,6.94,estimated,4,no price attached,4,no,,no,True,REPLACE,"Add a width to the existing URL — the same ?auto=compress&cs=tinysrgb&w=1200 that 6,188 of the site's 7,496 provider references already carry. No licence, no new asset, no budget, and it does not prejudge whether the photograph is any good.",licence,B — one stock or agency licence at the going rate.,"Opens /places/malawi/the-rift-and-the-massif.html, the only photograph on it a phone is certain to fetch. No price attached. The picture is wrong: relevance 2.5. Costs a phone 6.9 MB today (estimated).","Empty narrow pathway between lush green tea shrubs and trees against mounts under cloudy sky on foggy day, Malawi",16/9,,pexels:6130791,https://images.pexels.com/photos/6130791/pexels-photo-6130791.jpeg,Quang Nguyen Vinh,https://www.pexels.com/photo/path-between-tea-plantations-against-mountains-in-misty-weather-6130791/
425,P3 defer — no price attached to this country,/places/mozambique/maputo.html,mozambique,maputo,cities,yes,yes,yes,6936355,6.94,estimated,4,no price attached,2,no,,no,True,REPLACE,"Add a width to the existing URL — the same ?auto=compress&cs=tinysrgb&w=1200 that 6,188 of the site's 7,496 provider references already carry. No licence, no new asset, no budget, and it does not prejudge whether the photograph is any good.",licence,B — one stock or agency licence at the going rate.,"Opens /places/mozambique/maputo.html, the only photograph on it a phone is certain to fetch. No price attached. The picture is wrong: relevance 2.9; the provider calls it ""ferry on the aegean sea with izmir skyline"". Costs a phone 6.9 MB today (estimated).","the Maputo waterfront and the Indian Ocean, Mozambique",16/9,,pexels:38087806,https://images.pexels.com/photos/38087806/pexels-photo-38087806.jpeg,Doğan Alpaslan  Demir,https://www.pexels.com/photo/ferry-on-the-aegean-sea-with-izmir-skyline-38087806/
426,P3 defer — no price attached to this country,/places/djibouti/nothing-permanent.html,djibouti,nothing permanent,waterfalls,yes,yes,yes,6929756,6.93,estimated,4,no price attached,3,no,,no,True,REPLACE,"Add a width to the existing URL — the same ?auto=compress&cs=tinysrgb&w=1200 that 6,188 of the site's 7,496 provider references already carry. No licence, no new asset, no budget, and it does not prejudge whether the photograph is any good.",licence,B — one stock or agency licence at the going rate.,"Opens /places/djibouti/nothing-permanent.html, the only photograph on it a phone is certain to fetch. No price attached. The picture is wrong: relevance 2.8. Costs a phone 6.9 MB today (estimated).",a palm-shaded spring pool in a Djiboutian wadi,16/9,,pexels:36549158,https://images.pexels.com/photos/36549158/pexels-photo-36549158.jpeg,Tobias,https://www.pexels.com/photo/sunny-oasis-cafe-in-desert-palm-grove-36549158/
427,P3 defer — no price attached to this country,/places/central-african-republic/colonial-and-forest-camp.html,central-african-republic,colonial and forest camp,architecture,yes,yes,yes,6922562,6.92,estimated,4,no price attached,3,no,,no,True,REPLACE,"Add a width to the existing URL — the same ?auto=compress&cs=tinysrgb&w=1200 that 6,188 of the site's 7,496 provider references already carry. No licence, no new asset, no budget, and it does not prejudge whether the photograph is any good.",licence,B — one stock or agency licence at the going rate.,"Opens /places/central-african-republic/colonial-and-forest-camp.html, the only photograph on it a phone is certain to fetch. No price attached. The picture is wrong: relevance 3.7. Costs a phone 6.9 MB today (estimated).","a domed leaf mongulu shelter in a BaAka forest camp, Central African Republic",16/9,,pexels:38545694,https://images.pexels.com/photos/38545694/pexels-photo-38545694.jpeg,Manass Rex,https://www.pexels.com/photo/stylish-african-fashion-in-kinshasa-outdoors-38545694/
428,P3 defer — no price attached to this country,/places/nigeria/mangrove-to-sahel.html,nigeria,mangrove to sahel,nature,yes,yes,yes,6908018,6.91,estimated,4,no price attached,4,no,,no,True,REPLACE,"Add a width to the existing URL — the same ?auto=compress&cs=tinysrgb&w=1200 that 6,188 of the site's 7,496 provider references already carry. No licence, no new asset, no budget, and it does not prejudge whether the photograph is any good.",licence,B — one stock or agency licence at the going rate.,"Opens /places/nigeria/mangrove-to-sahel.html, the only photograph on it a phone is certain to fetch. No price attached. The picture is wrong: relevance 3.0. Costs a phone 6.9 MB today (estimated).","mangrove creeks in the Niger delta, Nigeria",16/9,,pexels:34263949,https://images.pexels.com/photos/34263949/pexels-photo-34263949.jpeg,Chris  The Island,https://www.pexels.com/photo/aerial-view-of-lush-green-mangrove-island-34263949/
429,P3 defer — no price attached to this country,/places/seychelles/creole.html,seychelles,creole,culture,yes,yes,yes,6897313,6.90,estimated,4,no price attached,4,no,,yes,True,REPLACE,"Add a width to the existing URL — the same ?auto=compress&cs=tinysrgb&w=1200 that 6,188 of the site's 7,496 provider references already carry. No licence, no new asset, no budget, and it does not prejudge whether the photograph is any good.",licence,B — one stock or agency licence at the going rate.,"Opens /places/seychelles/creole.html, the only photograph on it a phone is certain to fetch. No price attached. The picture is wrong: the provider calls it ""wooden porch with steps"". Costs a phone 6.9 MB today (estimated).","a Creole house with a wide veranda on Mahé, Seychelles",16/9,,pexels:14025856,https://images.pexels.com/photos/14025856/pexels-photo-14025856.jpeg,Quang Nguyen Vinh,https://www.pexels.com/photo/wooden-porch-with-steps-14025856/
430,P3 defer — no price attached to this country,/places/somalia/diving-berbera.html,somalia,diving berbera,adventure,yes,yes,yes,6749962,6.75,estimated,4,no price attached,2,no,,yes,True,REPLACE,"Add a width to the existing URL — the same ?auto=compress&cs=tinysrgb&w=1200 that 6,188 of the site's 7,496 provider references already carry. No licence, no new asset, no budget, and it does not prejudge whether the photograph is any good.",licence,B — one stock or agency licence at the going rate.,"Opens /places/somalia/diving-berbera.html, the only photograph on it a phone is certain to fetch. No price attached. The picture is wrong: relevance 2.7; the provider calls it ""two ships are in the ocean near a large body of wate"". Costs a phone 6.7 MB today (estimated).","a diver over an unfished coral reef in the Gulf of Aden, Somalia",16/9,,pexels:27534907,https://images.pexels.com/photos/27534907/pexels-photo-27534907.jpeg,Doğan Alpaslan  Demir,https://www.pexels.com/photo/two-ships-are-in-the-ocean-near-a-large-body-of-water-27534907/
431,P3 defer — no price attached to this country,/places/malawi/majetes-recovery.html,malawi,majetes recovery,eco-tourism,yes,yes,yes,6704594,6.70,estimated,4,no price attached,2,no,,no,True,REPLACE,"Add a width to the existing URL — the same ?auto=compress&cs=tinysrgb&w=1200 that 6,188 of the site's 7,496 provider references already carry. No licence, no new asset, no budget, and it does not prejudge whether the photograph is any good.",licence,B — one stock or agency licence at the going rate.,"Opens /places/malawi/majetes-recovery.html, the only photograph on it a phone is certain to fetch. No price attached. The picture is wrong: relevance 2.7. Costs a phone 6.7 MB today (estimated).","a ranger and vehicle at a waterhole in Majete, Malawi",16/9,,pexels:32679541,https://images.pexels.com/photos/32679541/pexels-photo-32679541.jpeg,Haim Charbit,https://www.pexels.com/photo/zebra-at-a-waterhole-in-natural-habitat-32679541/
432,P3 defer — no price attached to this country,/places/burundi/chimpanzees-at-kibira.html,burundi,chimpanzees at kibira,wildlife,yes,yes,yes,6693829,6.69,estimated,4,no price attached,4,no,,yes,True,REPLACE,"Add a width to the existing URL — the same ?auto=compress&cs=tinysrgb&w=1200 that 6,188 of the site's 7,496 provider references already carry. No licence, no new asset, no budget, and it does not prejudge whether the photograph is any good.",licence,B — one stock or agency licence at the going rate.,"Opens /places/burundi/chimpanzees-at-kibira.html, the only photograph on it a phone is certain to fetch. No price attached. The picture is wrong: relevance 3.0. Costs a phone 6.7 MB today (estimated).","a chimpanzee in the montane forest canopy at Kibira, Burundi",16/9,,pexels:34164692,https://images.pexels.com/photos/34164692/pexels-photo-34164692.jpeg,Bhupal Shrestha,https://www.pexels.com/photo/aerial-view-of-scenic-forest-and-village-landscape-34164692/
433,P3 defer — no price attached to this country,/places/central-african-republic/the-congo-basin-forest.html,central-african-republic,the congo basin forest,nature,yes,yes,yes,6693829,6.69,estimated,4,no price attached,4,no,,no,True,REPLACE,"Add a width to the existing URL — the same ?auto=compress&cs=tinysrgb&w=1200 that 6,188 of the site's 7,496 provider references already carry. No licence, no new asset, no budget, and it does not prejudge whether the photograph is any good.",licence,B — one stock or agency licence at the going rate.,"Opens /places/central-african-republic/the-congo-basin-forest.html, the only photograph on it a phone is certain to fetch. No price attached. The picture is wrong: the provider calls it ""aerial view of lush greenery and water bodies"". Costs a phone 6.7 MB today (estimated).","unbroken rainforest canopy in the Dzanga-Sangha reserve, Central African Republic",16/9,,pexels:32391849,https://images.pexels.com/photos/32391849/pexels-photo-32391849.jpeg,Ness'arts Prod,https://www.pexels.com/photo/aerial-view-of-lush-greenery-and-water-bodies-32391849/
434,P3 defer — no price attached to this country,/places/cabo-verde/walking-santo-antao.html,cabo-verde,walking santo antao,outdoor,yes,yes,yes,6693829,6.69,estimated,4,no price attached,2,no,,no,True,REPLACE,"Add a width to the existing URL — the same ?auto=compress&cs=tinysrgb&w=1200 that 6,188 of the site's 7,496 provider references already carry. No licence, no new asset, no budget, and it does not prejudge whether the photograph is any good.",licence,B — one stock or agency licence at the going rate.,"Opens /places/cabo-verde/walking-santo-antao.html, the only photograph on it a phone is certain to fetch. No price attached. The picture is wrong: relevance 3.0; the provider calls it ""sea city landscape nature"". Costs a phone 6.7 MB today (estimated).","walkers descending a cobbled path towards the sea on Santo Antao, Cabo Verde",16/9,,pexels:27429864,https://images.pexels.com/photos/27429864/pexels-photo-27429864.jpeg,Ryan Klaus,https://www.pexels.com/photo/sea-city-landscape-nature-27429864/
435,P3 defer — no price attached to this country,/places/central-african-republic/the-fertit-hills-and-mont-ngaoui.html,central-african-republic,the fertit hills and mont ngaoui,mountains,yes,yes,yes,6675856,6.68,estimated,4,no price attached,4,no,,no,True,REPLACE,"Add a width to the existing URL — the same ?auto=compress&cs=tinysrgb&w=1200 that 6,188 of the site's 7,496 provider references already carry. No licence, no new asset, no budget, and it does not prejudge whether the photograph is any good.",licence,B — one stock or agency licence at the going rate.,"Opens /places/central-african-republic/the-fertit-hills-and-mont-ngaoui.html, the only photograph on it a phone is certain to fetch. No price attached. The picture is wrong: relevance 3.0. Costs a phone 6.7 MB today (estimated).","Drone captures a picturesque village surrounded by farmland and rolling hills in Petrovice II, Česko., Central African Republic",16/9,,pexels:28146858,https://images.pexels.com/photos/28146858/pexels-photo-28146858.jpeg,Stepan Vrany,https://www.pexels.com/photo/aerial-view-of-a-village-in-the-countryside-28146858/
436,P3 defer — no price attached to this country,/places/mali/where-the-blues-came-from.html,mali,where the blues came from,culture,yes,yes,yes,6615874,6.62,estimated,4,no price attached,4,no,,yes,True,REPLACE,"Add a width to the existing URL — the same ?auto=compress&cs=tinysrgb&w=1200 that 6,188 of the site's 7,496 provider references already carry. No licence, no new asset, no budget, and it does not prejudge whether the photograph is any good.",licence,B — one stock or agency licence at the going rate.,"Opens /places/mali/where-the-blues-came-from.html, the only photograph on it a phone is certain to fetch. No price attached. The picture is wrong: relevance 2.0; the provider calls it ""a man holding a handmade guitar"". Costs a phone 6.6 MB today (estimated).","A traditional Moroccan instrument being played by a musician in Khemliya., Mali",16/9,,pexels:12585023,https://images.pexels.com/photos/12585023/pexels-photo-12585023.jpeg,Zakaria HANIF,https://www.pexels.com/photo/a-man-holding-a-handmade-guitar-12585023/
437,P3 defer — no price attached to this country,/places/djibouti/lake-abbe.html,djibouti,lake abbe,lakes-rivers,yes,yes,yes,6615874,6.62,estimated,4,no price attached,3,no,,no,True,REPLACE,"Add a width to the existing URL — the same ?auto=compress&cs=tinysrgb&w=1200 that 6,188 of the site's 7,496 provider references already carry. No licence, no new asset, no budget, and it does not prejudge whether the photograph is any good.",licence,B — one stock or agency licence at the going rate.,"Opens /places/djibouti/lake-abbe.html, the only photograph on it a phone is certain to fetch. No price attached. The picture is wrong: relevance 3.4; the provider calls it ""rock in a sea"". Costs a phone 6.6 MB today (estimated).","limestone chimneys venting steam on the flats of Lake Abbe, Djibouti",16/9,,pexels:22086480,https://images.pexels.com/photos/22086480/pexels-photo-22086480.jpeg,Channel Iskatel,https://www.pexels.com/photo/rock-in-a-sea-22086480/
438,P3 defer — no price attached to this country,/places/egypt/the-first-cataract.html,egypt,the first cataract,waterfalls,yes,yes,yes,6615874,6.62,estimated,4,no price attached,3,no,,no,True,REPLACE,"Add a width to the existing URL — the same ?auto=compress&cs=tinysrgb&w=1200 that 6,188 of the site's 7,496 provider references already carry. No licence, no new asset, no budget, and it does not prejudge whether the photograph is any good.",licence,B — one stock or agency licence at the going rate.,"Opens /places/egypt/the-first-cataract.html, the only photograph on it a phone is certain to fetch. No price attached. The picture is wrong: the provider calls it ""philae temple by blue sea"". Costs a phone 6.6 MB today (estimated).","the Nile running over granite at the Aswan cataract, Egypt",16/9,,pexels:15131475,https://images.pexels.com/photos/15131475/pexels-photo-15131475.jpeg,Diego F. Parra,https://www.pexels.com/photo/philae-temple-by-blue-sea-15131475/
439,P3 defer — no price attached to this country,/places/nigeria/danfo-and-buka.html,nigeria,danfo and buka,local-life,yes,yes,yes,6615874,6.62,estimated,4,no price attached,3,no,,no,True,REPLACE,"Add a width to the existing URL — the same ?auto=compress&cs=tinysrgb&w=1200 that 6,188 of the site's 7,496 provider references already carry. No licence, no new asset, no budget, and it does not prejudge whether the photograph is any good.",licence,B — one stock or agency licence at the going rate.,"Opens /places/nigeria/danfo-and-buka.html, the only photograph on it a phone is certain to fetch. No price attached. The picture is wrong: the provider calls it ""crowded city street"". Costs a phone 6.6 MB today (estimated).","a yellow danfo bus in Lagos traffic, Nigeria",16/9,,pexels:16155217,https://images.pexels.com/photos/16155217/pexels-photo-16155217.jpeg,David Iloba,https://www.pexels.com/photo/crowded-city-street-16155217/
440,P3 defer — no price attached to this country,/places/south-sudan/the-white-nile.html,south-sudan,the white nile,lakes-rivers,yes,yes,yes,6615874,6.62,estimated,4,no price attached,3,no,,no,True,REPLACE,"Add a width to the existing URL — the same ?auto=compress&cs=tinysrgb&w=1200 that 6,188 of the site's 7,496 provider references already carry. No licence, no new asset, no budget, and it does not prejudge whether the photograph is any good.",licence,B — one stock or agency licence at the going rate.,"Opens /places/south-sudan/the-white-nile.html, the only photograph on it a phone is certain to fetch. No price attached. The picture is wrong: relevance 2.9. Costs a phone 6.6 MB today (estimated).","Close-up of an African crocodile resting near the water in South Africa, showcasing its textured scales and sharp teeth., South Sudan",16/9,,pexels:10544532,https://images.pexels.com/photos/10544532/pexels-photo-10544532.jpeg,Frans van Heerden,https://www.pexels.com/photo/brown-crocodile-on-green-grass-field-10544532/
441,P3 defer — no price attached to this country,/places/equatorial-guinea/walking-bioko.html,equatorial-guinea,walking bioko,outdoor,yes,yes,yes,6615874,6.62,estimated,4,no price attached,2,no,,no,True,REPLACE,"Add a width to the existing URL — the same ?auto=compress&cs=tinysrgb&w=1200 that 6,188 of the site's 7,496 provider references already carry. No licence, no new asset, no budget, and it does not prejudge whether the photograph is any good.",licence,B — one stock or agency licence at the going rate.,"Opens /places/equatorial-guinea/walking-bioko.html, the only photograph on it a phone is certain to fetch. No price attached. The picture is wrong: relevance 2.5; the provider calls it ""drone view of treetops"". Costs a phone 6.6 MB today (estimated).","a forest path descending towards the sea on southern Bioko, Equatorial Guinea",16/9,,pexels:6015206,https://images.pexels.com/photos/6015206/pexels-photo-6015206.jpeg,Alesia  Kozik,https://www.pexels.com/photo/drone-view-of-treetops-6015206/
442,P3 defer — no price attached to this country,/places/nigeria/benin-city-and-sungbos-eredo.html,nigeria,benin city and sungbos eredo,historic-sites,yes,yes,yes,6615874,6.62,estimated,4,no price attached,2,no,,no,True,REPLACE,"Add a width to the existing URL — the same ?auto=compress&cs=tinysrgb&w=1200 that 6,188 of the site's 7,496 provider references already carry. No licence, no new asset, no budget, and it does not prejudge whether the photograph is any good.",licence,B — one stock or agency licence at the going rate.,"Opens /places/nigeria/benin-city-and-sungbos-eredo.html, the only photograph on it a phone is certain to fetch. No price attached. The picture is wrong: the provider calls it ""people wearing traditional clothes"". Costs a phone 6.6 MB today (estimated).","the earth walls and moat of the Benin kingdom, Nigeria",16/9,,pexels:16274227,https://images.pexels.com/photos/16274227/pexels-photo-16274227.jpeg,David Iloba,https://www.pexels.com/photo/people-wearing-traditional-clothes-16274227/
443,P3 defer — no price attached to this country,/places/nigeria/the-culture-everyone-else-is-watching.html,nigeria,the culture everyone else is watching,why-visit,yes,yes,yes,6615874,6.62,estimated,4,no price attached,2,no,,yes,True,REPLACE,"Add a width to the existing URL — the same ?auto=compress&cs=tinysrgb&w=1200 that 6,188 of the site's 7,496 provider references already carry. No licence, no new asset, no budget, and it does not prejudge whether the photograph is any good.",licence,B — one stock or agency licence at the going rate.,"Opens /places/nigeria/the-culture-everyone-else-is-watching.html, the only photograph on it a phone is certain to fetch. No price attached. The picture is wrong: relevance 3.9; the provider calls it ""people and cars on city street"". Costs a phone 6.6 MB today (estimated).","a live Afrobeats performance in Lagos, Nigeria",16/9,,pexels:16155218,https://images.pexels.com/photos/16155218/pexels-photo-16155218.jpeg,David Iloba,https://www.pexels.com/photo/people-and-cars-on-city-street-16155218/
444,P3 defer — no price attached to this country,/places/south-sudan/nimule.html,south-sudan,nimule,hidden-gems,yes,yes,yes,6615874,6.62,estimated,4,no price attached,2,no,,no,True,REPLACE,"Add a width to the existing URL — the same ?auto=compress&cs=tinysrgb&w=1200 that 6,188 of the site's 7,496 provider references already carry. No licence, no new asset, no budget, and it does not prejudge whether the photograph is any good.",licence,B — one stock or agency licence at the going rate.,"Opens /places/south-sudan/nimule.html, the only photograph on it a phone is certain to fetch. No price attached. The picture is wrong: the provider calls it ""ruins of philae temple"". Costs a phone 6.6 MB today (estimated).","the Nile running through green hills at Nimule, South Sudan",16/9,,pexels:15131476,https://images.pexels.com/photos/15131476/pexels-photo-15131476.jpeg,Diego F. Parra,https://www.pexels.com/photo/ruins-of-philae-temple-15131476/
445,P3 defer — no price attached to this country,/places/south-sudan/why-south-sudan.html,south-sudan,why south sudan,why-visit,yes,yes,yes,6615874,6.62,estimated,4,no price attached,2,no,,yes,True,REPLACE,"Add a width to the existing URL — the same ?auto=compress&cs=tinysrgb&w=1200 that 6,188 of the site's 7,496 provider references already carry. No licence, no new asset, no budget, and it does not prejudge whether the photograph is any good.",licence,B — one stock or agency licence at the going rate.,"Opens /places/south-sudan/why-south-sudan.html, the only photograph on it a phone is certain to fetch. No price attached. The picture is wrong: relevance 3.4; the provider calls it ""cyclist passing by aiwerioba oguigo mansion shopping"". Costs a phone 6.6 MB today (estimated).","a single vehicle beside an immense herd of kob on open plain, South Sudan",16/9,,pexels:16114927,https://images.pexels.com/photos/16114927/pexels-photo-16114927.jpeg,David Iloba,https://www.pexels.com/photo/cyclist-passing-by-aiwerioba-oguigo-mansion-shopping-mall-in-benin-city-nigeria-16114927/
446,P3 defer — no price attached to this country,/places/sudan/the-nile-at-tuti.html,sudan,the nile at tuti,family-community,yes,yes,yes,6615874,6.62,estimated,4,no price attached,2,no,,no,True,REPLACE,"Add a width to the existing URL — the same ?auto=compress&cs=tinysrgb&w=1200 that 6,188 of the site's 7,496 provider references already carry. No licence, no new asset, no budget, and it does not prejudge whether the photograph is any good.",licence,B — one stock or agency licence at the going rate.,"Opens /places/sudan/the-nile-at-tuti.html, the only photograph on it a phone is certain to fetch. No price attached. The picture is wrong: the provider calls it ""boats in sea"". Costs a phone 6.6 MB today (estimated).","small farms and palms on Tuti island in the Nile at Khartoum, Sudan",16/9,,pexels:15131486,https://images.pexels.com/photos/15131486/pexels-photo-15131486.jpeg,Diego F. Parra,https://www.pexels.com/photo/boats-in-sea-15131486/
447,P3 defer — no price attached to this country,/places/sudan/reefs-nobody-dives.html,sudan,reefs nobody dives,beaches,yes,yes,yes,6605568,6.61,estimated,4,no price attached,4,no,,no,True,REPLACE,"Add a width to the existing URL — the same ?auto=compress&cs=tinysrgb&w=1200 that 6,188 of the site's 7,496 provider references already carry. No licence, no new asset, no budget, and it does not prejudge whether the photograph is any good.",licence,B — one stock or agency licence at the going rate.,"Opens /places/sudan/reefs-nobody-dives.html, the only photograph on it a phone is certain to fetch. No price attached. The picture is wrong: the provider calls it ""diving adventure in the red sea depths"". Costs a phone 6.6 MB today (estimated).","a coral wall and reef fish at Sanganeb atoll in the Red Sea, Sudan",16/9,,pexels:32293259,https://images.pexels.com/photos/32293259/pexels-photo-32293259.jpeg,Daniel Shipilov,https://www.pexels.com/photo/diving-adventure-in-the-red-sea-depths-32293259/
448,P3 defer — no price attached to this country,/places/nigeria/bronze-adire-and-aso-oke.html,nigeria,bronze adire and aso oke,crafts,yes,yes,yes,6569687,6.57,estimated,4,no price attached,2,no,,no,True,REPLACE,"Add a width to the existing URL — the same ?auto=compress&cs=tinysrgb&w=1200 that 6,188 of the site's 7,496 provider references already carry. No licence, no new asset, no budget, and it does not prejudge whether the photograph is any good.",licence,B — one stock or agency licence at the going rate.,"Opens /places/nigeria/bronze-adire-and-aso-oke.html, the only photograph on it a phone is certain to fetch. No price attached. The picture is wrong: the provider calls it ""in cruce salus"". Costs a phone 6.6 MB today (estimated).","a bronze caster at work in Igun street, Benin City, Nigeria",16/9,,pexels:16456302,https://images.pexels.com/photos/16456302/pexels-photo-16456302.jpeg,David Iloba,https://www.pexels.com/photo/in-cruce-salus-16456302/
449,P3 defer — no price attached to this country,/places/mauritania/nouakchott-and-nouadhibou.html,mauritania,nouakchott and nouadhibou,cities,yes,yes,yes,6507725,6.51,estimated,4,no price attached,2,no,,no,True,REPLACE,"Add a width to the existing URL — the same ?auto=compress&cs=tinysrgb&w=1200 that 6,188 of the site's 7,496 provider references already carry. No licence, no new asset, no budget, and it does not prejudge whether the photograph is any good.",licence,B — one stock or agency licence at the going rate.,"Opens /places/mauritania/nouakchott-and-nouadhibou.html, the only photograph on it a phone is certain to fetch. No price attached. The picture is wrong: relevance 3.8; the provider calls it ""corner of building in town"". Costs a phone 6.5 MB today (estimated).","the fish market and painted pirogues on the beach at Nouakchott, Mauritania",16/9,,pexels:17244133,https://images.pexels.com/photos/17244133/pexels-photo-17244133.jpeg,Ben Khatry,https://www.pexels.com/photo/corner-of-building-in-town-17244133/
450,P3 defer — no price attached to this country,/places/morocco/the-people-of-the-atlas.html,morocco,the people of the atlas,traditional-people,yes,yes,yes,6471489,6.47,estimated,4,no price attached,3,no,,no,True,REPLACE,"Add a width to the existing URL — the same ?auto=compress&cs=tinysrgb&w=1200 that 6,188 of the site's 7,496 provider references already carry. No licence, no new asset, no budget, and it does not prejudge whether the photograph is any good.",licence,B — one stock or agency licence at the going rate.,"Opens /places/morocco/the-people-of-the-atlas.html, the only photograph on it a phone is certain to fetch. No price attached. The picture is wrong: does not name Morocco, which the slot asked for. Costs a phone 6.5 MB today (estimated).","a shepherd with his flock on a High Atlas terrace, Morocco",16/9,,pexels:37684108,https://images.pexels.com/photos/37684108/pexels-photo-37684108.jpeg,pierre matile,https://www.pexels.com/photo/scenic-view-of-traditional-moroccan-village-in-atlas-mountains-37684108/
451,P3 defer — no price attached to this country,/places/sierra-leone/the-cotton-tree-and-what-followed.html,sierra-leone,the cotton tree and what followed,heritage,yes,yes,yes,6417047,6.42,estimated,4,no price attached,3,no,,no,True,REPLACE,"Add a width to the existing URL — the same ?auto=compress&cs=tinysrgb&w=1200 that 6,188 of the site's 7,496 provider references already carry. No licence, no new asset, no budget, and it does not prejudge whether the photograph is any good.",licence,B — one stock or agency licence at the going rate.,"Opens /places/sierra-leone/the-cotton-tree-and-what-followed.html, the only photograph on it a phone is certain to fetch. No price attached. The picture is wrong: relevance 2.5. Costs a phone 6.4 MB today (estimated).","the historic Cotton Tree standing in central Freetown, Sierra Leone",16/9,,unsplash:ONpJpMv6xUM,https://images.unsplash.com/photo-1761666508145-c6d865defe65,Random Institute,https://unsplash.com/photos/blue-auto-rickshaw-parked-near-a-large-tree-ONpJpMv6xUM
452,P3 defer — no price attached to this country,/places/comoros/three-islands-and-a-claim.html,comoros,three islands and a claim,nature,yes,yes,yes,6372441,6.37,estimated,4,no price attached,4,no,,no,True,REPLACE,"Add a width to the existing URL — the same ?auto=compress&cs=tinysrgb&w=1200 that 6,188 of the site's 7,496 provider references already carry. No licence, no new asset, no budget, and it does not prejudge whether the photograph is any good.",licence,B — one stock or agency licence at the going rate.,"Opens /places/comoros/three-islands-and-a-claim.html, the only photograph on it a phone is certain to fetch. No price attached. The picture is wrong: the provider calls it ""charming european architecture in strasbourg"". Costs a phone 6.4 MB today (estimated).","the volcanic coastline and black rock of Grande Comore, Comoros",16/9,,pexels:32116697,https://images.pexels.com/photos/32116697/pexels-photo-32116697.jpeg,Ramon Karolan,https://www.pexels.com/photo/charming-european-architecture-in-strasbourg-32116697/
453,P3 defer — no price attached to this country,/places/mali/the-niger-bend.html,mali,the niger bend,nature,yes,yes,yes,6364645,6.36,estimated,4,no price attached,4,no,,no,True,REPLACE,"Add a width to the existing URL — the same ?auto=compress&cs=tinysrgb&w=1200 that 6,188 of the site's 7,496 provider references already carry. No licence, no new asset, no budget, and it does not prejudge whether the photograph is any good.",licence,B — one stock or agency licence at the going rate.,"Opens /places/mali/the-niger-bend.html, the only photograph on it a phone is certain to fetch. No price attached. The picture is wrong: relevance 2.6. Costs a phone 6.4 MB today (estimated).","the Niger river curving broad and brown through Sahelian scrub, Mali",16/9,,pexels:38109497,https://images.pexels.com/photos/38109497/pexels-photo-38109497.jpeg,Sani Maikatanga,https://www.pexels.com/photo/traditional-festival-in-agadez-niger-38109497/
454,P3 defer — no price attached to this country,/places/sierra-leone/bunce-island.html,sierra-leone,bunce island,historic-sites,yes,yes,yes,6342500,6.34,estimated,4,no price attached,2,no,,no,True,REPLACE,"Add a width to the existing URL — the same ?auto=compress&cs=tinysrgb&w=1200 that 6,188 of the site's 7,496 provider references already carry. No licence, no new asset, no budget, and it does not prejudge whether the photograph is any good.",licence,B — one stock or agency licence at the going rate.,"Opens /places/sierra-leone/bunce-island.html, the only photograph on it a phone is certain to fetch. No price attached. The picture is wrong: relevance 2.7; query broadened to category; the provider calls it ""brown wooden house near palm trees during daytime"". Costs a phone 6.3 MB today (estimated).",Historic Sites in Sierra Leone,16/9,,unsplash:MdfqwCfUPB0,https://images.unsplash.com/photo-1582617012854-7a083c0fa865,Random Institute,https://unsplash.com/photos/brown-wooden-house-near-palm-trees-during-daytime-MdfqwCfUPB0
455,P3 defer — no price attached to this country,/places/comoros/volcano-and-reef.html,comoros,volcano and reef,outdoor,yes,yes,yes,6205485,6.21,estimated,4,no price attached,2,no,,no,True,REPLACE,"Add a width to the existing URL — the same ?auto=compress&cs=tinysrgb&w=1200 that 6,188 of the site's 7,496 provider references already carry. No licence, no new asset, no budget, and it does not prejudge whether the photograph is any good.",licence,B — one stock or agency licence at the going rate.,"Opens /places/comoros/volcano-and-reef.html, the only photograph on it a phone is certain to fetch. No price attached. The picture is wrong: the provider calls it ""unrecognizable person diving above rocks"". Costs a phone 6.2 MB today (estimated).","a diver over a coral drop-off in Comorian water, Comoros",16/9,,pexels:4961417,https://images.pexels.com/photos/4961417/pexels-photo-4961417.jpeg,Daniel Torobekov,https://www.pexels.com/photo/unrecognizable-person-diving-above-rocks-4961417/
456,P3 defer — no price attached to this country,/places/benin/the-atakora-range.html,benin,the atakora range,mountains,yes,yes,yes,6195648,6.20,estimated,4,no price attached,4,no,,no,True,REPLACE,"Add a width to the existing URL — the same ?auto=compress&cs=tinysrgb&w=1200 that 6,188 of the site's 7,496 provider references already carry. No licence, no new asset, no budget, and it does not prejudge whether the photograph is any good.",licence,B — one stock or agency licence at the going rate.,"Opens /places/benin/the-atakora-range.html, the only photograph on it a phone is certain to fetch. No price attached. The picture is wrong: the provider calls it ""group of people in traditional tribal clothing and s"". Costs a phone 6.2 MB today (estimated).",the quartzite ridges of the Atakora range in northern Benin,16/9,,pexels:25945408,https://images.pexels.com/photos/25945408/pexels-photo-25945408.jpeg,Abdias GBETOKPANOU,https://www.pexels.com/photo/group-of-people-in-traditional-tribal-clothing-and-sunglasses-25945408/
457,P3 defer — no price attached to this country,/places/congo/lesio-louna.html,congo,lesio louna,hidden-gems,yes,yes,yes,6145260,6.15,estimated,4,no price attached,2,no,,no,True,REPLACE,"Add a width to the existing URL — the same ?auto=compress&cs=tinysrgb&w=1200 that 6,188 of the site's 7,496 provider references already carry. No licence, no new asset, no budget, and it does not prejudge whether the photograph is any good.",licence,B — one stock or agency licence at the going rate.,"Opens /places/congo/lesio-louna.html, the only photograph on it a phone is certain to fetch. No price attached. The picture is wrong: relevance 2.8. Costs a phone 6.1 MB today (estimated).","Two gorillas in a natural, green setting engaging with each other, showcasing wildlife behavior., Congo",16/9,,pexels:32181422,https://images.pexels.com/photos/32181422/pexels-photo-32181422.jpeg,Jay Brand,https://www.pexels.com/photo/two-gorillas-interacting-in-lush-greenery-32181422/
458,P3 defer — no price attached to this country,/places/lesotho/sunday-on-horseback.html,lesotho,sunday on horseback,local-life,yes,yes,yes,6135733,6.14,estimated,4,no price attached,3,no,,no,True,REPLACE,"Add a width to the existing URL — the same ?auto=compress&cs=tinysrgb&w=1200 that 6,188 of the site's 7,496 provider references already carry. No licence, no new asset, no budget, and it does not prejudge whether the photograph is any good.",licence,B — one stock or agency licence at the going rate.,"Opens /places/lesotho/sunday-on-horseback.html, the only photograph on it a phone is certain to fetch. No price attached. The picture is wrong: relevance 2.7. Costs a phone 6.1 MB today (estimated).","villagers on horseback on a mountain track, Lesotho",16/9,,pexels:34605386,https://images.pexels.com/photos/34605386/pexels-photo-34605386.jpeg,MEHMET KAYNAR,https://www.pexels.com/photo/winter-herding-scene-in-snowy-mountain-landscape-34605386/
459,P3 defer — no price attached to this country,/places/ethiopia/gelada-and-walia-ibex.html,ethiopia,gelada and walia ibex,wildlife,yes,yes,yes,6100305,6.10,estimated,4,no price attached,4,no,,yes,True,REPLACE,"Add a width to the existing URL — the same ?auto=compress&cs=tinysrgb&w=1200 that 6,188 of the site's 7,496 provider references already carry. No licence, no new asset, no budget, and it does not prejudge whether the photograph is any good.",licence,B — one stock or agency licence at the going rate.,"Opens /places/ethiopia/gelada-and-walia-ibex.html, the only photograph on it a phone is certain to fetch. No price attached. The picture is wrong: relevance 3.8; the provider calls it ""close up shot of a baboon"". Costs a phone 6.1 MB today (estimated).","a troop of gelada baboons grazing on the Simien escarpment, Ethiopia",16/9,,pexels:5680868,https://images.pexels.com/photos/5680868/pexels-photo-5680868.jpeg,Atypeek Dgn,https://www.pexels.com/photo/close-up-shot-of-a-baboon-5680868/
460,P3 defer — no price attached to this country,/places/central-african-republic/baaka-and-sangha-sangha.html,central-african-republic,baaka and sangha sangha,traditional-people,yes,yes,yes,6093844,6.09,estimated,4,no price attached,3,no,,no,True,REPLACE,"Add a width to the existing URL — the same ?auto=compress&cs=tinysrgb&w=1200 that 6,188 of the site's 7,496 provider references already carry. No licence, no new asset, no budget, and it does not prejudge whether the photograph is any good.",licence,B — one stock or agency licence at the going rate.,"Opens /places/central-african-republic/baaka-and-sangha-sangha.html, the only photograph on it a phone is certain to fetch. No price attached. The picture is wrong: relevance 3.7. Costs a phone 6.1 MB today (estimated).","African men in traditional clothing performing a cultural dance in Abomey Calavi, Benin., Central African Republic",16/9,,pexels:25945407,https://images.pexels.com/photos/25945407/pexels-photo-25945407.jpeg,Abdias GBETOKPANOU,https://www.pexels.com/photo/people-dancing-wearing-tribal-traditional-clothing-25945407/
461,P3 defer — no price attached to this country,/places/madagascar/baobabs-at-six.html,madagascar,baobabs at six,photography,yes,yes,yes,6080191,6.08,estimated,4,no price attached,3,no,,no,True,REPLACE,"Add a width to the existing URL — the same ?auto=compress&cs=tinysrgb&w=1200 that 6,188 of the site's 7,496 provider references already carry. No licence, no new asset, no budget, and it does not prejudge whether the photograph is any good.",licence,B — one stock or agency licence at the going rate.,"Opens /places/madagascar/baobabs-at-six.html, the only photograph on it a phone is certain to fetch. No price attached. The picture is wrong: relevance 2.4; the provider calls it ""men sitting in boat on a wide river"". Costs a phone 6.1 MB today (estimated).","baobabs silhouetted against the sky at Morondava, Madagascar",16/9,,pexels:14024766,https://images.pexels.com/photos/14024766/pexels-photo-14024766.jpeg,Quang Nguyen Vinh,https://www.pexels.com/photo/men-sitting-in-boat-on-a-wide-river-14024766/
462,P3 defer — no price attached to this country,/places/mauritius/creole-and-bhojpuri.html,mauritius,creole and bhojpuri,traditional-people,yes,yes,yes,6075751,6.08,estimated,4,no price attached,3,no,,no,True,REPLACE,"Add a width to the existing URL — the same ?auto=compress&cs=tinysrgb&w=1200 that 6,188 of the site's 7,496 provider references already carry. No licence, no new asset, no budget, and it does not prejudge whether the photograph is any good.",licence,B — one stock or agency licence at the going rate.,"Opens /places/mauritius/creole-and-bhojpuri.html, the only photograph on it a phone is certain to fetch. No price attached. The picture is wrong: relevance 2.7. Costs a phone 6.1 MB today (estimated).","Woman in red waving to a bus on a picturesque country road lined with tall trees., Mauritius",16/9,,pexels:2884745,https://images.pexels.com/photos/2884745/pexels-photo-2884745.jpeg,Quang Nguyen Vinh,https://www.pexels.com/photo/a-woman-catching-a-bus-2884745/
463,P3 defer — no price attached to this country,/places/cabo-verde/ribeiras.html,cabo-verde,ribeiras,lakes-rivers,yes,yes,yes,6050539,6.05,estimated,4,no price attached,3,no,,no,True,REPLACE,"Add a width to the existing URL — the same ?auto=compress&cs=tinysrgb&w=1200 that 6,188 of the site's 7,496 provider references already carry. No licence, no new asset, no budget, and it does not prejudge whether the photograph is any good.",licence,B — one stock or agency licence at the going rate.,"Opens /places/cabo-verde/ribeiras.html, the only photograph on it a phone is certain to fetch. No price attached. The picture is wrong: relevance 2.1; the provider calls it ""tanzanian sugar cane field 01"". Costs a phone 6.1 MB today (estimated).","Workers harvesting sugarcane on a sunny day, showcasing traditional agriculture., Cabo Verde",16/9,,pexels:27869189,https://images.pexels.com/photos/27869189/pexels-photo-27869189.jpeg,Karl Ahnee,https://www.pexels.com/photo/tanzanian-sugar-cane-field-01-27869189/
464,P3 defer — no price attached to this country,/places/mauritania/moor-and-fulani.html,mauritania,moor and fulani,culture,yes,yes,yes,5991671,5.99,estimated,4,no price attached,4,no,,yes,True,REPLACE,"Add a width to the existing URL — the same ?auto=compress&cs=tinysrgb&w=1200 that 6,188 of the site's 7,496 provider references already carry. No licence, no new asset, no budget, and it does not prejudge whether the photograph is any good.",licence,B — one stock or agency licence at the going rate.,"Opens /places/mauritania/moor-and-fulani.html, the only photograph on it a phone is certain to fetch. No price attached. The picture is wrong: the provider calls it ""men in traditional clothing"". Costs a phone 6.0 MB today (estimated).","men in blue boubous drinking tea on a mat in the desert, Mauritania",16/9,,pexels:17527836,https://images.pexels.com/photos/17527836/pexels-photo-17527836.jpeg,Faruk Tokluoğlu,https://www.pexels.com/photo/men-in-traditional-clothing-17527836/
465,P3 defer — no price attached to this country,/places/morocco/amazigh-and-arab.html,morocco,amazigh and arab,culture,yes,yes,yes,5991671,5.99,estimated,4,no price attached,4,no,,yes,True,REPLACE,"Add a width to the existing URL — the same ?auto=compress&cs=tinysrgb&w=1200 that 6,188 of the site's 7,496 provider references already carry. No licence, no new asset, no budget, and it does not prejudge whether the photograph is any good.",licence,B — one stock or agency licence at the going rate.,"Opens /places/morocco/amazigh-and-arab.html, the only photograph on it a phone is certain to fetch. No price attached. The picture is wrong: the provider calls it ""man in vest and jeans sitting in house doorway"". Costs a phone 6.0 MB today (estimated).","an Amazigh village of earth houses built into a hillside, Morocco",16/9,,pexels:20550929,https://images.pexels.com/photos/20550929/pexels-photo-20550929.jpeg,YOUSSEF elbelghiti,https://www.pexels.com/photo/man-in-vest-and-jeans-sitting-in-house-doorway-20550929/
466,P3 defer — no price attached to this country,/places/algeria/yennayer-and-the-sufi-moussems.html,algeria,yennayer and the sufi moussems,festivals,yes,yes,yes,5991671,5.99,estimated,4,no price attached,3,no,,no,True,REPLACE,"Add a width to the existing URL — the same ?auto=compress&cs=tinysrgb&w=1200 that 6,188 of the site's 7,496 provider references already carry. No licence, no new asset, no budget, and it does not prejudge whether the photograph is any good.",licence,B — one stock or agency licence at the going rate.,"Opens /places/algeria/yennayer-and-the-sufi-moussems.html, the only photograph on it a phone is certain to fetch. No price attached. The picture is wrong: relevance 2.0. Costs a phone 6.0 MB today (estimated).","Group of men in vibrant traditional costumes at a cultural festival, outdoors., Algeria",16/9,,pexels:37919476,https://images.pexels.com/photos/37919476/pexels-photo-37919476.jpeg,Yetkin Ağaç,https://www.pexels.com/photo/traditional-festival-performers-in-colorful-costumes-37919476/
467,P3 defer — no price attached to this country,/places/burkina-faso/masks-in-motion.html,burkina-faso,masks in motion,photography,yes,yes,yes,5991671,5.99,estimated,4,no price attached,3,no,,no,True,REPLACE,"Add a width to the existing URL — the same ?auto=compress&cs=tinysrgb&w=1200 that 6,188 of the site's 7,496 provider references already carry. No licence, no new asset, no budget, and it does not prejudge whether the photograph is any good.",licence,B — one stock or agency licence at the going rate.,"Opens /places/burkina-faso/masks-in-motion.html, the only photograph on it a phone is certain to fetch. No price attached. The picture is wrong: relevance 3.9; the provider calls it ""traditional dance celebration in oaxaca street"". Costs a phone 6.0 MB today (estimated).","a masked dancer spinning in dust at a mask festival, Burkina Faso",16/9,,pexels:33704008,https://images.pexels.com/photos/33704008/pexels-photo-33704008.jpeg,Miguel González,https://www.pexels.com/photo/traditional-dance-celebration-in-oaxaca-street-33704008/
468,P3 defer — no price attached to this country,/places/chad/tea-in-the-shade.html,chad,tea in the shade,local-life,yes,yes,yes,5991671,5.99,estimated,4,no price attached,3,no,,no,True,REPLACE,"Add a width to the existing URL — the same ?auto=compress&cs=tinysrgb&w=1200 that 6,188 of the site's 7,496 provider references already carry. No licence, no new asset, no budget, and it does not prejudge whether the photograph is any good.",licence,B — one stock or agency licence at the going rate.,"Opens /places/chad/tea-in-the-shade.html, the only photograph on it a phone is certain to fetch. No price attached. The picture is wrong: relevance 2.7. Costs a phone 6.0 MB today (estimated).","A group of men in traditional African clothing gather outdoors, viewed from a car window., Chad",16/9,,pexels:17527846,https://images.pexels.com/photos/17527846/pexels-photo-17527846.jpeg,Faruk Tokluoğlu,https://www.pexels.com/photo/crowd-in-traditional-clothing-standing-behind-car-window-17527846/
469,P3 defer — no price attached to this country,/places/dr-congo/the-congo-river.html,dr-congo,the congo river,lakes-rivers,yes,yes,yes,5991671,5.99,estimated,4,no price attached,3,no,,no,True,REPLACE,"Add a width to the existing URL — the same ?auto=compress&cs=tinysrgb&w=1200 that 6,188 of the site's 7,496 provider references already carry. No licence, no new asset, no budget, and it does not prejudge whether the photograph is any good.",licence,B — one stock or agency licence at the going rate.,"Opens /places/dr-congo/the-congo-river.html, the only photograph on it a phone is certain to fetch. No price attached. The picture is wrong: relevance 3.4. Costs a phone 6.0 MB today (estimated).","Tranquil scene of a traditional canoe on a calm Nigerian river under a cloudy sky., DR Congo",16/9,,pexels:36846170,https://images.pexels.com/photos/36846170/pexels-photo-36846170.jpeg,Victor Chijioke,https://www.pexels.com/photo/serene-landscape-with-traditional-canoe-on-nigerian-river-36846170/
470,P3 defer — no price attached to this country,/places/dr-congo/the-mbuti.html,dr-congo,the mbuti,traditional-people,yes,yes,yes,5991671,5.99,estimated,4,no price attached,3,no,,no,True,REPLACE,"Add a width to the existing URL — the same ?auto=compress&cs=tinysrgb&w=1200 that 6,188 of the site's 7,496 provider references already carry. No licence, no new asset, no budget, and it does not prejudge whether the photograph is any good.",licence,B — one stock or agency licence at the going rate.,"Opens /places/dr-congo/the-mbuti.html, the only photograph on it a phone is certain to fetch. No price attached. The picture is wrong: relevance 3.7. Costs a phone 6.0 MB today (estimated).","Mbuti hunters with nets in the Ituri forest, DR Congo",16/9,,pexels:30582419,https://images.pexels.com/photos/30582419/pexels-photo-30582419.jpeg,Şeyhmus Kino,https://www.pexels.com/photo/african-woman-carrying-sack-in-traditional-attire-30582419/
471,P3 defer — no price attached to this country,/places/south-sudan/fula-falls.html,south-sudan,fula falls,waterfalls,yes,yes,yes,5991671,5.99,estimated,4,no price attached,3,no,,no,True,REPLACE,"Add a width to the existing URL — the same ?auto=compress&cs=tinysrgb&w=1200 that 6,188 of the site's 7,496 provider references already carry. No licence, no new asset, no budget, and it does not prejudge whether the photograph is any good.",licence,B — one stock or agency licence at the going rate.,"Opens /places/south-sudan/fula-falls.html, the only photograph on it a phone is certain to fetch. No price attached. The picture is wrong: the provider calls it ""serene sky over lush green marshland"". Costs a phone 6.0 MB today (estimated).","white water at the Fula rapids on the White Nile, South Sudan",16/9,,pexels:33542654,https://images.pexels.com/photos/33542654/pexels-photo-33542654.jpeg,sadness 1225,https://www.pexels.com/photo/serene-sky-over-lush-green-marshland-33542654/
472,P3 defer — no price attached to this country,/places/libya/why-libya.html,libya,why libya,why-visit,yes,yes,yes,5991671,5.99,estimated,4,no price attached,2,no,,yes,True,REPLACE,"Add a width to the existing URL — the same ?auto=compress&cs=tinysrgb&w=1200 that 6,188 of the site's 7,496 provider references already carry. No licence, no new asset, no budget, and it does not prejudge whether the photograph is any good.",licence,B — one stock or agency licence at the going rate.,"Opens /places/libya/why-libya.html, the only photograph on it a phone is certain to fetch. No price attached. The picture is wrong: relevance 3.4. Costs a phone 6.0 MB today (estimated).","A classic 1970s red Cadillac with chrome details in Benghazi, Libya.",16/9,,pexels:30011917,https://images.pexels.com/photos/30011917/pexels-photo-30011917.jpeg,abdo alshreef,https://www.pexels.com/photo/vintage-cadillac-front-view-in-benghazi-30011917/
473,P3 defer — no price attached to this country,/places/malawi/easy-and-warm.html,malawi,easy and warm,family-community,yes,yes,yes,5991671,5.99,estimated,4,no price attached,2,no,,no,True,REPLACE,"Add a width to the existing URL — the same ?auto=compress&cs=tinysrgb&w=1200 that 6,188 of the site's 7,496 provider references already carry. No licence, no new asset, no budget, and it does not prejudge whether the photograph is any good.",licence,B — one stock or agency licence at the going rate.,"Opens /places/malawi/easy-and-warm.html, the only photograph on it a phone is certain to fetch. No price attached. The picture is wrong: relevance 2.7; the provider calls it ""close up of a striped african cichlid fish"". Costs a phone 6.0 MB today (estimated).",children swimming from a beach on Lake Malawi,16/9,,pexels:31807540,https://images.pexels.com/photos/31807540/pexels-photo-31807540.jpeg,Robert Schwarz,https://www.pexels.com/photo/close-up-of-a-striped-african-cichlid-fish-31807540/
474,P3 defer — no price attached to this country,/places/mozambique/island-lodges.html,mozambique,island lodges,luxury,yes,yes,yes,5991671,5.99,estimated,4,no price attached,2,no,,no,True,REPLACE,"Add a width to the existing URL — the same ?auto=compress&cs=tinysrgb&w=1200 that 6,188 of the site's 7,496 provider references already carry. No licence, no new asset, no budget, and it does not prejudge whether the photograph is any good.",licence,B — one stock or agency licence at the going rate.,"Opens /places/mozambique/island-lodges.html, the only photograph on it a phone is certain to fetch. No price attached. The picture is wrong: relevance 3.5. Costs a phone 6.0 MB today (estimated).","an island lodge among palms above a white beach, Mozambique",16/9,,pexels:30165023,https://images.pexels.com/photos/30165023/pexels-photo-30165023.jpeg,Keegan Checks,https://www.pexels.com/photo/luxury-beach-resort-in-jambiani-tanzania-30165023/
475,P3 defer — no price attached to this country,/places/mozambique/niassa-and-gorongosa.html,mozambique,niassa and gorongosa,safari,yes,yes,yes,5991671,5.99,estimated,4,no price attached,2,no,,no,True,REPLACE,"Add a width to the existing URL — the same ?auto=compress&cs=tinysrgb&w=1200 that 6,188 of the site's 7,496 provider references already carry. No licence, no new asset, no budget, and it does not prejudge whether the photograph is any good.",licence,B — one stock or agency licence at the going rate.,"Opens /places/mozambique/niassa-and-gorongosa.html, the only photograph on it a phone is certain to fetch. No price attached. The picture is wrong: relevance 2.2. Costs a phone 6.0 MB today (estimated).","A safari vehicle travels through a scenic savannah landscape on a sunny day., Mozambique",16/9,,pexels:16444274,https://images.pexels.com/photos/16444274/pexels-photo-16444274.jpeg,Keegan Checks,https://www.pexels.com/photo/a-safari-vehicle-on-an-unpaved-road-16444274/
476,P3 defer — no price attached to this country,/places/somalia/mogadishu-and-hargeisa.html,somalia,mogadishu and hargeisa,cities,yes,yes,yes,5991671,5.99,estimated,4,no price attached,2,no,,no,True,REPLACE,"Add a width to the existing URL — the same ?auto=compress&cs=tinysrgb&w=1200 that 6,188 of the site's 7,496 provider references already carry. No licence, no new asset, no budget, and it does not prejudge whether the photograph is any good.",licence,B — one stock or agency licence at the going rate.,"Opens /places/somalia/mogadishu-and-hargeisa.html, the only photograph on it a phone is certain to fetch. No price attached. The picture is wrong: relevance 3.4; does not name Somalia, which the slot asked for. Costs a phone 6.0 MB today (estimated).","the seafront and white buildings of Mogadishu, Somalia",16/9,,pexels:33290518,https://images.pexels.com/photos/33290518/pexels-photo-33290518.jpeg,ibrahim sakhawi,https://www.pexels.com/photo/portrait-of-somali-man-in-front-of-mogadishu-mosque-33290518/
477,P3 defer — no price attached to this country,/places/togo/why-togo.html,togo,why togo,why-visit,yes,yes,yes,5991671,5.99,estimated,4,no price attached,2,no,,yes,True,REPLACE,"Add a width to the existing URL — the same ?auto=compress&cs=tinysrgb&w=1200 that 6,188 of the site's 7,496 provider references already carry. No licence, no new asset, no budget, and it does not prejudge whether the photograph is any good.",licence,B — one stock or agency licence at the going rate.,"Opens /places/togo/why-togo.html, the only photograph on it a phone is certain to fetch. No price attached. The picture is wrong: relevance 3.9. Costs a phone 6.0 MB today (estimated).",a road running north through changing country in Togo,16/9,,pexels:17979480,https://images.pexels.com/photos/17979480/pexels-photo-17979480.jpeg,Pexels LATAM,https://www.pexels.com/photo/boys-running-down-a-rural-road-17979480/
478,P3 defer — no price attached to this country,/places/djibouti/the-lake-abbe-landscape.html,djibouti,the lake abbe landscape,heritage,yes,yes,yes,5935330,5.94,estimated,4,no price attached,3,no,,no,True,REPLACE,"Add a width to the existing URL — the same ?auto=compress&cs=tinysrgb&w=1200 that 6,188 of the site's 7,496 provider references already carry. No licence, no new asset, no budget, and it does not prejudge whether the photograph is any good.",licence,B — one stock or agency licence at the going rate.,"Opens /places/djibouti/the-lake-abbe-landscape.html, the only photograph on it a phone is certain to fetch. No price attached. The picture is wrong: relevance 2.1. Costs a phone 5.9 MB today (estimated).","Silhouetted figures at sunset on a serene lake with a reflective surface creating a peaceful atmosphere., Djibouti",16/9,,pexels:27689514,https://images.pexels.com/photos/27689514/pexels-photo-27689514.jpeg,Sayefotograf,https://www.pexels.com/photo/a-sunset-over-a-body-of-water-with-wooden-posts-27689514/
479,P3 defer — no price attached to this country,/places/mauritania/the-adrar.html,mauritania,the adrar,nature,yes,yes,yes,5909875,5.91,estimated,4,no price attached,4,no,,no,True,REPLACE,"Add a width to the existing URL — the same ?auto=compress&cs=tinysrgb&w=1200 that 6,188 of the site's 7,496 provider references already carry. No licence, no new asset, no budget, and it does not prejudge whether the photograph is any good.",licence,B — one stock or agency licence at the going rate.,"Opens /places/mauritania/the-adrar.html, the only photograph on it a phone is certain to fetch. No price attached. The picture is wrong: the provider calls it ""dry surface of a desert mountain"". Costs a phone 5.9 MB today (estimated).","a palm-filled canyon below sandstone cliffs in the Adrar, Mauritania",16/9,,pexels:13337790,https://images.pexels.com/photos/13337790/pexels-photo-13337790.jpeg,Moaz Tobok,https://www.pexels.com/photo/dry-surface-of-a-desert-mountain-13337790/
480,P3 defer — no price attached to this country,/places/seychelles/the-vall-e-de-mai.html,seychelles,the vall e de mai,forests,yes,yes,yes,5909875,5.91,estimated,4,no price attached,4,no,,no,True,REPLACE,"Add a width to the existing URL — the same ?auto=compress&cs=tinysrgb&w=1200 that 6,188 of the site's 7,496 provider references already carry. No licence, no new asset, no budget, and it does not prejudge whether the photograph is any good.",licence,B — one stock or agency licence at the going rate.,"Opens /places/seychelles/the-vall-e-de-mai.html, the only photograph on it a phone is certain to fetch. No price attached. The picture is wrong: relevance 2.7; the provider calls it ""tropical palm trees against clear blue sky"". Costs a phone 5.9 MB today (estimated).","Tall coconut palms reaching towards a vibrant blue sky in Papua New Guinea., Seychelles",16/9,,pexels:32656680,https://images.pexels.com/photos/32656680/pexels-photo-32656680.jpeg,Alex Fanaso,https://www.pexels.com/photo/tropical-palm-trees-against-clear-blue-sky-32656680/
481,P3 defer — no price attached to this country,/places/angola/the-kwanza-and-the-cunene.html,angola,the kwanza and the cunene,lakes-rivers,yes,yes,yes,5909875,5.91,estimated,4,no price attached,3,no,,no,True,REPLACE,"Add a width to the existing URL — the same ?auto=compress&cs=tinysrgb&w=1200 that 6,188 of the site's 7,496 provider references already carry. No licence, no new asset, no budget, and it does not prejudge whether the photograph is any good.",licence,B — one stock or agency licence at the going rate.,"Opens /places/angola/the-kwanza-and-the-cunene.html, the only photograph on it a phone is certain to fetch. No price attached. The picture is wrong: relevance 3.4. Costs a phone 5.9 MB today (estimated).","Breathtaking view of green hills with clouds overhead in Kwanza-Norte, Angola.",16/9,,pexels:11191605,https://images.pexels.com/photos/11191605/pexels-photo-11191605.jpeg,Lord Over Makers,https://www.pexels.com/photo/green-mountains-under-white-clouds-11191605/
482,P3 defer — no price attached to this country,/places/angola/water-and-rock.html,angola,water and rock,photography,yes,yes,yes,5909875,5.91,estimated,4,no price attached,3,no,,no,True,REPLACE,"Add a width to the existing URL — the same ?auto=compress&cs=tinysrgb&w=1200 that 6,188 of the site's 7,496 provider references already carry. No licence, no new asset, no budget, and it does not prejudge whether the photograph is any good.",licence,B — one stock or agency licence at the going rate.,"Opens /places/angola/water-and-rock.html, the only photograph on it a phone is certain to fetch. No price attached. The picture is wrong: the provider calls it ""african boy lying on stones"". Costs a phone 5.9 MB today (estimated).","spray rising from the Kalandula falls in full flow, Angola",16/9,,pexels:15851540,https://images.pexels.com/photos/15851540/pexels-photo-15851540.jpeg,TUBARONES PHOTOGRAPHY,https://www.pexels.com/photo/african-boy-lying-on-stones-15851540/
483,P3 defer — no price attached to this country,/places/niger/guelta-pools.html,niger,guelta pools,waterfalls,yes,yes,yes,5909875,5.91,estimated,4,no price attached,3,no,,no,True,REPLACE,"Add a width to the existing URL — the same ?auto=compress&cs=tinysrgb&w=1200 that 6,188 of the site's 7,496 provider references already carry. No licence, no new asset, no budget, and it does not prejudge whether the photograph is any good.",licence,B — one stock or agency licence at the going rate.,"Opens /places/niger/guelta-pools.html, the only photograph on it a phone is certain to fetch. No price attached. The picture is wrong: relevance 2.7; the provider calls it ""paraglider with multicolored parachute mid flight"". Costs a phone 5.9 MB today (estimated).","a permanent rock pool with palms in the Air mountains, Niger",16/9,,pexels:38545734,https://images.pexels.com/photos/38545734/pexels-photo-38545734.jpeg,Isaac Naph,https://www.pexels.com/photo/paraglider-with-multicolored-parachute-mid-flight-38545734/
484,P3 defer — no price attached to this country,/places/niger/three-sites.html,niger,three sites,heritage,yes,yes,yes,5909875,5.91,estimated,4,no price attached,3,no,,no,True,REPLACE,"Add a width to the existing URL — the same ?auto=compress&cs=tinysrgb&w=1200 that 6,188 of the site's 7,496 provider references already carry. No licence, no new asset, no budget, and it does not prejudge whether the photograph is any good.",licence,B — one stock or agency licence at the going rate.,"Opens /places/niger/three-sites.html, the only photograph on it a phone is certain to fetch. No price attached. The picture is wrong: relevance 2.5; the provider calls it ""aegean airlines aircraft in clear blue sky"". Costs a phone 5.9 MB today (estimated).","prehistoric rock engravings of cattle in the Air mountains, Niger",16/9,,pexels:32161118,https://images.pexels.com/photos/32161118/pexels-photo-32161118.jpeg,Drinu Cutajar,https://www.pexels.com/photo/aegean-airlines-aircraft-in-clear-blue-sky-32161118/
485,P3 defer — no price attached to this country,/places/mauritania/big-country-for-small-children.html,mauritania,big country for small children,family-community,yes,yes,yes,5909875,5.91,estimated,4,no price attached,2,no,,no,True,REPLACE,"Add a width to the existing URL — the same ?auto=compress&cs=tinysrgb&w=1200 that 6,188 of the site's 7,496 provider references already carry. No licence, no new asset, no budget, and it does not prejudge whether the photograph is any good.",licence,B — one stock or agency licence at the going rate.,"Opens /places/mauritania/big-country-for-small-children.html, the only photograph on it a phone is certain to fetch. No price attached. The picture is wrong: relevance 2.7; the provider calls it ""sand and rocks forming a hill"". Costs a phone 5.9 MB today (estimated).","children playing among date palms in an Adrar oasis, Mauritania",16/9,,pexels:13337791,https://images.pexels.com/photos/13337791/pexels-photo-13337791.jpeg,Moaz Tobok,https://www.pexels.com/photo/sand-and-rocks-forming-a-hill-13337791/
486,P3 defer — no price attached to this country,/places/mauritania/trekking-the-adrar.html,mauritania,trekking the adrar,outdoor,yes,yes,yes,5909875,5.91,estimated,4,no price attached,2,no,,no,True,REPLACE,"Add a width to the existing URL — the same ?auto=compress&cs=tinysrgb&w=1200 that 6,188 of the site's 7,496 provider references already carry. No licence, no new asset, no budget, and it does not prejudge whether the photograph is any good.",licence,B — one stock or agency licence at the going rate.,"Opens /places/mauritania/trekking-the-adrar.html, the only photograph on it a phone is certain to fetch. No price attached. The picture is wrong: relevance 2.5. Costs a phone 5.9 MB today (estimated).","Wide view of Timokten's rocky desert in Adrar, Algeria under a clear sky., Mauritania",16/9,,pexels:13338946,https://images.pexels.com/photos/13338946/pexels-photo-13338946.jpeg,Moaz Tobok,https://www.pexels.com/photo/rock-and-sand-of-the-sahara-desert-13338946/
487,P3 defer — no price attached to this country,/places/togo/koutammakou-listed.html,togo,koutammakou listed,heritage,yes,yes,yes,5877229,5.88,estimated,4,no price attached,3,no,,no,True,REPLACE,"Add a width to the existing URL — the same ?auto=compress&cs=tinysrgb&w=1200 that 6,188 of the site's 7,496 provider references already carry. No licence, no new asset, no budget, and it does not prejudge whether the photograph is any good.",licence,B — one stock or agency licence at the going rate.,"Opens /places/togo/koutammakou-listed.html, the only photograph on it a phone is certain to fetch. No price attached. The picture is wrong: relevance 2.5. Costs a phone 5.9 MB today (estimated).","a cluster of takienta tower houses among fields at Koutammakou, Togo",16/9,,pexels:29565251,https://images.pexels.com/photos/29565251/pexels-photo-29565251.jpeg,İrfan Simsar,https://www.pexels.com/photo/modern-architectural-tower-against-blue-sky-29565251/
488,P3 defer — no price attached to this country,/places/sao-tome-and-principe/climbing-the-pico.html,sao-tome-and-principe,climbing the pico,outdoor,yes,yes,yes,5853543,5.85,estimated,4,no price attached,2,no,,no,True,REPLACE,"Add a width to the existing URL — the same ?auto=compress&cs=tinysrgb&w=1200 that 6,188 of the site's 7,496 provider references already carry. No licence, no new asset, no budget, and it does not prejudge whether the photograph is any good.",licence,B — one stock or agency licence at the going rate.,"Opens /places/sao-tome-and-principe/climbing-the-pico.html, the only photograph on it a phone is certain to fetch. No price attached. The picture is wrong: the provider calls it ""view of sea and a distant mountain covered by clouds"". Costs a phone 5.9 MB today (estimated).","a muddy trail through mossy cloud forest on the Pico, Sao Tome and Principe",16/9,,pexels:18781491,https://images.pexels.com/photos/18781491/pexels-photo-18781491.jpeg,Ramon Perucho,https://www.pexels.com/photo/view-of-sea-and-a-distant-mountain-covered-by-clouds-18781491/
489,P3 defer — no price attached to this country,/places/morocco/easy-travelling.html,morocco,easy travelling,family-community,yes,yes,yes,5831592,5.83,estimated,4,no price attached,2,no,,no,True,REPLACE,"Add a width to the existing URL — the same ?auto=compress&cs=tinysrgb&w=1200 that 6,188 of the site's 7,496 provider references already carry. No licence, no new asset, no budget, and it does not prejudge whether the photograph is any good.",licence,B — one stock or agency licence at the going rate.,"Opens /places/morocco/easy-travelling.html, the only photograph on it a phone is certain to fetch. No price attached. The picture is wrong: does not name Morocco, which the slot asked for. Costs a phone 5.8 MB today (estimated).","a family walking a quiet lane in a Moroccan hill village, Morocco",16/9,,pexels:34855136,https://images.pexels.com/photos/34855136/pexels-photo-34855136.jpeg,Thomas  balabaud,https://www.pexels.com/photo/surfers-heading-to-moroccan-waves-at-sunset-34855136/
490,P3 defer — no price attached to this country,/places/mali/the-bandiagara-escarpment.html,mali,the bandiagara escarpment,mountains,yes,yes,yes,5809681,5.81,estimated,4,no price attached,4,no,,no,True,REPLACE,"Add a width to the existing URL — the same ?auto=compress&cs=tinysrgb&w=1200 that 6,188 of the site's 7,496 provider references already carry. No licence, no new asset, no budget, and it does not prejudge whether the photograph is any good.",licence,B — one stock or agency licence at the going rate.,"Opens /places/mali/the-bandiagara-escarpment.html, the only photograph on it a phone is certain to fetch. No price attached. The picture is wrong: relevance 2.0; query broadened to category; the provider calls it ""mountain reflecting on a lake"". Costs a phone 5.8 MB today (estimated).",Mountains in Mali,16/9,,pexels:17973964,https://images.pexels.com/photos/17973964/pexels-photo-17973964.jpeg,Elman Huseynov,https://www.pexels.com/photo/mountain-reflecting-on-a-lake-17973964/
491,P3 defer — no price attached to this country,/places/ethiopia/lodges-on-the-escarpment.html,ethiopia,lodges on the escarpment,luxury,yes,yes,yes,5788234,5.79,estimated,4,no price attached,2,no,,no,True,REPLACE,"Add a width to the existing URL — the same ?auto=compress&cs=tinysrgb&w=1200 that 6,188 of the site's 7,496 provider references already carry. No licence, no new asset, no budget, and it does not prejudge whether the photograph is any good.",licence,B — one stock or agency licence at the going rate.,"Opens /places/ethiopia/lodges-on-the-escarpment.html, the only photograph on it a phone is certain to fetch. No price attached. The picture is wrong: relevance 2.5. Costs a phone 5.8 MB today (estimated).","Woman relaxing in a hammock on a sunny terrace with countryside views., Ethiopia",16/9,,pexels:26729323,https://images.pexels.com/photos/26729323/pexels-photo-26729323.jpeg,Quang Nguyen Vinh,https://www.pexels.com/photo/woman-lying-down-on-hammock-on-terrace-26729323/
492,P3 defer — no price attached to this country,/places/sudan/dinder.html,sudan,dinder,safari,yes,yes,yes,5782773,5.78,estimated,4,no price attached,2,no,,no,True,REPLACE,"Add a width to the existing URL — the same ?auto=compress&cs=tinysrgb&w=1200 that 6,188 of the site's 7,496 provider references already carry. No licence, no new asset, no budget, and it does not prejudge whether the photograph is any good.",licence,B — one stock or agency licence at the going rate.,"Opens /places/sudan/dinder.html, the only photograph on it a phone is certain to fetch. No price attached. The picture is wrong: relevance 2.7; the provider calls it ""zebra drinking water from river"". Costs a phone 5.8 MB today (estimated).","acacia woodland and a waterhole in Dinder National Park, Sudan",16/9,,pexels:15994213,https://images.pexels.com/photos/15994213/pexels-photo-15994213.jpeg,Balazs Simon,https://www.pexels.com/photo/zebra-drinking-water-from-river-15994213/
493,P3 defer — no price attached to this country,/places/mauritania/the-fish-market-at-sunset.html,mauritania,the fish market at sunset,local-life,yes,yes,yes,5733258,5.73,estimated,4,no price attached,3,no,,no,True,REPLACE,"Add a width to the existing URL — the same ?auto=compress&cs=tinysrgb&w=1200 that 6,188 of the site's 7,496 provider references already carry. No licence, no new asset, no budget, and it does not prejudge whether the photograph is any good.",licence,B — one stock or agency licence at the going rate.,"Opens /places/mauritania/the-fish-market-at-sunset.html, the only photograph on it a phone is certain to fetch. No price attached. The picture is wrong: the provider calls it ""silhouette of people walking on the hill during gold"". Costs a phone 5.7 MB today (estimated).","crowds buying fish from pirogues on the beach at Nouakchott, Mauritania",16/9,,pexels:9998195,https://images.pexels.com/photos/9998195/pexels-photo-9998195.jpeg,El moustapha Ivekou,https://www.pexels.com/photo/silhouette-of-people-walking-on-the-hill-during-golden-hour-9998195/
494,P3 defer — no price attached to this country,/places/eritrea/nine-groups-two-faiths.html,eritrea,nine groups two faiths,culture,yes,yes,yes,5702837,5.70,estimated,4,no price attached,4,no,,yes,True,REPLACE,"Add a width to the existing URL — the same ?auto=compress&cs=tinysrgb&w=1200 that 6,188 of the site's 7,496 provider references already carry. No licence, no new asset, no budget, and it does not prejudge whether the photograph is any good.",licence,B — one stock or agency licence at the going rate.,"Opens /places/eritrea/nine-groups-two-faiths.html, the only photograph on it a phone is certain to fetch. No price attached. The picture is wrong: relevance 2.5; the provider calls it ""bustling roadway in african town with mountains"". Costs a phone 5.7 MB today (estimated).","people at an outdoor cafe on Harnet Avenue in Asmara, Eritrea",16/9,,pexels:37090477,https://images.pexels.com/photos/37090477/pexels-photo-37090477.jpeg,Isaac Naph,https://www.pexels.com/photo/bustling-roadway-in-african-town-with-mountains-37090477/
495,P3 defer — no price attached to this country,/places/congo/nouabale-ndoki.html,congo,nouabale ndoki,forests,yes,yes,yes,5690420,5.69,estimated,4,no price attached,4,no,,no,True,REPLACE,"Add a width to the existing URL — the same ?auto=compress&cs=tinysrgb&w=1200 that 6,188 of the site's 7,496 provider references already carry. No licence, no new asset, no budget, and it does not prejudge whether the photograph is any good.",licence,B — one stock or agency licence at the going rate.,"Opens /places/congo/nouabale-ndoki.html, the only photograph on it a phone is certain to fetch. No price attached. The picture is wrong: relevance 2.8; the provider calls it ""majestic gorilla in lush green forest habitat"". Costs a phone 5.7 MB today (estimated).","old-growth rainforest with enormous buttressed trees at Ndoki, Congo",16/9,,pexels:32181432,https://images.pexels.com/photos/32181432/pexels-photo-32181432.jpeg,Jay Brand,https://www.pexels.com/photo/majestic-gorilla-in-lush-green-forest-habitat-32181432/
496,P3 defer — no price attached to this country,/places/eritrea/the-passeggiata.html,eritrea,the passeggiata,local-life,yes,yes,yes,5605577,5.61,estimated,4,no price attached,3,no,,no,True,REPLACE,"Add a width to the existing URL — the same ?auto=compress&cs=tinysrgb&w=1200 that 6,188 of the site's 7,496 provider references already carry. No licence, no new asset, no budget, and it does not prejudge whether the photograph is any good.",licence,B — one stock or agency licence at the going rate.,"Opens /places/eritrea/the-passeggiata.html, the only photograph on it a phone is certain to fetch. No price attached. The picture is wrong: relevance 3.9. Costs a phone 5.6 MB today (estimated).","A serene street scene in a Moroccan market with closed shops and locals present., Eritrea",16/9,,pexels:37401861,https://images.pexels.com/photos/37401861/pexels-photo-37401861.jpeg,pierre matile,https://www.pexels.com/photo/quiet-morning-in-a-moroccan-marketplace-37401861/
497,P3 defer — no price attached to this country,/places/angola/semba-kizomba-and-kuduro.html,angola,semba kizomba and kuduro,culture,yes,yes,yes,5509324,5.51,estimated,4,no price attached,4,no,,yes,True,REPLACE,"Add a width to the existing URL — the same ?auto=compress&cs=tinysrgb&w=1200 that 6,188 of the site's 7,496 provider references already carry. No licence, no new asset, no budget, and it does not prejudge whether the photograph is any good.",licence,B — one stock or agency licence at the going rate.,"Opens /places/angola/semba-kizomba-and-kuduro.html, the only photograph on it a phone is certain to fetch. No price attached. The picture is wrong: the provider calls it ""elegant dinner table setting with glassware"". Costs a phone 5.5 MB today (estimated).","dancers and a sound system at a kuduro party in Luanda, Angola",16/9,,pexels:38585616,https://images.pexels.com/photos/38585616/pexels-photo-38585616.jpeg,basunga visual,https://www.pexels.com/photo/elegant-dinner-table-setting-with-glassware-38585616/
498,P3 defer — no price attached to this country,/places/djibouti/the-gulf-of-tadjoura.html,djibouti,the gulf of tadjoura,beaches,yes,yes,yes,5509324,5.51,estimated,4,no price attached,4,no,,no,True,REPLACE,"Add a width to the existing URL — the same ?auto=compress&cs=tinysrgb&w=1200 that 6,188 of the site's 7,496 provider references already carry. No licence, no new asset, no budget, and it does not prejudge whether the photograph is any good.",licence,B — one stock or agency licence at the going rate.,"Opens /places/djibouti/the-gulf-of-tadjoura.html, the only photograph on it a phone is certain to fetch. No price attached. The picture is wrong: the provider calls it ""view of a sea"". Costs a phone 5.5 MB today (estimated).","the white sand and clear water of Sable Blanc beach, Djibouti",16/9,,pexels:15215649,https://images.pexels.com/photos/15215649/pexels-photo-15215649.jpeg,정규송 Nui MALAMA,https://www.pexels.com/photo/view-of-a-sea-15215649/
499,P3 defer — no price attached to this country,/places/dr-congo/the-ituri-and-the-salonga.html,dr-congo,the ituri and the salonga,forests,yes,yes,yes,5509324,5.51,estimated,4,no price attached,4,no,,no,True,REPLACE,"Add a width to the existing URL — the same ?auto=compress&cs=tinysrgb&w=1200 that 6,188 of the site's 7,496 provider references already carry. No licence, no new asset, no budget, and it does not prejudge whether the photograph is any good.",licence,B — one stock or agency licence at the going rate.,"Opens /places/dr-congo/the-ituri-and-the-salonga.html, the only photograph on it a phone is certain to fetch. No price attached. The picture is wrong: the provider calls it ""green trees growing against blue sky"". Costs a phone 5.5 MB today (estimated).","A dense forest canopy bathed in daylight showcasing vibrant green foliage., DR Congo",16/9,,pexels:15526973,https://images.pexels.com/photos/15526973/pexels-photo-15526973.jpeg,Soulful Pizza,https://www.pexels.com/photo/green-trees-growing-against-blue-sky-15526973/
500,P3 defer — no price attached to this country,/places/equatorial-guinea/seven-primates-on-one-island.html,equatorial-guinea,seven primates on one island,wildlife,yes,yes,yes,5509324,5.51,estimated,4,no price attached,4,no,,yes,True,REPLACE,"Add a width to the existing URL — the same ?auto=compress&cs=tinysrgb&w=1200 that 6,188 of the site's 7,496 provider references already carry. No licence, no new asset, no budget, and it does not prejudge whether the photograph is any good.",licence,B — one stock or agency licence at the going rate.,"Opens /places/equatorial-guinea/seven-primates-on-one-island.html, the only photograph on it a phone is certain to fetch. No price attached. The picture is wrong: relevance 2.5. Costs a phone 5.5 MB today (estimated).","a Bioko drill monkey in the island's cloud forest, Equatorial Guinea",16/9,,pexels:37877712,https://images.pexels.com/photos/37877712/pexels-photo-37877712.jpeg,kevin yung,https://www.pexels.com/photo/stunning-waterfalls-in-lush-indonesian-forest-37877712/
501,P3 defer — no price attached to this country,/places/lesotho/the-blanket-and-the-hat.html,lesotho,the blanket and the hat,culture,yes,yes,yes,5509324,5.51,estimated,4,no price attached,4,no,,yes,True,REPLACE,"Add a width to the existing URL — the same ?auto=compress&cs=tinysrgb&w=1200 that 6,188 of the site's 7,496 provider references already carry. No licence, no new asset, no budget, and it does not prejudge whether the photograph is any good.",licence,B — one stock or agency licence at the going rate.,"Opens /places/lesotho/the-blanket-and-the-hat.html, the only photograph on it a phone is certain to fetch. No price attached. The picture is wrong: the provider calls it ""man in traditional yellow garb and sunglasses"". Costs a phone 5.5 MB today (estimated).","a man in a patterned Basotho blanket on a mountain road, Lesotho",16/9,,pexels:38189716,https://images.pexels.com/photos/38189716/pexels-photo-38189716.jpeg,Anchau,https://www.pexels.com/photo/man-in-traditional-yellow-garb-and-sunglasses-38189716/
502,P3 defer — no price attached to this country,/places/mali/the-gallery-forest.html,mali,the gallery forest,forests,yes,yes,yes,5509324,5.51,estimated,4,no price attached,4,no,,no,True,REPLACE,"Add a width to the existing URL — the same ?auto=compress&cs=tinysrgb&w=1200 that 6,188 of the site's 7,496 provider references already carry. No licence, no new asset, no budget, and it does not prejudge whether the photograph is any good.",licence,B — one stock or agency licence at the going rate.,"Opens /places/mali/the-gallery-forest.html, the only photograph on it a phone is certain to fetch. No price attached. The picture is wrong: relevance 2.7; the provider calls it ""vibrant traditional musicians with horns"". Costs a phone 5.5 MB today (estimated).","a large baobab standing alone on Sahelian grassland, Mali",16/9,,pexels:36825404,https://images.pexels.com/photos/36825404/pexels-photo-36825404.jpeg,alameen .ng,https://www.pexels.com/photo/vibrant-traditional-musicians-with-horns-36825404/
503,P3 defer — no price attached to this country,/places/somalia/spekes-gazelle-and-the-sea.html,somalia,spekes gazelle and the sea,wildlife,yes,yes,yes,5509324,5.51,estimated,4,no price attached,4,no,,yes,True,REPLACE,"Add a width to the existing URL — the same ?auto=compress&cs=tinysrgb&w=1200 that 6,188 of the site's 7,496 provider references already carry. No licence, no new asset, no budget, and it does not prejudge whether the photograph is any good.",licence,B — one stock or agency licence at the going rate.,"Opens /places/somalia/spekes-gazelle-and-the-sea.html, the only photograph on it a phone is certain to fetch. No price attached. The picture is wrong: the provider calls it ""a group of friends playing football"". Costs a phone 5.5 MB today (estimated).","a Speke's gazelle on stony ground in the Somali interior, Somalia",16/9,,pexels:5648177,https://images.pexels.com/photos/5648177/pexels-photo-5648177.jpeg,Mo Liban,https://www.pexels.com/photo/a-group-of-friends-playing-football-5648177/
504,P3 defer — no price attached to this country,/places/south-sudan/sixty-four-peoples.html,south-sudan,sixty four peoples,culture,yes,yes,yes,5509324,5.51,estimated,4,no price attached,4,no,,yes,True,REPLACE,"Add a width to the existing URL — the same ?auto=compress&cs=tinysrgb&w=1200 that 6,188 of the site's 7,496 provider references already carry. No licence, no new asset, no budget, and it does not prejudge whether the photograph is any good.",licence,B — one stock or agency licence at the going rate.,"Opens /places/south-sudan/sixty-four-peoples.html, the only photograph on it a phone is certain to fetch. No price attached. The picture is wrong: the provider calls it ""men participating in traditional fishing festival"". Costs a phone 5.5 MB today (estimated).","a group of young men at a Mundari cattle camp in the evening, South Sudan",16/9,,pexels:36200956,https://images.pexels.com/photos/36200956/pexels-photo-36200956.jpeg,Aleekhan_photography,https://www.pexels.com/photo/men-participating-in-traditional-fishing-festival-36200956/
505,P3 defer — no price attached to this country,/places/south-sudan/the-sudd.html,south-sudan,the sudd,nature,yes,yes,yes,5509324,5.51,estimated,4,no price attached,4,no,,no,True,REPLACE,"Add a width to the existing URL — the same ?auto=compress&cs=tinysrgb&w=1200 that 6,188 of the site's 7,496 provider references already carry. No licence, no new asset, no budget, and it does not prejudge whether the photograph is any good.",licence,B — one stock or agency licence at the going rate.,"Opens /places/south-sudan/the-sudd.html, the only photograph on it a phone is certain to fetch. No price attached. The picture is wrong: relevance 2.5. Costs a phone 5.5 MB today (estimated).","A man dives into a tranquil lake, splashing water, surrounded by lush greenery, capturing a moment of pure freedom and nature., South Sudan",16/9,,pexels:36967887,https://images.pexels.com/photos/36967887/pexels-photo-36967887.jpeg,shutter Rwanda,https://www.pexels.com/photo/man-diving-into-a-clear-lake-surrounded-by-nature-36967887/
506,P3 defer — no price attached to this country,/places/burundi/drums-in-motion.html,burundi,drums in motion,photography,yes,yes,yes,5509324,5.51,estimated,4,no price attached,3,no,,no,True,REPLACE,"Add a width to the existing URL — the same ?auto=compress&cs=tinysrgb&w=1200 that 6,188 of the site's 7,496 provider references already carry. No licence, no new asset, no budget, and it does not prejudge whether the photograph is any good.",licence,B — one stock or agency licence at the going rate.,"Opens /places/burundi/drums-in-motion.html, the only photograph on it a phone is certain to fetch. No price attached. The picture is wrong: relevance 3.4. Costs a phone 5.5 MB today (estimated).",a Burundian drummer leaping with a drum in performance,16/9,,pexels:29004124,https://images.pexels.com/photos/29004124/pexels-photo-29004124.jpeg,Safari  Consoler,https://www.pexels.com/photo/vibrant-traditional-dance-performance-in-burundi-29004124/
507,P3 defer — no price attached to this country,/places/burundi/gishora.html,burundi,gishora,festivals,yes,yes,yes,5509324,5.51,estimated,4,no price attached,3,no,,no,True,REPLACE,"Add a width to the existing URL — the same ?auto=compress&cs=tinysrgb&w=1200 that 6,188 of the site's 7,496 provider references already carry. No licence, no new asset, no budget, and it does not prejudge whether the photograph is any good.",licence,B — one stock or agency licence at the going rate.,"Opens /places/burundi/gishora.html, the only photograph on it a phone is certain to fetch. No price attached. The picture is wrong: the provider calls it ""traditional music band with drums"". Costs a phone 5.5 MB today (estimated).","drummers performing at the Gishora drum sanctuary, Burundi",16/9,,pexels:18807622,https://images.pexels.com/photos/18807622/pexels-photo-18807622.jpeg,Audy of  Course,https://www.pexels.com/photo/traditional-music-band-with-drums-18807622/
508,P3 defer — no price attached to this country,/places/burundi/karera.html,burundi,karera,waterfalls,yes,yes,yes,5509324,5.51,estimated,4,no price attached,3,no,,no,True,REPLACE,"Add a width to the existing URL — the same ?auto=compress&cs=tinysrgb&w=1200 that 6,188 of the site's 7,496 provider references already carry. No licence, no new asset, no budget, and it does not prejudge whether the photograph is any good.",licence,B — one stock or agency licence at the going rate.,"Opens /places/burundi/karera.html, the only photograph on it a phone is certain to fetch. No price attached. The picture is wrong: the provider calls it ""man resting on ground among corn crops"". Costs a phone 5.5 MB today (estimated).",the Karera falls dropping through forest in southern Burundi,16/9,,pexels:10963690,https://images.pexels.com/photos/10963690/pexels-photo-10963690.jpeg,Safari  Consoler,https://www.pexels.com/photo/man-resting-on-ground-among-corn-crops-10963690/
509,P3 defer — no price attached to this country,/places/chad/the-gerewol-and-the-camel-races.html,chad,the gerewol and the camel races,festivals,yes,yes,yes,5509324,5.51,estimated,4,no price attached,3,no,,no,True,REPLACE,"Add a width to the existing URL — the same ?auto=compress&cs=tinysrgb&w=1200 that 6,188 of the site's 7,496 provider references already carry. No licence, no new asset, no budget, and it does not prejudge whether the photograph is any good.",licence,B — one stock or agency licence at the going rate.,"Opens /places/chad/the-gerewol-and-the-camel-races.html, the only photograph on it a phone is certain to fetch. No price attached. The picture is wrong: relevance 2.1. Costs a phone 5.5 MB today (estimated).","A man in vibrant traditional clothing rides a camel decorated with colorful textiles., Chad",16/9,,pexels:31703730,https://images.pexels.com/photos/31703730/pexels-photo-31703730.jpeg,alameen .ng,https://www.pexels.com/photo/traditional-camel-ride-with-colorful-attire-31703730/
510,P3 defer — no price attached to this country,/places/congo/kongo-teke-mbochi-and-the-aka.html,congo,kongo teke mbochi and the aka,traditional-people,yes,yes,yes,5509324,5.51,estimated,4,no price attached,3,no,,no,True,REPLACE,"Add a width to the existing URL — the same ?auto=compress&cs=tinysrgb&w=1200 that 6,188 of the site's 7,496 provider references already carry. No licence, no new asset, no budget, and it does not prejudge whether the photograph is any good.",licence,B — one stock or agency licence at the going rate.,"Opens /places/congo/kongo-teke-mbochi-and-the-aka.html, the only photograph on it a phone is certain to fetch. No price attached. The picture is wrong: relevance 2.2. Costs a phone 5.5 MB today (estimated).","Portrait of a man wearing a vibrant blue outfit, posing against an urban wall background., Congo",16/9,,pexels:36484158,https://images.pexels.com/photos/36484158/pexels-photo-36484158.jpeg,Kalz📸🇺🇬 Michael,https://www.pexels.com/photo/man-posing-in-vibrant-blue-traditional-outfit-36484158/
511,P3 defer — no price attached to this country,/places/lesotho/sandstone-and-rondavel.html,lesotho,sandstone and rondavel,architecture,yes,yes,yes,5509324,5.51,estimated,4,no price attached,3,no,,no,True,REPLACE,"Add a width to the existing URL — the same ?auto=compress&cs=tinysrgb&w=1200 that 6,188 of the site's 7,496 provider references already carry. No licence, no new asset, no budget, and it does not prejudge whether the photograph is any good.",licence,B — one stock or agency licence at the going rate.,"Opens /places/lesotho/sandstone-and-rondavel.html, the only photograph on it a phone is certain to fetch. No price attached. The picture is wrong: relevance 2.7. Costs a phone 5.5 MB today (estimated).","A farmer in traditional attire sits with a pile of harvested corn outside a stone hut., Lesotho",16/9,,pexels:10260794,https://images.pexels.com/photos/10260794/pexels-photo-10260794.jpeg,Beth  Swart,https://www.pexels.com/photo/man-in-traditional-coat-sitting-by-pile-of-corn-10260794/
512,P3 defer — no price attached to this country,/places/liberia/kpelle-bassa-grebo-vai.html,liberia,kpelle bassa grebo vai,traditional-people,yes,yes,yes,5509324,5.51,estimated,4,no price attached,3,no,,no,True,REPLACE,"Add a width to the existing URL — the same ?auto=compress&cs=tinysrgb&w=1200 that 6,188 of the site's 7,496 provider references already carry. No licence, no new asset, no budget, and it does not prejudge whether the photograph is any good.",licence,B — one stock or agency licence at the going rate.,"Opens /places/liberia/kpelle-bassa-grebo-vai.html, the only photograph on it a phone is certain to fetch. No price attached. The picture is wrong: relevance 3.7. Costs a phone 5.5 MB today (estimated).","carved Vai script characters on a wooden board, Liberia",16/9,,pexels:36508840,https://images.pexels.com/photos/36508840/pexels-photo-36508840.jpeg,Muhammad Fullah,https://www.pexels.com/photo/colorful-traditional-dress-in-monrovia-harbor-36508840/
513,P3 defer — no price attached to this country,/places/madagascar/famadihana-and-the-ancestors.html,madagascar,famadihana and the ancestors,traditional-people,yes,yes,yes,5509324,5.51,estimated,4,no price attached,3,no,,no,True,REPLACE,"Add a width to the existing URL — the same ?auto=compress&cs=tinysrgb&w=1200 that 6,188 of the site's 7,496 provider references already carry. No licence, no new asset, no budget, and it does not prejudge whether the photograph is any good.",licence,B — one stock or agency licence at the going rate.,"Opens /places/madagascar/famadihana-and-the-ancestors.html, the only photograph on it a phone is certain to fetch. No price attached. The picture is wrong: relevance 2.7. Costs a phone 5.5 MB today (estimated).","Woman dressed in black standing by a tombstone in a graveyard, surrounded by trees., Madagascar",16/9,,pexels:8865068,https://images.pexels.com/photos/8865068/pexels-photo-8865068.jpeg,RDNE Stock project,https://www.pexels.com/photo/woman-in-black-long-sleeves-and-pants-standing-near-tomb-8865068/
514,P3 defer — no price attached to this country,/places/nigeria/osun-osogbo-and-calabar.html,nigeria,osun osogbo and calabar,festivals,yes,yes,yes,5509324,5.51,estimated,4,no price attached,3,no,,no,True,REPLACE,"Add a width to the existing URL — the same ?auto=compress&cs=tinysrgb&w=1200 that 6,188 of the site's 7,496 provider references already carry. No licence, no new asset, no budget, and it does not prejudge whether the photograph is any good.",licence,B — one stock or agency licence at the going rate.,"Opens /places/nigeria/osun-osogbo-and-calabar.html, the only photograph on it a phone is certain to fetch. No price attached. The picture is wrong: the provider calls it ""a close up of a red hat with feathers"". Costs a phone 5.5 MB today (estimated).","dancers in costume at the Calabar carnival, Nigeria",16/9,,pexels:27541482,https://images.pexels.com/photos/27541482/pexels-photo-27541482.jpeg,Ben Iwara,https://www.pexels.com/photo/a-close-up-of-a-red-hat-with-feathers-27541482/
515,P3 defer — no price attached to this country,/places/sudan/pyramids-and-dunes.html,sudan,pyramids and dunes,photography,yes,yes,yes,5509324,5.51,estimated,4,no price attached,3,no,,no,True,REPLACE,"Add a width to the existing URL — the same ?auto=compress&cs=tinysrgb&w=1200 that 6,188 of the site's 7,496 provider references already carry. No licence, no new asset, no budget, and it does not prejudge whether the photograph is any good.",licence,B — one stock or agency licence at the going rate.,"Opens /places/sudan/pyramids-and-dunes.html, the only photograph on it a phone is certain to fetch. No price attached. The picture is wrong: relevance 3.9. Costs a phone 5.5 MB today (estimated).","Textured sand dunes with intricate wave patterns captured at sunset, creating shadows and depth., Sudan",16/9,,pexels:35962897,https://images.pexels.com/photos/35962897/pexels-photo-35962897.jpeg,Stephen Leonardi,https://www.pexels.com/photo/rippling-sand-dunes-at-sunset-35962897/
516,P3 defer — no price attached to this country,/places/algeria/why-algeria.html,algeria,why algeria,why-visit,yes,yes,yes,5509324,5.51,estimated,4,no price attached,2,no,,yes,True,REPLACE,"Add a width to the existing URL — the same ?auto=compress&cs=tinysrgb&w=1200 that 6,188 of the site's 7,496 provider references already carry. No licence, no new asset, no budget, and it does not prejudge whether the photograph is any good.",licence,B — one stock or agency licence at the going rate.,"Opens /places/algeria/why-algeria.html, the only photograph on it a phone is certain to fetch. No price attached. The picture is wrong: relevance 3.4; the provider calls it ""view on a dunes in a desert"". Costs a phone 5.5 MB today (estimated).","a lone traveller looking out over the Grand Erg from a dune, Algeria",16/9,,pexels:10390494,https://images.pexels.com/photos/10390494/pexels-photo-10390494.jpeg,Djamel Ramdani,https://www.pexels.com/photo/view-on-a-dunes-in-a-desert-10390494/
517,P3 defer — no price attached to this country,/places/angola/luanda-and-benguela.html,angola,luanda and benguela,cities,yes,yes,yes,5509324,5.51,estimated,4,no price attached,2,no,,no,True,REPLACE,"Add a width to the existing URL — the same ?auto=compress&cs=tinysrgb&w=1200 that 6,188 of the site's 7,496 provider references already carry. No licence, no new asset, no budget, and it does not prejudge whether the photograph is any good.",licence,B — one stock or agency licence at the going rate.,"Opens /places/angola/luanda-and-benguela.html, the only photograph on it a phone is certain to fetch. No price attached. The picture is wrong: relevance 3.4. Costs a phone 5.5 MB today (estimated).","Luanda's high-rise skyline curving round the bay, Angola",16/9,,pexels:36873980,https://images.pexels.com/photos/36873980/pexels-photo-36873980.jpeg,basunga visual,https://www.pexels.com/photo/celebratory-toast-with-champagne-in-luanda-36873980/
518,P3 defer — no price attached to this country,/places/angola/the-mussulo.html,angola,the mussulo,family-community,yes,yes,yes,5509324,5.51,estimated,4,no price attached,2,no,,no,True,REPLACE,"Add a width to the existing URL — the same ?auto=compress&cs=tinysrgb&w=1200 that 6,188 of the site's 7,496 provider references already carry. No licence, no new asset, no budget, and it does not prejudge whether the photograph is any good.",licence,B — one stock or agency licence at the going rate.,"Opens /places/angola/the-mussulo.html, the only photograph on it a phone is certain to fetch. No price attached. The picture is wrong: relevance 3.7. Costs a phone 5.5 MB today (estimated).","families in shallow lagoon water at the Mussulo, Angola",16/9,,pexels:38627012,https://images.pexels.com/photos/38627012/pexels-photo-38627012.jpeg,basunga visual,https://www.pexels.com/photo/joyful-wedding-celebration-in-luanda-angola-38627012/
519,P3 defer — no price attached to this country,/places/benin/ganvie-by-pirogue.html,benin,ganvie by pirogue,family-community,yes,yes,yes,5509324,5.51,estimated,4,no price attached,2,no,,no,True,REPLACE,"Add a width to the existing URL — the same ?auto=compress&cs=tinysrgb&w=1200 that 6,188 of the site's 7,496 provider references already carry. No licence, no new asset, no budget, and it does not prejudge whether the photograph is any good.",licence,B — one stock or agency licence at the going rate.,"Opens /places/benin/ganvie-by-pirogue.html, the only photograph on it a phone is certain to fetch. No price attached. The picture is wrong: relevance 2.2; the provider calls it ""back view of fisherman on boat in village"". Costs a phone 5.5 MB today (estimated).","children in a pirogue among the stilt houses of Ganvie, Benin",16/9,,pexels:25228166,https://images.pexels.com/photos/25228166/pexels-photo-25228166.jpeg,Safari  Consoler,https://www.pexels.com/photo/back-view-of-fisherman-on-boat-in-village-25228166/
520,P3 defer — no price attached to this country,/places/burundi/basketry-and-drums.html,burundi,basketry and drums,crafts,yes,yes,yes,5509324,5.51,estimated,4,no price attached,2,no,,no,True,REPLACE,"Add a width to the existing URL — the same ?auto=compress&cs=tinysrgb&w=1200 that 6,188 of the site's 7,496 provider references already carry. No licence, no new asset, no budget, and it does not prejudge whether the photograph is any good.",licence,B — one stock or agency licence at the going rate.,"Opens /places/burundi/basketry-and-drums.html, the only photograph on it a phone is certain to fetch. No price attached. The picture is wrong: the provider calls it ""traditional basket weaving in daura nigeria"". Costs a phone 5.5 MB today (estimated).","coiled agaseke baskets with conical lids, Burundi",16/9,,pexels:31964014,https://images.pexels.com/photos/31964014/pexels-photo-31964014.jpeg,alameen .ng,https://www.pexels.com/photo/traditional-basket-weaving-in-daura-nigeria-31964014/
521,P3 defer — no price attached to this country,/places/congo/raffia-masks-and-nkisi.html,congo,raffia masks and nkisi,crafts,yes,yes,yes,5509324,5.51,estimated,4,no price attached,2,no,,no,True,REPLACE,"Add a width to the existing URL — the same ?auto=compress&cs=tinysrgb&w=1200 that 6,188 of the site's 7,496 provider references already carry. No licence, no new asset, no budget, and it does not prejudge whether the photograph is any good.",licence,B — one stock or agency licence at the going rate.,"Opens /places/congo/raffia-masks-and-nkisi.html, the only photograph on it a phone is certain to fetch. No price attached. The picture is wrong: relevance 2.7. Costs a phone 5.5 MB today (estimated).","A simple and elegant round woven placemat on a white background., Congo",16/9,,pexels:4554335,https://images.pexels.com/photos/4554335/pexels-photo-4554335.jpeg,Engin Akyurt,https://www.pexels.com/photo/brown-woven-mat-on-white-background-4554335/
522,P3 defer — no price attached to this country,/places/dr-congo/virungas-rangers.html,dr-congo,virungas rangers,eco-tourism,yes,yes,yes,5509324,5.51,estimated,4,no price attached,2,no,,no,True,REPLACE,"Add a width to the existing URL — the same ?auto=compress&cs=tinysrgb&w=1200 that 6,188 of the site's 7,496 provider references already carry. No licence, no new asset, no budget, and it does not prejudge whether the photograph is any good.",licence,B — one stock or agency licence at the going rate.,"Opens /places/dr-congo/virungas-rangers.html, the only photograph on it a phone is certain to fetch. No price attached. The picture is wrong: relevance 2.7. Costs a phone 5.5 MB today (estimated).","Virunga rangers on patrol at the forest edge, DR Congo",16/9,,pexels:35870484,https://images.pexels.com/photos/35870484/pexels-photo-35870484.jpeg,james Hassan,https://www.pexels.com/photo/safari-vehicle-on-winding-forest-road-35870484/
523,P3 defer — no price attached to this country,/places/eritrea/the-massawa-road.html,eritrea,the massawa road,adventure,yes,yes,yes,5509324,5.51,estimated,4,no price attached,2,no,,yes,True,REPLACE,"Add a width to the existing URL — the same ?auto=compress&cs=tinysrgb&w=1200 that 6,188 of the site's 7,496 provider references already carry. No licence, no new asset, no budget, and it does not prejudge whether the photograph is any good.",licence,B — one stock or agency licence at the going rate.,"Opens /places/eritrea/the-massawa-road.html, the only photograph on it a phone is certain to fetch. No price attached. The picture is wrong: the provider calls it ""street view with auto rickshaws in gondar ethiopia"". Costs a phone 5.5 MB today (estimated).","a steam locomotive on the mountain railway above Asmara, Eritrea",16/9,,pexels:36713806,https://images.pexels.com/photos/36713806/pexels-photo-36713806.jpeg,Abenezer Muluken,https://www.pexels.com/photo/street-view-with-auto-rickshaws-in-gondar-ethiopia-36713806/
524,P3 defer — no price attached to this country,/places/eswatini/small-and-good.html,eswatini,small and good,luxury,yes,yes,yes,5509324,5.51,estimated,4,no price attached,2,no,,no,True,REPLACE,"Add a width to the existing URL — the same ?auto=compress&cs=tinysrgb&w=1200 that 6,188 of the site's 7,496 provider references already carry. No licence, no new asset, no budget, and it does not prejudge whether the photograph is any good.",licence,B — one stock or agency licence at the going rate.,"Opens /places/eswatini/small-and-good.html, the only photograph on it a phone is certain to fetch. No price attached. The picture is wrong: the provider calls it ""a grill with meat and vegetables on it"". Costs a phone 5.5 MB today (estimated).","an open-sided stone and thatch camp in the bush at Mkhaya, Eswatini",16/9,,pexels:18561234,https://images.pexels.com/photos/18561234/pexels-photo-18561234.jpeg,Boris Hamer,https://www.pexels.com/photo/a-grill-with-meat-and-vegetables-on-it-18561234/
525,P3 defer — no price attached to this country,/places/ethiopia/injera-and-doro-wat.html,ethiopia,injera and doro wat,food,yes,yes,yes,5509324,5.51,estimated,4,no price attached,2,no,,no,True,REPLACE,"Add a width to the existing URL — the same ?auto=compress&cs=tinysrgb&w=1200 that 6,188 of the site's 7,496 provider references already carry. No licence, no new asset, no budget, and it does not prejudge whether the photograph is any good.",licence,B — one stock or agency licence at the going rate.,"Opens /places/ethiopia/injera-and-doro-wat.html, the only photograph on it a phone is certain to fetch. No price attached. The picture is wrong: relevance 2.2. Costs a phone 5.5 MB today (estimated).","A woman in traditional attire prepares food outdoors in a rural setting., Ethiopia",16/9,,pexels:25856928,https://images.pexels.com/photos/25856928/pexels-photo-25856928.jpeg,Christian  Alemu,https://www.pexels.com/photo/woman-sitting-and-preparing-food-25856928/
526,P3 defer — no price attached to this country,/places/madagascar/the-rn7-and-the-tsingy.html,madagascar,the rn7 and the tsingy,adventure,yes,yes,yes,5509324,5.51,estimated,4,no price attached,2,no,,yes,True,REPLACE,"Add a width to the existing URL — the same ?auto=compress&cs=tinysrgb&w=1200 that 6,188 of the site's 7,496 provider references already carry. No licence, no new asset, no budget, and it does not prejudge whether the photograph is any good.",licence,B — one stock or agency licence at the going rate.,"Opens /places/madagascar/the-rn7-and-the-tsingy.html, the only photograph on it a phone is certain to fetch. No price attached. The picture is wrong: the provider calls it ""person walking along lush green forest edge"". Costs a phone 5.5 MB today (estimated).","a walker crossing the tsingy on a rope bridge, Madagascar",16/9,,pexels:37052244,https://images.pexels.com/photos/37052244/pexels-photo-37052244.jpeg,HONG SON,https://www.pexels.com/photo/person-walking-along-lush-green-forest-edge-37052244/
527,P3 defer — no price attached to this country,/places/malawi/mulanje-for-a-week.html,malawi,mulanje for a week,outdoor,yes,yes,yes,5509324,5.51,estimated,4,no price attached,2,no,,no,True,REPLACE,"Add a width to the existing URL — the same ?auto=compress&cs=tinysrgb&w=1200 that 6,188 of the site's 7,496 provider references already carry. No licence, no new asset, no budget, and it does not prejudge whether the photograph is any good.",licence,B — one stock or agency licence at the going rate.,"Opens /places/malawi/mulanje-for-a-week.html, the only photograph on it a phone is certain to fetch. No price attached. The picture is wrong: relevance 2.5. Costs a phone 5.5 MB today (estimated).","A family walking across a zebra crossing, representing safety and care., Malawi",16/9,,pexels:17407697,https://images.pexels.com/photos/17407697/pexels-photo-17407697.jpeg,Lara van der Walt,https://www.pexels.com/photo/parents-with-kid-at-zebra-crossing-17407697/
528,P3 defer — no price attached to this country,/places/malawi/why-malawi.html,malawi,why malawi,why-visit,yes,yes,yes,5509324,5.51,estimated,4,no price attached,2,no,,yes,True,REPLACE,"Add a width to the existing URL — the same ?auto=compress&cs=tinysrgb&w=1200 that 6,188 of the site's 7,496 provider references already carry. No licence, no new asset, no budget, and it does not prejudge whether the photograph is any good.",licence,B — one stock or agency licence at the going rate.,"Opens /places/malawi/why-malawi.html, the only photograph on it a phone is certain to fetch. No price attached. The picture is wrong: relevance 3.9; the provider calls it ""a sailboat on the ocean"". Costs a phone 5.5 MB today (estimated).",a dhow under sail on Lake Malawi at sunset,16/9,,pexels:7433811,https://images.pexels.com/photos/7433811/pexels-photo-7433811.jpeg,Henrik Bentzen,https://www.pexels.com/photo/a-sailboat-on-the-ocean-7433811/
529,P3 defer — no price attached to this country,/places/mauritania/terjit.html,mauritania,terjit,hidden-gems,yes,yes,yes,5509324,5.51,estimated,4,no price attached,2,no,,no,True,REPLACE,"Add a width to the existing URL — the same ?auto=compress&cs=tinysrgb&w=1200 that 6,188 of the site's 7,496 provider references already carry. No licence, no new asset, no budget, and it does not prejudge whether the photograph is any good.",licence,B — one stock or agency licence at the going rate.,"Opens /places/mauritania/terjit.html, the only photograph on it a phone is certain to fetch. No price attached. The picture is wrong: relevance 2.2; the provider calls it ""mzab valley under blue sky"". Costs a phone 5.5 MB today (estimated).","a spring pool under dense palms in the Terjit gorge, Mauritania",16/9,,pexels:9254283,https://images.pexels.com/photos/9254283/pexels-photo-9254283.jpeg,Djamel Ramdani,https://www.pexels.com/photo/mzab-valley-under-blue-sky-9254283/
530,P3 defer — no price attached to this country,/places/mauritius/four-cultures-one-lagoon.html,mauritius,four cultures one lagoon,why-visit,yes,yes,yes,5509324,5.51,estimated,4,no price attached,2,no,,yes,True,REPLACE,"Add a width to the existing URL — the same ?auto=compress&cs=tinysrgb&w=1200 that 6,188 of the site's 7,496 provider references already carry. No licence, no new asset, no budget, and it does not prejudge whether the photograph is any good.",licence,B — one stock or agency licence at the going rate.,"Opens /places/mauritius/four-cultures-one-lagoon.html, the only photograph on it a phone is certain to fetch. No price attached. The picture is wrong: relevance 3.9. Costs a phone 5.5 MB today (estimated).","a busy multicultural street scene in Port Louis, Mauritius",16/9,,pexels:37211263,https://images.pexels.com/photos/37211263/pexels-photo-37211263.jpeg,basunga visual,https://www.pexels.com/photo/street-scene-in-downtown-luanda-angola-37211263/
531,P3 defer — no price attached to this country,/places/morocco/tagine-bread-and-mint.html,morocco,tagine bread and mint,food,yes,yes,yes,5509324,5.51,estimated,4,no price attached,2,no,,no,True,REPLACE,"Add a width to the existing URL — the same ?auto=compress&cs=tinysrgb&w=1200 that 6,188 of the site's 7,496 provider references already carry. No licence, no new asset, no budget, and it does not prejudge whether the photograph is any good.",licence,B — one stock or agency licence at the going rate.,"Opens /places/morocco/tagine-bread-and-mint.html, the only photograph on it a phone is certain to fetch. No price attached. The picture is wrong: the provider calls it ""close up photo of cooked vegetables on pot"". Costs a phone 5.5 MB today (estimated).","a tagine cooking over charcoal at a roadside stall, Morocco",16/9,,pexels:2291602,https://images.pexels.com/photos/2291602/pexels-photo-2291602.jpeg,Zak Chapman,https://www.pexels.com/photo/close-up-photo-of-cooked-vegetables-on-pot-2291602/
532,P3 defer — no price attached to this country,/places/mozambique/carving-and-basketry.html,mozambique,carving and basketry,crafts,yes,yes,yes,5509324,5.51,estimated,4,no price attached,2,no,,no,True,REPLACE,"Add a width to the existing URL — the same ?auto=compress&cs=tinysrgb&w=1200 that 6,188 of the site's 7,496 provider references already carry. No licence, no new asset, no budget, and it does not prejudge whether the photograph is any good.",licence,B — one stock or agency licence at the going rate.,"Opens /places/mozambique/carving-and-basketry.html, the only photograph on it a phone is certain to fetch. No price attached. The picture is wrong: relevance 2.2. Costs a phone 5.5 MB today (estimated).","Two children push a handmade wooden cart down a dirt path in a sunny outdoor setting., Mozambique",16/9,,pexels:30637865,https://images.pexels.com/photos/30637865/pexels-photo-30637865.jpeg,Edouard MIHIGO,https://www.pexels.com/photo/children-pushing-wooden-cart-on-dirt-path-30637865/
533,P3 defer — no price attached to this country,/places/mozambique/gorongosas-restoration.html,mozambique,gorongosas restoration,eco-tourism,yes,yes,yes,5509324,5.51,estimated,4,no price attached,2,no,,no,True,REPLACE,"Add a width to the existing URL — the same ?auto=compress&cs=tinysrgb&w=1200 that 6,188 of the site's 7,496 provider references already carry. No licence, no new asset, no budget, and it does not prejudge whether the photograph is any good.",licence,B — one stock or agency licence at the going rate.,"Opens /places/mozambique/gorongosas-restoration.html, the only photograph on it a phone is certain to fetch. No price attached. The picture is wrong: relevance 2.7; the provider calls it ""a person assisting an elderly woman in using a micro"". Costs a phone 5.5 MB today (estimated).","a park scientist at work in Gorongosa, Mozambique",16/9,,pexels:8539456,https://images.pexels.com/photos/8539456/pexels-photo-8539456.jpeg,https://kaboompics.com/,https://www.pexels.com/photo/a-person-assisting-an-elderly-woman-in-using-a-microscope-8539456/
534,P3 defer — no price attached to this country,/places/niger/giraffes-an-hour-away.html,niger,giraffes an hour away,family-community,yes,yes,yes,5509324,5.51,estimated,4,no price attached,2,no,,no,True,REPLACE,"Add a width to the existing URL — the same ?auto=compress&cs=tinysrgb&w=1200 that 6,188 of the site's 7,496 provider references already carry. No licence, no new asset, no budget, and it does not prejudge whether the photograph is any good.",licence,B — one stock or agency licence at the going rate.,"Opens /places/niger/giraffes-an-hour-away.html, the only photograph on it a phone is certain to fetch. No price attached. The picture is wrong: relevance 2.2; the provider calls it ""traditional cultural parade with horses"". Costs a phone 5.5 MB today (estimated).","a family on foot watching giraffe browse at Kouré, Niger",16/9,,pexels:31704102,https://images.pexels.com/photos/31704102/pexels-photo-31704102.jpeg,alameen .ng,https://www.pexels.com/photo/traditional-cultural-parade-with-horses-31704102/
535,P3 defer — no price attached to this country,/places/niger/giraffes-beside-farms.html,niger,giraffes beside farms,eco-tourism,yes,yes,yes,5509324,5.51,estimated,4,no price attached,2,no,,no,True,REPLACE,"Add a width to the existing URL — the same ?auto=compress&cs=tinysrgb&w=1200 that 6,188 of the site's 7,496 provider references already carry. No licence, no new asset, no budget, and it does not prejudge whether the photograph is any good.",licence,B — one stock or agency licence at the going rate.,"Opens /places/niger/giraffes-beside-farms.html, the only photograph on it a phone is certain to fetch. No price attached. The picture is wrong: relevance 2.7. Costs a phone 5.5 MB today (estimated).","giraffe walking past millet fields and a farmer at Kouré, Niger",16/9,,pexels:20155327,https://images.pexels.com/photos/20155327/pexels-photo-20155327.jpeg,alameen .ng,https://www.pexels.com/photo/men-walking-in-traditional-clothing-on-street-in-village-20155327/
536,P3 defer — no price attached to this country,/places/nigeria/lagos-abuja-kano.html,nigeria,lagos abuja kano,cities,yes,yes,yes,5509324,5.51,estimated,4,no price attached,2,no,,no,True,REPLACE,"Add a width to the existing URL — the same ?auto=compress&cs=tinysrgb&w=1200 that 6,188 of the site's 7,496 provider references already carry. No licence, no new asset, no budget, and it does not prejudge whether the photograph is any good.",licence,B — one stock or agency licence at the going rate.,"Opens /places/nigeria/lagos-abuja-kano.html, the only photograph on it a phone is certain to fetch. No price attached. The picture is wrong: relevance 3.4. Costs a phone 5.5 MB today (estimated).","the old city and dye pits of Kano, Nigeria",16/9,,pexels:31729398,https://images.pexels.com/photos/31729398/pexels-photo-31729398.jpeg,alameen .ng,https://www.pexels.com/photo/muhammad-buhari-road-interchange-in-kano-31729398/
537,P3 defer — no price attached to this country,/places/sudan/why-sudan.html,sudan,why sudan,why-visit,yes,yes,yes,5509324,5.51,estimated,4,no price attached,2,no,,yes,True,REPLACE,"Add a width to the existing URL — the same ?auto=compress&cs=tinysrgb&w=1200 that 6,188 of the site's 7,496 provider references already carry. No licence, no new asset, no budget, and it does not prejudge whether the photograph is any good.",licence,B — one stock or agency licence at the going rate.,"Opens /places/sudan/why-sudan.html, the only photograph on it a phone is certain to fetch. No price attached. The picture is wrong: relevance 3.4; the provider calls it ""girl with afro hair smiling"". Costs a phone 5.5 MB today (estimated).","a lone figure walking among the pyramids of Meroe, Sudan",16/9,,pexels:5339794,https://images.pexels.com/photos/5339794/pexels-photo-5339794.jpeg,Aladdin Mustafa,https://www.pexels.com/photo/girl-with-afro-hair-smiling-5339794/
538,P3 defer — no price attached to this country,/places/madagascar/six-ecosystems-on-one-island.html,madagascar,six ecosystems on one island,nature,yes,yes,yes,5507275,5.51,estimated,4,no price attached,4,no,,no,True,REPLACE,"Add a width to the existing URL — the same ?auto=compress&cs=tinysrgb&w=1200 that 6,188 of the site's 7,496 provider references already carry. No licence, no new asset, no budget, and it does not prejudge whether the photograph is any good.",licence,B — one stock or agency licence at the going rate.,"Opens /places/madagascar/six-ecosystems-on-one-island.html, the only photograph on it a phone is certain to fetch. No price attached. The picture is wrong: relevance 2.5; the provider calls it ""caves in puglia"". Costs a phone 5.5 MB today (estimated).","the tsingy limestone pinnacles of Bemaraha, Madagascar",16/9,,pexels:28260229,https://images.pexels.com/photos/28260229/pexels-photo-28260229.jpeg,Max Kladitin,https://www.pexels.com/photo/caves-in-puglia-28260229/
539,P3 defer — no price attached to this country,/places/burundi/lake-and-hills.html,burundi,lake and hills,family-community,yes,yes,yes,5489666,5.49,estimated,4,no price attached,2,no,,no,True,REPLACE,"Add a width to the existing URL — the same ?auto=compress&cs=tinysrgb&w=1200 that 6,188 of the site's 7,496 provider references already carry. No licence, no new asset, no budget, and it does not prejudge whether the photograph is any good.",licence,B — one stock or agency licence at the going rate.,"Opens /places/burundi/lake-and-hills.html, the only photograph on it a phone is certain to fetch. No price attached. The picture is wrong: the provider calls it ""tranquil lakeside village with fishing boats"". Costs a phone 5.5 MB today (estimated).","children playing on the sand at a Lake Tanganyika beach, Burundi",16/9,,pexels:37961010,https://images.pexels.com/photos/37961010/pexels-photo-37961010.jpeg,Edouard MIHIGO,https://www.pexels.com/photo/tranquil-lakeside-village-with-fishing-boats-37961010/
540,P3 defer — no price attached to this country,/places/mauritius/the-lagoon.html,mauritius,the lagoon,beaches,yes,yes,yes,5350587,5.35,estimated,4,no price attached,4,no,,no,True,REPLACE,"Add a width to the existing URL — the same ?auto=compress&cs=tinysrgb&w=1200 that 6,188 of the site's 7,496 provider references already carry. No licence, no new asset, no budget, and it does not prejudge whether the photograph is any good.",licence,B — one stock or agency licence at the going rate.,"Opens /places/mauritius/the-lagoon.html, the only photograph on it a phone is certain to fetch. No price attached. The picture is wrong: the provider calls it ""top view of rock formation near the sea"". Costs a phone 5.4 MB today (estimated).","turquoise lagoon and reef break off a Mauritian beach, Mauritius",16/9,,pexels:7449072,https://images.pexels.com/photos/7449072/pexels-photo-7449072.jpeg,Dominik Ruhl,https://www.pexels.com/photo/top-view-of-rock-formation-near-the-sea-7449072/
541,P3 defer — no price attached to this country,/places/togo/a-handful.html,togo,a handful,luxury,yes,yes,yes,5340521,5.34,estimated,4,no price attached,2,no,,no,True,REPLACE,"Add a width to the existing URL — the same ?auto=compress&cs=tinysrgb&w=1200 that 6,188 of the site's 7,496 provider references already carry. No licence, no new asset, no budget, and it does not prejudge whether the photograph is any good.",licence,B — one stock or agency licence at the going rate.,"Opens /places/togo/a-handful.html, the only photograph on it a phone is certain to fetch. No price attached. The picture is wrong: relevance 2.5. Costs a phone 5.3 MB today (estimated).","a beach hotel terrace under palms near Lome, Togo",16/9,,pexels:25559796,https://images.pexels.com/photos/25559796/pexels-photo-25559796.jpeg,Ambareesh Sridhar Photography,https://www.pexels.com/photo/lifeguard-on-a-cloudy-beach-25559796/
542,P3 defer — no price attached to this country,/places/central-african-republic/the-baaka.html,central-african-republic,the baaka,culture,yes,yes,yes,5321370,5.32,estimated,4,no price attached,4,no,,yes,True,REPLACE,"Add a width to the existing URL — the same ?auto=compress&cs=tinysrgb&w=1200 that 6,188 of the site's 7,496 provider references already carry. No licence, no new asset, no budget, and it does not prejudge whether the photograph is any good.",licence,B — one stock or agency licence at the going rate.,"Opens /places/central-african-republic/the-baaka.html, the only photograph on it a phone is certain to fetch. No price attached. The picture is wrong: relevance 3.2. Costs a phone 5.3 MB today (estimated).","BaAka women singing in polyphony in a forest camp, Central African Republic",16/9,,pexels:32163534,https://images.pexels.com/photos/32163534/pexels-photo-32163534.jpeg,Najim Kurfi,https://www.pexels.com/photo/african-woman-in-traditional-attire-outdoors-32163534/
543,P3 defer — no price attached to this country,/places/mali/bogolan-and-bamana-sculpture.html,mali,bogolan and bamana sculpture,crafts,yes,yes,yes,5267318,5.27,estimated,4,no price attached,2,no,,no,True,REPLACE,"Add a width to the existing URL — the same ?auto=compress&cs=tinysrgb&w=1200 that 6,188 of the site's 7,496 provider references already carry. No licence, no new asset, no budget, and it does not prejudge whether the photograph is any good.",licence,B — one stock or agency licence at the going rate.,"Opens /places/mali/bogolan-and-bamana-sculpture.html, the only photograph on it a phone is certain to fetch. No price attached. The picture is wrong: relevance 2.7. Costs a phone 5.3 MB today (estimated).","An elephant uses its trunk to splash mud on itself while in the wild, showcasing natural behavior., Mali",16/9,,pexels:16907736,https://images.pexels.com/photos/16907736/pexels-photo-16907736.jpeg,Diego F. Parra,https://www.pexels.com/photo/an-elephant-splashing-water-with-its-trunk-16907736/
544,P3 defer — no price attached to this country,/places/libya/ghadames.html,libya,ghadames,architecture,yes,yes,yes,5232604,5.23,estimated,4,no price attached,3,no,,no,True,REPLACE,"Add a width to the existing URL — the same ?auto=compress&cs=tinysrgb&w=1200 that 6,188 of the site's 7,496 provider references already carry. No licence, no new asset, no budget, and it does not prejudge whether the photograph is any good.",licence,B — one stock or agency licence at the going rate.,"Opens /places/libya/ghadames.html, the only photograph on it a phone is certain to fetch. No price attached. The picture is wrong: relevance 3.6; the provider calls it ""entrance to ancient building"". Costs a phone 5.2 MB today (estimated).","the whitewashed roof terraces and covered alleys of Ghadames, Libya",16/9,,pexels:27066176,https://images.pexels.com/photos/27066176/pexels-photo-27066176.jpeg,abdo alshreef,https://www.pexels.com/photo/entrance-to-ancient-building-27066176/
545,P3 defer — no price attached to this country,/places/sudan/acacia-and-doum-palm.html,sudan,acacia and doum palm,forests,yes,yes,yes,5230579,5.23,estimated,4,no price attached,4,no,,no,True,REPLACE,"Add a width to the existing URL — the same ?auto=compress&cs=tinysrgb&w=1200 that 6,188 of the site's 7,496 provider references already carry. No licence, no new asset, no budget, and it does not prejudge whether the photograph is any good.",licence,B — one stock or agency licence at the going rate.,"Opens /places/sudan/acacia-and-doum-palm.html, the only photograph on it a phone is certain to fetch. No price attached. The picture is wrong: the provider calls it ""a close up of a tree with small fruits"". Costs a phone 5.2 MB today (estimated).",an acacia woodland tapped for gum arabic in central Sudan,16/9,,pexels:27572146,https://images.pexels.com/photos/27572146/pexels-photo-27572146.jpeg,哲聖 林,https://www.pexels.com/photo/a-close-up-of-a-tree-with-small-fruits-27572146/
546,P3 defer — no price attached to this country,/places/congo/saka-saka-and-poulet-moambe.html,congo,saka saka and poulet moambe,food,yes,yes,yes,5230579,5.23,estimated,4,no price attached,2,no,,no,True,REPLACE,"Add a width to the existing URL — the same ?auto=compress&cs=tinysrgb&w=1200 that 6,188 of the site's 7,496 provider references already carry. No licence, no new asset, no budget, and it does not prejudge whether the photograph is any good.",licence,B — one stock or agency licence at the going rate.,"Opens /places/congo/saka-saka-and-poulet-moambe.html, the only photograph on it a phone is certain to fetch. No price attached. The picture is wrong: the provider calls it ""fresh tomatoes with a healthy meal setting"". Costs a phone 5.2 MB today (estimated).","a plate of poulet moambe with cassava and rice, Congo",16/9,,pexels:34463121,https://images.pexels.com/photos/34463121/pexels-photo-34463121.jpeg,Nascimento Jr.,https://www.pexels.com/photo/fresh-tomatoes-with-a-healthy-meal-setting-34463121/
547,P3 defer — no price attached to this country,/places/burundi/lake-tanganyika.html,burundi,lake tanganyika,lakes-rivers,yes,yes,yes,5222923,5.22,estimated,4,no price attached,3,no,,no,True,REPLACE,"Add a width to the existing URL — the same ?auto=compress&cs=tinysrgb&w=1200 that 6,188 of the site's 7,496 provider references already carry. No licence, no new asset, no budget, and it does not prejudge whether the photograph is any good.",licence,B — one stock or agency licence at the going rate.,"Opens /places/burundi/lake-tanganyika.html, the only photograph on it a phone is certain to fetch. No price attached. The picture is wrong: relevance 3.4. Costs a phone 5.2 MB today (estimated).","the deep blue water of Lake Tanganyika from a hillside, Burundi",16/9,,pexels:37961021,https://images.pexels.com/photos/37961021/pexels-photo-37961021.jpeg,Edouard MIHIGO,https://www.pexels.com/photo/solitary-fisherman-in-wooden-boat-on-tranquil-lake-37961021/
548,P3 defer — no price attached to this country,/places/malawi/the-beach-at-cape-maclear.html,malawi,the beach at cape maclear,local-life,yes,yes,yes,5222923,5.22,estimated,4,no price attached,3,no,,no,True,REPLACE,"Add a width to the existing URL — the same ?auto=compress&cs=tinysrgb&w=1200 that 6,188 of the site's 7,496 provider references already carry. No licence, no new asset, no budget, and it does not prejudge whether the photograph is any good.",licence,B — one stock or agency licence at the going rate.,"Opens /places/malawi/the-beach-at-cape-maclear.html, the only photograph on it a phone is certain to fetch. No price attached. The picture is wrong: relevance 2.7; the provider calls it ""tranquil day on african lake with fishermen"". Costs a phone 5.2 MB today (estimated).","fishing boats and children on the beach at Cape Maclear, Malawi",16/9,,pexels:37961020,https://images.pexels.com/photos/37961020/pexels-photo-37961020.jpeg,Edouard MIHIGO,https://www.pexels.com/photo/tranquil-day-on-african-lake-with-fishermen-37961020/
549,P3 defer — no price attached to this country,/places/togo/beach-and-waterfall-in-a-day.html,togo,beach and waterfall in a day,family-community,yes,yes,yes,5209268,5.21,estimated,4,no price attached,2,no,,no,True,REPLACE,"Add a width to the existing URL — the same ?auto=compress&cs=tinysrgb&w=1200 that 6,188 of the site's 7,496 provider references already carry. No licence, no new asset, no budget, and it does not prejudge whether the photograph is any good.",licence,B — one stock or agency licence at the going rate.,"Opens /places/togo/beach-and-waterfall-in-a-day.html, the only photograph on it a phone is certain to fetch. No price attached. The picture is wrong: relevance 3.5; the provider calls it ""man in shirt standing by group of people"". Costs a phone 5.2 MB today (estimated).","a family swimming in a pool below a waterfall near Kpalime, Togo",16/9,,pexels:16025968,https://images.pexels.com/photos/16025968/pexels-photo-16025968.jpeg,AFRIQUE  AYELE-Y,https://www.pexels.com/photo/man-in-shirt-standing-by-group-of-people-16025968/
550,P3 defer — no price attached to this country,/places/burkina-faso/karfiguela.html,burkina-faso,karfiguela,waterfalls,yes,yes,yes,5201252,5.20,estimated,4,no price attached,3,no,,no,True,REPLACE,"Add a width to the existing URL — the same ?auto=compress&cs=tinysrgb&w=1200 that 6,188 of the site's 7,496 provider references already carry. No licence, no new asset, no budget, and it does not prejudge whether the photograph is any good.",licence,B — one stock or agency licence at the going rate.,"Opens /places/burkina-faso/karfiguela.html, the only photograph on it a phone is certain to fetch. No price attached. The picture is wrong: relevance 3.0; the provider calls it ""children playing by a riverside with bridge"". Costs a phone 5.2 MB today (estimated).","people swimming below the Karfiguela waterfall, Burkina Faso",16/9,,pexels:31652387,https://images.pexels.com/photos/31652387/pexels-photo-31652387.jpeg,LekePOV,https://www.pexels.com/photo/children-playing-by-a-riverside-with-bridge-31652387/
551,P3 defer — no price attached to this country,/places/niger/mont-idoukal-n-taghes.html,niger,mont idoukal n taghes,mountains,yes,yes,yes,5154103,5.15,estimated,4,no price attached,4,no,,no,True,REPLACE,"Add a width to the existing URL — the same ?auto=compress&cs=tinysrgb&w=1200 that 6,188 of the site's 7,496 provider references already carry. No licence, no new asset, no budget, and it does not prejudge whether the photograph is any good.",licence,B — one stock or agency licence at the going rate.,"Opens /places/niger/mont-idoukal-n-taghes.html, the only photograph on it a phone is certain to fetch. No price attached. The picture is wrong: relevance 2.5; the provider calls it ""air niugini boeing 737 700 in flight closeup"". Costs a phone 5.2 MB today (estimated).","a granite peak in the Air massif with a palm-filled valley below, Niger",16/9,,pexels:36022167,https://images.pexels.com/photos/36022167/pexels-photo-36022167.jpeg,Jeffry Surianto,https://www.pexels.com/photo/air-niugini-boeing-737-700-in-flight-closeup-36022167/
552,P3 defer — no price attached to this country,/places/sierra-leone/sunday-at-lumley.html,sierra-leone,sunday at lumley,local-life,yes,yes,yes,5141423,5.14,estimated,4,no price attached,3,no,,no,True,REPLACE,"Add a width to the existing URL — the same ?auto=compress&cs=tinysrgb&w=1200 that 6,188 of the site's 7,496 provider references already carry. No licence, no new asset, no budget, and it does not prejudge whether the photograph is any good.",licence,B — one stock or agency licence at the going rate.,"Opens /places/sierra-leone/sunday-at-lumley.html, the only photograph on it a phone is certain to fetch. No price attached. The picture is wrong: relevance 3.0; the provider calls it ""a large group of people standing in a line"". Costs a phone 5.1 MB today (estimated).","crowds and beach bars at Lumley beach on a Sunday, Sierra Leone",16/9,,unsplash:9LyOQWyLm0I,https://images.unsplash.com/photo-1649486116210-69085e3f164a,Random Institute,https://unsplash.com/photos/a-large-group-of-people-standing-in-a-line-9LyOQWyLm0I
553,P3 defer — no price attached to this country,/places/comoros/langouste-and-pilao.html,comoros,langouste and pilao,food,yes,yes,yes,5078908,5.08,estimated,4,no price attached,2,no,,no,True,REPLACE,"Add a width to the existing URL — the same ?auto=compress&cs=tinysrgb&w=1200 that 6,188 of the site's 7,496 provider references already carry. No licence, no new asset, no budget, and it does not prejudge whether the photograph is any good.",licence,B — one stock or agency licence at the going rate.,"Opens /places/comoros/langouste-and-pilao.html, the only photograph on it a phone is certain to fetch. No price attached. The picture is wrong: the provider calls it ""seafood with salad on plate"". Costs a phone 5.1 MB today (estimated).","grilled lobster with rice and coconut sauce, Comoros",16/9,,pexels:24246112,https://images.pexels.com/photos/24246112/pexels-photo-24246112.jpeg,Change C.C,https://www.pexels.com/photo/seafood-with-salad-on-plate-24246112/
554,P3 defer — no price attached to this country,/places/eritrea/the-red-sea-coast.html,eritrea,the red sea coast,lakes-rivers,yes,yes,yes,5062921,5.06,estimated,4,no price attached,3,no,,no,True,REPLACE,"Add a width to the existing URL — the same ?auto=compress&cs=tinysrgb&w=1200 that 6,188 of the site's 7,496 provider references already carry. No licence, no new asset, no budget, and it does not prejudge whether the photograph is any good.",licence,B — one stock or agency licence at the going rate.,"Opens /places/eritrea/the-red-sea-coast.html, the only photograph on it a phone is certain to fetch. No price attached. The picture is wrong: the provider calls it ""silhouette of motorboat on sea at dusk"". Costs a phone 5.1 MB today (estimated).",clear shallow water over coral off the Eritrean Red Sea coast,16/9,,pexels:21622413,https://images.pexels.com/photos/21622413/pexels-photo-21622413.jpeg,Re pour,https://www.pexels.com/photo/silhouette-of-motorboat-on-sea-at-dusk-21622413/
555,P3 defer — no price attached to this country,/places/libya/the-sand-sea-and-the-jebel.html,libya,the sand sea and the jebel,nature,yes,yes,yes,5058038,5.06,estimated,4,no price attached,4,no,,no,True,REPLACE,"Add a width to the existing URL — the same ?auto=compress&cs=tinysrgb&w=1200 that 6,188 of the site's 7,496 provider references already carry. No licence, no new asset, no budget, and it does not prejudge whether the photograph is any good.",licence,B — one stock or agency licence at the going rate.,"Opens /places/libya/the-sand-sea-and-the-jebel.html, the only photograph on it a phone is certain to fetch. No price attached. The picture is wrong: the provider calls it ""bushes on arid desert"". Costs a phone 5.1 MB today (estimated).","dunes of the Ubari sand sea with a palm-fringed lake below, Libya",16/9,,pexels:18355924,https://images.pexels.com/photos/18355924/pexels-photo-18355924.jpeg,Wzm Pictures,https://www.pexels.com/photo/bushes-on-arid-desert-18355924/
556,P3 defer — no price attached to this country,/places/south-sudan/beadwork-and-corsets.html,south-sudan,beadwork and corsets,crafts,yes,yes,yes,5053888,5.05,estimated,4,no price attached,2,no,,no,True,REPLACE,"Add a width to the existing URL — the same ?auto=compress&cs=tinysrgb&w=1200 that 6,188 of the site's 7,496 provider references already carry. No licence, no new asset, no budget, and it does not prejudge whether the photograph is any good.",licence,B — one stock or agency licence at the going rate.,"Opens /places/south-sudan/beadwork-and-corsets.html, the only photograph on it a phone is certain to fetch. No price attached. The picture is wrong: relevance 2.7. Costs a phone 5.1 MB today (estimated).","Vibrant cultural parade with people in red attire, holding sticks, amidst urban construction backdrop., South Sudan",16/9,,pexels:38010063,https://images.pexels.com/photos/38010063/pexels-photo-38010063.jpeg,Anchau,https://www.pexels.com/photo/colorful-traditional-parade-with-red-attire-38010063/
557,P3 defer — no price attached to this country,/places/equatorial-guinea/iladyi.html,equatorial-guinea,iladyi,waterfalls,yes,yes,yes,4993059,4.99,estimated,4,no price attached,3,no,,no,True,REPLACE,"Add a width to the existing URL — the same ?auto=compress&cs=tinysrgb&w=1200 that 6,188 of the site's 7,496 provider references already carry. No licence, no new asset, no budget, and it does not prejudge whether the photograph is any good.",licence,B — one stock or agency licence at the going rate.,"Opens /places/equatorial-guinea/iladyi.html, the only photograph on it a phone is certain to fetch. No price attached. The picture is wrong: relevance 2.3; the provider calls it ""waterfall in green forest"". Costs a phone 5.0 MB today (estimated).","the Iladyi cascade falling from the caldera rim on Bioko, Equatorial Guinea",16/9,,pexels:14055689,https://images.pexels.com/photos/14055689/pexels-photo-14055689.jpeg,Osmany Mederos,https://www.pexels.com/photo/waterfall-in-green-forest-14055689/
558,P3 defer — no price attached to this country,/places/somalia/why-somalia.html,somalia,why somalia,why-visit,yes,yes,yes,4986155,4.99,estimated,4,no price attached,2,no,,yes,True,REPLACE,"Add a width to the existing URL — the same ?auto=compress&cs=tinysrgb&w=1200 that 6,188 of the site's 7,496 provider references already carry. No licence, no new asset, no budget, and it does not prejudge whether the photograph is any good.",licence,B — one stock or agency licence at the going rate.,"Opens /places/somalia/why-somalia.html, the only photograph on it a phone is certain to fetch. No price attached. The picture is wrong: relevance 3.9. Costs a phone 5.0 MB today (estimated).","a lone figure on an empty Somali beach at sunrise, Somalia",16/9,,pexels:8693011,https://images.pexels.com/photos/8693011/pexels-photo-8693011.jpeg,Игорь Кипелкин,https://www.pexels.com/photo/person-walking-waking-on-beach-shore-8693011/
559,P3 defer — no price attached to this country,/places/dr-congo/muanda-and-the-lakes.html,dr-congo,muanda and the lakes,beaches,yes,yes,yes,4979567,4.98,estimated,4,no price attached,4,no,,no,True,REPLACE,"Add a width to the existing URL — the same ?auto=compress&cs=tinysrgb&w=1200 that 6,188 of the site's 7,496 provider references already carry. No licence, no new asset, no budget, and it does not prejudge whether the photograph is any good.",licence,B — one stock or agency licence at the going rate.,"Opens /places/dr-congo/muanda-and-the-lakes.html, the only photograph on it a phone is certain to fetch. No price attached. The picture is wrong: the provider calls it ""coastal cityscape with modern building and waterfron"". Costs a phone 5.0 MB today (estimated).","the shore and clear water of Lake Kivu at Goma, DR Congo",16/9,,pexels:36713681,https://images.pexels.com/photos/36713681/pexels-photo-36713681.jpeg,Abenezer Muluken,https://www.pexels.com/photo/coastal-cityscape-with-modern-building-and-waterfront-36713681/
560,P3 defer — no price attached to this country,/places/morocco/riad-and-medina.html,morocco,riad and medina,architecture,yes,yes,yes,4967387,4.97,estimated,4,no price attached,3,no,,no,True,REPLACE,"Add a width to the existing URL — the same ?auto=compress&cs=tinysrgb&w=1200 that 6,188 of the site's 7,496 provider references already carry. No licence, no new asset, no budget, and it does not prejudge whether the photograph is any good.",licence,B — one stock or agency licence at the going rate.,"Opens /places/morocco/riad-and-medina.html, the only photograph on it a phone is certain to fetch. No price attached. The picture is wrong: does not name Morocco, which the slot asked for. Costs a phone 5.0 MB today (estimated).","the tiled courtyard of a traditional Moroccan riad, Morocco",16/9,,pexels:30130842,https://images.pexels.com/photos/30130842/pexels-photo-30130842.jpeg,omar bouragaa,https://www.pexels.com/photo/traditional-moroccan-riad-courtyard-interior-30130842/
561,P3 defer — no price attached to this country,/places/togo/aneho-and-lake-togo.html,togo,aneho and lake togo,hidden-gems,yes,yes,yes,4925521,4.93,estimated,4,no price attached,2,no,,no,True,REPLACE,"Add a width to the existing URL — the same ?auto=compress&cs=tinysrgb&w=1200 that 6,188 of the site's 7,496 provider references already carry. No licence, no new asset, no budget, and it does not prejudge whether the photograph is any good.",licence,B — one stock or agency licence at the going rate.,"Opens /places/togo/aneho-and-lake-togo.html, the only photograph on it a phone is certain to fetch. No price attached. The picture is wrong: the provider calls it ""portrait of man with short hair"". Costs a phone 4.9 MB today (estimated).","a quiet street of faded colonial houses at Aneho, Togo",16/9,,pexels:16026516,https://images.pexels.com/photos/16026516/pexels-photo-16026516.jpeg,AFRIQUE  AYELE-Y,https://www.pexels.com/photo/portrait-of-man-with-short-hair-16026516/
562,P3 defer — no price attached to this country,/places/sierra-leone/country-cloth-and-gara.html,sierra-leone,country cloth and gara,crafts,yes,yes,yes,4916246,4.92,estimated,4,no price attached,2,no,,no,True,REPLACE,"Add a width to the existing URL — the same ?auto=compress&cs=tinysrgb&w=1200 that 6,188 of the site's 7,496 provider references already carry. No licence, no new asset, no budget, and it does not prejudge whether the photograph is any good.",licence,B — one stock or agency licence at the going rate.,"Opens /places/sierra-leone/country-cloth-and-gara.html, the only photograph on it a phone is certain to fetch. No price attached. The picture is wrong: the provider calls it ""man in white shirt and black pants sitting on yellow"". Costs a phone 4.9 MB today (estimated).","gara tie-dyed cloth drying in a Freetown yard, Sierra Leone",16/9,,unsplash:af41dO9TnBY,https://images.unsplash.com/photo-1582617328222-c32305878dc0,Random Institute,https://unsplash.com/photos/man-in-white-shirt-and-black-pants-sitting-on-yellow-van-af41dO9TnBY
563,P3 defer — no price attached to this country,/places/chad/buffalo-in-thousands.html,chad,buffalo in thousands,wildlife,yes,yes,yes,4913536,4.91,estimated,4,no price attached,4,no,,yes,True,REPLACE,"Add a width to the existing URL — the same ?auto=compress&cs=tinysrgb&w=1200 that 6,188 of the site's 7,496 provider references already carry. No licence, no new asset, no budget, and it does not prejudge whether the photograph is any good.",licence,B — one stock or agency licence at the going rate.,"Opens /places/chad/buffalo-in-thousands.html, the only photograph on it a phone is certain to fetch. No price attached. The picture is wrong: relevance 2.0; the provider calls it ""close up shot of a lioness sitting on a grassy field"". Costs a phone 4.9 MB today (estimated).","a dense herd of buffalo raising dust in Zakouma, Chad",16/9,,pexels:4913603,https://images.pexels.com/photos/4913603/pexels-photo-4913603.jpeg,Vishva Patel,https://www.pexels.com/photo/close-up-shot-of-a-lioness-sitting-on-a-grassy-field-4913603/
564,P3 defer — no price attached to this country,/places/togo/towers-of-mud.html,togo,towers of mud,architecture,yes,yes,yes,4896904,4.90,estimated,4,no price attached,3,no,,no,True,REPLACE,"Add a width to the existing URL — the same ?auto=compress&cs=tinysrgb&w=1200 that 6,188 of the site's 7,496 provider references already carry. No licence, no new asset, no budget, and it does not prejudge whether the photograph is any good.",licence,B — one stock or agency licence at the going rate.,"Opens /places/togo/towers-of-mud.html, the only photograph on it a phone is certain to fetch. No price attached. The picture is wrong: the provider calls it ""traditional mud hut with thatched roof"". Costs a phone 4.9 MB today (estimated).","the sculpted mud tower and granary of a takienta house, Togo",16/9,,pexels:37250999,https://images.pexels.com/photos/37250999/pexels-photo-37250999.jpeg,Bobby Dimas,https://www.pexels.com/photo/traditional-mud-hut-with-thatched-roof-37250999/
565,P3 defer — no price attached to this country,/places/gabon/kayak-trek-and-boat.html,gabon,kayak trek and boat,outdoor,yes,yes,yes,4858755,4.86,estimated,4,no price attached,2,no,,no,True,REPLACE,"Add a width to the existing URL — the same ?auto=compress&cs=tinysrgb&w=1200 that 6,188 of the site's 7,496 provider references already carry. No licence, no new asset, no budget, and it does not prejudge whether the photograph is any good.",licence,B — one stock or agency licence at the going rate.,"Opens /places/gabon/kayak-trek-and-boat.html, the only photograph on it a phone is certain to fetch. No price attached. The picture is wrong: relevance 2.7. Costs a phone 4.9 MB today (estimated).","Silhouetted kayakers paddling on the ocean in a black and white composition, emphasizing solitude., Gabon",16/9,,pexels:13516979,https://images.pexels.com/photos/13516979/pexels-photo-13516979.jpeg,The Humantra,https://www.pexels.com/photo/grayscale-photo-of-people-riding-a-boat-in-water-13516979/
566,P3 defer — no price attached to this country,/places/lesotho/why-lesotho.html,lesotho,why lesotho,why-visit,yes,yes,yes,4823972,4.82,estimated,4,no price attached,2,no,,yes,True,REPLACE,"Add a width to the existing URL — the same ?auto=compress&cs=tinysrgb&w=1200 that 6,188 of the site's 7,496 provider references already carry. No licence, no new asset, no budget, and it does not prejudge whether the photograph is any good.",licence,B — one stock or agency licence at the going rate.,"Opens /places/lesotho/why-lesotho.html, the only photograph on it a phone is certain to fetch. No price attached. The picture is wrong: relevance 2.0. Costs a phone 4.8 MB today (estimated).","a rider on a Basotho pony against a wide mountain horizon, Lesotho",16/9,,pexels:10964709,https://images.pexels.com/photos/10964709/pexels-photo-10964709.jpeg,Sergey  Meshkov,https://www.pexels.com/photo/shetland-pony-on-snow-covered-ground-10964709/
567,P3 defer — no price attached to this country,/places/mali/elephants-in-the-gourma.html,mali,elephants in the gourma,wildlife,yes,yes,yes,4798029,4.80,estimated,4,no price attached,4,no,,yes,True,REPLACE,"Add a width to the existing URL — the same ?auto=compress&cs=tinysrgb&w=1200 that 6,188 of the site's 7,496 provider references already carry. No licence, no new asset, no budget, and it does not prejudge whether the photograph is any good.",licence,B — one stock or agency licence at the going rate.,"Opens /places/mali/elephants-in-the-gourma.html, the only photograph on it a phone is certain to fetch. No price attached. The picture is wrong: the provider calls it ""group of people sitting on sand"". Costs a phone 4.8 MB today (estimated).","desert-adapted elephants crossing dry Sahelian scrub in the Gourma, Mali",16/9,,pexels:10390401,https://images.pexels.com/photos/10390401/pexels-photo-10390401.jpeg,Djamel Ramdani,https://www.pexels.com/photo/group-of-people-sitting-on-sand-10390401/
568,P3 defer — no price attached to this country,/places/burundi/kibira.html,burundi,kibira,forests,yes,yes,yes,4790280,4.79,estimated,4,no price attached,4,no,,no,True,REPLACE,"Add a width to the existing URL — the same ?auto=compress&cs=tinysrgb&w=1200 that 6,188 of the site's 7,496 provider references already carry. No licence, no new asset, no budget, and it does not prejudge whether the photograph is any good.",licence,B — one stock or agency licence at the going rate.,"Opens /places/burundi/kibira.html, the only photograph on it a phone is certain to fetch. No price attached. The picture is wrong: relevance 2.8; the provider calls it ""bujumbura urban vista with church tower"". Costs a phone 4.8 MB today (estimated).","mossy montane forest and tree ferns at Kibira, Burundi",16/9,,pexels:30817106,https://images.pexels.com/photos/30817106/pexels-photo-30817106.jpeg,Edouard MIHIGO,https://www.pexels.com/photo/bujumbura-urban-vista-with-church-tower-30817106/
569,P3 defer — no price attached to this country,/places/burundi/modest.html,burundi,modest,luxury,yes,yes,yes,4764439,4.76,estimated,4,no price attached,2,no,,no,True,REPLACE,"Add a width to the existing URL — the same ?auto=compress&cs=tinysrgb&w=1200 that 6,188 of the site's 7,496 provider references already carry. No licence, no new asset, no budget, and it does not prejudge whether the photograph is any good.",licence,B — one stock or agency licence at the going rate.,"Opens /places/burundi/modest.html, the only photograph on it a phone is certain to fetch. No price attached. The picture is wrong: relevance 3.7. Costs a phone 4.8 MB today (estimated).","a lakeside hotel terrace at Bujumbura, Burundi",16/9,,pexels:32637481,https://images.pexels.com/photos/32637481/pexels-photo-32637481.jpeg,Edouard MIHIGO,https://www.pexels.com/photo/stunning-modern-church-architecture-in-burundi-32637481/
570,P3 defer — no price attached to this country,/places/chad/two-hundred-groups.html,chad,two hundred groups,culture,yes,yes,yes,4750387,4.75,estimated,4,no price attached,4,no,,yes,True,REPLACE,"Add a width to the existing URL — the same ?auto=compress&cs=tinysrgb&w=1200 that 6,188 of the site's 7,496 provider references already carry. No licence, no new asset, no budget, and it does not prejudge whether the photograph is any good.",licence,B — one stock or agency licence at the going rate.,"Opens /places/chad/two-hundred-groups.html, the only photograph on it a phone is certain to fetch. No price attached. The picture is wrong: relevance 2.0. Costs a phone 4.8 MB today (estimated).","A man in traditional attire praying outdoors on a sunny day., Chad",16/9,,pexels:32455458,https://images.pexels.com/photos/32455458/pexels-photo-32455458.jpeg,Alee Abdullahi (DC__SHOT),https://www.pexels.com/photo/man-in-traditional-dress-praying-outdoors-32455458/
571,P3 defer — no price attached to this country,/places/comoros/the-last-forest.html,comoros,the last forest,forests,yes,yes,yes,4750387,4.75,estimated,4,no price attached,4,no,,no,True,REPLACE,"Add a width to the existing URL — the same ?auto=compress&cs=tinysrgb&w=1200 that 6,188 of the site's 7,496 provider references already carry. No licence, no new asset, no budget, and it does not prejudge whether the photograph is any good.",licence,B — one stock or agency licence at the going rate.,"Opens /places/comoros/the-last-forest.html, the only photograph on it a phone is certain to fetch. No price attached. The picture is wrong: relevance 2.7. Costs a phone 4.8 MB today (estimated).","cloud forest on the slopes of Mount Karthala, Comoros",16/9,,pexels:33894791,https://images.pexels.com/photos/33894791/pexels-photo-33894791.jpeg,hartono subagio,https://www.pexels.com/photo/scenic-view-of-a-mount-inerie-volcano-33894791/
572,P3 defer — no price attached to this country,/places/congo/mount-berongou.html,congo,mount berongou,mountains,yes,yes,yes,4750387,4.75,estimated,4,no price attached,4,no,,no,True,REPLACE,"Add a width to the existing URL — the same ?auto=compress&cs=tinysrgb&w=1200 that 6,188 of the site's 7,496 provider references already carry. No licence, no new asset, no budget, and it does not prejudge whether the photograph is any good.",licence,B — one stock or agency licence at the going rate.,"Opens /places/congo/mount-berongou.html, the only photograph on it a phone is certain to fetch. No price attached. The picture is wrong: the provider calls it ""mist covering sun over woodland"". Costs a phone 4.8 MB today (estimated).","the forested Mayombe hills under low cloud, Congo",16/9,,pexels:17316642,https://images.pexels.com/photos/17316642/pexels-photo-17316642.jpeg,Serg Alesenko,https://www.pexels.com/photo/mist-covering-sun-over-woodland-17316642/
573,P3 defer — no price attached to this country,/places/mozambique/mount-namuli-and-gorongosa.html,mozambique,mount namuli and gorongosa,mountains,yes,yes,yes,4750387,4.75,estimated,4,no price attached,4,no,,no,True,REPLACE,"Add a width to the existing URL — the same ?auto=compress&cs=tinysrgb&w=1200 that 6,188 of the site's 7,496 provider references already carry. No licence, no new asset, no budget, and it does not prejudge whether the photograph is any good.",licence,B — one stock or agency licence at the going rate.,"Opens /places/mozambique/mount-namuli-and-gorongosa.html, the only photograph on it a phone is certain to fetch. No price attached. The picture is wrong: the provider calls it ""hikers with flags at kilimanjaro cave entrance"". Costs a phone 4.8 MB today (estimated).","the granite dome of Mount Namuli rising from farmland, Mozambique",16/9,,pexels:37808448,https://images.pexels.com/photos/37808448/pexels-photo-37808448.jpeg,Penfran Tanzania,https://www.pexels.com/photo/hikers-with-flags-at-kilimanjaro-cave-entrance-37808448/
574,P3 defer — no price attached to this country,/places/somalia/poetry-as-the-national-art.html,somalia,poetry as the national art,culture,yes,yes,yes,4750387,4.75,estimated,4,no price attached,4,no,,yes,True,REPLACE,"Add a width to the existing URL — the same ?auto=compress&cs=tinysrgb&w=1200 that 6,188 of the site's 7,496 provider references already carry. No licence, no new asset, no budget, and it does not prejudge whether the photograph is any good.",licence,B — one stock or agency licence at the going rate.,"Opens /places/somalia/poetry-as-the-national-art.html, the only photograph on it a phone is certain to fetch. No price attached. The picture is wrong: relevance 2.5; the provider calls it ""four men sit at a bus stop in white shirts"". Costs a phone 4.8 MB today (estimated).","men listening to a poet reciting at an evening gathering, Somalia",16/9,,unsplash:OgWXxWXpc6g,https://images.unsplash.com/photo-1775633741123-27a20db1d75c,MOHAMED ABUKAR,https://unsplash.com/photos/four-men-sit-at-a-bus-stop-in-white-shirts-OgWXxWXpc6g
575,P3 defer — no price attached to this country,/places/somalia/shimbiris.html,somalia,shimbiris,mountains,yes,yes,yes,4750387,4.75,estimated,4,no price attached,4,no,,no,True,REPLACE,"Add a width to the existing URL — the same ?auto=compress&cs=tinysrgb&w=1200 that 6,188 of the site's 7,496 provider references already carry. No licence, no new asset, no budget, and it does not prejudge whether the photograph is any good.",licence,B — one stock or agency licence at the going rate.,"Opens /places/somalia/shimbiris.html, the only photograph on it a phone is certain to fetch. No price attached. The picture is wrong: relevance 2.5; the provider calls it ""green leaves of a plant"". Costs a phone 4.8 MB today (estimated).","juniper and cycads on the high slopes of Shimbiris, Somalia",16/9,,pexels:13131059,https://images.pexels.com/photos/13131059/pexels-photo-13131059.jpeg,Fez Brook,https://www.pexels.com/photo/green-leaves-of-a-plant-13131059/
576,P3 defer — no price attached to this country,/places/togo/the-kloto-forest.html,togo,the kloto forest,forests,yes,yes,yes,4750387,4.75,estimated,4,no price attached,4,no,,no,True,REPLACE,"Add a width to the existing URL — the same ?auto=compress&cs=tinysrgb&w=1200 that 6,188 of the site's 7,496 provider references already carry. No licence, no new asset, no budget, and it does not prejudge whether the photograph is any good.",licence,B — one stock or agency licence at the going rate.,"Opens /places/togo/the-kloto-forest.html, the only photograph on it a phone is certain to fetch. No price attached. The picture is wrong: the provider calls it ""butterfly on a leaf"". Costs a phone 4.8 MB today (estimated).","butterflies on a forest path in the Kloto hills, Togo",16/9,,pexels:5051299,https://images.pexels.com/photos/5051299/pexels-photo-5051299.jpeg,Valeriia Miller,https://www.pexels.com/photo/butterfly-on-a-leaf-5051299/
577,P3 defer — no price attached to this country,/places/benin/zemidjan.html,benin,zemidjan,local-life,yes,yes,yes,4750387,4.75,estimated,4,no price attached,3,no,,no,True,REPLACE,"Add a width to the existing URL — the same ?auto=compress&cs=tinysrgb&w=1200 that 6,188 of the site's 7,496 provider references already carry. No licence, no new asset, no budget, and it does not prejudge whether the photograph is any good.",licence,B — one stock or agency licence at the going rate.,"Opens /places/benin/zemidjan.html, the only photograph on it a phone is certain to fetch. No price attached. The picture is wrong: relevance 2.7. Costs a phone 4.8 MB today (estimated).","yellow-shirted zemidjan motorcycle taxi riders waiting at a junction, Benin",16/9,,pexels:33225354,https://images.pexels.com/photos/33225354/pexels-photo-33225354.jpeg,Lam N,https://www.pexels.com/photo/young-man-in-yellow-shirt-against-dark-backdrop-33225354/
578,P3 defer — no price attached to this country,/places/cabo-verde/portuguese-colonial-and-volcanic-stone.html,cabo-verde,portuguese colonial and volcanic stone,architecture,yes,yes,yes,4750387,4.75,estimated,4,no price attached,3,no,,no,True,REPLACE,"Add a width to the existing URL — the same ?auto=compress&cs=tinysrgb&w=1200 that 6,188 of the site's 7,496 provider references already carry. No licence, no new asset, no budget, and it does not prejudge whether the photograph is any good.",licence,B — one stock or agency licence at the going rate.,"Opens /places/cabo-verde/portuguese-colonial-and-volcanic-stone.html, the only photograph on it a phone is certain to fetch. No price attached. The picture is wrong: the provider calls it ""a mountain with a black cloud in the background"". Costs a phone 4.8 MB today (estimated).","black volcanic stone houses inside the Fogo caldera, Cabo Verde",16/9,,pexels:28271655,https://images.pexels.com/photos/28271655/pexels-photo-28271655.jpeg,Mathias Reding,https://www.pexels.com/photo/a-mountain-with-a-black-cloud-in-the-background-28271655/
579,P3 defer — no price attached to this country,/places/central-african-republic/two-sites.html,central-african-republic,two sites,heritage,yes,yes,yes,4750387,4.75,estimated,4,no price attached,3,no,,no,True,REPLACE,"Add a width to the existing URL — the same ?auto=compress&cs=tinysrgb&w=1200 that 6,188 of the site's 7,496 provider references already carry. No licence, no new asset, no budget, and it does not prejudge whether the photograph is any good.",licence,B — one stock or agency licence at the going rate.,"Opens /places/central-african-republic/two-sites.html, the only photograph on it a phone is certain to fetch. No price attached. The picture is wrong: the provider calls it ""mechanics repairing car on a dirt road in nigeria"". Costs a phone 4.8 MB today (estimated).","open savanna and gallery forest in northern CAR, Central African Republic",16/9,,pexels:37350765,https://images.pexels.com/photos/37350765/pexels-photo-37350765.jpeg,mk_photoz,https://www.pexels.com/photo/mechanics-repairing-car-on-a-dirt-road-in-nigeria-37350765/
580,P3 defer — no price attached to this country,/places/equatorial-guinea/the-wele-and-the-muni.html,equatorial-guinea,the wele and the muni,lakes-rivers,yes,yes,yes,4750387,4.75,estimated,4,no price attached,3,no,,no,True,REPLACE,"Add a width to the existing URL — the same ?auto=compress&cs=tinysrgb&w=1200 that 6,188 of the site's 7,496 provider references already carry. No licence, no new asset, no budget, and it does not prejudge whether the photograph is any good.",licence,B — one stock or agency licence at the going rate.,"Opens /places/equatorial-guinea/the-wele-and-the-muni.html, the only photograph on it a phone is certain to fetch. No price attached. The picture is wrong: relevance 3.4. Costs a phone 4.8 MB today (estimated).","Peaceful view of a tropical mangrove forest with lush greenery and water reflections., Equatorial Guinea",16/9,,pexels:17344654,https://images.pexels.com/photos/17344654/pexels-photo-17344654.jpeg,Jazmin Morales,https://www.pexels.com/photo/a-river-in-a-forest-17344654/
581,P3 defer — no price attached to this country,/places/eswatini/beehive-and-colonial.html,eswatini,beehive and colonial,architecture,yes,yes,yes,4750387,4.75,estimated,4,no price attached,3,no,,no,True,REPLACE,"Add a width to the existing URL — the same ?auto=compress&cs=tinysrgb&w=1200 that 6,188 of the site's 7,496 provider references already carry. No licence, no new asset, no budget, and it does not prejudge whether the photograph is any good.",licence,B — one stock or agency licence at the going rate.,"Opens /places/eswatini/beehive-and-colonial.html, the only photograph on it a phone is certain to fetch. No price attached. The picture is wrong: the provider calls it ""black and white bohemian decor scene"". Costs a phone 4.8 MB today (estimated).","a woven grass beehive hut at a Swazi homestead, Eswatini",16/9,,pexels:38423811,https://images.pexels.com/photos/38423811/pexels-photo-38423811.jpeg,Ayşegül  Aytören,https://www.pexels.com/photo/black-and-white-bohemian-decor-scene-38423811/
582,P3 defer — no price attached to this country,/places/gabon/the-ogooue-and-the-ivindo.html,gabon,the ogooue and the ivindo,lakes-rivers,yes,yes,yes,4750387,4.75,estimated,4,no price attached,3,no,,no,True,REPLACE,"Add a width to the existing URL — the same ?auto=compress&cs=tinysrgb&w=1200 that 6,188 of the site's 7,496 provider references already carry. No licence, no new asset, no budget, and it does not prejudge whether the photograph is any good.",licence,B — one stock or agency licence at the going rate.,"Opens /places/gabon/the-ogooue-and-the-ivindo.html, the only photograph on it a phone is certain to fetch. No price attached. The picture is wrong: relevance 3.4. Costs a phone 4.8 MB today (estimated).","A group of horses gallop near a river with a rider in a rural setting at sunset., Gabon",16/9,,pexels:26617833,https://images.pexels.com/photos/26617833/pexels-photo-26617833.jpeg,Zeynep Sude  Emek,https://www.pexels.com/photo/shepherd-on-horse-looking-at-running-herd-of-horses-26617833/
583,P3 defer — no price attached to this country,/places/mali/four-sites-all-at-risk.html,mali,four sites all at risk,heritage,yes,yes,yes,4750387,4.75,estimated,4,no price attached,3,no,,no,True,REPLACE,"Add a width to the existing URL — the same ?auto=compress&cs=tinysrgb&w=1200 that 6,188 of the site's 7,496 provider references already carry. No licence, no new asset, no budget, and it does not prejudge whether the photograph is any good.",licence,B — one stock or agency licence at the going rate.,"Opens /places/mali/four-sites-all-at-risk.html, the only photograph on it a phone is certain to fetch. No price attached. The picture is wrong: relevance 2.0; the provider calls it ""vibrant cultural parade with traditional attire"". Costs a phone 4.8 MB today (estimated).","the stepped pyramid tomb of Askia at Gao, Mali",16/9,,pexels:34728323,https://images.pexels.com/photos/34728323/pexels-photo-34728323.jpeg,Skylight Views,https://www.pexels.com/photo/vibrant-cultural-parade-with-traditional-attire-34728323/
584,P3 defer — no price attached to this country,/places/mauritania/the-imraguen.html,mauritania,the imraguen,traditional-people,yes,yes,yes,4750387,4.75,estimated,4,no price attached,3,no,,no,True,REPLACE,"Add a width to the existing URL — the same ?auto=compress&cs=tinysrgb&w=1200 that 6,188 of the site's 7,496 provider references already carry. No licence, no new asset, no budget, and it does not prejudge whether the photograph is any good.",licence,B — one stock or agency licence at the going rate.,"Opens /places/mauritania/the-imraguen.html, the only photograph on it a phone is certain to fetch. No price attached. The picture is wrong: relevance 2.2. Costs a phone 4.8 MB today (estimated).","Elderly man in traditional attire walking in a dusty urban area, offering a glimpse into everyday life., Mauritania",16/9,,pexels:31619199,https://images.pexels.com/photos/31619199/pexels-photo-31619199.jpeg,Kazys Photography,https://www.pexels.com/photo/elderly-man-walking-through-dusty-urban-street-31619199/
585,P3 defer — no price attached to this country,/places/niger/dunes-and-nothing.html,niger,dunes and nothing,photography,yes,yes,yes,4750387,4.75,estimated,4,no price attached,3,no,,no,True,REPLACE,"Add a width to the existing URL — the same ?auto=compress&cs=tinysrgb&w=1200 that 6,188 of the site's 7,496 provider references already carry. No licence, no new asset, no budget, and it does not prejudge whether the photograph is any good.",licence,B — one stock or agency licence at the going rate.,"Opens /places/niger/dunes-and-nothing.html, the only photograph on it a phone is certain to fetch. No price attached. The picture is wrong: relevance 3.9. Costs a phone 4.8 MB today (estimated).","Long shadows cast on vibrant green grass, capturing the beauty of a sunny day outdoors., Niger",16/9,,pexels:9409257,https://images.pexels.com/photos/9409257/pexels-photo-9409257.jpeg,Luis Quintero,https://www.pexels.com/photo/green-grass-field-9409257/
586,P3 defer — no price attached to this country,/places/niger/the-cure-salee.html,niger,the cure salee,festivals,yes,yes,yes,4750387,4.75,estimated,4,no price attached,3,no,,no,True,REPLACE,"Add a width to the existing URL — the same ?auto=compress&cs=tinysrgb&w=1200 that 6,188 of the site's 7,496 provider references already carry. No licence, no new asset, no budget, and it does not prejudge whether the photograph is any good.",licence,B — one stock or agency licence at the going rate.,"Opens /places/niger/the-cure-salee.html, the only photograph on it a phone is certain to fetch. No price attached. The picture is wrong: relevance 2.0; the provider calls it ""parade of men in traditional clothes"". Costs a phone 4.8 MB today (estimated).","camels and tents gathered at the Cure Salee festival at In-Gall, Niger",16/9,,pexels:10024478,https://images.pexels.com/photos/10024478/pexels-photo-10024478.jpeg,Ila Bappa Ibrahim,https://www.pexels.com/photo/parade-of-men-in-traditional-clothes-10024478/
587,P3 defer — no price attached to this country,/places/angola/why-angola.html,angola,why angola,why-visit,yes,yes,yes,4750387,4.75,estimated,4,no price attached,2,no,,yes,True,REPLACE,"Add a width to the existing URL — the same ?auto=compress&cs=tinysrgb&w=1200 that 6,188 of the site's 7,496 provider references already carry. No licence, no new asset, no budget, and it does not prejudge whether the photograph is any good.",licence,B — one stock or agency licence at the going rate.,"Opens /places/angola/why-angola.html, the only photograph on it a phone is certain to fetch. No price attached. The picture is wrong: relevance 3.4; the provider calls it ""person slicing meat"". Costs a phone 4.8 MB today (estimated).","the Kalandula falls with nobody at the viewpoint, Angola",16/9,,pexels:9670693,https://images.pexels.com/photos/9670693/pexels-photo-9670693.jpeg,TUBARONES PHOTOGRAPHY,https://www.pexels.com/photo/person-slicing-meat-9670693/
588,P3 defer — no price attached to this country,/places/burkina-faso/the-sindou-ridge.html,burkina-faso,the sindou ridge,outdoor,yes,yes,yes,4750387,4.75,estimated,4,no price attached,2,no,,no,True,REPLACE,"Add a width to the existing URL — the same ?auto=compress&cs=tinysrgb&w=1200 that 6,188 of the site's 7,496 provider references already carry. No licence, no new asset, no budget, and it does not prejudge whether the photograph is any good.",licence,B — one stock or agency licence at the going rate.,"Opens /places/burkina-faso/the-sindou-ridge.html, the only photograph on it a phone is certain to fetch. No price attached. The picture is wrong: the provider calls it ""rock formations"". Costs a phone 4.8 MB today (estimated).","a walker among the sandstone fins of Sindou at sunset, Burkina Faso",16/9,,pexels:8112261,https://images.pexels.com/photos/8112261/pexels-photo-8112261.jpeg,Rachel Claire,https://www.pexels.com/photo/rock-formations-8112261/
589,P3 defer — no price attached to this country,/places/burundi/bujumbura-and-gitega.html,burundi,bujumbura and gitega,cities,yes,yes,yes,4750387,4.75,estimated,4,no price attached,2,no,,no,True,REPLACE,"Add a width to the existing URL — the same ?auto=compress&cs=tinysrgb&w=1200 that 6,188 of the site's 7,496 provider references already carry. No licence, no new asset, no budget, and it does not prejudge whether the photograph is any good.",licence,B — one stock or agency licence at the going rate.,"Opens /places/burundi/bujumbura-and-gitega.html, the only photograph on it a phone is certain to fetch. No price attached. The picture is wrong: the provider calls it ""back view of man riding bike in village"". Costs a phone 4.8 MB today (estimated).","the lakefront and hills at Bujumbura, Burundi",16/9,,pexels:21843572,https://images.pexels.com/photos/21843572/pexels-photo-21843572.jpeg,Edouard MIHIGO,https://www.pexels.com/photo/back-view-of-man-riding-bike-in-village-21843572/
590,P3 defer — no price attached to this country,/places/cabo-verde/kitesurfing-and-ridge-walking.html,cabo-verde,kitesurfing and ridge walking,adventure,yes,yes,yes,4750387,4.75,estimated,4,no price attached,2,no,,yes,True,REPLACE,"Add a width to the existing URL — the same ?auto=compress&cs=tinysrgb&w=1200 that 6,188 of the site's 7,496 provider references already carry. No licence, no new asset, no budget, and it does not prejudge whether the photograph is any good.",licence,B — one stock or agency licence at the going rate.,"Opens /places/cabo-verde/kitesurfing-and-ridge-walking.html, the only photograph on it a phone is certain to fetch. No price attached. The picture is wrong: the provider calls it ""destroyed building in a ghost town"". Costs a phone 4.8 MB today (estimated).","a kitesurfer in strong wind off Sal, Cabo Verde",16/9,,pexels:21365275,https://images.pexels.com/photos/21365275/pexels-photo-21365275.jpeg,Rob Mowe,https://www.pexels.com/photo/destroyed-building-in-a-ghost-town-21365275/
591,P3 defer — no price attached to this country,/places/cabo-verde/well-established.html,cabo-verde,well established,luxury,yes,yes,yes,4750387,4.75,estimated,4,no price attached,2,no,,no,True,REPLACE,"Add a width to the existing URL — the same ?auto=compress&cs=tinysrgb&w=1200 that 6,188 of the site's 7,496 provider references already carry. No licence, no new asset, no budget, and it does not prejudge whether the photograph is any good.",licence,B — one stock or agency licence at the going rate.,"Opens /places/cabo-verde/well-established.html, the only photograph on it a phone is certain to fetch. No price attached. The picture is wrong: relevance 2.5. Costs a phone 4.8 MB today (estimated).","a small hotel terrace above the sea on Santo Antao, Cabo Verde",16/9,,pexels:14464346,https://images.pexels.com/photos/14464346/pexels-photo-14464346.jpeg,Serg Alesenko,https://www.pexels.com/photo/hotel-poolside-with-lounge-chairs-14464346/
592,P3 defer — no price attached to this country,/places/central-african-republic/why-the-central-african-republic.html,central-african-republic,why the central african republic,why-visit,yes,yes,yes,4750387,4.75,estimated,4,no price attached,2,no,,yes,True,REPLACE,"Add a width to the existing URL — the same ?auto=compress&cs=tinysrgb&w=1200 that 6,188 of the site's 7,496 provider references already carry. No licence, no new asset, no budget, and it does not prejudge whether the photograph is any good.",licence,B — one stock or agency licence at the going rate.,"Opens /places/central-african-republic/why-the-central-african-republic.html, the only photograph on it a phone is certain to fetch. No price attached. The picture is wrong: relevance 3.9. Costs a phone 4.8 MB today (estimated).","a viewing platform overlooking elephants at a forest bai, Central African Republic",16/9,,pexels:17316730,https://images.pexels.com/photos/17316730/pexels-photo-17316730.jpeg,Serg Alesenko,https://www.pexels.com/photo/wooden-terrace-over-forest-17316730/
593,P3 defer — no price attached to this country,/places/djibouti/skoudehkaris-and-yemeni-fish.html,djibouti,skoudehkaris and yemeni fish,food,yes,yes,yes,4750387,4.75,estimated,4,no price attached,2,no,,no,True,REPLACE,"Add a width to the existing URL — the same ?auto=compress&cs=tinysrgb&w=1200 that 6,188 of the site's 7,496 provider references already carry. No licence, no new asset, no budget, and it does not prejudge whether the photograph is any good.",licence,B — one stock or agency licence at the going rate.,"Opens /places/djibouti/skoudehkaris-and-yemeni-fish.html, the only photograph on it a phone is certain to fetch. No price attached. The picture is wrong: relevance 2.7; the provider calls it ""traditionally dressed model in a beige turban and ba"". Costs a phone 4.8 MB today (estimated).","a whole fish baked Yemeni-style served on flatbread, Djibouti",16/9,,pexels:17743312,https://images.pexels.com/photos/17743312/pexels-photo-17743312.jpeg,اماز لتصاميم الزفاف,https://www.pexels.com/photo/traditionally-dressed-model-in-a-beige-turban-and-bandolier-posing-with-a-rifle-on-his-shoulder-and-a-jambiya-dagger-on-his-belt-17743312/
594,P3 defer — no price attached to this country,/places/dr-congo/virungas-lodges.html,dr-congo,virungas lodges,luxury,yes,yes,yes,4750387,4.75,estimated,4,no price attached,2,no,,no,True,REPLACE,"Add a width to the existing URL — the same ?auto=compress&cs=tinysrgb&w=1200 that 6,188 of the site's 7,496 provider references already carry. No licence, no new asset, no budget, and it does not prejudge whether the photograph is any good.",licence,B — one stock or agency licence at the going rate.,"Opens /places/dr-congo/virungas-lodges.html, the only photograph on it a phone is certain to fetch. No price attached. The picture is wrong: relevance 2.5. Costs a phone 4.8 MB today (estimated).","a lodge terrace looking towards the Virunga volcanoes, DR Congo",16/9,,pexels:17316583,https://images.pexels.com/photos/17316583/pexels-photo-17316583.jpeg,Serg Alesenko,https://www.pexels.com/photo/men-sitting-on-terrace-over-forest-and-playing-music-17316583/
595,P3 defer — no price attached to this country,/places/libya/the-jebel-akhdar.html,libya,the jebel akhdar,outdoor,yes,yes,yes,4750387,4.75,estimated,4,no price attached,2,no,,no,True,REPLACE,"Add a width to the existing URL — the same ?auto=compress&cs=tinysrgb&w=1200 that 6,188 of the site's 7,496 provider references already carry. No licence, no new asset, no budget, and it does not prejudge whether the photograph is any good.",licence,B — one stock or agency licence at the going rate.,"Opens /places/libya/the-jebel-akhdar.html, the only photograph on it a phone is certain to fetch. No price attached. The picture is wrong: relevance 2.5; the provider calls it ""a mountain with a rocky cliff and a cloudy sky"". Costs a phone 4.8 MB today (estimated).","Rugged rock formations under dramatic dark clouds during sunset, perfect for nature lovers., Libya",16/9,,pexels:27278268,https://images.pexels.com/photos/27278268/pexels-photo-27278268.jpeg,Francesco Ungaro,https://www.pexels.com/photo/a-mountain-with-a-rocky-cliff-and-a-cloudy-sky-27278268/
596,P3 defer — no price attached to this country,/places/niger/millet-djerma-rice-and-kilishi.html,niger,millet djerma rice and kilishi,food,yes,yes,yes,4750387,4.75,estimated,4,no price attached,2,no,,no,True,REPLACE,"Add a width to the existing URL — the same ?auto=compress&cs=tinysrgb&w=1200 that 6,188 of the site's 7,496 provider references already carry. No licence, no new asset, no budget, and it does not prejudge whether the photograph is any good.",licence,B — one stock or agency licence at the going rate.,"Opens /places/niger/millet-djerma-rice-and-kilishi.html, the only photograph on it a phone is certain to fetch. No price attached. The picture is wrong: the provider calls it ""meat hanging off a bar"". Costs a phone 4.8 MB today (estimated).","strips of spiced kilishi dried beef on a rack, Niger",16/9,,pexels:19687409,https://images.pexels.com/photos/19687409/pexels-photo-19687409.jpeg,Tito Zzzz,https://www.pexels.com/photo/meat-hanging-off-a-bar-19687409/
597,P3 defer — no price attached to this country,/places/niger/niamey-and-agadez.html,niger,niamey and agadez,cities,yes,yes,yes,4750387,4.75,estimated,4,no price attached,2,no,,no,True,REPLACE,"Add a width to the existing URL — the same ?auto=compress&cs=tinysrgb&w=1200 that 6,188 of the site's 7,496 provider references already carry. No licence, no new asset, no budget, and it does not prejudge whether the photograph is any good.",licence,B — one stock or agency licence at the going rate.,"Opens /places/niger/niamey-and-agadez.html, the only photograph on it a phone is certain to fetch. No price attached. The picture is wrong: relevance 3.9. Costs a phone 4.8 MB today (estimated).","An ancient mud-brick village showcasing traditional architecture., Niger",16/9,,pexels:14145503,https://images.pexels.com/photos/14145503/pexels-photo-14145503.jpeg,Marcia Salido,https://www.pexels.com/photo/buildings-in-ancient-town-14145503/
598,P3 defer — no price attached to this country,/places/niger/why-niger.html,niger,why niger,why-visit,yes,yes,yes,4750387,4.75,estimated,4,no price attached,2,no,,yes,True,REPLACE,"Add a width to the existing URL — the same ?auto=compress&cs=tinysrgb&w=1200 that 6,188 of the site's 7,496 provider references already carry. No licence, no new asset, no budget, and it does not prejudge whether the photograph is any good.",licence,B — one stock or agency licence at the going rate.,"Opens /places/niger/why-niger.html, the only photograph on it a phone is certain to fetch. No price attached. The picture is wrong: relevance 3.9. Costs a phone 4.8 MB today (estimated).","a giraffe standing against open Sahelian sky at Kouré, Niger",16/9,,pexels:26727928,https://images.pexels.com/photos/26727928/pexels-photo-26727928.jpeg,Francesco Ungaro,https://www.pexels.com/photo/pattern-on-the-side-of-the-giraffe-26727928/
599,P3 defer — no price attached to this country,/places/sao-tome-and-principe/the-rocas.html,sao-tome-and-principe,the rocas,historic-sites,yes,yes,yes,4750387,4.75,estimated,4,no price attached,2,no,,no,True,REPLACE,"Add a width to the existing URL — the same ?auto=compress&cs=tinysrgb&w=1200 that 6,188 of the site's 7,496 provider references already carry. No licence, no new asset, no budget, and it does not prejudge whether the photograph is any good.",licence,B — one stock or agency licence at the going rate.,"Opens /places/sao-tome-and-principe/the-rocas.html, the only photograph on it a phone is certain to fetch. No price attached. The picture is wrong: the provider calls it ""the facade of a church"". Costs a phone 4.8 MB today (estimated).","the arcaded courtyard of an abandoned roca plantation house, Sao Tome and Principe",16/9,,pexels:11648300,https://images.pexels.com/photos/11648300/pexels-photo-11648300.jpeg,Sami  Aksu,https://www.pexels.com/photo/the-facade-of-a-church-11648300/
600,P3 defer — no price attached to this country,/places/sudan/ful-and-kisra.html,sudan,ful and kisra,food,yes,yes,yes,4750387,4.75,estimated,4,no price attached,2,no,,no,True,REPLACE,"Add a width to the existing URL — the same ?auto=compress&cs=tinysrgb&w=1200 that 6,188 of the site's 7,496 provider references already carry. No licence, no new asset, no budget, and it does not prejudge whether the photograph is any good.",licence,B — one stock or agency licence at the going rate.,"Opens /places/sudan/ful-and-kisra.html, the only photograph on it a phone is certain to fetch. No price attached. The picture is wrong: the provider calls it ""close up shot of hummus on bowls"". Costs a phone 4.8 MB today (estimated).","a bowl of ful medames with bread and tea on a table, Sudan",16/9,,pexels:6252676,https://images.pexels.com/photos/6252676/pexels-photo-6252676.jpeg,Nataliya Vaitkevich,https://www.pexels.com/photo/close-up-shot-of-hummus-on-bowls-6252676/
601,P3 defer — no price attached to this country,/places/togo/batik-and-pottery.html,togo,batik and pottery,crafts,yes,yes,yes,4750387,4.75,estimated,4,no price attached,2,no,,no,True,REPLACE,"Add a width to the existing URL — the same ?auto=compress&cs=tinysrgb&w=1200 that 6,188 of the site's 7,496 provider references already carry. No licence, no new asset, no budget, and it does not prejudge whether the photograph is any good.",licence,B — one stock or agency licence at the going rate.,"Opens /places/togo/batik-and-pottery.html, the only photograph on it a phone is certain to fetch. No price attached. The picture is wrong: relevance 2.7. Costs a phone 4.8 MB today (estimated).","Neatly arranged white fabrics drying under the sun, held by colorful clothespins against a rustic wall., Togo",16/9,,pexels:10190477,https://images.pexels.com/photos/10190477/pexels-photo-10190477.jpeg,Maria Tsegelnik,https://www.pexels.com/photo/washed-rags-drying-on-a-clothesline-10190477/
602,P3 defer — no price attached to this country,/places/tunisia/desert-and-dive.html,tunisia,desert and dive,outdoor,yes,yes,yes,4750387,4.75,estimated,4,no price attached,2,no,,no,True,REPLACE,"Add a width to the existing URL — the same ?auto=compress&cs=tinysrgb&w=1200 that 6,188 of the site's 7,496 provider references already carry. No licence, no new asset, no budget, and it does not prejudge whether the photograph is any good.",licence,B — one stock or agency licence at the going rate.,"Opens /places/tunisia/desert-and-dive.html, the only photograph on it a phone is certain to fetch. No price attached. The picture is wrong: relevance 2.5. Costs a phone 4.8 MB today (estimated).","a trekking party on the edge of the Grand Erg, Tunisia",16/9,,pexels:17887555,https://images.pexels.com/photos/17887555/pexels-photo-17887555.jpeg,Mo Eid,https://www.pexels.com/photo/dune-on-desert-17887555/
603,P3 defer — no price attached to this country,/places/congo/the-loufoulakari.html,congo,the loufoulakari,waterfalls,yes,yes,yes,4715910,4.72,estimated,4,no price attached,3,no,,no,True,REPLACE,"Add a width to the existing URL — the same ?auto=compress&cs=tinysrgb&w=1200 that 6,188 of the site's 7,496 provider references already carry. No licence, no new asset, no budget, and it does not prejudge whether the photograph is any good.",licence,B — one stock or agency licence at the going rate.,"Opens /places/congo/the-loufoulakari.html, the only photograph on it a phone is certain to fetch. No price attached. The picture is wrong: relevance 2.4. Costs a phone 4.7 MB today (estimated).","A powerful waterfall cascading down a cliff surrounded by dense forest foliage., Congo",16/9,,pexels:7072071,https://images.pexels.com/photos/7072071/pexels-photo-7072071.jpeg,Movoyagee,https://www.pexels.com/photo/a-beautiful-waterfalls-in-the-forest-7072071/
604,P3 defer — no price attached to this country,/places/madagascar/antananarivo.html,madagascar,antananarivo,cities,yes,yes,yes,4696490,4.70,estimated,4,no price attached,2,no,,no,True,REPLACE,"Add a width to the existing URL — the same ?auto=compress&cs=tinysrgb&w=1200 that 6,188 of the site's 7,496 provider references already carry. No licence, no new asset, no budget, and it does not prejudge whether the photograph is any good.",licence,B — one stock or agency licence at the going rate.,"Opens /places/madagascar/antananarivo.html, the only photograph on it a phone is certain to fetch. No price attached. The picture is wrong: relevance 3.9. Costs a phone 4.7 MB today (estimated).","the stepped hillside houses of Antananarivo, Madagascar",16/9,,pexels:37090650,https://images.pexels.com/photos/37090650/pexels-photo-37090650.jpeg,Isaac Naph,https://www.pexels.com/photo/scenic-hillside-view-with-densely-packed-housing-37090650/
605,P3 defer — no price attached to this country,/places/somalia/cal-madow.html,somalia,cal madow,nature,yes,yes,yes,4677585,4.68,estimated,4,no price attached,4,no,,no,True,REPLACE,"Add a width to the existing URL — the same ?auto=compress&cs=tinysrgb&w=1200 that 6,188 of the site's 7,496 provider references already carry. No licence, no new asset, no budget, and it does not prejudge whether the photograph is any good.",licence,B — one stock or agency licence at the going rate.,"Opens /places/somalia/cal-madow.html, the only photograph on it a phone is certain to fetch. No price attached. The picture is wrong: relevance 2.5; query broadened to category; the provider calls it ""desert trees"". Costs a phone 4.7 MB today (estimated).",Nature in Somalia,16/9,,pexels:28170223,https://images.pexels.com/photos/28170223/pexels-photo-28170223.jpeg,French Sweetie,https://www.pexels.com/photo/desert-trees-28170223/
606,P3 defer — no price attached to this country,/places/sao-tome-and-principe/principe-biosphere.html,sao-tome-and-principe,principe biosphere,heritage,yes,yes,yes,4677585,4.68,estimated,4,no price attached,3,no,,no,True,REPLACE,"Add a width to the existing URL — the same ?auto=compress&cs=tinysrgb&w=1200 that 6,188 of the site's 7,496 provider references already carry. No licence, no new asset, no budget, and it does not prejudge whether the photograph is any good.",licence,B — one stock or agency licence at the going rate.,"Opens /places/sao-tome-and-principe/principe-biosphere.html, the only photograph on it a phone is certain to fetch. No price attached. The picture is wrong: the provider calls it ""scenic tropical coastal view with palm trees"". Costs a phone 4.7 MB today (estimated).","forested peaks and coastline on Principe island, Sao Tome and Principe",16/9,,pexels:36928200,https://images.pexels.com/photos/36928200/pexels-photo-36928200.jpeg,Atharv Ingle,https://www.pexels.com/photo/scenic-tropical-coastal-view-with-palm-trees-36928200/
607,P3 defer — no price attached to this country,/places/mozambique/gorongosa.html,mozambique,gorongosa,wildlife,yes,yes,yes,4677388,4.68,estimated,4,no price attached,4,no,,yes,True,REPLACE,"Add a width to the existing URL — the same ?auto=compress&cs=tinysrgb&w=1200 that 6,188 of the site's 7,496 provider references already carry. No licence, no new asset, no budget, and it does not prejudge whether the photograph is any good.",licence,B — one stock or agency licence at the going rate.,"Opens /places/mozambique/gorongosa.html, the only photograph on it a phone is certain to fetch. No price attached. The picture is wrong: relevance 2.4. Costs a phone 4.7 MB today (estimated).","waterbuck on the Gorongosa floodplain, Mozambique",16/9,,pexels:28157155,https://images.pexels.com/photos/28157155/pexels-photo-28157155.jpeg,伟达 严,https://www.pexels.com/photo/28157155/
608,P3 defer — no price attached to this country,/places/benin/a-hundred-kilometres-of-atlantic.html,benin,a hundred kilometres of atlantic,beaches,yes,yes,yes,4650429,4.65,estimated,4,no price attached,4,no,,no,True,REPLACE,"Add a width to the existing URL — the same ?auto=compress&cs=tinysrgb&w=1200 that 6,188 of the site's 7,496 provider references already carry. No licence, no new asset, no budget, and it does not prejudge whether the photograph is any good.",licence,B — one stock or agency licence at the going rate.,"Opens /places/benin/a-hundred-kilometres-of-atlantic.html, the only photograph on it a phone is certain to fetch. No price attached. The picture is wrong: relevance 2.0. Costs a phone 4.7 MB today (estimated).","Peaceful seaside view with ocean waves and green foliage under a blue sky., Benin",16/9,,pexels:36606755,https://images.pexels.com/photos/36606755/pexels-photo-36606755.jpeg,Tuấn Vũ,https://www.pexels.com/photo/scenic-coastal-landscape-with-ocean-view-36606755/
609,P3 defer — no price attached to this country,/places/togo/earth-architecture.html,togo,earth architecture,photography,yes,yes,yes,4648492,4.65,estimated,4,no price attached,3,no,,no,True,REPLACE,"Add a width to the existing URL — the same ?auto=compress&cs=tinysrgb&w=1200 that 6,188 of the site's 7,496 provider references already carry. No licence, no new asset, no budget, and it does not prejudge whether the photograph is any good.",licence,B — one stock or agency licence at the going rate.,"Opens /places/togo/earth-architecture.html, the only photograph on it a phone is certain to fetch. No price attached. The picture is wrong: relevance 3.8. Costs a phone 4.6 MB today (estimated).","late sun on the sculpted walls of takienta houses, Togo",16/9,,pexels:37911378,https://images.pexels.com/photos/37911378/pexels-photo-37911378.jpeg,Shubham Dhage,https://www.pexels.com/photo/wind-sculpted-sand-dunes-in-golden-hue-37911378/
610,P3 defer — no price attached to this country,/places/djibouti/whale-sharks.html,djibouti,whale sharks,wildlife,yes,yes,yes,4620914,4.62,estimated,4,no price attached,4,no,,yes,True,REPLACE,"Add a width to the existing URL — the same ?auto=compress&cs=tinysrgb&w=1200 that 6,188 of the site's 7,496 provider references already carry. No licence, no new asset, no budget, and it does not prejudge whether the photograph is any good.",licence,B — one stock or agency licence at the going rate.,"Opens /places/djibouti/whale-sharks.html, the only photograph on it a phone is certain to fetch. No price attached. The picture is wrong: relevance 2.8. Costs a phone 4.6 MB today (estimated).","a whale shark swimming near the surface in the Gulf of Tadjoura, Djibouti",16/9,,pexels:28963260,https://images.pexels.com/photos/28963260/pexels-photo-28963260.jpeg,Doğan Alpaslan  Demir,https://www.pexels.com/photo/tranquil-ferry-on-izmir-gulf-turkiye-waters-28963260/
611,P3 defer — no price attached to this country,/places/dr-congo/mountain-gorillas-and-okapi.html,dr-congo,mountain gorillas and okapi,wildlife,yes,yes,yes,4618847,4.62,estimated,4,no price attached,4,no,,yes,True,REPLACE,"Add a width to the existing URL — the same ?auto=compress&cs=tinysrgb&w=1200 that 6,188 of the site's 7,496 provider references already carry. No licence, no new asset, no budget, and it does not prejudge whether the photograph is any good.",licence,B — one stock or agency licence at the going rate.,"Opens /places/dr-congo/mountain-gorillas-and-okapi.html, the only photograph on it a phone is certain to fetch. No price attached. The picture is wrong: relevance 2.5. Costs a phone 4.6 MB today (estimated).","A dense urban area climbing hillside with lush greenery, captured during the day., DR Congo",16/9,,pexels:37090649,https://images.pexels.com/photos/37090649/pexels-photo-37090649.jpeg,Isaac Naph,https://www.pexels.com/photo/hillside-view-with-dense-urban-housing-37090649/
612,P3 defer — no price attached to this country,/places/madagascar/masoala.html,madagascar,masoala,hidden-gems,yes,yes,yes,4605345,4.61,estimated,4,no price attached,2,no,,no,True,REPLACE,"Add a width to the existing URL — the same ?auto=compress&cs=tinysrgb&w=1200 that 6,188 of the site's 7,496 provider references already carry. No licence, no new asset, no budget, and it does not prejudge whether the photograph is any good.",licence,B — one stock or agency licence at the going rate.,"Opens /places/madagascar/masoala.html, the only photograph on it a phone is certain to fetch. No price attached. The picture is wrong: relevance 2.2; the provider calls it ""green reptile on green leaf"". Costs a phone 4.6 MB today (estimated).","the rainforest of Masoala coming down to the sea, Madagascar",16/9,,pexels:53971,https://images.pexels.com/photos/53971/chameleon-parduckameleon-furcifer-pardalis-reptile-53971.jpeg,Pixabay,https://www.pexels.com/photo/green-reptile-on-green-leaf-53971/
613,P3 defer — no price attached to this country,/places/chad/the-turnaround-at-zakouma.html,chad,the turnaround at zakouma,eco-tourism,yes,yes,yes,4602722,4.60,estimated,4,no price attached,2,no,,no,True,REPLACE,"Add a width to the existing URL — the same ?auto=compress&cs=tinysrgb&w=1200 that 6,188 of the site's 7,496 provider references already carry. No licence, no new asset, no budget, and it does not prejudge whether the photograph is any good.",licence,B — one stock or agency licence at the going rate.,"Opens /places/chad/the-turnaround-at-zakouma.html, the only photograph on it a phone is certain to fetch. No price attached. The picture is wrong: relevance 2.7; the provider calls it ""army officer standing by car in desert"". Costs a phone 4.6 MB today (estimated).","a ranger patrol vehicle at dawn in Zakouma, Chad",16/9,,pexels:5483516,https://images.pexels.com/photos/5483516/pexels-photo-5483516.jpeg,112 Uttar Pradesh,https://www.pexels.com/photo/army-officer-standing-by-car-in-desert-5483516/
614,P3 defer — no price attached to this country,/places/burkina-faso/tiebele.html,burkina-faso,tiebele,hidden-gems,yes,yes,yes,4583186,4.58,estimated,4,no price attached,2,no,,no,True,REPLACE,"Add a width to the existing URL — the same ?auto=compress&cs=tinysrgb&w=1200 that 6,188 of the site's 7,496 provider references already carry. No licence, no new asset, no budget, and it does not prejudge whether the photograph is any good.",licence,B — one stock or agency licence at the going rate.,"Opens /places/burkina-faso/tiebele.html, the only photograph on it a phone is certain to fetch. No price attached. The picture is wrong: the provider calls it ""a pattern on a building"". Costs a phone 4.6 MB today (estimated).","women painting geometric patterns on a Kassena wall at Tiebele, Burkina Faso",16/9,,pexels:18872480,https://images.pexels.com/photos/18872480/pexels-photo-18872480.jpeg,Huu Huynh,https://www.pexels.com/photo/a-pattern-on-a-building-18872480/
615,P3 defer — no price attached to this country,/places/sierra-leone/eleven-primates-at-tiwai.html,sierra-leone,eleven primates at tiwai,wildlife,yes,yes,yes,4573863,4.57,estimated,4,no price attached,4,no,,yes,True,REPLACE,"Add a width to the existing URL — the same ?auto=compress&cs=tinysrgb&w=1200 that 6,188 of the site's 7,496 provider references already carry. No licence, no new asset, no budget, and it does not prejudge whether the photograph is any good.",licence,B — one stock or agency licence at the going rate.,"Opens /places/sierra-leone/eleven-primates-at-tiwai.html, the only photograph on it a phone is certain to fetch. No price attached. The picture is wrong: relevance 2.5. Costs a phone 4.6 MB today (estimated).","a Diana monkey in the canopy on Tiwai island, Sierra Leone",16/9,,pexels:34439548,https://images.pexels.com/photos/34439548/pexels-photo-34439548.jpeg,Renjith Tomy Pkm,https://www.pexels.com/photo/majestic-monkey-in-sunlit-forest-canopy-34439548/
616,P3 defer — no price attached to this country,/places/angola/mount-moco.html,angola,mount moco,mountains,yes,yes,yes,4563092,4.56,estimated,4,no price attached,4,no,,no,True,REPLACE,"Add a width to the existing URL — the same ?auto=compress&cs=tinysrgb&w=1200 that 6,188 of the site's 7,496 provider references already carry. No licence, no new asset, no budget, and it does not prejudge whether the photograph is any good.",licence,B — one stock or agency licence at the going rate.,"Opens /places/angola/mount-moco.html, the only photograph on it a phone is certain to fetch. No price attached. The picture is wrong: relevance 2.0; the provider calls it ""view of a mountain at sunset"". Costs a phone 4.6 MB today (estimated).","the grassy summit of Mount Moco above patches of forest, Angola",16/9,,pexels:4982998,https://images.pexels.com/photos/4982998/pexels-photo-4982998.jpeg,Lucas Vinícius Pontes,https://www.pexels.com/photo/view-of-a-mountain-at-sunset-4982998/
617,P3 defer — no price attached to this country,/places/benin/why-benin.html,benin,why benin,why-visit,yes,yes,yes,4562346,4.56,estimated,4,no price attached,2,no,,yes,True,REPLACE,"Add a width to the existing URL — the same ?auto=compress&cs=tinysrgb&w=1200 that 6,188 of the site's 7,496 provider references already carry. No licence, no new asset, no budget, and it does not prejudge whether the photograph is any good.",licence,B — one stock or agency licence at the going rate.,"Opens /places/benin/why-benin.html, the only photograph on it a phone is certain to fetch. No price attached. The picture is wrong: relevance 3.4; the provider calls it ""palm sunday"". Costs a phone 4.6 MB today (estimated).","a vodun devotee in white before a shrine at Ouidah, Benin",16/9,,pexels:28345470,https://images.pexels.com/photos/28345470/pexels-photo-28345470.jpeg,David Iloba,https://www.pexels.com/photo/palm-sunday-28345470/
618,P3 defer — no price attached to this country,/places/angola/carnaval-da-vitoria.html,angola,carnaval da vitoria,festivals,yes,yes,yes,4520220,4.52,estimated,4,no price attached,3,no,,no,True,REPLACE,"Add a width to the existing URL — the same ?auto=compress&cs=tinysrgb&w=1200 that 6,188 of the site's 7,496 provider references already carry. No licence, no new asset, no budget, and it does not prejudge whether the photograph is any good.",licence,B — one stock or agency licence at the going rate.,"Opens /places/angola/carnaval-da-vitoria.html, the only photograph on it a phone is certain to fetch. No price attached. The picture is wrong: the provider calls it ""grand gala parade 2024 en limon"". Costs a phone 4.5 MB today (estimated).","carnival dancers in costume on Luanda's Marginal, Angola",16/9,,pexels:28184033,https://images.pexels.com/photos/28184033/pexels-photo-28184033.jpeg,Mario Spencer,https://www.pexels.com/photo/grand-gala-parade-2024-en-limon-28184033/
619,P3 defer — no price attached to this country,/places/dr-congo/lava-at-night.html,dr-congo,lava at night,photography,yes,yes,yes,4516930,4.52,estimated,4,no price attached,3,no,,no,True,REPLACE,"Add a width to the existing URL — the same ?auto=compress&cs=tinysrgb&w=1200 that 6,188 of the site's 7,496 provider references already carry. No licence, no new asset, no budget, and it does not prejudge whether the photograph is any good.",licence,B — one stock or agency licence at the going rate.,"Opens /places/dr-congo/lava-at-night.html, the only photograph on it a phone is certain to fetch. No price attached. The picture is wrong: relevance 3.9. Costs a phone 4.5 MB today (estimated).","the orange glow of Nyiragongo's lava lake at night, DR Congo",16/9,,pexels:11258468,https://images.pexels.com/photos/11258468/pexels-photo-11258468.jpeg,Daniel Torobekov,https://www.pexels.com/photo/lava-from-volcano-11258468/
620,P3 defer — no price attached to this country,/places/libya/five-sites-all-of-them-major.html,libya,five sites all of them major,heritage,yes,yes,yes,4483453,4.48,estimated,4,no price attached,3,no,,no,True,REPLACE,"Add a width to the existing URL — the same ?auto=compress&cs=tinysrgb&w=1200 that 6,188 of the site's 7,496 provider references already carry. No licence, no new asset, no budget, and it does not prejudge whether the photograph is any good.",licence,B — one stock or agency licence at the going rate.,"Opens /places/libya/five-sites-all-of-them-major.html, the only photograph on it a phone is certain to fetch. No price attached. The picture is wrong: relevance 2.6; the provider calls it ""scenic view of egyptian desert landscape"". Costs a phone 4.5 MB today (estimated).","prehistoric rock engravings of giraffe in the Acacus, Libya",16/9,,pexels:34328970,https://images.pexels.com/photos/34328970/pexels-photo-34328970.jpeg,George Wang,https://www.pexels.com/photo/scenic-view-of-egyptian-desert-landscape-34328970/
621,P3 defer — no price attached to this country,/places/lesotho/high-reservoirs.html,lesotho,high reservoirs,beaches,yes,yes,yes,4478048,4.48,estimated,4,no price attached,4,no,,no,True,REPLACE,"Add a width to the existing URL — the same ?auto=compress&cs=tinysrgb&w=1200 that 6,188 of the site's 7,496 provider references already carry. No licence, no new asset, no budget, and it does not prejudge whether the photograph is any good.",licence,B — one stock or agency licence at the going rate.,"Opens /places/lesotho/high-reservoirs.html, the only photograph on it a phone is certain to fetch. No price attached. The picture is wrong: relevance 3.8. Costs a phone 4.5 MB today (estimated).","the Katse dam wall and reservoir between mountains, Lesotho",16/9,,pexels:37513826,https://images.pexels.com/photos/37513826/pexels-photo-37513826.jpeg,Fikelephi  Ndisile,https://www.pexels.com/photo/scenic-view-of-lesotho-s-mountain-village-37513826/
622,P3 defer — no price attached to this country,/places/algeria/light-on-sandstone.html,algeria,light on sandstone,photography,yes,yes,yes,4478048,4.48,estimated,4,no price attached,3,no,,no,True,REPLACE,"Add a width to the existing URL — the same ?auto=compress&cs=tinysrgb&w=1200 that 6,188 of the site's 7,496 provider references already carry. No licence, no new asset, no budget, and it does not prejudge whether the photograph is any good.",licence,B — one stock or agency licence at the going rate.,"Opens /places/algeria/light-on-sandstone.html, the only photograph on it a phone is certain to fetch. No price attached. The picture is wrong: the provider calls it ""a desert landscape with sand dunes and mountains"". Costs a phone 4.5 MB today (estimated).","sandstone formations at Tassili n'Ajjer in late afternoon light, Algeria",16/9,,unsplash:MIqej8J3UCU,https://images.unsplash.com/photo-1714313164992-4c33788bd6f7,Azzedine Rouichi,https://unsplash.com/photos/a-desert-landscape-with-sand-dunes-and-mountains-MIqej8J3UCU
623,P3 defer — no price attached to this country,/places/chad/none-and-guelta-instead.html,chad,none and guelta instead,waterfalls,yes,yes,yes,4478048,4.48,estimated,4,no price attached,3,no,,no,True,REPLACE,"Add a width to the existing URL — the same ?auto=compress&cs=tinysrgb&w=1200 that 6,188 of the site's 7,496 provider references already carry. No licence, no new asset, no budget, and it does not prejudge whether the photograph is any good.",licence,B — one stock or agency licence at the going rate.,"Opens /places/chad/none-and-guelta-instead.html, the only photograph on it a phone is certain to fetch. No price attached. The picture is wrong: relevance 3.0. Costs a phone 4.5 MB today (estimated).","A herd of camels walking across a barren desert road under a clear sky., Chad",16/9,,pexels:34000946,https://images.pexels.com/photos/34000946/pexels-photo-34000946.jpeg,Ines Diaz Cervantes,https://www.pexels.com/photo/camels-crossing-a-desert-road-in-daylight-34000946/
624,P3 defer — no price attached to this country,/places/comoros/swahili-stone.html,comoros,swahili stone,architecture,yes,yes,yes,4478048,4.48,estimated,4,no price attached,3,no,,no,True,REPLACE,"Add a width to the existing URL — the same ?auto=compress&cs=tinysrgb&w=1200 that 6,188 of the site's 7,496 provider references already carry. No licence, no new asset, no budget, and it does not prejudge whether the photograph is any good.",licence,B — one stock or agency licence at the going rate.,"Opens /places/comoros/swahili-stone.html, the only photograph on it a phone is certain to fetch. No price attached. The picture is wrong: relevance 3.0. Costs a phone 4.5 MB today (estimated).","a carved wooden Swahili door in a coral-stone wall, Comoros",16/9,,pexels:39014654,https://images.pexels.com/photos/39014654/pexels-photo-39014654.jpeg,K0uTo@sTeik,https://www.pexels.com/photo/pristine-coral-reef-in-shallow-coastal-waters-39014654/
625,P3 defer — no price attached to this country,/places/mauritius/maha-shivaratri-and-cavadee.html,mauritius,maha shivaratri and cavadee,festivals,yes,yes,yes,4478048,4.48,estimated,4,no price attached,3,no,,no,True,REPLACE,"Add a width to the existing URL — the same ?auto=compress&cs=tinysrgb&w=1200 that 6,188 of the site's 7,496 provider references already carry. No licence, no new asset, no budget, and it does not prejudge whether the photograph is any good.",licence,B — one stock or agency licence at the going rate.,"Opens /places/mauritius/maha-shivaratri-and-cavadee.html, the only photograph on it a phone is certain to fetch. No price attached. The picture is wrong: relevance 3.8. Costs a phone 4.5 MB today (estimated).","pilgrims walking to Grand Bassin at Maha Shivaratri, Mauritius",16/9,,pexels:32866461,https://images.pexels.com/photos/32866461/pexels-photo-32866461.jpeg,Jyoti  Pur,https://www.pexels.com/photo/stunning-blue-bay-beach-in-mauritius-32866461/
626,P3 defer — no price attached to this country,/places/algeria/crossing-the-tassili.html,algeria,crossing the tassili,adventure,yes,yes,yes,4478048,4.48,estimated,4,no price attached,2,no,,yes,True,REPLACE,"Add a width to the existing URL — the same ?auto=compress&cs=tinysrgb&w=1200 that 6,188 of the site's 7,496 provider references already carry. No licence, no new asset, no budget, and it does not prejudge whether the photograph is any good.",licence,B — one stock or agency licence at the going rate.,"Opens /places/algeria/crossing-the-tassili.html, the only photograph on it a phone is certain to fetch. No price attached. The picture is wrong: the provider calls it ""a desert landscape with rocks and sand in the foregr"". Costs a phone 4.5 MB today (estimated).","hikers among the sandstone towers of Tassili n'Ajjer, Algeria",16/9,,unsplash:KS8c0RcWzZo,https://images.unsplash.com/photo-1714312994016-462a8f6d215d,Azzedine Rouichi,https://unsplash.com/photos/a-desert-landscape-with-rocks-and-sand-in-the-foreground-KS8c0RcWzZo
627,P3 defer — no price attached to this country,/places/morocco/two-days-four-climates.html,morocco,two days four climates,why-visit,yes,yes,yes,4478048,4.48,estimated,4,no price attached,2,no,,yes,True,REPLACE,"Add a width to the existing URL — the same ?auto=compress&cs=tinysrgb&w=1200 that 6,188 of the site's 7,496 provider references already carry. No licence, no new asset, no budget, and it does not prejudge whether the photograph is any good.",licence,B — one stock or agency licence at the going rate.,"Opens /places/morocco/two-days-four-climates.html, the only photograph on it a phone is certain to fetch. No price attached. The picture is wrong: relevance 3.7. Costs a phone 4.5 MB today (estimated).","a road climbing a High Atlas pass with the Sahara beyond, Morocco",16/9,,pexels:37672152,https://images.pexels.com/photos/37672152/pexels-photo-37672152.jpeg,Mohamed Khettouch,https://www.pexels.com/photo/scenic-mountain-road-in-high-atlas-morocco-37672152/
628,P3 defer — no price attached to this country,/places/benin/the-sacred-forests.html,benin,the sacred forests,forests,yes,yes,yes,4453698,4.45,estimated,4,no price attached,4,no,,no,True,REPLACE,"Add a width to the existing URL — the same ?auto=compress&cs=tinysrgb&w=1200 that 6,188 of the site's 7,496 provider references already carry. No licence, no new asset, no budget, and it does not prejudge whether the photograph is any good.",licence,B — one stock or agency licence at the going rate.,"Opens /places/benin/the-sacred-forests.html, the only photograph on it a phone is certain to fetch. No price attached. The picture is wrong: the provider calls it ""a person is riding a kite in the woods"". Costs a phone 4.5 MB today (estimated).","A tranquil forest scene filled with tall trees and lush greenery under soft daylight., Benin",16/9,,pexels:27328538,https://images.pexels.com/photos/27328538/pexels-photo-27328538.jpeg,Shovan Datta,https://www.pexels.com/photo/a-person-is-riding-a-kite-in-the-woods-27328538/
629,P3 defer — no price attached to this country,/places/ethiopia/highland-travel.html,ethiopia,highland travel,family-community,yes,yes,yes,4453698,4.45,estimated,4,no price attached,2,no,,no,True,REPLACE,"Add a width to the existing URL — the same ?auto=compress&cs=tinysrgb&w=1200 that 6,188 of the site's 7,496 provider references already carry. No licence, no new asset, no budget, and it does not prejudge whether the photograph is any good.",licence,B — one stock or agency licence at the going rate.,"Opens /places/ethiopia/highland-travel.html, the only photograph on it a phone is certain to fetch. No price attached. The picture is wrong: the provider calls it ""a man and a woman in traditional clothing"". Costs a phone 4.5 MB today (estimated).",a family walking a highland track in northern Ethiopia,16/9,,pexels:2988410,https://images.pexels.com/photos/2988410/pexels-photo-2988410.jpeg,Fuad T Tiba,https://www.pexels.com/photo/a-man-and-a-woman-in-traditional-clothing-2988410/
630,P3 defer — no price attached to this country,/places/mali/bamako-and-mopti.html,mali,bamako and mopti,cities,yes,yes,yes,4433694,4.43,estimated,4,no price attached,2,no,,no,True,REPLACE,"Add a width to the existing URL — the same ?auto=compress&cs=tinysrgb&w=1200 that 6,188 of the site's 7,496 provider references already carry. No licence, no new asset, no budget, and it does not prejudge whether the photograph is any good.",licence,B — one stock or agency licence at the going rate.,"Opens /places/mali/bamako-and-mopti.html, the only photograph on it a phone is certain to fetch. No price attached. The picture is wrong: relevance 2.8; the provider calls it ""bustling street market scene in urban africa"". Costs a phone 4.4 MB today (estimated).","the Niger riverfront and pirogues at Mopti, Mali",16/9,,pexels:37349560,https://images.pexels.com/photos/37349560/pexels-photo-37349560.jpeg,LekePOV,https://www.pexels.com/photo/bustling-street-market-scene-in-urban-africa-37349560/
631,P3 defer — no price attached to this country,/places/tunisia/carthage-and-the-sahara-festival.html,tunisia,carthage and the sahara festival,festivals,yes,yes,yes,4431615,4.43,estimated,4,no price attached,3,no,,no,True,REPLACE,"Add a width to the existing URL — the same ?auto=compress&cs=tinysrgb&w=1200 that 6,188 of the site's 7,496 provider references already carry. No licence, no new asset, no budget, and it does not prejudge whether the photograph is any good.",licence,B — one stock or agency licence at the going rate.,"Opens /places/tunisia/carthage-and-the-sahara-festival.html, the only photograph on it a phone is certain to fetch. No price attached. The picture is wrong: relevance 2.5. Costs a phone 4.4 MB today (estimated).","A camel resting in the Sahara Desert with a rider looking at the horizon., Tunisia",16/9,,pexels:35666734,https://images.pexels.com/photos/35666734/pexels-photo-35666734.jpeg,Asma Jhabli,https://www.pexels.com/photo/camel-ride-in-the-sahara-desert-at-sunset-35666734/
632,P3 defer — no price attached to this country,/places/equatorial-guinea/monte-alen.html,equatorial-guinea,monte alen,safari,yes,yes,yes,4431615,4.43,estimated,4,no price attached,2,no,,no,True,REPLACE,"Add a width to the existing URL — the same ?auto=compress&cs=tinysrgb&w=1200 that 6,188 of the site's 7,496 provider references already carry. No licence, no new asset, no budget, and it does not prejudge whether the photograph is any good.",licence,B — one stock or agency licence at the going rate.,"Opens /places/equatorial-guinea/monte-alen.html, the only photograph on it a phone is certain to fetch. No price attached. The picture is wrong: relevance 2.7. Costs a phone 4.4 MB today (estimated).","rainforest and a river valley in Monte Alen National Park, Equatorial Guinea",16/9,,pexels:10362442,https://images.pexels.com/photos/10362442/pexels-photo-10362442.jpeg,ali burhan,https://www.pexels.com/photo/green-moss-on-rocks-in-river-10362442/
633,P3 defer — no price attached to this country,/places/gabon/congo-basin-forest.html,gabon,congo basin forest,forests,yes,yes,yes,4421326,4.42,estimated,4,no price attached,4,no,,no,True,REPLACE,"Add a width to the existing URL — the same ?auto=compress&cs=tinysrgb&w=1200 that 6,188 of the site's 7,496 provider references already carry. No licence, no new asset, no budget, and it does not prejudge whether the photograph is any good.",licence,B — one stock or agency licence at the going rate.,"Opens /places/gabon/congo-basin-forest.html, the only photograph on it a phone is certain to fetch. No price attached. The picture is wrong: relevance 2.7; the provider calls it ""man walking among horses"". Costs a phone 4.4 MB today (estimated).","buttressed rainforest trees and understorey at Lope, Gabon",16/9,,pexels:18458054,https://images.pexels.com/photos/18458054/pexels-photo-18458054.jpeg,Shalom Osezua,https://www.pexels.com/photo/man-walking-among-horses-18458054/
634,P3 defer — no price attached to this country,/places/benin/earth-and-afro-brazilian.html,benin,earth and afro brazilian,architecture,yes,yes,yes,4421326,4.42,estimated,4,no price attached,3,no,,no,True,REPLACE,"Add a width to the existing URL — the same ?auto=compress&cs=tinysrgb&w=1200 that 6,188 of the site's 7,496 provider references already carry. No licence, no new asset, no budget, and it does not prejudge whether the photograph is any good.",licence,B — one stock or agency licence at the going rate.,"Opens /places/benin/earth-and-afro-brazilian.html, the only photograph on it a phone is certain to fetch. No price attached. The picture is wrong: relevance 2.7. Costs a phone 4.4 MB today (estimated).","Black and white photo of a local merchant sitting on a rock in Jos market, Nigeria., Benin",16/9,,pexels:36547342,https://images.pexels.com/photos/36547342/pexels-photo-36547342.jpeg,Jagaba Denis,https://www.pexels.com/photo/portrait-of-a-merchant-in-jos-nigeria-36547342/
635,P3 defer — no price attached to this country,/places/morocco/the-souk-in-the-morning.html,morocco,the souk in the morning,local-life,yes,yes,yes,4421326,4.42,estimated,4,no price attached,3,no,,no,True,REPLACE,"Add a width to the existing URL — the same ?auto=compress&cs=tinysrgb&w=1200 that 6,188 of the site's 7,496 provider references already carry. No licence, no new asset, no budget, and it does not prejudge whether the photograph is any good.",licence,B — one stock or agency licence at the going rate.,"Opens /places/morocco/the-souk-in-the-morning.html, the only photograph on it a phone is certain to fetch. No price attached. The picture is wrong: does not name Morocco, which the slot asked for. Costs a phone 4.4 MB today (estimated).","a produce market in a Moroccan medina early in the morning, Morocco",16/9,,pexels:30236986,https://images.pexels.com/photos/30236986/pexels-photo-30236986.jpeg,MAG Photography,https://www.pexels.com/photo/traditional-moroccan-shoes-in-agadir-souk-30236986/
636,P3 defer — no price attached to this country,/places/togo/evala-and-the-voodoo-market.html,togo,evala and the voodoo market,festivals,yes,yes,yes,4421326,4.42,estimated,4,no price attached,3,no,,no,True,REPLACE,"Add a width to the existing URL — the same ?auto=compress&cs=tinysrgb&w=1200 that 6,188 of the site's 7,496 provider references already carry. No licence, no new asset, no budget, and it does not prejudge whether the photograph is any good.",licence,B — one stock or agency licence at the going rate.,"Opens /places/togo/evala-and-the-voodoo-market.html, the only photograph on it a phone is certain to fetch. No price attached. The picture is wrong: the provider calls it ""three stylish individuals in urban setting"". Costs a phone 4.4 MB today (estimated).","young men wrestling at the Evala festival in Kabye country, Togo",16/9,,pexels:37786278,https://images.pexels.com/photos/37786278/pexels-photo-37786278.jpeg,The Chongaiman Ace,https://www.pexels.com/photo/three-stylish-individuals-in-urban-setting-37786278/
637,P3 defer — no price attached to this country,/places/benin/pendjari-community-run.html,benin,pendjari community run,eco-tourism,yes,yes,yes,4421326,4.42,estimated,4,no price attached,2,no,,no,True,REPLACE,"Add a width to the existing URL — the same ?auto=compress&cs=tinysrgb&w=1200 that 6,188 of the site's 7,496 provider references already carry. No licence, no new asset, no budget, and it does not prejudge whether the photograph is any good.",licence,B — one stock or agency licence at the going rate.,"Opens /places/benin/pendjari-community-run.html, the only photograph on it a phone is certain to fetch. No price attached. The picture is wrong: relevance 2.7; the provider calls it ""deer in nature"". Costs a phone 4.4 MB today (estimated).","a ranger scanning grassland from a vehicle in Pendjari, Benin",16/9,,pexels:17240764,https://images.pexels.com/photos/17240764/pexels-photo-17240764.jpeg,Kenneth Mulindwa,https://www.pexels.com/photo/deer-in-nature-17240764/
638,P3 defer — no price attached to this country,/places/benin/pirogue-and-pendjari.html,benin,pirogue and pendjari,adventure,yes,yes,yes,4421326,4.42,estimated,4,no price attached,2,no,,yes,True,REPLACE,"Add a width to the existing URL — the same ?auto=compress&cs=tinysrgb&w=1200 that 6,188 of the site's 7,496 provider references already carry. No licence, no new asset, no budget, and it does not prejudge whether the photograph is any good.",licence,B — one stock or agency licence at the going rate.,"Opens /places/benin/pirogue-and-pendjari.html, the only photograph on it a phone is certain to fetch. No price attached. The picture is wrong: relevance 3.7; query broadened to category; the provider calls it ""back view of people walking on trail"". Costs a phone 4.4 MB today (estimated).",Adventure in Benin,16/9,,pexels:13660326,https://images.pexels.com/photos/13660326/pexels-photo-13660326.jpeg,Xuân Thống Trần,https://www.pexels.com/photo/back-view-of-people-walking-on-trail-13660326/
639,P3 defer — no price attached to this country,/places/burkina-faso/bronze-and-masks.html,burkina-faso,bronze and masks,crafts,yes,yes,yes,4421326,4.42,estimated,4,no price attached,2,no,,no,True,REPLACE,"Add a width to the existing URL — the same ?auto=compress&cs=tinysrgb&w=1200 that 6,188 of the site's 7,496 provider references already carry. No licence, no new asset, no budget, and it does not prejudge whether the photograph is any good.",licence,B — one stock or agency licence at the going rate.,"Opens /places/burkina-faso/bronze-and-masks.html, the only photograph on it a phone is certain to fetch. No price attached. The picture is wrong: relevance 2.2. Costs a phone 4.4 MB today (estimated).","African musicians dressed in traditional attire perform with handmade instruments outdoors., Burkina Faso",16/9,,pexels:38599211,https://images.pexels.com/photos/38599211/pexels-photo-38599211.jpeg,Sani Maikatanga,https://www.pexels.com/photo/traditional-african-musicians-performing-outdoors-38599211/
640,P3 defer — no price attached to this country,/places/cabo-verde/brava.html,cabo-verde,brava,hidden-gems,yes,yes,yes,4421326,4.42,estimated,4,no price attached,2,no,,no,True,REPLACE,"Add a width to the existing URL — the same ?auto=compress&cs=tinysrgb&w=1200 that 6,188 of the site's 7,496 provider references already carry. No licence, no new asset, no budget, and it does not prejudge whether the photograph is any good.",licence,B — one stock or agency licence at the going rate.,"Opens /places/cabo-verde/brava.html, the only photograph on it a phone is certain to fetch. No price attached. The picture is wrong: the provider calls it ""seaside town with marina"". Costs a phone 4.4 MB today (estimated).","the green terraced slopes and village of Brava island, Cabo Verde",16/9,,pexels:15327357,https://images.pexels.com/photos/15327357/pexels-photo-15327357.jpeg,Abdulmomen Bsruki,https://www.pexels.com/photo/seaside-town-with-marina-15327357/
641,P3 defer — no price attached to this country,/places/chad/serious-country.html,chad,serious country,family-community,yes,yes,yes,4421326,4.42,estimated,4,no price attached,2,no,,no,True,REPLACE,"Add a width to the existing URL — the same ?auto=compress&cs=tinysrgb&w=1200 that 6,188 of the site's 7,496 provider references already carry. No licence, no new asset, no budget, and it does not prejudge whether the photograph is any good.",licence,B — one stock or agency licence at the going rate.,"Opens /places/chad/serious-country.html, the only photograph on it a phone is certain to fetch. No price attached. The picture is wrong: relevance 2.7; the provider calls it ""abandoned truck on a lonely buenos aires road"". Costs a phone 4.4 MB today (estimated).",a vehicle on a long empty track across Chadian savanna,16/9,,pexels:33290862,https://images.pexels.com/photos/33290862/pexels-photo-33290862.jpeg,Alex Dos Santos,https://www.pexels.com/photo/abandoned-truck-on-a-lonely-buenos-aires-road-33290862/
642,P3 defer — no price attached to this country,/places/dr-congo/garamba-and-upemba.html,dr-congo,garamba and upemba,safari,yes,yes,yes,4421326,4.42,estimated,4,no price attached,2,no,,no,True,REPLACE,"Add a width to the existing URL — the same ?auto=compress&cs=tinysrgb&w=1200 that 6,188 of the site's 7,496 provider references already carry. No licence, no new asset, no budget, and it does not prejudge whether the photograph is any good.",licence,B — one stock or agency licence at the going rate.,"Opens /places/dr-congo/garamba-and-upemba.html, the only photograph on it a phone is certain to fetch. No price attached. The picture is wrong: relevance 2.7. Costs a phone 4.4 MB today (estimated).","A rhinoceros grazing in an open grassy field surrounded by lush greenery., DR Congo",16/9,,pexels:29506188,https://images.pexels.com/photos/29506188/pexels-photo-29506188.jpeg,Kyama Kilonzo,https://www.pexels.com/photo/close-up-of-rhinoceros-in-natural-habitat-29506188/
643,P3 defer — no price attached to this country,/places/eritrea/filigree-and-basketry.html,eritrea,filigree and basketry,crafts,yes,yes,yes,4421326,4.42,estimated,4,no price attached,2,no,,no,True,REPLACE,"Add a width to the existing URL — the same ?auto=compress&cs=tinysrgb&w=1200 that 6,188 of the site's 7,496 provider references already carry. No licence, no new asset, no budget, and it does not prejudge whether the photograph is any good.",licence,B — one stock or agency licence at the going rate.,"Opens /places/eritrea/filigree-and-basketry.html, the only photograph on it a phone is certain to fetch. No price attached. The picture is wrong: relevance 2.7. Costs a phone 4.4 MB today (estimated).","Close-up of a hand adorned with silver rings resting on flowing white fabric, showcasing elegance and style., Eritrea",16/9,,pexels:10082801,https://images.pexels.com/photos/10082801/pexels-photo-10082801.jpeg,zaid  mohammed,https://www.pexels.com/photo/hand-with-silver-rings-10082801/
644,P3 defer — no price attached to this country,/places/madagascar/silk-raffia-and-zafimaniry.html,madagascar,silk raffia and zafimaniry,crafts,yes,yes,yes,4421326,4.42,estimated,4,no price attached,2,no,,no,True,REPLACE,"Add a width to the existing URL — the same ?auto=compress&cs=tinysrgb&w=1200 that 6,188 of the site's 7,496 provider references already carry. No licence, no new asset, no budget, and it does not prejudge whether the photograph is any good.",licence,B — one stock or agency licence at the going rate.,"Opens /places/madagascar/silk-raffia-and-zafimaniry.html, the only photograph on it a phone is certain to fetch. No price attached. The picture is wrong: the provider calls it ""spinning mill in morocco"". Costs a phone 4.4 MB today (estimated).","a woman weaving a silk lamba on a wooden loom, Madagascar",16/9,,pexels:9552186,https://images.pexels.com/photos/9552186/pexels-photo-9552186.jpeg,Moussa Idrissi,https://www.pexels.com/photo/spinning-mill-in-morocco-9552186/
645,P3 defer — no price attached to this country,/places/mauritania/two-million-birds.html,mauritania,two million birds,eco-tourism,yes,yes,yes,4421326,4.42,estimated,4,no price attached,2,no,,no,True,REPLACE,"Add a width to the existing URL — the same ?auto=compress&cs=tinysrgb&w=1200 that 6,188 of the site's 7,496 provider references already carry. No licence, no new asset, no budget, and it does not prejudge whether the photograph is any good.",licence,B — one stock or agency licence at the going rate.,"Opens /places/mauritania/two-million-birds.html, the only photograph on it a phone is certain to fetch. No price attached. The picture is wrong: relevance 2.7. Costs a phone 4.4 MB today (estimated).","dense flocks of waders on the mudflats of the Banc d'Arguin, Mauritania",16/9,,pexels:7863392,https://images.pexels.com/photos/7863392/pexels-photo-7863392.jpeg,Juanita Theron,https://www.pexels.com/photo/silhouette-of-birds-flying-over-the-sea-during-sunset-7863392/
646,P3 defer — no price attached to this country,/places/mozambique/ilha-de-mo-ambique.html,mozambique,ilha de mo ambique,historic-sites,yes,yes,yes,4421326,4.42,estimated,4,no price attached,2,no,,no,True,REPLACE,"Add a width to the existing URL — the same ?auto=compress&cs=tinysrgb&w=1200 that 6,188 of the site's 7,496 provider references already carry. No licence, no new asset, no budget, and it does not prejudge whether the photograph is any good.",licence,B — one stock or agency licence at the going rate.,"Opens /places/mozambique/ilha-de-mo-ambique.html, the only photograph on it a phone is certain to fetch. No price attached. The picture is wrong: relevance 2.7; the provider calls it ""a couple walking on a wet shore holding hands"". Costs a phone 4.4 MB today (estimated).","the fortress of São Sebastião on Ilha de Moçambique, Mozambique",16/9,,pexels:5419425,https://images.pexels.com/photos/5419425/pexels-photo-5419425.jpeg,Danilo Barbosa,https://www.pexels.com/photo/a-couple-walking-on-a-wet-shore-holding-hands-5419425/
647,P3 defer — no price attached to this country,/places/morocco/light-on-earth-walls.html,morocco,light on earth walls,photography,yes,yes,yes,4418391,4.42,estimated,4,no price attached,3,no,,no,True,REPLACE,"Add a width to the existing URL — the same ?auto=compress&cs=tinysrgb&w=1200 that 6,188 of the site's 7,496 provider references already carry. No licence, no new asset, no budget, and it does not prejudge whether the photograph is any good.",licence,B — one stock or agency licence at the going rate.,"Opens /places/morocco/light-on-earth-walls.html, the only photograph on it a phone is certain to fetch. No price attached. The picture is wrong: relevance 3.4. Costs a phone 4.4 MB today (estimated).","late light on the earth walls of a southern Moroccan kasbah, Morocco",16/9,,pexels:29595719,https://images.pexels.com/photos/29595719/pexels-photo-29595719.jpeg,Tobias Waibl,https://www.pexels.com/photo/scenic-desert-townscape-in-morocco-29595719/
648,P3 defer — no price attached to this country,/places/mali/dogon-bambara-tuareg-fulani.html,mali,dogon bambara tuareg fulani,traditional-people,yes,yes,yes,4414986,4.41,estimated,4,no price attached,3,no,,no,True,REPLACE,"Add a width to the existing URL — the same ?auto=compress&cs=tinysrgb&w=1200 that 6,188 of the site's 7,496 provider references already carry. No licence, no new asset, no budget, and it does not prejudge whether the photograph is any good.",licence,B — one stock or agency licence at the going rate.,"Opens /places/mali/dogon-bambara-tuareg-fulani.html, the only photograph on it a phone is certain to fetch. No price attached. The picture is wrong: relevance 2.4. Costs a phone 4.4 MB today (estimated).","a Dogon elder outside a granary with a carved door, Mali",16/9,,pexels:38125808,https://images.pexels.com/photos/38125808/pexels-photo-38125808.jpeg,LekePOV,https://www.pexels.com/photo/traditional-african-horseman-in-vibrant-attire-38125808/
649,P3 defer — no price attached to this country,/places/mauritania/small-and-serious.html,mauritania,small and serious,luxury,yes,yes,yes,4414721,4.41,estimated,4,no price attached,2,no,,no,True,REPLACE,"Add a width to the existing URL — the same ?auto=compress&cs=tinysrgb&w=1200 that 6,188 of the site's 7,496 provider references already carry. No licence, no new asset, no budget, and it does not prejudge whether the photograph is any good.",licence,B — one stock or agency licence at the going rate.,"Opens /places/mauritania/small-and-serious.html, the only photograph on it a phone is certain to fetch. No price attached. The picture is wrong: relevance 2.5; the provider calls it ""the entrance to an old building with a pool"". Costs a phone 4.4 MB today (estimated).","A sunlit Moroccan hallway with rustic walls opening into a courtyard., Mauritania",16/9,,pexels:27945050,https://images.pexels.com/photos/27945050/pexels-photo-27945050.jpeg,Andrea Musto,https://www.pexels.com/photo/the-entrance-to-an-old-building-with-a-pool-27945050/
650,P3 defer — no price attached to this country,/places/equatorial-guinea/spanish-fang-and-bubi.html,equatorial-guinea,spanish fang and bubi,culture,yes,yes,yes,4403712,4.40,estimated,4,no price attached,4,no,,yes,True,REPLACE,"Add a width to the existing URL — the same ?auto=compress&cs=tinysrgb&w=1200 that 6,188 of the site's 7,496 provider references already carry. No licence, no new asset, no budget, and it does not prejudge whether the photograph is any good.",licence,B — one stock or agency licence at the going rate.,"Opens /places/equatorial-guinea/spanish-fang-and-bubi.html, the only photograph on it a phone is certain to fetch. No price attached. The picture is wrong: the provider calls it ""beach in bay on sea shore in city"". Costs a phone 4.4 MB today (estimated).","a street of Spanish colonial buildings in Malabo, Equatorial Guinea",16/9,,pexels:26770537,https://images.pexels.com/photos/26770537/pexels-photo-26770537.jpeg,Vika Glitter,https://www.pexels.com/photo/beach-in-bay-on-sea-shore-in-city-26770537/
651,P3 defer — no price attached to this country,/places/benin/lake-nokoue-and-the-oueme.html,benin,lake nokoue and the oueme,lakes-rivers,yes,yes,yes,4403712,4.40,estimated,4,no price attached,3,no,,no,True,REPLACE,"Add a width to the existing URL — the same ?auto=compress&cs=tinysrgb&w=1200 that 6,188 of the site's 7,496 provider references already carry. No licence, no new asset, no budget, and it does not prejudge whether the photograph is any good.",licence,B — one stock or agency licence at the going rate.,"Opens /places/benin/lake-nokoue-and-the-oueme.html, the only photograph on it a phone is certain to fetch. No price attached. The picture is wrong: the provider calls it ""a woman riding a boat"". Costs a phone 4.4 MB today (estimated).","fishing nets and stakes across Lake Nokoue at dawn, Benin",16/9,,pexels:6729842,https://images.pexels.com/photos/6729842/pexels-photo-6729842.jpeg,Kenza Loussouarn,https://www.pexels.com/photo/a-woman-riding-a-boat-6729842/
652,P3 defer — no price attached to this country,/places/benin/the-vodun-festival.html,benin,the vodun festival,festivals,yes,yes,yes,4403712,4.40,estimated,4,no price attached,3,no,,no,True,REPLACE,"Add a width to the existing URL — the same ?auto=compress&cs=tinysrgb&w=1200 that 6,188 of the site's 7,496 provider references already carry. No licence, no new asset, no budget, and it does not prejudge whether the photograph is any good.",licence,B — one stock or agency licence at the going rate.,"Opens /places/benin/the-vodun-festival.html, the only photograph on it a phone is certain to fetch. No price attached. The picture is wrong: the provider calls it ""silhouette of a person standing barefoot on sand"". Costs a phone 4.4 MB today (estimated).","crowds and dancers on the beach at the Ouidah vodun festival, Benin",16/9,,pexels:13799473,https://images.pexels.com/photos/13799473/pexels-photo-13799473.jpeg,Ankit Bhattacharjee,https://www.pexels.com/photo/silhouette-of-a-person-standing-barefoot-on-sand-13799473/
653,P3 defer — no price attached to this country,/places/comoros/the-grand-mariage-season.html,comoros,the grand mariage season,festivals,yes,yes,yes,4403712,4.40,estimated,4,no price attached,3,no,,no,True,REPLACE,"Add a width to the existing URL — the same ?auto=compress&cs=tinysrgb&w=1200 that 6,188 of the site's 7,496 provider references already carry. No licence, no new asset, no budget, and it does not prejudge whether the photograph is any good.",licence,B — one stock or agency licence at the going rate.,"Opens /places/comoros/the-grand-mariage-season.html, the only photograph on it a phone is certain to fetch. No price attached. The picture is wrong: relevance 2.5. Costs a phone 4.4 MB today (estimated).","Peaceful town square with benches, art murals, trees, and historic buildings on a sunny day., Comoros",16/9,,pexels:20794404,https://images.pexels.com/photos/20794404/pexels-photo-20794404.jpeg,Andrius La Rotta,https://www.pexels.com/photo/small-park-with-a-bench-and-trees-in-a-town-by-the-mountain-20794404/
654,P3 defer — no price attached to this country,/places/congo/green-and-steam.html,congo,green and steam,photography,yes,yes,yes,4403712,4.40,estimated,4,no price attached,3,no,,no,True,REPLACE,"Add a width to the existing URL — the same ?auto=compress&cs=tinysrgb&w=1200 that 6,188 of the site's 7,496 provider references already carry. No licence, no new asset, no budget, and it does not prejudge whether the photograph is any good.",licence,B — one stock or agency licence at the going rate.,"Opens /places/congo/green-and-steam.html, the only photograph on it a phone is certain to fetch. No price attached. The picture is wrong: relevance 3.9; the provider calls it ""mountain peak in fog"". Costs a phone 4.4 MB today (estimated).","mist over a forest bai at dawn with elephants in it, Congo",16/9,,pexels:25489548,https://images.pexels.com/photos/25489548/pexels-photo-25489548.jpeg,Abdullah K,https://www.pexels.com/photo/mountain-peak-in-fog-25489548/
655,P3 defer — no price attached to this country,/places/dr-congo/sape.html,dr-congo,sape,local-life,yes,yes,yes,4403712,4.40,estimated,4,no price attached,3,no,,no,True,REPLACE,"Add a width to the existing URL — the same ?auto=compress&cs=tinysrgb&w=1200 that 6,188 of the site's 7,496 provider references already carry. No licence, no new asset, no budget, and it does not prejudge whether the photograph is any good.",licence,B — one stock or agency licence at the going rate.,"Opens /places/dr-congo/sape.html, the only photograph on it a phone is certain to fetch. No price attached. The picture is wrong: relevance 2.7; the provider calls it ""panoramic view of cityscape with blue sky"". Costs a phone 4.4 MB today (estimated).","a sapeur in a bright tailored suit on a Kinshasa street, DR Congo",16/9,,pexels:35841083,https://images.pexels.com/photos/35841083/pexels-photo-35841083.jpeg,Vika Glitter,https://www.pexels.com/photo/panoramic-view-of-cityscape-with-blue-sky-35841083/
656,P3 defer — no price attached to this country,/places/equatorial-guinea/nothing-listed-yet.html,equatorial-guinea,nothing listed yet,heritage,yes,yes,yes,4403712,4.40,estimated,4,no price attached,3,no,,no,True,REPLACE,"Add a width to the existing URL — the same ?auto=compress&cs=tinysrgb&w=1200 that 6,188 of the site's 7,496 provider references already carry. No licence, no new asset, no budget, and it does not prejudge whether the photograph is any good.",licence,B — one stock or agency licence at the going rate.,"Opens /places/equatorial-guinea/nothing-listed-yet.html, the only photograph on it a phone is certain to fetch. No price attached. The picture is wrong: relevance 2.5. Costs a phone 4.4 MB today (estimated).","a decaying Spanish colonial verandah building in Malabo, Equatorial Guinea",16/9,,pexels:37075473,https://images.pexels.com/photos/37075473/pexels-photo-37075473.jpeg,Ivett M,https://www.pexels.com/photo/urban-road-curve-with-modern-building-in-natal-37075473/
657,P3 defer — no price attached to this country,/places/madagascar/pirates-and-kingdoms.html,madagascar,pirates and kingdoms,heritage,yes,yes,yes,4403712,4.40,estimated,4,no price attached,3,no,,no,True,REPLACE,"Add a width to the existing URL — the same ?auto=compress&cs=tinysrgb&w=1200 that 6,188 of the site's 7,496 provider references already carry. No licence, no new asset, no budget, and it does not prejudge whether the photograph is any good.",licence,B — one stock or agency licence at the going rate.,"Opens /places/madagascar/pirates-and-kingdoms.html, the only photograph on it a phone is certain to fetch. No price attached. The picture is wrong: relevance 2.5. Costs a phone 4.4 MB today (estimated).","A moss-covered cross stands in an overgrown, ancient cemetery, evoking a mysterious atmosphere., Madagascar",16/9,,pexels:446461,https://images.pexels.com/photos/446461/pexels-photo-446461.jpeg,Miguel Á. Padriñán,https://www.pexels.com/photo/brown-cross-stand-on-grass-446461/
658,P3 defer — no price attached to this country,/places/nigeria/the-bronzes.html,nigeria,the bronzes,heritage,yes,yes,yes,4403712,4.40,estimated,4,no price attached,3,no,,no,True,REPLACE,"Add a width to the existing URL — the same ?auto=compress&cs=tinysrgb&w=1200 that 6,188 of the site's 7,496 provider references already carry. No licence, no new asset, no budget, and it does not prejudge whether the photograph is any good.",licence,B — one stock or agency licence at the going rate.,"Opens /places/nigeria/the-bronzes.html, the only photograph on it a phone is certain to fetch. No price attached. The picture is wrong: the provider calls it ""boy rowing a boat"". Costs a phone 4.4 MB today (estimated).","a display of Benin bronze plaques, Nigeria",16/9,,pexels:6729745,https://images.pexels.com/photos/6729745/pexels-photo-6729745.jpeg,Kenza Loussouarn,https://www.pexels.com/photo/boy-rowing-a-boat-6729745/
659,P3 defer — no price attached to this country,/places/seychelles/aldabra.html,seychelles,aldabra,heritage,yes,yes,yes,4403712,4.40,estimated,4,no price attached,3,no,,no,True,REPLACE,"Add a width to the existing URL — the same ?auto=compress&cs=tinysrgb&w=1200 that 6,188 of the site's 7,496 provider references already carry. No licence, no new asset, no budget, and it does not prejudge whether the photograph is any good.",licence,B — one stock or agency licence at the going rate.,"Opens /places/seychelles/aldabra.html, the only photograph on it a phone is certain to fetch. No price attached. The picture is wrong: relevance 2.5. Costs a phone 4.4 MB today (estimated).","the raised coral rim of the Aldabra atoll, Seychelles",16/9,,pexels:32544066,https://images.pexels.com/photos/32544066/pexels-photo-32544066.jpeg,Vika Glitter,https://www.pexels.com/photo/aldabra-tortoise-resting-on-sunlit-sand-32544066/
660,P3 defer — no price attached to this country,/places/seychelles/island-life.html,seychelles,island life,traditional-people,yes,yes,yes,4403712,4.40,estimated,4,no price attached,3,no,,no,True,REPLACE,"Add a width to the existing URL — the same ?auto=compress&cs=tinysrgb&w=1200 that 6,188 of the site's 7,496 provider references already carry. No licence, no new asset, no budget, and it does not prejudge whether the photograph is any good.",licence,B — one stock or agency licence at the going rate.,"Opens /places/seychelles/island-life.html, the only photograph on it a phone is certain to fetch. No price attached. The picture is wrong: relevance 2.2; the provider calls it ""elegant woman in floral dress on rocky beach"". Costs a phone 4.4 MB today (estimated).","fishermen bringing in a catch at a Mahé jetty, Seychelles",16/9,,pexels:32796821,https://images.pexels.com/photos/32796821/pexels-photo-32796821.jpeg,Vika Glitter,https://www.pexels.com/photo/elegant-woman-in-floral-dress-on-rocky-beach-32796821/
661,P3 defer — no price attached to this country,/places/angola/the-southern-desert.html,angola,the southern desert,adventure,yes,yes,yes,4403712,4.40,estimated,4,no price attached,2,no,,yes,True,REPLACE,"Add a width to the existing URL — the same ?auto=compress&cs=tinysrgb&w=1200 that 6,188 of the site's 7,496 provider references already carry. No licence, no new asset, no budget, and it does not prejudge whether the photograph is any good.",licence,B — one stock or agency licence at the going rate.,"Opens /places/angola/the-southern-desert.html, the only photograph on it a phone is certain to fetch. No price attached. The picture is wrong: relevance 2.7; query broadened to category; the provider calls it ""hill of sand by the sea"". Costs a phone 4.4 MB today (estimated).",Adventure in Angola,16/9,,pexels:10911649,https://images.pexels.com/photos/10911649/pexels-photo-10911649.jpeg,Eden Constantino,https://www.pexels.com/photo/hill-of-sand-by-the-sea-10911649/
662,P3 defer — no price attached to this country,/places/djibouti/why-djibouti.html,djibouti,why djibouti,why-visit,yes,yes,yes,4403712,4.40,estimated,4,no price attached,2,no,,yes,True,REPLACE,"Add a width to the existing URL — the same ?auto=compress&cs=tinysrgb&w=1200 that 6,188 of the site's 7,496 provider references already carry. No licence, no new asset, no budget, and it does not prejudge whether the photograph is any good.",licence,B — one stock or agency licence at the going rate.,"Opens /places/djibouti/why-djibouti.html, the only photograph on it a phone is certain to fetch. No price attached. The picture is wrong: relevance 3.9; the provider calls it ""woman standing in sea on shore"". Costs a phone 4.4 MB today (estimated).","a swimmer in clear water beside a whale shark, Djibouti",16/9,,pexels:18895926,https://images.pexels.com/photos/18895926/pexels-photo-18895926.jpeg,Vika Glitter,https://www.pexels.com/photo/woman-standing-in-sea-on-shore-18895926/
663,P3 defer — no price attached to this country,/places/egypt/reef-and-oasis.html,egypt,reef and oasis,eco-tourism,yes,yes,yes,4403712,4.40,estimated,4,no price attached,2,no,,no,True,REPLACE,"Add a width to the existing URL — the same ?auto=compress&cs=tinysrgb&w=1200 that 6,188 of the site's 7,496 provider references already carry. No licence, no new asset, no budget, and it does not prejudge whether the photograph is any good.",licence,B — one stock or agency licence at the going rate.,"Opens /places/egypt/reef-and-oasis.html, the only photograph on it a phone is certain to fetch. No price attached. The picture is wrong: the provider calls it ""ferry swimming in a bay"". Costs a phone 4.4 MB today (estimated).","a marine reserve buoy over Red Sea reef, Egypt",16/9,,pexels:18888242,https://images.pexels.com/photos/18888242/pexels-photo-18888242.jpeg,Vika Glitter,https://www.pexels.com/photo/ferry-swimming-in-a-bay-18888242/
664,P3 defer — no price attached to this country,/places/eritrea/why-eritrea.html,eritrea,why eritrea,why-visit,yes,yes,yes,4403712,4.40,estimated,4,no price attached,2,no,,yes,True,REPLACE,"Add a width to the existing URL — the same ?auto=compress&cs=tinysrgb&w=1200 that 6,188 of the site's 7,496 provider references already carry. No licence, no new asset, no budget, and it does not prejudge whether the photograph is any good.",licence,B — one stock or agency licence at the going rate.,"Opens /places/eritrea/why-eritrea.html, the only photograph on it a phone is certain to fetch. No price attached. The picture is wrong: relevance 3.9. Costs a phone 4.4 MB today (estimated).","a vintage Fiat parked outside an art deco cinema in Asmara, Eritrea",16/9,,pexels:16010378,https://images.pexels.com/photos/16010378/pexels-photo-16010378.jpeg,Vika Glitter,https://www.pexels.com/photo/close-up-of-red-fiat-126p-16010378/
665,P3 defer — no price attached to this country,/places/eswatini/ngwenya-mine.html,eswatini,ngwenya mine,historic-sites,yes,yes,yes,4403712,4.40,estimated,4,no price attached,2,no,,no,True,REPLACE,"Add a width to the existing URL — the same ?auto=compress&cs=tinysrgb&w=1200 that 6,188 of the site's 7,496 provider references already carry. No licence, no new asset, no budget, and it does not prejudge whether the photograph is any good.",licence,B — one stock or agency licence at the going rate.,"Opens /places/eswatini/ngwenya-mine.html, the only photograph on it a phone is certain to fetch. No price attached. The picture is wrong: relevance 2.7; the provider calls it ""portrait of a girl raising her arm"". Costs a phone 4.4 MB today (estimated).","the red iron ore workings of the ancient Ngwenya mine, Eswatini",16/9,,pexels:4641901,https://images.pexels.com/photos/4641901/pexels-photo-4641901.jpeg,BonusBrownie Photography,https://www.pexels.com/photo/portrait-of-a-girl-raising-her-arm-4641901/
666,P3 defer — no price attached to this country,/places/liberia/lake-piso.html,liberia,lake piso,hidden-gems,yes,yes,yes,4403712,4.40,estimated,4,no price attached,2,no,,no,True,REPLACE,"Add a width to the existing URL — the same ?auto=compress&cs=tinysrgb&w=1200 that 6,188 of the site's 7,496 provider references already carry. No licence, no new asset, no budget, and it does not prejudge whether the photograph is any good.",licence,B — one stock or agency licence at the going rate.,"Opens /places/liberia/lake-piso.html, the only photograph on it a phone is certain to fetch. No price attached. The picture is wrong: the provider calls it ""green trees beside sea under white sky"". Costs a phone 4.4 MB today (estimated).","fishing canoes on the still water of Lake Piso, Liberia",16/9,,pexels:11230646,https://images.pexels.com/photos/11230646/pexels-photo-11230646.jpeg,Victor Ralda,https://www.pexels.com/photo/green-trees-beside-sea-under-white-sky-11230646/
667,P3 defer — no price attached to this country,/places/seychelles/la-digue-by-bicycle.html,seychelles,la digue by bicycle,hidden-gems,yes,yes,yes,4403712,4.40,estimated,4,no price attached,2,no,,no,True,REPLACE,"Add a width to the existing URL — the same ?auto=compress&cs=tinysrgb&w=1200 that 6,188 of the site's 7,496 provider references already carry. No licence, no new asset, no budget, and it does not prejudge whether the photograph is any good.",licence,B — one stock or agency licence at the going rate.,"Opens /places/seychelles/la-digue-by-bicycle.html, the only photograph on it a phone is certain to fetch. No price attached. The picture is wrong: relevance 3.7. Costs a phone 4.4 MB today (estimated).","a sandy lane and bicycles under palms on La Digue, Seychelles",16/9,,pexels:32974408,https://images.pexels.com/photos/32974408/pexels-photo-32974408.jpeg,Vika Glitter,https://www.pexels.com/photo/woman-enjoying-a-tropical-beach-in-seychelles-32974408/
668,P3 defer — no price attached to this country,/places/seychelles/the-private-islands.html,seychelles,the private islands,luxury,yes,yes,yes,4403712,4.40,estimated,4,no price attached,2,no,,no,True,REPLACE,"Add a width to the existing URL — the same ?auto=compress&cs=tinysrgb&w=1200 that 6,188 of the site's 7,496 provider references already carry. No licence, no new asset, no budget, and it does not prejudge whether the photograph is any good.",licence,B — one stock or agency licence at the going rate.,"Opens /places/seychelles/the-private-islands.html, the only photograph on it a phone is certain to fetch. No price attached. The picture is wrong: the provider calls it ""green palm trees along wooden fence"". Costs a phone 4.4 MB today (estimated).",a villa above a beach on a private Seychelles island,16/9,,pexels:2956432,https://images.pexels.com/photos/2956432/pexels-photo-2956432.jpeg,Rajesh  Chetty,https://www.pexels.com/photo/green-palm-trees-along-wooden-fence-2956432/
669,P3 defer — no price attached to this country,/places/equatorial-guinea/colonial-malabo.html,equatorial-guinea,colonial malabo,historic-sites,yes,yes,yes,4392363,4.39,estimated,4,no price attached,2,no,,no,True,REPLACE,"Add a width to the existing URL — the same ?auto=compress&cs=tinysrgb&w=1200 that 6,188 of the site's 7,496 provider references already carry. No licence, no new asset, no budget, and it does not prejudge whether the photograph is any good.",licence,B — one stock or agency licence at the going rate.,"Opens /places/equatorial-guinea/colonial-malabo.html, the only photograph on it a phone is certain to fetch. No price attached. The picture is wrong: relevance 2.2. Costs a phone 4.4 MB today (estimated).","Edificio Coltabaco, a historic landmark in Cali, showcases rich architectural heritage., Equatorial Guinea",16/9,,pexels:11883275,https://images.pexels.com/photos/11883275/pexels-photo-11883275.jpeg,Andres Agredo,https://www.pexels.com/photo/the-coltabaco-building-in-cali-columbia-11883275/
670,P3 defer — no price attached to this country,/places/angola/the-black-rocks-and-the-namib.html,angola,the black rocks and the namib,nature,yes,yes,yes,4392000,4.39,estimated,4,no price attached,4,no,,no,True,REPLACE,"Add a width to the existing URL — the same ?auto=compress&cs=tinysrgb&w=1200 that 6,188 of the site's 7,496 provider references already carry. No licence, no new asset, no budget, and it does not prejudge whether the photograph is any good.",licence,B — one stock or agency licence at the going rate.,"Opens /places/angola/the-black-rocks-and-the-namib.html, the only photograph on it a phone is certain to fetch. No price attached. The picture is wrong: relevance 2.5. Costs a phone 4.4 MB today (estimated).","Black and white landscape capturing rugged mountain peaks under a cloudy sky., Angola",16/9,,pexels:29529951,https://images.pexels.com/photos/29529951/pexels-photo-29529951.jpeg,Kevyn Costa,https://www.pexels.com/photo/stunning-black-and-white-mountain-landscape-29529951/
671,P3 defer — no price attached to this country,/places/benin/pendjari-and-the-atakora.html,benin,pendjari and the atakora,nature,yes,yes,yes,4392000,4.39,estimated,4,no price attached,4,no,,no,True,REPLACE,"Add a width to the existing URL — the same ?auto=compress&cs=tinysrgb&w=1200 that 6,188 of the site's 7,496 provider references already carry. No licence, no new asset, no budget, and it does not prejudge whether the photograph is any good.",licence,B — one stock or agency licence at the going rate.,"Opens /places/benin/pendjari-and-the-atakora.html, the only photograph on it a phone is certain to fetch. No price attached. The picture is wrong: relevance 2.5. Costs a phone 4.4 MB today (estimated).","Two boys by a river, engaging with nature, sitting on rocks and holding a log., Benin",16/9,,pexels:20653690,https://images.pexels.com/photos/20653690/pexels-photo-20653690.jpeg,Louisette BEHOU,https://www.pexels.com/photo/people-at-the-river-20653690/
672,P3 defer — no price attached to this country,/places/benin/pendjari.html,benin,pendjari,wildlife,yes,yes,yes,4392000,4.39,estimated,4,no price attached,4,no,,yes,True,REPLACE,"Add a width to the existing URL — the same ?auto=compress&cs=tinysrgb&w=1200 that 6,188 of the site's 7,496 provider references already carry. No licence, no new asset, no budget, and it does not prejudge whether the photograph is any good.",licence,B — one stock or agency licence at the going rate.,"Opens /places/benin/pendjari.html, the only photograph on it a phone is certain to fetch. No price attached. The picture is wrong: the provider calls it ""zebras on savannah"". Costs a phone 4.4 MB today (estimated).","a West African lion in tall grass in Pendjari National Park, Benin",16/9,,pexels:15341662,https://images.pexels.com/photos/15341662/pexels-photo-15341662.jpeg,Alex Levis,https://www.pexels.com/photo/zebras-on-savannah-15341662/
673,P3 defer — no price attached to this country,/places/burkina-faso/hippos-at-tengrela.html,burkina-faso,hippos at tengrela,wildlife,yes,yes,yes,4392000,4.39,estimated,4,no price attached,4,no,,yes,True,REPLACE,"Add a width to the existing URL — the same ?auto=compress&cs=tinysrgb&w=1200 that 6,188 of the site's 7,496 provider references already carry. No licence, no new asset, no budget, and it does not prejudge whether the photograph is any good.",licence,B — one stock or agency licence at the going rate.,"Opens /places/burkina-faso/hippos-at-tengrela.html, the only photograph on it a phone is certain to fetch. No price attached. The picture is wrong: relevance 2.5; the provider calls it ""view of a dirt road along a body of water"". Costs a phone 4.4 MB today (estimated).","hippos surfacing in Lake Tengrela with a pirogue nearby, Burkina Faso",16/9,,pexels:20841385,https://images.pexels.com/photos/20841385/pexels-photo-20841385.jpeg,Thilina Alagiyawanna,https://www.pexels.com/photo/view-of-a-dirt-road-along-a-body-of-water-20841385/
674,P3 defer — no price attached to this country,/places/burkina-faso/the-southwest.html,burkina-faso,the southwest,nature,yes,yes,yes,4392000,4.39,estimated,4,no price attached,4,no,,no,True,REPLACE,"Add a width to the existing URL — the same ?auto=compress&cs=tinysrgb&w=1200 that 6,188 of the site's 7,496 provider references already carry. No licence, no new asset, no budget, and it does not prejudge whether the photograph is any good.",licence,B — one stock or agency licence at the going rate.,"Opens /places/burkina-faso/the-southwest.html, the only photograph on it a phone is certain to fetch. No price attached. The picture is wrong: relevance 2.5; the provider calls it ""waterfalls"". Costs a phone 4.4 MB today (estimated).","A powerful waterfall cascades over rocky cliffs surrounded by lush forest., Burkina Faso",16/9,,pexels:1750679,https://images.pexels.com/photos/1750679/pexels-photo-1750679.jpeg,Vvek Nishant,https://www.pexels.com/photo/waterfalls-1750679/
675,P3 defer — no price attached to this country,/places/burundi/saga-and-karera-beaches.html,burundi,saga and karera beaches,beaches,yes,yes,yes,4392000,4.39,estimated,4,no price attached,4,no,,no,True,REPLACE,"Add a width to the existing URL — the same ?auto=compress&cs=tinysrgb&w=1200 that 6,188 of the site's 7,496 provider references already carry. No licence, no new asset, no budget, and it does not prejudge whether the photograph is any good.",licence,B — one stock or agency licence at the going rate.,"Opens /places/burundi/saga-and-karera-beaches.html, the only photograph on it a phone is certain to fetch. No price attached. The picture is wrong: relevance 2.5. Costs a phone 4.4 MB today (estimated).","Silhouetted boats on Lake Ulubat during a vibrant sunset in Bursa, Türkiye., Burundi",16/9,,pexels:34948104,https://images.pexels.com/photos/34948104/pexels-photo-34948104.jpeg,Ubeydulah Beşir KÖROĞLU,https://www.pexels.com/photo/dramatic-sunset-over-lake-ulubat-with-boats-34948104/
676,P3 defer — no price attached to this country,/places/burundi/the-congo-nile-divide.html,burundi,the congo nile divide,nature,yes,yes,yes,4392000,4.39,estimated,4,no price attached,4,no,,no,True,REPLACE,"Add a width to the existing URL — the same ?auto=compress&cs=tinysrgb&w=1200 that 6,188 of the site's 7,496 provider references already carry. No licence, no new asset, no budget, and it does not prejudge whether the photograph is any good.",licence,B — one stock or agency licence at the going rate.,"Opens /places/burundi/the-congo-nile-divide.html, the only photograph on it a phone is certain to fetch. No price attached. The picture is wrong: the provider calls it ""green trees on lakeshore"". Costs a phone 4.4 MB today (estimated).","the forested ridge of the Congo-Nile divide under cloud, Burundi",16/9,,pexels:19582836,https://images.pexels.com/photos/19582836/pexels-photo-19582836.jpeg,Gis photography,https://www.pexels.com/photo/green-trees-on-lakeshore-19582836/
677,P3 defer — no price attached to this country,/places/cabo-verde/pico-do-fogo-and-santo-antao.html,cabo-verde,pico do fogo and santo antao,mountains,yes,yes,yes,4392000,4.39,estimated,4,no price attached,4,no,,no,True,REPLACE,"Add a width to the existing URL — the same ?auto=compress&cs=tinysrgb&w=1200 that 6,188 of the site's 7,496 provider references already carry. No licence, no new asset, no budget, and it does not prejudge whether the photograph is any good.",licence,B — one stock or agency licence at the going rate.,"Opens /places/cabo-verde/pico-do-fogo-and-santo-antao.html, the only photograph on it a phone is certain to fetch. No price attached. The picture is wrong: relevance 2.0. Costs a phone 4.4 MB today (estimated).","A breathtaking view of a rocky mountain range under a clear blue sky, capturing the essence of nature's beauty., Cabo Verde",16/9,,pexels:14764499,https://images.pexels.com/photos/14764499/pexels-photo-14764499.jpeg,Annelies Brouw,https://www.pexels.com/photo/view-of-mountains-under-blue-sky-14764499/
678,P3 defer — no price attached to this country,/places/central-african-republic/river-sand.html,central-african-republic,river sand,beaches,yes,yes,yes,4392000,4.39,estimated,4,no price attached,4,no,,no,True,REPLACE,"Add a width to the existing URL — the same ?auto=compress&cs=tinysrgb&w=1200 that 6,188 of the site's 7,496 provider references already carry. No licence, no new asset, no budget, and it does not prejudge whether the photograph is any good.",licence,B — one stock or agency licence at the going rate.,"Opens /places/central-african-republic/river-sand.html, the only photograph on it a phone is certain to fetch. No price attached. The picture is wrong: relevance 2.5; the provider calls it ""scenic view of white clouds above the green mountain"". Costs a phone 4.4 MB today (estimated).","a wide sandbank on the Sangha river in the dry season, Central African Republic",16/9,,pexels:13705586,https://images.pexels.com/photos/13705586/pexels-photo-13705586.jpeg,Fatin Rifat,https://www.pexels.com/photo/scenic-view-of-white-clouds-above-the-green-mountains-13705586/
679,P3 defer — no price attached to this country,/places/comoros/livingstones-fruit-bat.html,comoros,livingstones fruit bat,wildlife,yes,yes,yes,4392000,4.39,estimated,4,no price attached,4,no,,yes,True,REPLACE,"Add a width to the existing URL — the same ?auto=compress&cs=tinysrgb&w=1200 that 6,188 of the site's 7,496 provider references already carry. No licence, no new asset, no budget, and it does not prejudge whether the photograph is any good.",licence,B — one stock or agency licence at the going rate.,"Opens /places/comoros/livingstones-fruit-bat.html, the only photograph on it a phone is certain to fetch. No price attached. The picture is wrong: relevance 2.5. Costs a phone 4.4 MB today (estimated).","a Livingstone's fruit bat hanging in forest canopy on Anjouan, Comoros",16/9,,pexels:12551336,https://images.pexels.com/photos/12551336/pexels-photo-12551336.jpeg,Alexey Demidov,https://www.pexels.com/photo/coconut-trees-on-a-forest-12551336/
680,P3 defer — no price attached to this country,/places/comoros/the-volcanic-interior.html,comoros,the volcanic interior,mountains,yes,yes,yes,4392000,4.39,estimated,4,no price attached,4,no,,no,True,REPLACE,"Add a width to the existing URL — the same ?auto=compress&cs=tinysrgb&w=1200 that 6,188 of the site's 7,496 provider references already carry. No licence, no new asset, no budget, and it does not prejudge whether the photograph is any good.",licence,B — one stock or agency licence at the going rate.,"Opens /places/comoros/the-volcanic-interior.html, the only photograph on it a phone is certain to fetch. No price attached. The picture is wrong: relevance 2.5; the provider calls it ""a person standing on top of a hill with a mountain i"". Costs a phone 4.4 MB today (estimated).","An expansive view of volcanic terrain in La Réunion, showcasing rugged hills and sparse vegetation., Comoros",16/9,,pexels:27925563,https://images.pexels.com/photos/27925563/pexels-photo-27925563.jpeg,Balázs Gábor,https://www.pexels.com/photo/a-person-standing-on-top-of-a-hill-with-a-mountain-in-the-background-27925563/
681,P3 defer — no price attached to this country,/places/congo/congolese-rumba.html,congo,congolese rumba,culture,yes,yes,yes,4392000,4.39,estimated,4,no price attached,4,no,,yes,True,REPLACE,"Add a width to the existing URL — the same ?auto=compress&cs=tinysrgb&w=1200 that 6,188 of the site's 7,496 provider references already carry. No licence, no new asset, no budget, and it does not prejudge whether the photograph is any good.",licence,B — one stock or agency licence at the going rate.,"Opens /places/congo/congolese-rumba.html, the only photograph on it a phone is certain to fetch. No price attached. The picture is wrong: relevance 2.5; the provider calls it ""woman in her orange dress sitting on sofa"". Costs a phone 4.4 MB today (estimated).","a rumba band performing at a bar in Brazzaville, Congo",16/9,,pexels:10033973,https://images.pexels.com/photos/10033973/pexels-photo-10033973.jpeg,Rimiscky Tayuna,https://www.pexels.com/photo/woman-in-her-orange-dress-sitting-on-sofa-10033973/
682,P3 defer — no price attached to this country,/places/djibouti/the-afar-triangle.html,djibouti,the afar triangle,nature,yes,yes,yes,4392000,4.39,estimated,4,no price attached,4,no,,no,True,REPLACE,"Add a width to the existing URL — the same ?auto=compress&cs=tinysrgb&w=1200 that 6,188 of the site's 7,496 provider references already carry. No licence, no new asset, no budget, and it does not prejudge whether the photograph is any good.",licence,B — one stock or agency licence at the going rate.,"Opens /places/djibouti/the-afar-triangle.html, the only photograph on it a phone is certain to fetch. No price attached. The picture is wrong: relevance 2.5. Costs a phone 4.4 MB today (estimated).","Black and white texture of cracked earth surface, showcasing natural patterns and geological details., Djibouti",16/9,,pexels:37764958,https://images.pexels.com/photos/37764958/pexels-photo-37764958.jpeg,wal_ 172619,https://www.pexels.com/photo/abstract-cracked-earth-surface-texture-37764958/
683,P3 defer — no price attached to this country,/places/djibouti/the-goda-and-mabla.html,djibouti,the goda and mabla,mountains,yes,yes,yes,4392000,4.39,estimated,4,no price attached,4,no,,no,True,REPLACE,"Add a width to the existing URL — the same ?auto=compress&cs=tinysrgb&w=1200 that 6,188 of the site's 7,496 provider references already carry. No licence, no new asset, no budget, and it does not prejudge whether the photograph is any good.",licence,B — one stock or agency licence at the going rate.,"Opens /places/djibouti/the-goda-and-mabla.html, the only photograph on it a phone is certain to fetch. No price attached. The picture is wrong: the provider calls it ""stunning desert landscape with mountain background"". Costs a phone 4.4 MB today (estimated).","the Goda mountains rising above the arid coastal plain, Djibouti",16/9,,pexels:28901209,https://images.pexels.com/photos/28901209/pexels-photo-28901209.jpeg,Henrik Le-Botos,https://www.pexels.com/photo/stunning-desert-landscape-with-mountain-background-28901209/
684,P3 defer — no price attached to this country,/places/dr-congo/the-albertine-rift.html,dr-congo,the albertine rift,nature,yes,yes,yes,4392000,4.39,estimated,4,no price attached,4,no,,no,True,REPLACE,"Add a width to the existing URL — the same ?auto=compress&cs=tinysrgb&w=1200 that 6,188 of the site's 7,496 provider references already carry. No licence, no new asset, no budget, and it does not prejudge whether the photograph is any good.",licence,B — one stock or agency licence at the going rate.,"Opens /places/dr-congo/the-albertine-rift.html, the only photograph on it a phone is certain to fetch. No price attached. The picture is wrong: relevance 2.5; the provider calls it ""montana"". Costs a phone 4.4 MB today (estimated).","Lush green forest and mountains in Choachí, Colombia, showcasing serene natural beauty., DR Congo",16/9,,pexels:28154648,https://images.pexels.com/photos/28154648/pexels-photo-28154648.jpeg,Juan Felipe Ramírez,https://www.pexels.com/photo/montana-28154648/
685,P3 defer — no price attached to this country,/places/dr-congo/the-rwenzori.html,dr-congo,the rwenzori,mountains,yes,yes,yes,4392000,4.39,estimated,4,no price attached,4,no,,no,True,REPLACE,"Add a width to the existing URL — the same ?auto=compress&cs=tinysrgb&w=1200 that 6,188 of the site's 7,496 provider references already carry. No licence, no new asset, no budget, and it does not prejudge whether the photograph is any good.",licence,B — one stock or agency licence at the going rate.,"Opens /places/dr-congo/the-rwenzori.html, the only photograph on it a phone is certain to fetch. No price attached. The picture is wrong: relevance 2.0; the provider calls it ""shrubs in valley in sunlight"". Costs a phone 4.4 MB today (estimated).","A tranquil misty mountain forest enveloped in fog, capturing the essence of mystery and nature., DR Congo",16/9,,pexels:25309510,https://images.pexels.com/photos/25309510/pexels-photo-25309510.jpeg,Gia,https://www.pexels.com/photo/shrubs-in-valley-in-sunlight-25309510/
686,P3 defer — no price attached to this country,/places/equatorial-guinea/cloud-forest-and-lowland.html,equatorial-guinea,cloud forest and lowland,forests,yes,yes,yes,4392000,4.39,estimated,4,no price attached,4,no,,no,True,REPLACE,"Add a width to the existing URL — the same ?auto=compress&cs=tinysrgb&w=1200 that 6,188 of the site's 7,496 provider references already carry. No licence, no new asset, no budget, and it does not prejudge whether the photograph is any good.",licence,B — one stock or agency licence at the going rate.,"Opens /places/equatorial-guinea/cloud-forest-and-lowland.html, the only photograph on it a phone is certain to fetch. No price attached. The picture is wrong: the provider calls it ""montana"". Costs a phone 4.4 MB today (estimated).","moss-covered cloud forest on the slopes of Pico Basile, Equatorial Guinea",16/9,,pexels:28154647,https://images.pexels.com/photos/28154647/pexels-photo-28154647.jpeg,Juan Felipe Ramírez,https://www.pexels.com/photo/montana-28154647/
687,P3 defer — no price attached to this country,/places/eritrea/danakil-and-dahlak.html,eritrea,danakil and dahlak,wildlife,yes,yes,yes,4392000,4.39,estimated,4,no price attached,4,no,,yes,True,REPLACE,"Add a width to the existing URL — the same ?auto=compress&cs=tinysrgb&w=1200 that 6,188 of the site's 7,496 provider references already carry. No licence, no new asset, no budget, and it does not prejudge whether the photograph is any good.",licence,B — one stock or agency licence at the going rate.,"Opens /places/eritrea/danakil-and-dahlak.html, the only photograph on it a phone is certain to fetch. No price attached. The picture is wrong: relevance 2.5. Costs a phone 4.4 MB today (estimated).","A wild horse peacefully grazing in an open pasture with distant trees in the background., Eritrea",16/9,,pexels:28298538,https://images.pexels.com/photos/28298538/pexels-photo-28298538.jpeg,Pranav Chaugule,https://www.pexels.com/photo/a-horse-is-grazing-on-the-ground-28298538/
688,P3 defer — no price attached to this country,/places/eritrea/the-escarpment.html,eritrea,the escarpment,nature,yes,yes,yes,4392000,4.39,estimated,4,no price attached,4,no,,no,True,REPLACE,"Add a width to the existing URL — the same ?auto=compress&cs=tinysrgb&w=1200 that 6,188 of the site's 7,496 provider references already carry. No licence, no new asset, no budget, and it does not prejudge whether the photograph is any good.",licence,B — one stock or agency licence at the going rate.,"Opens /places/eritrea/the-escarpment.html, the only photograph on it a phone is certain to fetch. No price attached. The picture is wrong: relevance 2.5. Costs a phone 4.4 MB today (estimated).","Close-up of a person holding coiled rope against Ecuadorian highland landscape., Eritrea",16/9,,pexels:38808768,https://images.pexels.com/photos/38808768/pexels-photo-38808768.jpeg,DΛVΞ GΛRCIΛ,https://www.pexels.com/photo/person-holding-rope-in-ecuadorian-highlands-38808768/
689,P3 defer — no price attached to this country,/places/ethiopia/the-simiens.html,ethiopia,the simiens,mountains,yes,yes,yes,4392000,4.39,estimated,4,no price attached,4,no,,no,True,REPLACE,"Add a width to the existing URL — the same ?auto=compress&cs=tinysrgb&w=1200 that 6,188 of the site's 7,496 provider references already carry. No licence, no new asset, no budget, and it does not prejudge whether the photograph is any good.",licence,B — one stock or agency licence at the going rate.,"Opens /places/ethiopia/the-simiens.html, the only photograph on it a phone is certain to fetch. No price attached. The picture is wrong: relevance 2.5; the provider calls it ""lone tree on cliff with dramatic mountain view"". Costs a phone 4.4 MB today (estimated).","trekkers on the ridge trail in the Simien mountains, Ethiopia",16/9,,pexels:33337903,https://images.pexels.com/photos/33337903/pexels-photo-33337903.jpeg,Nandakumar R,https://www.pexels.com/photo/lone-tree-on-cliff-with-dramatic-mountain-view-33337903/
690,P3 defer — no price attached to this country,/places/gabon/bwiti.html,gabon,bwiti,culture,yes,yes,yes,4392000,4.39,estimated,4,no price attached,4,no,,yes,True,REPLACE,"Add a width to the existing URL — the same ?auto=compress&cs=tinysrgb&w=1200 that 6,188 of the site's 7,496 provider references already carry. No licence, no new asset, no budget, and it does not prejudge whether the photograph is any good.",licence,B — one stock or agency licence at the going rate.,"Opens /places/gabon/bwiti.html, the only photograph on it a phone is certain to fetch. No price attached. The picture is wrong: relevance 2.0; the provider calls it ""community gathering at a village fishing port"". Costs a phone 4.4 MB today (estimated).","a Bwiti ceremony at night with harp and torches, Gabon",16/9,,pexels:38823268,https://images.pexels.com/photos/38823268/pexels-photo-38823268.jpeg,Isiaka D. Massalay,https://www.pexels.com/photo/community-gathering-at-a-village-fishing-port-38823268/
691,P3 defer — no price attached to this country,/places/gabon/eighty-eight-per-cent-forest.html,gabon,eighty eight per cent forest,nature,yes,yes,yes,4392000,4.39,estimated,4,no price attached,4,no,,no,True,REPLACE,"Add a width to the existing URL — the same ?auto=compress&cs=tinysrgb&w=1200 that 6,188 of the site's 7,496 provider references already carry. No licence, no new asset, no budget, and it does not prejudge whether the photograph is any good.",licence,B — one stock or agency licence at the going rate.,"Opens /places/gabon/eighty-eight-per-cent-forest.html, the only photograph on it a phone is certain to fetch. No price attached. The picture is wrong: relevance 2.5; the provider calls it ""mud covered legs during a trail run adventure"". Costs a phone 4.4 MB today (estimated).",unbroken rainforest running down to a lagoon in Gabon,16/9,,pexels:35206081,https://images.pexels.com/photos/35206081/pexels-photo-35206081.jpeg,Ilarawan Photography,https://www.pexels.com/photo/mud-covered-legs-during-a-trail-run-adventure-35206081/
692,P3 defer — no price attached to this country,/places/gabon/the-chaillu-massif.html,gabon,the chaillu massif,mountains,yes,yes,yes,4392000,4.39,estimated,4,no price attached,4,no,,no,True,REPLACE,"Add a width to the existing URL — the same ?auto=compress&cs=tinysrgb&w=1200 that 6,188 of the site's 7,496 provider references already carry. No licence, no new asset, no budget, and it does not prejudge whether the photograph is any good.",licence,B — one stock or agency licence at the going rate.,"Opens /places/gabon/the-chaillu-massif.html, the only photograph on it a phone is certain to fetch. No price attached. The picture is wrong: relevance 2.5. Costs a phone 4.4 MB today (estimated).","Stunning landscape of Ceahlău Massif with lush forests and blue sky in Neamț, Romania., Gabon",16/9,,pexels:37782846,https://images.pexels.com/photos/37782846/pexels-photo-37782846.jpeg,Yana Oleksiuk,https://www.pexels.com/photo/scenic-view-of-ceahlau-massif-in-romania-s-neam-37782846/
693,P3 defer — no price attached to this country,/places/lesotho/the-maloti.html,lesotho,the maloti,nature,yes,yes,yes,4392000,4.39,estimated,4,no price attached,4,no,,no,True,REPLACE,"Add a width to the existing URL — the same ?auto=compress&cs=tinysrgb&w=1200 that 6,188 of the site's 7,496 provider references already carry. No licence, no new asset, no budget, and it does not prejudge whether the photograph is any good.",licence,B — one stock or agency licence at the going rate.,"Opens /places/lesotho/the-maloti.html, the only photograph on it a phone is certain to fetch. No price attached. The picture is wrong: relevance 2.5. Costs a phone 4.4 MB today (estimated).",Serene view of Lesotho's lush fields and rugged mountains under clear blue skies.,16/9,,pexels:32423814,https://images.pexels.com/photos/32423814/pexels-photo-32423814.jpeg,Ryan Lansdown,https://www.pexels.com/photo/scenic-landscape-of-lesotho-s-mountainous-terrain-32423814/
694,P3 defer — no price attached to this country,/places/liberia/americo-liberian-and-sixteen-others.html,liberia,americo liberian and sixteen others,culture,yes,yes,yes,4392000,4.39,estimated,4,no price attached,4,no,,yes,True,REPLACE,"Add a width to the existing URL — the same ?auto=compress&cs=tinysrgb&w=1200 that 6,188 of the site's 7,496 provider references already carry. No licence, no new asset, no budget, and it does not prejudge whether the photograph is any good.",licence,B — one stock or agency licence at the going rate.,"Opens /places/liberia/americo-liberian-and-sixteen-others.html, the only photograph on it a phone is certain to fetch. No price attached. The picture is wrong: the provider calls it ""pile of boat"". Costs a phone 4.4 MB today (estimated).","a nineteenth-century settler house with a verandah in Monrovia, Liberia",16/9,,pexels:27848721,https://images.pexels.com/photos/27848721/pexels-photo-27848721.jpeg,B. Aristotlè Guweh Jr,https://www.pexels.com/photo/pile-of-boat-27848721/
695,P3 defer — no price attached to this country,/places/libya/the-green-mountain.html,libya,the green mountain,forests,yes,yes,yes,4392000,4.39,estimated,4,no price attached,4,no,,no,True,REPLACE,"Add a width to the existing URL — the same ?auto=compress&cs=tinysrgb&w=1200 that 6,188 of the site's 7,496 provider references already carry. No licence, no new asset, no budget, and it does not prejudge whether the photograph is any good.",licence,B — one stock or agency licence at the going rate.,"Opens /places/libya/the-green-mountain.html, the only photograph on it a phone is certain to fetch. No price attached. The picture is wrong: the provider calls it ""valley and mountains landscape"". Costs a phone 4.4 MB today (estimated).","juniper forest on the slopes of the Jebel Akhdar, Libya",16/9,,pexels:16561166,https://images.pexels.com/photos/16561166/pexels-photo-16561166.jpeg,Awais Butt,https://www.pexels.com/photo/valley-and-mountains-landscape-16561166/
696,P3 defer — no price attached to this country,/places/madagascar/a-hundred-kinds-of-lemur.html,madagascar,a hundred kinds of lemur,wildlife,yes,yes,yes,4392000,4.39,estimated,4,no price attached,4,no,,yes,True,REPLACE,"Add a width to the existing URL — the same ?auto=compress&cs=tinysrgb&w=1200 that 6,188 of the site's 7,496 provider references already carry. No licence, no new asset, no budget, and it does not prejudge whether the photograph is any good.",licence,B — one stock or agency licence at the going rate.,"Opens /places/madagascar/a-hundred-kinds-of-lemur.html, the only photograph on it a phone is certain to fetch. No price attached. The picture is wrong: relevance 2.5. Costs a phone 4.4 MB today (estimated).","an indri lemur in the rainforest canopy at Andasibe, Madagascar",16/9,,pexels:37828860,https://images.pexels.com/photos/37828860/pexels-photo-37828860.jpeg,Ann-Marie Hardy,https://www.pexels.com/photo/playful-brown-lemur-eating-in-natural-habitat-37828860/
697,P3 defer — no price attached to this country,/places/malawi/cichlids-and-the-big-five.html,malawi,cichlids and the big five,wildlife,yes,yes,yes,4392000,4.39,estimated,4,no price attached,4,no,,yes,True,REPLACE,"Add a width to the existing URL — the same ?auto=compress&cs=tinysrgb&w=1200 that 6,188 of the site's 7,496 provider references already carry. No licence, no new asset, no budget, and it does not prejudge whether the photograph is any good.",licence,B — one stock or agency licence at the going rate.,"Opens /places/malawi/cichlids-and-the-big-five.html, the only photograph on it a phone is certain to fetch. No price attached. The picture is wrong: the provider calls it ""people collecting fishing nets on beach"". Costs a phone 4.4 MB today (estimated).",brightly coloured mbuna cichlids over rocks in Lake Malawi,16/9,,pexels:24839066,https://images.pexels.com/photos/24839066/pexels-photo-24839066.jpeg,Chibili  Mugala,https://www.pexels.com/photo/people-collecting-fishing-nets-on-beach-24839066/
698,P3 defer — no price attached to this country,/places/malawi/nyika-and-zomba.html,malawi,nyika and zomba,forests,yes,yes,yes,4392000,4.39,estimated,4,no price attached,4,no,,no,True,REPLACE,"Add a width to the existing URL — the same ?auto=compress&cs=tinysrgb&w=1200 that 6,188 of the site's 7,496 provider references already carry. No licence, no new asset, no budget, and it does not prejudge whether the photograph is any good.",licence,B — one stock or agency licence at the going rate.,"Opens /places/malawi/nyika-and-zomba.html, the only photograph on it a phone is certain to fetch. No price attached. The picture is wrong: relevance 2.7. Costs a phone 4.4 MB today (estimated).","A stunning sunset casts vibrant colors over rolling green hills, creating a serene landscape., Malawi",16/9,,pexels:30400903,https://images.pexels.com/photos/30400903/pexels-photo-30400903.jpeg,Fábio Ribeiro,https://www.pexels.com/photo/captivating-sunset-over-verdant-hills-30400903/
699,P3 defer — no price attached to this country,/places/mali/river-sand-not-sea.html,mali,river sand not sea,beaches,yes,yes,yes,4392000,4.39,estimated,4,no price attached,4,no,,no,True,REPLACE,"Add a width to the existing URL — the same ?auto=compress&cs=tinysrgb&w=1200 that 6,188 of the site's 7,496 provider references already carry. No licence, no new asset, no budget, and it does not prejudge whether the photograph is any good.",licence,B — one stock or agency licence at the going rate.,"Opens /places/mali/river-sand-not-sea.html, the only photograph on it a phone is certain to fetch. No price attached. The picture is wrong: the provider calls it ""a dry tree on the beach under the sky"". Costs a phone 4.4 MB today (estimated).","a sandbar and shallow water on the Niger river at low season, Mali",16/9,,pexels:5777159,https://images.pexels.com/photos/5777159/pexels-photo-5777159.jpeg,Domenico Bandiera,https://www.pexels.com/photo/a-dry-tree-on-the-beach-under-the-sky-5777159/
700,P3 defer — no price attached to this country,/places/mauritius/four-continents.html,mauritius,four continents,culture,yes,yes,yes,4392000,4.39,estimated,4,no price attached,4,no,,yes,True,REPLACE,"Add a width to the existing URL — the same ?auto=compress&cs=tinysrgb&w=1200 that 6,188 of the site's 7,496 provider references already carry. No licence, no new asset, no budget, and it does not prejudge whether the photograph is any good.",licence,B — one stock or agency licence at the going rate.,"Opens /places/mauritius/four-continents.html, the only photograph on it a phone is certain to fetch. No price attached. The picture is wrong: the provider calls it ""golden figure of goddess"". Costs a phone 4.4 MB today (estimated).","a Hindu temple and a church on the same Mauritian street, Mauritius",16/9,,pexels:19576738,https://images.pexels.com/photos/19576738/pexels-photo-19576738.jpeg,pipop kunachon,https://www.pexels.com/photo/golden-figure-of-goddess-19576738/
701,P3 defer — no price attached to this country,/places/sao-tome-and-principe/obo.html,sao-tome-and-principe,obo,nature,yes,yes,yes,4392000,4.39,estimated,4,no price attached,4,no,,no,True,REPLACE,"Add a width to the existing URL — the same ?auto=compress&cs=tinysrgb&w=1200 that 6,188 of the site's 7,496 provider references already carry. No licence, no new asset, no budget, and it does not prejudge whether the photograph is any good.",licence,B — one stock or agency licence at the going rate.,"Opens /places/sao-tome-and-principe/obo.html, the only photograph on it a phone is certain to fetch. No price attached. The picture is wrong: the provider calls it ""green trees in the forest"". Costs a phone 4.4 MB today (estimated).","dense Obo rainforest running down to the sea, Sao Tome and Principe",16/9,,pexels:4557416,https://images.pexels.com/photos/4557416/pexels-photo-4557416.jpeg,Henrique Prado,https://www.pexels.com/photo/green-trees-in-the-forest-4557416/
702,P3 defer — no price attached to this country,/places/sao-tome-and-principe/pico-de-sao-tome.html,sao-tome-and-principe,pico de sao tome,mountains,yes,yes,yes,4392000,4.39,estimated,4,no price attached,4,no,,no,True,REPLACE,"Add a width to the existing URL — the same ?auto=compress&cs=tinysrgb&w=1200 that 6,188 of the site's 7,496 provider references already carry. No licence, no new asset, no budget, and it does not prejudge whether the photograph is any good.",licence,B — one stock or agency licence at the going rate.,"Opens /places/sao-tome-and-principe/pico-de-sao-tome.html, the only photograph on it a phone is certain to fetch. No price attached. The picture is wrong: the provider calls it ""mountain peak in a valley"". Costs a phone 4.4 MB today (estimated).","the cloud-covered summit of Pico de Sao Tome above forest, Sao Tome and Principe",16/9,,pexels:18077634,https://images.pexels.com/photos/18077634/pexels-photo-18077634.jpeg,ByChelo,https://www.pexels.com/photo/mountain-peak-in-a-valley-18077634/
703,P3 defer — no price attached to this country,/places/sao-tome-and-principe/praia-jale-and-banana-beach.html,sao-tome-and-principe,praia jale and banana beach,beaches,yes,yes,yes,4392000,4.39,estimated,4,no price attached,4,no,,no,True,REPLACE,"Add a width to the existing URL — the same ?auto=compress&cs=tinysrgb&w=1200 that 6,188 of the site's 7,496 provider references already carry. No licence, no new asset, no budget, and it does not prejudge whether the photograph is any good.",licence,B — one stock or agency licence at the going rate.,"Opens /places/sao-tome-and-principe/praia-jale-and-banana-beach.html, the only photograph on it a phone is certain to fetch. No price attached. The picture is wrong: the provider calls it ""gray rock formations on sea"". Costs a phone 4.4 MB today (estimated).","the curved palm-backed sand of Banana Beach on Principe, Sao Tome and Principe",16/9,,pexels:8617664,https://images.pexels.com/photos/8617664/pexels-photo-8617664.jpeg,Jade Orhville,https://www.pexels.com/photo/gray-rock-formations-on-sea-8617664/
704,P3 defer — no price attached to this country,/places/sierra-leone/bintumani.html,sierra-leone,bintumani,mountains,yes,yes,yes,4392000,4.39,estimated,4,no price attached,4,no,,no,True,REPLACE,"Add a width to the existing URL — the same ?auto=compress&cs=tinysrgb&w=1200 that 6,188 of the site's 7,496 provider references already carry. No licence, no new asset, no budget, and it does not prejudge whether the photograph is any good.",licence,B — one stock or agency licence at the going rate.,"Opens /places/sierra-leone/bintumani.html, the only photograph on it a phone is certain to fetch. No price attached. The picture is wrong: relevance 2.0. Costs a phone 4.4 MB today (estimated).","the grassy summit ridge of Mount Bintumani above cloud, Sierra Leone",16/9,,pexels:6254527,https://images.pexels.com/photos/6254527/pexels-photo-6254527.jpeg,Akshay  Nayak,https://www.pexels.com/photo/a-pond-near-a-forest-and-mountains-6254527/
705,P3 defer — no price attached to this country,/places/sierra-leone/gola-rainforest.html,sierra-leone,gola rainforest,forests,yes,yes,yes,4392000,4.39,estimated,4,no price attached,4,no,,no,True,REPLACE,"Add a width to the existing URL — the same ?auto=compress&cs=tinysrgb&w=1200 that 6,188 of the site's 7,496 provider references already carry. No licence, no new asset, no budget, and it does not prejudge whether the photograph is any good.",licence,B — one stock or agency licence at the going rate.,"Opens /places/sierra-leone/gola-rainforest.html, the only photograph on it a phone is certain to fetch. No price attached. The picture is wrong: relevance 2.7; the provider calls it ""closeup to branches of the tree"". Costs a phone 4.4 MB today (estimated).","the closed canopy of Gola rainforest from above, Sierra Leone",16/9,,pexels:12174137,https://images.pexels.com/photos/12174137/pexels-photo-12174137.jpeg,Alexey Demidov,https://www.pexels.com/photo/closeup-to-branches-of-the-tree-12174137/
706,P3 defer — no price attached to this country,/places/sierra-leone/the-loma-mountains.html,sierra-leone,the loma mountains,nature,yes,yes,yes,4392000,4.39,estimated,4,no price attached,4,no,,no,True,REPLACE,"Add a width to the existing URL — the same ?auto=compress&cs=tinysrgb&w=1200 that 6,188 of the site's 7,496 provider references already carry. No licence, no new asset, no budget, and it does not prejudge whether the photograph is any good.",licence,B — one stock or agency licence at the going rate.,"Opens /places/sierra-leone/the-loma-mountains.html, the only photograph on it a phone is certain to fetch. No price attached. The picture is wrong: relevance 2.5. Costs a phone 4.4 MB today (estimated).","Breathtaking view of the mountains around Monterrey, México in black and white., Sierra Leone",16/9,,pexels:38123586,https://images.pexels.com/photos/38123586/pexels-photo-38123586.jpeg,Verónica  Trejo,https://www.pexels.com/photo/dramatic-mountain-landscape-of-monterrey-38123586/
707,P3 defer — no price attached to this country,/places/togo/ewe-kabye-tem-batammariba.html,togo,ewe kabye tem batammariba,culture,yes,yes,yes,4392000,4.39,estimated,4,no price attached,4,no,,yes,True,REPLACE,"Add a width to the existing URL — the same ?auto=compress&cs=tinysrgb&w=1200 that 6,188 of the site's 7,496 provider references already carry. No licence, no new asset, no budget, and it does not prejudge whether the photograph is any good.",licence,B — one stock or agency licence at the going rate.,"Opens /places/togo/ewe-kabye-tem-batammariba.html, the only photograph on it a phone is certain to fetch. No price attached. The picture is wrong: relevance 2.5; the provider calls it ""close up of sheep with colorful beads in outdoor set"". Costs a phone 4.4 MB today (estimated).","an Ewe drumming group performing in a village, Togo",16/9,,pexels:35931231,https://images.pexels.com/photos/35931231/pexels-photo-35931231.jpeg,Kadir Altıntaş,https://www.pexels.com/photo/close-up-of-sheep-with-colorful-beads-in-outdoor-setting-35931231/
708,P3 defer — no price attached to this country,/places/algeria/coffee-and-argument.html,algeria,coffee and argument,local-life,yes,yes,yes,4392000,4.39,estimated,4,no price attached,3,no,,no,True,REPLACE,"Add a width to the existing URL — the same ?auto=compress&cs=tinysrgb&w=1200 that 6,188 of the site's 7,496 provider references already carry. No licence, no new asset, no budget, and it does not prejudge whether the photograph is any good.",licence,B — one stock or agency licence at the going rate.,"Opens /places/algeria/coffee-and-argument.html, the only photograph on it a phone is certain to fetch. No price attached. The picture is wrong: the provider calls it ""greenery in city"". Costs a phone 4.4 MB today (estimated).","men at a pavement cafe table in Algiers talking, Algeria",16/9,,pexels:18314362,https://images.pexels.com/photos/18314362/pexels-photo-18314362.jpeg,DigitalByNADAS Photography,https://www.pexels.com/photo/greenery-in-city-18314362/
709,P3 defer — no price attached to this country,/places/algeria/the-kabyles-and-the-tuareg.html,algeria,the kabyles and the tuareg,traditional-people,yes,yes,yes,4392000,4.39,estimated,4,no price attached,3,no,,no,True,REPLACE,"Add a width to the existing URL — the same ?auto=compress&cs=tinysrgb&w=1200 that 6,188 of the site's 7,496 provider references already carry. No licence, no new asset, no budget, and it does not prejudge whether the photograph is any good.",licence,B — one stock or agency licence at the going rate.,"Opens /places/algeria/the-kabyles-and-the-tuareg.html, the only photograph on it a phone is certain to fetch. No price attached. The picture is wrong: the provider calls it ""photo of a man sitting"". Costs a phone 4.4 MB today (estimated).","a Tuareg man in indigo tagelmust in the Hoggar, Algeria",16/9,,pexels:2228863,https://images.pexels.com/photos/2228863/pexels-photo-2228863.jpeg,Mohamed elamine  M'siouri,https://www.pexels.com/photo/photo-of-a-man-sitting-2228863/
710,P3 defer — no price attached to this country,/places/angola/the-marginal-at-six.html,angola,the marginal at six,local-life,yes,yes,yes,4392000,4.39,estimated,4,no price attached,3,no,,no,True,REPLACE,"Add a width to the existing URL — the same ?auto=compress&cs=tinysrgb&w=1200 that 6,188 of the site's 7,496 provider references already carry. No licence, no new asset, no budget, and it does not prejudge whether the photograph is any good.",licence,B — one stock or agency licence at the going rate.,"Opens /places/angola/the-marginal-at-six.html, the only photograph on it a phone is certain to fetch. No price attached. The picture is wrong: the provider calls it ""sunset view of durres iconic suspension bridge"". Costs a phone 4.4 MB today (estimated).","people walking and running the Marginal in Luanda at dusk, Angola",16/9,,pexels:38540894,https://images.pexels.com/photos/38540894/pexels-photo-38540894.jpeg,Semih Başaran,https://www.pexels.com/photo/sunset-view-of-durres-iconic-suspension-bridge-38540894/
711,P3 defer — no price attached to this country,/places/burkina-faso/the-black-and-white-volta.html,burkina-faso,the black and white volta,lakes-rivers,yes,yes,yes,4392000,4.39,estimated,4,no price attached,3,no,,no,True,REPLACE,"Add a width to the existing URL — the same ?auto=compress&cs=tinysrgb&w=1200 that 6,188 of the site's 7,496 provider references already carry. No licence, no new asset, no budget, and it does not prejudge whether the photograph is any good.",licence,B — one stock or agency licence at the going rate.,"Opens /places/burkina-faso/the-black-and-white-volta.html, the only photograph on it a phone is certain to fetch. No price attached. The picture is wrong: relevance 3.9; the provider calls it ""man walking near car"". Costs a phone 4.4 MB today (estimated).","the Black Volta river running between wooded banks, Burkina Faso",16/9,,pexels:2479433,https://images.pexels.com/photos/2479433/pexels-photo-2479433.jpeg,Alpha Diane,https://www.pexels.com/photo/man-walking-near-car-2479433/
712,P3 defer — no price attached to this country,/places/burkina-faso/the-maquis-at-night.html,burkina-faso,the maquis at night,local-life,yes,yes,yes,4392000,4.39,estimated,4,no price attached,3,no,,no,True,REPLACE,"Add a width to the existing URL — the same ?auto=compress&cs=tinysrgb&w=1200 that 6,188 of the site's 7,496 provider references already carry. No licence, no new asset, no budget, and it does not prejudge whether the photograph is any good.",licence,B — one stock or agency licence at the going rate.,"Opens /places/burkina-faso/the-maquis-at-night.html, the only photograph on it a phone is certain to fetch. No price attached. The picture is wrong: relevance 2.2; the provider calls it ""traditional nigerian crafts market in abuja"". Costs a phone 4.4 MB today (estimated).","an open-air maquis at night with grilled food and a band, Burkina Faso",16/9,,pexels:33337882,https://images.pexels.com/photos/33337882/pexels-photo-33337882.jpeg,Abdullahi Santuraki,https://www.pexels.com/photo/traditional-nigerian-crafts-market-in-abuja-33337882/
713,P3 defer — no price attached to this country,/places/cabo-verde/cidade-velha-listed.html,cabo-verde,cidade velha listed,heritage,yes,yes,yes,4392000,4.39,estimated,4,no price attached,3,no,,no,True,REPLACE,"Add a width to the existing URL — the same ?auto=compress&cs=tinysrgb&w=1200 that 6,188 of the site's 7,496 provider references already carry. No licence, no new asset, no budget, and it does not prejudge whether the photograph is any good.",licence,B — one stock or agency licence at the going rate.,"Opens /places/cabo-verde/cidade-velha-listed.html, the only photograph on it a phone is certain to fetch. No price attached. The picture is wrong: relevance 2.5. Costs a phone 4.4 MB today (estimated).","Close-up of an ancient stone wall with a circular protruding knob in Idlib, Syria., Cabo Verde",16/9,,pexels:29218534,https://images.pexels.com/photos/29218534/pexels-photo-29218534.jpeg,khaled damlakhi,https://www.pexels.com/photo/ancient-stone-wall-with-circular-knob-29218534/
714,P3 defer — no price attached to this country,/places/cabo-verde/mindelo-carnival-and-baia-das-gatas.html,cabo-verde,mindelo carnival and baia das gatas,festivals,yes,yes,yes,4392000,4.39,estimated,4,no price attached,3,no,,no,True,REPLACE,"Add a width to the existing URL — the same ?auto=compress&cs=tinysrgb&w=1200 that 6,188 of the site's 7,496 provider references already carry. No licence, no new asset, no budget, and it does not prejudge whether the photograph is any good.",licence,B — one stock or agency licence at the going rate.,"Opens /places/cabo-verde/mindelo-carnival-and-baia-das-gatas.html, the only photograph on it a phone is certain to fetch. No price attached. The picture is wrong: the provider calls it ""a narrow alley with a lot of shops and people"". Costs a phone 4.4 MB today (estimated).","carnival costumes and crowds in the streets of Mindelo, Cabo Verde",16/9,,pexels:27937890,https://images.pexels.com/photos/27937890/pexels-photo-27937890.jpeg,Zülfü Demir📸,https://www.pexels.com/photo/a-narrow-alley-with-a-lot-of-shops-and-people-27937890/
715,P3 defer — no price attached to this country,/places/central-african-republic/the-sangha-and-the-ubangi.html,central-african-republic,the sangha and the ubangi,lakes-rivers,yes,yes,yes,4392000,4.39,estimated,4,no price attached,3,no,,no,True,REPLACE,"Add a width to the existing URL — the same ?auto=compress&cs=tinysrgb&w=1200 that 6,188 of the site's 7,496 provider references already carry. No licence, no new asset, no budget, and it does not prejudge whether the photograph is any good.",licence,B — one stock or agency licence at the going rate.,"Opens /places/central-african-republic/the-sangha-and-the-ubangi.html, the only photograph on it a phone is certain to fetch. No price attached. The picture is wrong: relevance 3.4. Costs a phone 4.4 MB today (estimated).","Beautiful tropical hills with lush greenery by a tranquil river, under an overcast sky., Central African Republic",16/9,,pexels:35668043,https://images.pexels.com/photos/35668043/pexels-photo-35668043.jpeg,Lucie Burlet,https://www.pexels.com/photo/lush-tropical-hills-by-a-serene-river-35668043/
716,P3 defer — no price attached to this country,/places/chad/lake-chad-and-the-ounianga-lakes.html,chad,lake chad and the ounianga lakes,lakes-rivers,yes,yes,yes,4392000,4.39,estimated,4,no price attached,3,no,,no,True,REPLACE,"Add a width to the existing URL — the same ?auto=compress&cs=tinysrgb&w=1200 that 6,188 of the site's 7,496 provider references already carry. No licence, no new asset, no budget, and it does not prejudge whether the photograph is any good.",licence,B — one stock or agency licence at the going rate.,"Opens /places/chad/lake-chad-and-the-ounianga-lakes.html, the only photograph on it a phone is certain to fetch. No price attached. The picture is wrong: the provider calls it ""river between green mountains"". Costs a phone 4.4 MB today (estimated).","Expansive view of a serene mountain lake with lush green fields and distant peaks in spring., Chad",16/9,,pexels:12774034,https://images.pexels.com/photos/12774034/pexels-photo-12774034.jpeg,Leyla Helvaci,https://www.pexels.com/photo/river-between-green-mountains-12774034/
717,P3 defer — no price attached to this country,/places/chad/mud-and-banco.html,chad,mud and banco,architecture,yes,yes,yes,4392000,4.39,estimated,4,no price attached,3,no,,no,True,REPLACE,"Add a width to the existing URL — the same ?auto=compress&cs=tinysrgb&w=1200 that 6,188 of the site's 7,496 provider references already carry. No licence, no new asset, no budget, and it does not prejudge whether the photograph is any good.",licence,B — one stock or agency licence at the going rate.,"Opens /places/chad/mud-and-banco.html, the only photograph on it a phone is certain to fetch. No price attached. The picture is wrong: relevance 2.2. Costs a phone 4.4 MB today (estimated).","Old adobe buildings in Argungu, Nigeria showcasing traditional architecture., Chad",16/9,,pexels:16237947,https://images.pexels.com/photos/16237947/pexels-photo-16237947.jpeg,Stuffedbox NG,https://www.pexels.com/photo/historic-stone-buildings-with-bas-relief-above-the-door-16237947/
718,P3 defer — no price attached to this country,/places/comoros/no-rivers-on-grande-comore.html,comoros,no rivers on grande comore,lakes-rivers,yes,yes,yes,4392000,4.39,estimated,4,no price attached,3,no,,no,True,REPLACE,"Add a width to the existing URL — the same ?auto=compress&cs=tinysrgb&w=1200 that 6,188 of the site's 7,496 provider references already carry. No licence, no new asset, no budget, and it does not prejudge whether the photograph is any good.",licence,B — one stock or agency licence at the going rate.,"Opens /places/comoros/no-rivers-on-grande-comore.html, the only photograph on it a phone is certain to fetch. No price attached. The picture is wrong: relevance 3.4. Costs a phone 4.4 MB today (estimated).","the crater lake of Lac Sale beside the sea on Grande Comore, Comoros",16/9,,pexels:37301322,https://images.pexels.com/photos/37301322/pexels-photo-37301322.jpeg,Alejandra Guzman,https://www.pexels.com/photo/traditional-salt-harvesting-on-pink-lake-37301322/
719,P3 defer — no price attached to this country,/places/comoros/the-harbour-at-moroni.html,comoros,the harbour at moroni,local-life,yes,yes,yes,4392000,4.39,estimated,4,no price attached,3,no,,no,True,REPLACE,"Add a width to the existing URL — the same ?auto=compress&cs=tinysrgb&w=1200 that 6,188 of the site's 7,496 provider references already carry. No licence, no new asset, no budget, and it does not prejudge whether the photograph is any good.",licence,B — one stock or agency licence at the going rate.,"Opens /places/comoros/the-harbour-at-moroni.html, the only photograph on it a phone is certain to fetch. No price attached. The picture is wrong: relevance 2.7. Costs a phone 4.4 MB today (estimated).","Stunning mosque with green domes and intricate arches under a clear blue sky., Comoros",16/9,,pexels:33980601,https://images.pexels.com/photos/33980601/pexels-photo-33980601.jpeg,Zoel Khoiri,https://www.pexels.com/photo/beautiful-islamic-architecture-with-green-domes-33980601/
720,P3 defer — no price attached to this country,/places/comoros/volcano-and-ocean.html,comoros,volcano and ocean,photography,yes,yes,yes,4392000,4.39,estimated,4,no price attached,3,no,,no,True,REPLACE,"Add a width to the existing URL — the same ?auto=compress&cs=tinysrgb&w=1200 that 6,188 of the site's 7,496 provider references already carry. No licence, no new asset, no budget, and it does not prejudge whether the photograph is any good.",licence,B — one stock or agency licence at the going rate.,"Opens /places/comoros/volcano-and-ocean.html, the only photograph on it a phone is certain to fetch. No price attached. The picture is wrong: relevance 3.9; the provider calls it ""clouds over mountain peak"". Costs a phone 4.4 MB today (estimated).","Captivating view of the smoky crater at Masaya Volcano in Nicaragua with rich textures., Comoros",16/9,,pexels:14109894,https://images.pexels.com/photos/14109894/pexels-photo-14109894.jpeg,HECTOR  GARCIA,https://www.pexels.com/photo/clouds-over-mountain-peak-14109894/
721,P3 defer — no price attached to this country,/places/congo/sangha-trinational.html,congo,sangha trinational,heritage,yes,yes,yes,4392000,4.39,estimated,4,no price attached,3,no,,no,True,REPLACE,"Add a width to the existing URL — the same ?auto=compress&cs=tinysrgb&w=1200 that 6,188 of the site's 7,496 provider references already carry. No licence, no new asset, no budget, and it does not prejudge whether the photograph is any good.",licence,B — one stock or agency licence at the going rate.,"Opens /places/congo/sangha-trinational.html, the only photograph on it a phone is certain to fetch. No price attached. The picture is wrong: relevance 2.5; the provider calls it ""bosque"". Costs a phone 4.4 MB today (estimated).","old-growth forest and a river in the Sangha Trinational park, Congo",16/9,,pexels:28154519,https://images.pexels.com/photos/28154519/pexels-photo-28154519.jpeg,Juan Felipe Ramírez,https://www.pexels.com/photo/bosque-28154519/
722,P3 defer — no price attached to this country,/places/congo/the-congo-river.html,congo,the congo river,lakes-rivers,yes,yes,yes,4392000,4.39,estimated,4,no price attached,3,no,,no,True,REPLACE,"Add a width to the existing URL — the same ?auto=compress&cs=tinysrgb&w=1200 that 6,188 of the site's 7,496 provider references already carry. No licence, no new asset, no budget, and it does not prejudge whether the photograph is any good.",licence,B — one stock or agency licence at the going rate.,"Opens /places/congo/the-congo-river.html, the only photograph on it a phone is certain to fetch. No price attached. The picture is wrong: relevance 3.9; the provider calls it ""green trees on brown mountains under a blue sky with"". Costs a phone 4.4 MB today (estimated).",the vast brown Congo river with forest on the far bank,16/9,,pexels:9216687,https://images.pexels.com/photos/9216687/pexels-photo-9216687.jpeg,Leonardo Martins,https://www.pexels.com/photo/green-trees-on-brown-mountains-under-a-blue-sky-with-white-clouds-9216687/
723,P3 defer — no price attached to this country,/places/djibouti/arcades-and-coral.html,djibouti,arcades and coral,architecture,yes,yes,yes,4392000,4.39,estimated,4,no price attached,3,no,,no,True,REPLACE,"Add a width to the existing URL — the same ?auto=compress&cs=tinysrgb&w=1200 that 6,188 of the site's 7,496 provider references already carry. No licence, no new asset, no budget, and it does not prejudge whether the photograph is any good.",licence,B — one stock or agency licence at the going rate.,"Opens /places/djibouti/arcades-and-coral.html, the only photograph on it a phone is certain to fetch. No price attached. The picture is wrong: the provider calls it ""yachts docked on the side of the sea"". Costs a phone 4.4 MB today (estimated).",colonnaded arcades in the European quarter of Djibouti City,16/9,,pexels:10462587,https://images.pexels.com/photos/10462587/pexels-photo-10462587.jpeg,Lord Over Makers,https://www.pexels.com/photo/yachts-docked-on-the-side-of-the-sea-10462587/
724,P3 defer — no price attached to this country,/places/djibouti/white-on-turquoise.html,djibouti,white on turquoise,photography,yes,yes,yes,4392000,4.39,estimated,4,no price attached,3,no,,no,True,REPLACE,"Add a width to the existing URL — the same ?auto=compress&cs=tinysrgb&w=1200 that 6,188 of the site's 7,496 provider references already carry. No licence, no new asset, no budget, and it does not prejudge whether the photograph is any good.",licence,B — one stock or agency licence at the going rate.,"Opens /places/djibouti/white-on-turquoise.html, the only photograph on it a phone is certain to fetch. No price attached. The picture is wrong: relevance 3.9; the provider calls it ""aerial view of the dead sea shoreline"". Costs a phone 4.4 MB today (estimated).","the salt crust and impossibly blue water of Lake Assal at midday, Djibouti",16/9,,pexels:30645989,https://images.pexels.com/photos/30645989/pexels-photo-30645989.jpeg,u h,https://www.pexels.com/photo/aerial-view-of-the-dead-sea-shoreline-30645989/
725,P3 defer — no price attached to this country,/places/dr-congo/five-world-heritage-sites.html,dr-congo,five world heritage sites,heritage,yes,yes,yes,4392000,4.39,estimated,4,no price attached,3,no,,no,True,REPLACE,"Add a width to the existing URL — the same ?auto=compress&cs=tinysrgb&w=1200 that 6,188 of the site's 7,496 provider references already carry. No licence, no new asset, no budget, and it does not prejudge whether the photograph is any good.",licence,B — one stock or agency licence at the going rate.,"Opens /places/dr-congo/five-world-heritage-sites.html, the only photograph on it a phone is certain to fetch. No price attached. The picture is wrong: relevance 2.5; query broadened to category; the provider calls it ""statue monument in public park with steps"". Costs a phone 4.4 MB today (estimated).",Heritage in DR Congo,16/9,,pexels:32843675,https://images.pexels.com/photos/32843675/pexels-photo-32843675.jpeg,Tuan Vy,https://www.pexels.com/photo/statue-monument-in-public-park-with-steps-32843675/
726,P3 defer — no price attached to this country,/places/equatorial-guinea/black-sand-and-green.html,equatorial-guinea,black sand and green,photography,yes,yes,yes,4392000,4.39,estimated,4,no price attached,3,no,,no,True,REPLACE,"Add a width to the existing URL — the same ?auto=compress&cs=tinysrgb&w=1200 that 6,188 of the site's 7,496 provider references already carry. No licence, no new asset, no budget, and it does not prejudge whether the photograph is any good.",licence,B — one stock or agency licence at the going rate.,"Opens /places/equatorial-guinea/black-sand-and-green.html, the only photograph on it a phone is certain to fetch. No price attached. The picture is wrong: relevance 3.9; the provider calls it ""breeze on a sandy beach and mountain landscape"". Costs a phone 4.4 MB today (estimated).","rain over black sand and rainforest at Ureca on Bioko, Equatorial Guinea",16/9,,pexels:17845822,https://images.pexels.com/photos/17845822/pexels-photo-17845822.jpeg,Fernando  Vega,https://www.pexels.com/photo/breeze-on-a-sandy-beach-and-mountain-landscape-17845822/
727,P3 defer — no price attached to this country,/places/equatorial-guinea/sunday-after-mass.html,equatorial-guinea,sunday after mass,local-life,yes,yes,yes,4392000,4.39,estimated,4,no price attached,3,no,,no,True,REPLACE,"Add a width to the existing URL — the same ?auto=compress&cs=tinysrgb&w=1200 that 6,188 of the site's 7,496 provider references already carry. No licence, no new asset, no budget, and it does not prejudge whether the photograph is any good.",licence,B — one stock or agency licence at the going rate.,"Opens /places/equatorial-guinea/sunday-after-mass.html, the only photograph on it a phone is certain to fetch. No price attached. The picture is wrong: the provider calls it ""man in gray polo shirt standing in front of children"". Costs a phone 4.4 MB today (estimated).","people gathered outside the cathedral in Malabo after mass, Equatorial Guinea",16/9,,pexels:10404248,https://images.pexels.com/photos/10404248/pexels-photo-10404248.png,Elias Alex,https://www.pexels.com/photo/man-in-gray-polo-shirt-standing-in-front-of-children-10404248/
728,P3 defer — no price attached to this country,/places/eritrea/asmara-listed-whole.html,eritrea,asmara listed whole,heritage,yes,yes,yes,4392000,4.39,estimated,4,no price attached,3,no,,no,True,REPLACE,"Add a width to the existing URL — the same ?auto=compress&cs=tinysrgb&w=1200 that 6,188 of the site's 7,496 provider references already carry. No licence, no new asset, no budget, and it does not prejudge whether the photograph is any good.",licence,B — one stock or agency licence at the going rate.,"Opens /places/eritrea/asmara-listed-whole.html, the only photograph on it a phone is certain to fetch. No price attached. The picture is wrong: relevance 2.5; the provider calls it ""people walking on street near buildings"". Costs a phone 4.4 MB today (estimated).","the modernist facade of the Cinema Impero on Harnet Avenue, Eritrea",16/9,,pexels:12921038,https://images.pexels.com/photos/12921038/pexels-photo-12921038.jpeg,Amar  Preciado,https://www.pexels.com/photo/people-walking-on-street-near-buildings-12921038/
729,P3 defer — no price attached to this country,/places/eritrea/futurist-and-coral.html,eritrea,futurist and coral,architecture,yes,yes,yes,4392000,4.39,estimated,4,no price attached,3,no,,no,True,REPLACE,"Add a width to the existing URL — the same ?auto=compress&cs=tinysrgb&w=1200 that 6,188 of the site's 7,496 provider references already carry. No licence, no new asset, no budget, and it does not prejudge whether the photograph is any good.",licence,B — one stock or agency licence at the going rate.,"Opens /places/eritrea/futurist-and-coral.html, the only photograph on it a phone is certain to fetch. No price attached. The picture is wrong: the provider calls it ""low angle shot of an abandoned building under the bl"". Costs a phone 4.4 MB today (estimated).","the arched coral-stone facade of an old Massawa merchant house, Eritrea",16/9,,pexels:11728021,https://images.pexels.com/photos/11728021/pexels-photo-11728021.jpeg,Yasser Mutwakil ياسر متوكل,https://www.pexels.com/photo/low-angle-shot-of-an-abandoned-building-under-the-blue-sky-11728021/
730,P3 defer — no price attached to this country,/places/eswatini/granite-and-grass.html,eswatini,granite and grass,photography,yes,yes,yes,4392000,4.39,estimated,4,no price attached,3,no,,no,True,REPLACE,"Add a width to the existing URL — the same ?auto=compress&cs=tinysrgb&w=1200 that 6,188 of the site's 7,496 provider references already carry. No licence, no new asset, no budget, and it does not prejudge whether the photograph is any good.",licence,B — one stock or agency licence at the going rate.,"Opens /places/eswatini/granite-and-grass.html, the only photograph on it a phone is certain to fetch. No price attached. The picture is wrong: relevance 3.9. Costs a phone 4.4 MB today (estimated).","late sun on the granite dome of Sibebe, Eswatini",16/9,,pexels:33962544,https://images.pexels.com/photos/33962544/pexels-photo-33962544.jpeg,Patrick,https://www.pexels.com/photo/granite-texture-close-up-in-black-and-white-33962544/
731,P3 defer — no price attached to this country,/places/eswatini/mantenga.html,eswatini,mantenga,waterfalls,yes,yes,yes,4392000,4.39,estimated,4,no price attached,3,no,,no,True,REPLACE,"Add a width to the existing URL — the same ?auto=compress&cs=tinysrgb&w=1200 that 6,188 of the site's 7,496 provider references already carry. No licence, no new asset, no budget, and it does not prejudge whether the photograph is any good.",licence,B — one stock or agency licence at the going rate.,"Opens /places/eswatini/mantenga.html, the only photograph on it a phone is certain to fetch. No price attached. The picture is wrong: relevance 2.2; the provider calls it ""photo of a waterfall"". Costs a phone 4.4 MB today (estimated).","the Mantenga falls spreading over rock in the Ezulwini valley, Eswatini",16/9,,pexels:13113055,https://images.pexels.com/photos/13113055/pexels-photo-13113055.jpeg,Mark Napier,https://www.pexels.com/photo/photo-of-a-waterfall-13113055/
732,P3 defer — no price attached to this country,/places/eswatini/nothing-listed-everything-living.html,eswatini,nothing listed everything living,heritage,yes,yes,yes,4392000,4.39,estimated,4,no price attached,3,no,,no,True,REPLACE,"Add a width to the existing URL — the same ?auto=compress&cs=tinysrgb&w=1200 that 6,188 of the site's 7,496 provider references already carry. No licence, no new asset, no budget, and it does not prejudge whether the photograph is any good.",licence,B — one stock or agency licence at the going rate.,"Opens /places/eswatini/nothing-listed-everything-living.html, the only photograph on it a phone is certain to fetch. No price attached. The picture is wrong: relevance 2.5; the provider calls it ""beekeper in yellow suit opening a hive at a bee yard"". Costs a phone 4.4 MB today (estimated).","a Swazi homestead of beehive huts within a reed fence, Eswatini",16/9,,pexels:18925400,https://images.pexels.com/photos/18925400/pexels-photo-18925400.jpeg,Kawê  Rodrigues,https://www.pexels.com/photo/beekeper-in-yellow-suit-opening-a-hive-at-a-bee-yard-shed-18925400/
733,P3 defer — no price attached to this country,/places/eswatini/the-great-usutu.html,eswatini,the great usutu,lakes-rivers,yes,yes,yes,4392000,4.39,estimated,4,no price attached,3,no,,no,True,REPLACE,"Add a width to the existing URL — the same ?auto=compress&cs=tinysrgb&w=1200 that 6,188 of the site's 7,496 provider references already carry. No licence, no new asset, no budget, and it does not prejudge whether the photograph is any good.",licence,B — one stock or agency licence at the going rate.,"Opens /places/eswatini/the-great-usutu.html, the only photograph on it a phone is certain to fetch. No price attached. The picture is wrong: relevance 3.4. Costs a phone 4.4 MB today (estimated).","A serene river meanders through lush wetlands under a bright sky, capturing natural beauty., Eswatini",16/9,,pexels:34395745,https://images.pexels.com/photos/34395745/pexels-photo-34395745.jpeg,Kevyn Costa,https://www.pexels.com/photo/scenic-river-bend-in-lush-wetlands-landscape-34395745/
734,P3 defer — no price attached to this country,/places/gabon/forest-meeting-ocean.html,gabon,forest meeting ocean,photography,yes,yes,yes,4392000,4.39,estimated,4,no price attached,3,no,,no,True,REPLACE,"Add a width to the existing URL — the same ?auto=compress&cs=tinysrgb&w=1200 that 6,188 of the site's 7,496 provider references already carry. No licence, no new asset, no budget, and it does not prejudge whether the photograph is any good.",licence,B — one stock or agency licence at the going rate.,"Opens /places/gabon/forest-meeting-ocean.html, the only photograph on it a phone is certain to fetch. No price attached. The picture is wrong: relevance 3.9. Costs a phone 4.4 MB today (estimated).","elephants crossing an empty beach with forest behind at sunset, Gabon",16/9,,pexels:3551497,https://images.pexels.com/photos/3551497/pexels-photo-3551497.jpeg,FUTUREKIIID .JPEG,https://www.pexels.com/photo/photo-of-elephants-walking-outdoors-3551497/
735,P3 defer — no price attached to this country,/places/lesotho/maletsunyane.html,lesotho,maletsunyane,waterfalls,yes,yes,yes,4392000,4.39,estimated,4,no price attached,3,no,,no,True,REPLACE,"Add a width to the existing URL — the same ?auto=compress&cs=tinysrgb&w=1200 that 6,188 of the site's 7,496 provider references already carry. No licence, no new asset, no budget, and it does not prejudge whether the photograph is any good.",licence,B — one stock or agency licence at the going rate.,"Opens /places/lesotho/maletsunyane.html, the only photograph on it a phone is certain to fetch. No price attached. The picture is wrong: relevance 2.2; the provider calls it ""waterfall on mountain"". Costs a phone 4.4 MB today (estimated).","the single 192-metre drop of the Maletsunyane falls, Lesotho",16/9,,pexels:10213162,https://images.pexels.com/photos/10213162/pexels-photo-10213162.jpeg,Greg Betanov,https://www.pexels.com/photo/waterfall-on-mountain-10213162/
736,P3 defer — no price attached to this country,/places/lesotho/morija-arts-and-cultural-festival.html,lesotho,morija arts and cultural festival,festivals,yes,yes,yes,4392000,4.39,estimated,4,no price attached,3,no,,no,True,REPLACE,"Add a width to the existing URL — the same ?auto=compress&cs=tinysrgb&w=1200 that 6,188 of the site's 7,496 provider references already carry. No licence, no new asset, no budget, and it does not prejudge whether the photograph is any good.",licence,B — one stock or agency licence at the going rate.,"Opens /places/lesotho/morija-arts-and-cultural-festival.html, the only photograph on it a phone is certain to fetch. No price attached. The picture is wrong: the provider calls it ""white plastic chair in front of old hut"". Costs a phone 4.4 MB today (estimated).","horse racing at the Morija cultural festival, Lesotho",16/9,,pexels:5504257,https://images.pexels.com/photos/5504257/pexels-photo-5504257.jpeg,Mike van Schoonderwalt,https://www.pexels.com/photo/white-plastic-chair-in-front-of-old-hut-5504257/
737,P3 defer — no price attached to this country,/places/liberia/green-and-water.html,liberia,green and water,photography,yes,yes,yes,4392000,4.39,estimated,4,no price attached,3,no,,no,True,REPLACE,"Add a width to the existing URL — the same ?auto=compress&cs=tinysrgb&w=1200 that 6,188 of the site's 7,496 provider references already carry. No licence, no new asset, no budget, and it does not prejudge whether the photograph is any good.",licence,B — one stock or agency licence at the going rate.,"Opens /places/liberia/green-and-water.html, the only photograph on it a phone is certain to fetch. No price attached. The picture is wrong: relevance 3.9. Costs a phone 4.4 MB today (estimated).","A vibrant close-up of lush green rainforest leaves with a rich natural texture ideal for nature and environmental themes., Liberia",16/9,,pexels:32795456,https://images.pexels.com/photos/32795456/pexels-photo-32795456.jpeg,Nothing Ahead,https://www.pexels.com/photo/lush-green-rainforest-foliage-close-up-view-32795456/
738,P3 defer — no price attached to this country,/places/liberia/independence-day.html,liberia,independence day,festivals,yes,yes,yes,4392000,4.39,estimated,4,no price attached,3,no,,no,True,REPLACE,"Add a width to the existing URL — the same ?auto=compress&cs=tinysrgb&w=1200 that 6,188 of the site's 7,496 provider references already carry. No licence, no new asset, no budget, and it does not prejudge whether the photograph is any good.",licence,B — one stock or agency licence at the going rate.,"Opens /places/liberia/independence-day.html, the only photograph on it a phone is certain to fetch. No price attached. The picture is wrong: the provider calls it ""two boys on their bike cycle"". Costs a phone 4.4 MB today (estimated).","an Independence Day parade in the streets of Monrovia, Liberia",16/9,,pexels:27673639,https://images.pexels.com/photos/27673639/pexels-photo-27673639.jpeg,B. Aristotlè Guweh Jr,https://www.pexels.com/photo/two-boys-on-their-bike-cycle-27673639/
739,P3 defer — no price attached to this country,/places/liberia/the-beach-at-sinkor.html,liberia,the beach at sinkor,local-life,yes,yes,yes,4392000,4.39,estimated,4,no price attached,3,no,,no,True,REPLACE,"Add a width to the existing URL — the same ?auto=compress&cs=tinysrgb&w=1200 that 6,188 of the site's 7,496 provider references already carry. No licence, no new asset, no budget, and it does not prejudge whether the photograph is any good.",licence,B — one stock or agency licence at the going rate.,"Opens /places/liberia/the-beach-at-sinkor.html, the only photograph on it a phone is certain to fetch. No price attached. The picture is wrong: the provider calls it ""old lady"". Costs a phone 4.4 MB today (estimated).","beach bars and crowds along the shore at Sinkor, Monrovia, Liberia",16/9,,pexels:27848720,https://images.pexels.com/photos/27848720/pexels-photo-27848720.jpeg,B. Aristotlè Guweh Jr,https://www.pexels.com/photo/old-lady-27848720/
740,P3 defer — no price attached to this country,/places/liberia/the-saint-paul-and-the-cavalla.html,liberia,the saint paul and the cavalla,lakes-rivers,yes,yes,yes,4392000,4.39,estimated,4,no price attached,3,no,,no,True,REPLACE,"Add a width to the existing URL — the same ?auto=compress&cs=tinysrgb&w=1200 that 6,188 of the site's 7,496 provider references already carry. No licence, no new asset, no budget, and it does not prejudge whether the photograph is any good.",licence,B — one stock or agency licence at the going rate.,"Opens /places/liberia/the-saint-paul-and-the-cavalla.html, the only photograph on it a phone is certain to fetch. No price attached. The picture is wrong: relevance 3.4; query broadened to category; the provider calls it ""trees near a foggy lake"". Costs a phone 4.4 MB today (estimated).",Lakes in Liberia,16/9,,pexels:12203412,https://images.pexels.com/photos/12203412/pexels-photo-12203412.jpeg,Keith Lobo,https://www.pexels.com/photo/trees-near-a-foggy-lake-12203412/
741,P3 defer — no price attached to this country,/places/libya/stone-and-sea.html,libya,stone and sea,photography,yes,yes,yes,4392000,4.39,estimated,4,no price attached,3,no,,no,True,REPLACE,"Add a width to the existing URL — the same ?auto=compress&cs=tinysrgb&w=1200 that 6,188 of the site's 7,496 provider references already carry. No licence, no new asset, no budget, and it does not prejudge whether the photograph is any good.",licence,B — one stock or agency licence at the going rate.,"Opens /places/libya/stone-and-sea.html, the only photograph on it a phone is certain to fetch. No price attached. The picture is wrong: relevance 3.9; the provider calls it ""ancient ruins in palmyra under blue sky"". Costs a phone 4.4 MB today (estimated).","the arches of Sabratha's theatre with the sea beyond at sunset, Libya",16/9,,pexels:36756005,https://images.pexels.com/photos/36756005/pexels-photo-36756005.jpeg,mori dad,https://www.pexels.com/photo/ancient-ruins-in-palmyra-under-blue-sky-36756005/
742,P3 defer — no price attached to this country,/places/madagascar/the-tsiribihina.html,madagascar,the tsiribihina,lakes-rivers,yes,yes,yes,4392000,4.39,estimated,4,no price attached,3,no,,no,True,REPLACE,"Add a width to the existing URL — the same ?auto=compress&cs=tinysrgb&w=1200 that 6,188 of the site's 7,496 provider references already carry. No licence, no new asset, no budget, and it does not prejudge whether the photograph is any good.",licence,B — one stock or agency licence at the going rate.,"Opens /places/madagascar/the-tsiribihina.html, the only photograph on it a phone is certain to fetch. No price attached. The picture is wrong: relevance 3.4. Costs a phone 4.4 MB today (estimated).","a pirogue on the Tsiribihina river at dawn, Madagascar",16/9,,pexels:30135596,https://images.pexels.com/photos/30135596/pexels-photo-30135596.jpeg,Paulo gustavo Modesto,https://www.pexels.com/photo/lush-green-canyon-with-winding-river-30135596/
743,P3 defer — no price attached to this country,/places/malawi/chewa-yao-tumbuka-lomwe.html,malawi,chewa yao tumbuka lomwe,traditional-people,yes,yes,yes,4392000,4.39,estimated,4,no price attached,3,no,,no,True,REPLACE,"Add a width to the existing URL — the same ?auto=compress&cs=tinysrgb&w=1200 that 6,188 of the site's 7,496 provider references already carry. No licence, no new asset, no budget, and it does not prejudge whether the photograph is any good.",licence,B — one stock or agency licence at the going rate.,"Opens /places/malawi/chewa-yao-tumbuka-lomwe.html, the only photograph on it a phone is certain to fetch. No price attached. The picture is wrong: relevance 2.7. Costs a phone 4.4 MB today (estimated).","Gule Wamkulu masked dancers performing in a village, Malawi",16/9,,pexels:27665571,https://images.pexels.com/photos/27665571/pexels-photo-27665571.jpeg,Mad Knoxx Deluxe,https://www.pexels.com/photo/a-village-in-the-mountains-with-a-lot-of-trees-27665571/
744,P3 defer — no price attached to this country,/places/malawi/the-lake-of-stars.html,malawi,the lake of stars,festivals,yes,yes,yes,4392000,4.39,estimated,4,no price attached,3,no,,no,True,REPLACE,"Add a width to the existing URL — the same ?auto=compress&cs=tinysrgb&w=1200 that 6,188 of the site's 7,496 provider references already carry. No licence, no new asset, no budget, and it does not prejudge whether the photograph is any good.",licence,B — one stock or agency licence at the going rate.,"Opens /places/malawi/the-lake-of-stars.html, the only photograph on it a phone is certain to fetch. No price attached. The picture is wrong: the provider calls it ""mantis on leaves"". Costs a phone 4.4 MB today (estimated).",a crowd at a music festival on the shore of Lake Malawi,16/9,,pexels:14435174,https://images.pexels.com/photos/14435174/pexels-photo-14435174.jpeg,Ravi Rajapaksha,https://www.pexels.com/photo/mantis-on-leaves-14435174/
745,P3 defer — no price attached to this country,/places/mali/monday-market-at-djenne.html,mali,monday market at djenne,local-life,yes,yes,yes,4392000,4.39,estimated,4,no price attached,3,no,,no,True,REPLACE,"Add a width to the existing URL — the same ?auto=compress&cs=tinysrgb&w=1200 that 6,188 of the site's 7,496 provider references already carry. No licence, no new asset, no budget, and it does not prejudge whether the photograph is any good.",licence,B — one stock or agency licence at the going rate.,"Opens /places/mali/monday-market-at-djenne.html, the only photograph on it a phone is certain to fetch. No price attached. The picture is wrong: relevance 2.7. Costs a phone 4.4 MB today (estimated).","the Monday market crowd in front of the Great Mosque of Djenne, Mali",16/9,,pexels:18314418,https://images.pexels.com/photos/18314418/pexels-photo-18314418.jpeg,DigitalByNADAS Photography,https://www.pexels.com/photo/minaret-of-great-mosque-of-testour-seen-behind-a-building-wall-18314418/
746,P3 defer — no price attached to this country,/places/mauritania/dry-stone-and-sand.html,mauritania,dry stone and sand,architecture,yes,yes,yes,4392000,4.39,estimated,4,no price attached,3,no,,no,True,REPLACE,"Add a width to the existing URL — the same ?auto=compress&cs=tinysrgb&w=1200 that 6,188 of the site's 7,496 provider references already carry. No licence, no new asset, no budget, and it does not prejudge whether the photograph is any good.",licence,B — one stock or agency licence at the going rate.,"Opens /places/mauritania/dry-stone-and-sand.html, the only photograph on it a phone is certain to fetch. No price attached. The picture is wrong: relevance 2.7. Costs a phone 4.4 MB today (estimated).","A person enters a decorated African doorway with traditional symbols, wearing a white garment., Mauritania",16/9,,pexels:31633697,https://images.pexels.com/photos/31633697/pexels-photo-31633697.jpeg,mg shotz,https://www.pexels.com/photo/traditional-african-doorway-with-unique-symbols-31633697/
747,P3 defer — no price attached to this country,/places/mauritius/grand-bassin.html,mauritius,grand bassin,lakes-rivers,yes,yes,yes,4392000,4.39,estimated,4,no price attached,3,no,,no,True,REPLACE,"Add a width to the existing URL — the same ?auto=compress&cs=tinysrgb&w=1200 that 6,188 of the site's 7,496 provider references already carry. No licence, no new asset, no budget, and it does not prejudge whether the photograph is any good.",licence,B — one stock or agency licence at the going rate.,"Opens /places/mauritius/grand-bassin.html, the only photograph on it a phone is certain to fetch. No price attached. The picture is wrong: relevance 3.9. Costs a phone 4.4 MB today (estimated).","the temple and statues at Grand Bassin crater lake, Mauritius",16/9,,pexels:38964610,https://images.pexels.com/photos/38964610/pexels-photo-38964610.jpeg,Nitish Kumar,https://www.pexels.com/photo/majestic-hindu-deities-sculptures-in-temple-38964610/
748,P3 defer — no price attached to this country,/places/mauritius/the-central-market.html,mauritius,the central market,local-life,yes,yes,yes,4392000,4.39,estimated,4,no price attached,3,no,,no,True,REPLACE,"Add a width to the existing URL — the same ?auto=compress&cs=tinysrgb&w=1200 that 6,188 of the site's 7,496 provider references already carry. No licence, no new asset, no budget, and it does not prejudge whether the photograph is any good.",licence,B — one stock or agency licence at the going rate.,"Opens /places/mauritius/the-central-market.html, the only photograph on it a phone is certain to fetch. No price attached. The picture is wrong: relevance 2.7. Costs a phone 4.4 MB today (estimated).","A busy port scene featuring shipping containers and cranes under a clear sky., Mauritius",16/9,,pexels:38569010,https://images.pexels.com/photos/38569010/pexels-photo-38569010.jpeg,Nothing Ahead,https://www.pexels.com/photo/bustling-port-with-shipping-containers-and-cranes-38569010/
749,P3 defer — no price attached to this country,/places/mozambique/dhow-light.html,mozambique,dhow light,photography,yes,yes,yes,4392000,4.39,estimated,4,no price attached,3,no,,no,True,REPLACE,"Add a width to the existing URL — the same ?auto=compress&cs=tinysrgb&w=1200 that 6,188 of the site's 7,496 provider references already carry. No licence, no new asset, no budget, and it does not prejudge whether the photograph is any good.",licence,B — one stock or agency licence at the going rate.,"Opens /places/mozambique/dhow-light.html, the only photograph on it a phone is certain to fetch. No price attached. The picture is wrong: relevance 3.9. Costs a phone 4.4 MB today (estimated).","dhows silhouetted against a Mozambican sunrise, Mozambique",16/9,,pexels:34354250,https://images.pexels.com/photos/34354250/pexels-photo-34354250.jpeg,Akarsh Chandran,https://www.pexels.com/photo/silhouetted-fishing-boats-against-vibrant-sunset-34354250/
750,P3 defer — no price attached to this country,/places/mozambique/makonde-and-makua.html,mozambique,makonde and makua,traditional-people,yes,yes,yes,4392000,4.39,estimated,4,no price attached,3,no,,no,True,REPLACE,"Add a width to the existing URL — the same ?auto=compress&cs=tinysrgb&w=1200 that 6,188 of the site's 7,496 provider references already carry. No licence, no new asset, no budget, and it does not prejudge whether the photograph is any good.",licence,B — one stock or agency licence at the going rate.,"Opens /places/mozambique/makonde-and-makua.html, the only photograph on it a phone is certain to fetch. No price attached. The picture is wrong: relevance 2.2. Costs a phone 4.4 MB today (estimated).","Close-up of a traditional black African sculpture in an outdoor setting., Mozambique",16/9,,pexels:36766618,https://images.pexels.com/photos/36766618/pexels-photo-36766618.jpeg,Alírio Luís,https://www.pexels.com/photo/traditional-african-sculpture-on-display-36766618/
751,P3 defer — no price attached to this country,/places/mozambique/the-swahili-coast.html,mozambique,the swahili coast,heritage,yes,yes,yes,4392000,4.39,estimated,4,no price attached,3,no,,no,True,REPLACE,"Add a width to the existing URL — the same ?auto=compress&cs=tinysrgb&w=1200 that 6,188 of the site's 7,496 provider references already carry. No licence, no new asset, no budget, and it does not prejudge whether the photograph is any good.",licence,B — one stock or agency licence at the going rate.,"Opens /places/mozambique/the-swahili-coast.html, the only photograph on it a phone is certain to fetch. No price attached. The picture is wrong: the provider calls it ""boats docked on the side of the sea"". Costs a phone 4.4 MB today (estimated).","the crumbling colonial buildings of Ibo island, Mozambique",16/9,,pexels:10844816,https://images.pexels.com/photos/10844816/pexels-photo-10844816.jpeg,Natan Machado Fotografia  Gastronômica,https://www.pexels.com/photo/boats-docked-on-the-side-of-the-sea-10844816/
752,P3 defer — no price attached to this country,/places/niger/the-niger-at-niamey.html,niger,the niger at niamey,lakes-rivers,yes,yes,yes,4392000,4.39,estimated,4,no price attached,3,no,,no,True,REPLACE,"Add a width to the existing URL — the same ?auto=compress&cs=tinysrgb&w=1200 that 6,188 of the site's 7,496 provider references already carry. No licence, no new asset, no budget, and it does not prejudge whether the photograph is any good.",licence,B — one stock or agency licence at the going rate.,"Opens /places/niger/the-niger-at-niamey.html, the only photograph on it a phone is certain to fetch. No price attached. The picture is wrong: the provider calls it ""man in casual clothing and sunglasses leaning agains"". Costs a phone 4.4 MB today (estimated).",pirogues on the Niger river at Niamey at sunset,16/9,,pexels:8328884,https://images.pexels.com/photos/8328884/pexels-photo-8328884.jpeg,Sagar Thapa,https://www.pexels.com/photo/man-in-casual-clothing-and-sunglasses-leaning-against-a-concrete-pole-8328884/
753,P3 defer — no price attached to this country,/places/nigeria/the-niger-and-the-benue.html,nigeria,the niger and the benue,lakes-rivers,yes,yes,yes,4392000,4.39,estimated,4,no price attached,3,no,,no,True,REPLACE,"Add a width to the existing URL — the same ?auto=compress&cs=tinysrgb&w=1200 that 6,188 of the site's 7,496 provider references already carry. No licence, no new asset, no budget, and it does not prejudge whether the photograph is any good.",licence,B — one stock or agency licence at the going rate.,"Opens /places/nigeria/the-niger-and-the-benue.html, the only photograph on it a phone is certain to fetch. No price attached. The picture is wrong: relevance 2.9; query broadened to category; the provider calls it ""a woman riding a kayak on a lake"". Costs a phone 4.4 MB today (estimated).",Lakes in Nigeria,16/9,,pexels:5273201,https://images.pexels.com/photos/5273201/pexels-photo-5273201.jpeg,Oladapo,https://www.pexels.com/photo/a-woman-riding-a-kayak-on-a-lake-5273201/
754,P3 defer — no price attached to this country,/places/sao-tome-and-principe/portuguese-colonial-and-roca.html,sao-tome-and-principe,portuguese colonial and roca,architecture,yes,yes,yes,4392000,4.39,estimated,4,no price attached,3,no,,no,True,REPLACE,"Add a width to the existing URL — the same ?auto=compress&cs=tinysrgb&w=1200 that 6,188 of the site's 7,496 provider references already carry. No licence, no new asset, no budget, and it does not prejudge whether the photograph is any good.",licence,B — one stock or agency licence at the going rate.,"Opens /places/sao-tome-and-principe/portuguese-colonial-and-roca.html, the only photograph on it a phone is certain to fetch. No price attached. The picture is wrong: relevance 2.7. Costs a phone 4.4 MB today (estimated).","Relaxing indoor scene of a person reading Santo Agostinho book., Sao Tome and Principe",16/9,,pexels:36014513,https://images.pexels.com/photos/36014513/pexels-photo-36014513.png,Mayara Caroline  Mombelli,https://www.pexels.com/photo/cozy-reading-nook-with-santo-agostinho-book-36014513/
755,P3 defer — no price attached to this country,/places/sao-tome-and-principe/sao-nicolau.html,sao-tome-and-principe,sao nicolau,waterfalls,yes,yes,yes,4392000,4.39,estimated,4,no price attached,3,no,,no,True,REPLACE,"Add a width to the existing URL — the same ?auto=compress&cs=tinysrgb&w=1200 that 6,188 of the site's 7,496 provider references already carry. No licence, no new asset, no budget, and it does not prejudge whether the photograph is any good.",licence,B — one stock or agency licence at the going rate.,"Opens /places/sao-tome-and-principe/sao-nicolau.html, the only photograph on it a phone is certain to fetch. No price attached. The picture is wrong: the provider calls it ""moss on a rock"". Costs a phone 4.4 MB today (estimated).","the Sao Nicolau waterfall falling through dense forest, Sao Tome and Principe",16/9,,pexels:20559357,https://images.pexels.com/photos/20559357/pexels-photo-20559357.jpeg,Eduardo Gorghetto,https://www.pexels.com/photo/moss-on-a-rock-20559357/
756,P3 defer — no price attached to this country,/places/sao-tome-and-principe/the-fish-landing.html,sao-tome-and-principe,the fish landing,local-life,yes,yes,yes,4392000,4.39,estimated,4,no price attached,3,no,,no,True,REPLACE,"Add a width to the existing URL — the same ?auto=compress&cs=tinysrgb&w=1200 that 6,188 of the site's 7,496 provider references already carry. No licence, no new asset, no budget, and it does not prejudge whether the photograph is any good.",licence,B — one stock or agency licence at the going rate.,"Opens /places/sao-tome-and-principe/the-fish-landing.html, the only photograph on it a phone is certain to fetch. No price attached. The picture is wrong: the provider calls it ""two people in a boat"". Costs a phone 4.4 MB today (estimated).","fishermen landing dugout canoes through surf on a black beach, Sao Tome and Principe",16/9,,pexels:27674619,https://images.pexels.com/photos/27674619/pexels-photo-27674619.jpeg,B. Aristotlè Guweh Jr,https://www.pexels.com/photo/two-people-in-a-boat-27674619/
757,P3 defer — no price attached to this country,/places/seychelles/festival-kreol.html,seychelles,festival kreol,festivals,yes,yes,yes,4392000,4.39,estimated,4,no price attached,3,no,,no,True,REPLACE,"Add a width to the existing URL — the same ?auto=compress&cs=tinysrgb&w=1200 that 6,188 of the site's 7,496 provider references already carry. No licence, no new asset, no budget, and it does not prejudge whether the photograph is any good.",licence,B — one stock or agency licence at the going rate.,"Opens /places/seychelles/festival-kreol.html, the only photograph on it a phone is certain to fetch. No price attached. The picture is wrong: the provider calls it ""woman dancing in traditional costume on parade"". Costs a phone 4.4 MB today (estimated).","dancers at the Festival Kreol on Mahé, Seychelles",16/9,,pexels:20380277,https://images.pexels.com/photos/20380277/pexels-photo-20380277.jpeg,Kim Villanueva,https://www.pexels.com/photo/woman-dancing-in-traditional-costume-on-parade-20380277/
758,P3 defer — no price attached to this country,/places/sierra-leone/forest-meeting-sand.html,sierra-leone,forest meeting sand,photography,yes,yes,yes,4392000,4.39,estimated,4,no price attached,3,no,,no,True,REPLACE,"Add a width to the existing URL — the same ?auto=compress&cs=tinysrgb&w=1200 that 6,188 of the site's 7,496 provider references already carry. No licence, no new asset, no budget, and it does not prejudge whether the photograph is any good.",licence,B — one stock or agency licence at the going rate.,"Opens /places/sierra-leone/forest-meeting-sand.html, the only photograph on it a phone is certain to fetch. No price attached. The picture is wrong: relevance 3.9. Costs a phone 4.4 MB today (estimated).","forested hills behind a beach in late afternoon light, Sierra Leone",16/9,,pexels:7017175,https://images.pexels.com/photos/7017175/pexels-photo-7017175.jpeg,Ludvig Hedenborg,https://www.pexels.com/photo/green-tropical-trees-growing-on-hills-in-sundown-7017175/
759,P3 defer — no price attached to this country,/places/sierra-leone/krio-board-houses.html,sierra-leone,krio board houses,architecture,yes,yes,yes,4392000,4.39,estimated,4,no price attached,3,no,,no,True,REPLACE,"Add a width to the existing URL — the same ?auto=compress&cs=tinysrgb&w=1200 that 6,188 of the site's 7,496 provider references already carry. No licence, no new asset, no budget, and it does not prejudge whether the photograph is any good.",licence,B — one stock or agency licence at the going rate.,"Opens /places/sierra-leone/krio-board-houses.html, the only photograph on it a phone is certain to fetch. No price attached. The picture is wrong: relevance 2.7; the provider calls it ""stunning aerial view of jos plateau nigeria"". Costs a phone 4.4 MB today (estimated).","Scenic landscape of Jos with lush greenery, hills, and scattered houses., Sierra Leone",16/9,,pexels:39004741,https://images.pexels.com/photos/39004741/pexels-photo-39004741.jpeg,Barnabas Sani,https://www.pexels.com/photo/stunning-aerial-view-of-jos-plateau-nigeria-39004741/
760,P3 defer — no price attached to this country,/places/sierra-leone/mende-temne-and-krio.html,sierra-leone,mende temne and krio,traditional-people,yes,yes,yes,4392000,4.39,estimated,4,no price attached,3,no,,no,True,REPLACE,"Add a width to the existing URL — the same ?auto=compress&cs=tinysrgb&w=1200 that 6,188 of the site's 7,496 provider references already carry. No licence, no new asset, no budget, and it does not prejudge whether the photograph is any good.",licence,B — one stock or agency licence at the going rate.,"Opens /places/sierra-leone/mende-temne-and-krio.html, the only photograph on it a phone is certain to fetch. No price attached. The picture is wrong: relevance 3.7. Costs a phone 4.4 MB today (estimated).","Close-up portrait of woman holding a traditional red patterned fan outdoors., Sierra Leone",16/9,,pexels:30512432,https://images.pexels.com/photos/30512432/pexels-photo-30512432.jpeg,Mukhtar Shuaib Mukhtar,https://www.pexels.com/photo/artistic-portrait-with-traditional-fan-30512432/
761,P3 defer — no price attached to this country,/places/sudan/kush.html,sudan,kush,heritage,yes,yes,yes,4392000,4.39,estimated,4,no price attached,3,no,,no,True,REPLACE,"Add a width to the existing URL — the same ?auto=compress&cs=tinysrgb&w=1200 that 6,188 of the site's 7,496 provider references already carry. No licence, no new asset, no budget, and it does not prejudge whether the photograph is any good.",licence,B — one stock or agency licence at the going rate.,"Opens /places/sudan/kush.html, the only photograph on it a phone is certain to fetch. No price attached. The picture is wrong: relevance 2.5. Costs a phone 4.4 MB today (estimated).","the flat-topped Gebel Barkal with the temple ruins at its base, Sudan",16/9,,pexels:32706048,https://images.pexels.com/photos/32706048/pexels-photo-32706048.jpeg,Michelle Chadwick,https://www.pexels.com/photo/ancient-egyptian-relief-of-gods-in-temple-32706048/
762,P3 defer — no price attached to this country,/places/sudan/mud-brick-and-painted-doors.html,sudan,mud brick and painted doors,architecture,yes,yes,yes,4392000,4.39,estimated,4,no price attached,3,no,,no,True,REPLACE,"Add a width to the existing URL — the same ?auto=compress&cs=tinysrgb&w=1200 that 6,188 of the site's 7,496 provider references already carry. No licence, no new asset, no budget, and it does not prejudge whether the photograph is any good.",licence,B — one stock or agency licence at the going rate.,"Opens /places/sudan/mud-brick-and-painted-doors.html, the only photograph on it a phone is certain to fetch. No price attached. The picture is wrong: relevance 2.7. Costs a phone 4.4 MB today (estimated).","a vaulted Nubian mud-brick house with a painted gateway, Sudan",16/9,,pexels:29558160,https://images.pexels.com/photos/29558160/pexels-photo-29558160.jpeg,Dr Photographer,https://www.pexels.com/photo/close-up-of-brown-nubian-goat-resting-outdoors-29558160/
763,P3 defer — no price attached to this country,/places/algeria/beaches-and-roman-stones.html,algeria,beaches and roman stones,family-community,yes,yes,yes,4392000,4.39,estimated,4,no price attached,2,no,,no,True,REPLACE,"Add a width to the existing URL — the same ?auto=compress&cs=tinysrgb&w=1200 that 6,188 of the site's 7,496 provider references already carry. No licence, no new asset, no budget, and it does not prejudge whether the photograph is any good.",licence,B — one stock or agency licence at the going rate.,"Opens /places/algeria/beaches-and-roman-stones.html, the only photograph on it a phone is certain to fetch. No price attached. The picture is wrong: the provider calls it ""a very tall brick building with a sky in the backgro"". Costs a phone 4.4 MB today (estimated).","Roman columns at Tipaza with the Mediterranean behind, Algeria",16/9,,unsplash:42s4e23-2t8,https://images.unsplash.com/photo-1673738559014-0d038fa41ec1,Azzedine Rouichi,https://unsplash.com/photos/a-very-tall-brick-building-with-a-sky-in-the-background-42s4e23-2t8
764,P3 defer — no price attached to this country,/places/algeria/walking-the-north.html,algeria,walking the north,outdoor,yes,yes,yes,4392000,4.39,estimated,4,no price attached,2,no,,no,True,REPLACE,"Add a width to the existing URL — the same ?auto=compress&cs=tinysrgb&w=1200 that 6,188 of the site's 7,496 provider references already carry. No licence, no new asset, no budget, and it does not prejudge whether the photograph is any good.",licence,B — one stock or agency licence at the going rate.,"Opens /places/algeria/walking-the-north.html, the only photograph on it a phone is certain to fetch. No price attached. The picture is wrong: relevance 2.5; the provider calls it ""mountains along sea"". Costs a phone 4.4 MB today (estimated).","A solitary building nestled between dramatic coastal cliffs and vibrant sea waves., Algeria",16/9,,pexels:13026497,https://images.pexels.com/photos/13026497/pexels-photo-13026497.jpeg,Nandakumar R,https://www.pexels.com/photo/mountains-along-sea-13026497/
765,P3 defer — no price attached to this country,/places/angola/bringing-the-sable-back.html,angola,bringing the sable back,eco-tourism,yes,yes,yes,4392000,4.39,estimated,4,no price attached,2,no,,no,True,REPLACE,"Add a width to the existing URL — the same ?auto=compress&cs=tinysrgb&w=1200 that 6,188 of the site's 7,496 provider references already carry. No licence, no new asset, no budget, and it does not prejudge whether the photograph is any good.",licence,B — one stock or agency licence at the going rate.,"Opens /places/angola/bringing-the-sable-back.html, the only photograph on it a phone is certain to fetch. No price attached. The picture is wrong: relevance 2.7; the provider calls it ""a man walking on a dirt road with a backpack"". Costs a phone 4.4 MB today (estimated).","Back view of a man hiking outdoors wearing a vest with paw prints, depicting nature exploration., Angola",16/9,,pexels:27984876,https://images.pexels.com/photos/27984876/pexels-photo-27984876.jpeg,Chris John,https://www.pexels.com/photo/a-man-walking-on-a-dirt-road-with-a-backpack-27984876/
766,P3 defer — no price attached to this country,/places/angola/mbanza-kongo.html,angola,mbanza kongo,historic-sites,yes,yes,yes,4392000,4.39,estimated,4,no price attached,2,no,,no,True,REPLACE,"Add a width to the existing URL — the same ?auto=compress&cs=tinysrgb&w=1200 that 6,188 of the site's 7,496 provider references already carry. No licence, no new asset, no budget, and it does not prejudge whether the photograph is any good.",licence,B — one stock or agency licence at the going rate.,"Opens /places/angola/mbanza-kongo.html, the only photograph on it a phone is certain to fetch. No price attached. The picture is wrong: relevance 2.7; the provider calls it ""a man holding a smartphone while using a laptop"". Costs a phone 4.4 MB today (estimated).","the ruined stone cathedral walls at Mbanza Kongo, Angola",16/9,,pexels:8918179,https://images.pexels.com/photos/8918179/pexels-photo-8918179.jpeg,Rimiscky Tayuna,https://www.pexels.com/photo/a-man-holding-a-smartphone-while-using-a-laptop-8918179/
767,P3 defer — no price attached to this country,/places/angola/tundavala.html,angola,tundavala,hidden-gems,yes,yes,yes,4392000,4.39,estimated,4,no price attached,2,no,,no,True,REPLACE,"Add a width to the existing URL — the same ?auto=compress&cs=tinysrgb&w=1200 that 6,188 of the site's 7,496 provider references already carry. No licence, no new asset, no budget, and it does not prejudge whether the photograph is any good.",licence,B — one stock or agency licence at the going rate.,"Opens /places/angola/tundavala.html, the only photograph on it a phone is certain to fetch. No price attached. The picture is wrong: relevance 2.2. Costs a phone 4.4 MB today (estimated).","a figure at the edge of the Tundavala gap looking down, Angola",16/9,,pexels:23858571,https://images.pexels.com/photos/23858571/pexels-photo-23858571.jpeg,Barnabas Sani,https://www.pexels.com/photo/person-sitting-on-cliff-at-looking-at-rural-view-23858571/
768,P3 defer — no price attached to this country,/places/benin/a-few-good-ones.html,benin,a few good ones,luxury,yes,yes,yes,4392000,4.39,estimated,4,no price attached,2,no,,no,True,REPLACE,"Add a width to the existing URL — the same ?auto=compress&cs=tinysrgb&w=1200 that 6,188 of the site's 7,496 provider references already carry. No licence, no new asset, no budget, and it does not prejudge whether the photograph is any good.",licence,B — one stock or agency licence at the going rate.,"Opens /places/benin/a-few-good-ones.html, the only photograph on it a phone is certain to fetch. No price attached. The picture is wrong: relevance 2.5. Costs a phone 4.4 MB today (estimated).","a beach lodge terrace among palms at Grand-Popo, Benin",16/9,,pexels:36262105,https://images.pexels.com/photos/36262105/pexels-photo-36262105.jpeg,Omar Tapia,https://www.pexels.com/photo/hiker-at-izta-popo-zoquiapan-national-park-36262105/
769,P3 defer — no price attached to this country,/places/burundi/rutovu.html,burundi,rutovu,historic-sites,yes,yes,yes,4392000,4.39,estimated,4,no price attached,2,no,,no,True,REPLACE,"Add a width to the existing URL — the same ?auto=compress&cs=tinysrgb&w=1200 that 6,188 of the site's 7,496 provider references already carry. No licence, no new asset, no budget, and it does not prejudge whether the photograph is any good.",licence,B — one stock or agency licence at the going rate.,"Opens /places/burundi/rutovu.html, the only photograph on it a phone is certain to fetch. No price attached. The picture is wrong: relevance 2.7. Costs a phone 4.4 MB today (estimated).","the stone pyramid marking the Nile source at Rutovu, Burundi",16/9,,pexels:27605555,https://images.pexels.com/photos/27605555/pexels-photo-27605555.jpeg,Eslam Mohammed Abdelmaksoud,https://www.pexels.com/photo/kafr-alshaikh-nile-27605555/
770,P3 defer — no price attached to this country,/places/cabo-verde/cidade-velha.html,cabo-verde,cidade velha,historic-sites,yes,yes,yes,4392000,4.39,estimated,4,no price attached,2,no,,no,True,REPLACE,"Add a width to the existing URL — the same ?auto=compress&cs=tinysrgb&w=1200 that 6,188 of the site's 7,496 provider references already carry. No licence, no new asset, no budget, and it does not prejudge whether the photograph is any good.",licence,B — one stock or agency licence at the going rate.,"Opens /places/cabo-verde/cidade-velha.html, the only photograph on it a phone is certain to fetch. No price attached. The picture is wrong: relevance 2.2. Costs a phone 4.4 MB today (estimated).","Colorful historic courtyard in El Puerto de Santa María showcasing vibrant architecture., Cabo Verde",16/9,,pexels:36482221,https://images.pexels.com/photos/36482221/pexels-photo-36482221.jpeg,Fotografías de El Puerto  de Santa María,https://www.pexels.com/photo/historic-building-courtyard-in-el-puerto-de-santa-maria-36482221/
771,P3 defer — no price attached to this country,/places/cabo-verde/praia-and-mindelo.html,cabo-verde,praia and mindelo,cities,yes,yes,yes,4392000,4.39,estimated,4,no price attached,2,no,,no,True,REPLACE,"Add a width to the existing URL — the same ?auto=compress&cs=tinysrgb&w=1200 that 6,188 of the site's 7,496 provider references already carry. No licence, no new asset, no budget, and it does not prejudge whether the photograph is any good.",licence,B — one stock or agency licence at the going rate.,"Opens /places/cabo-verde/praia-and-mindelo.html, the only photograph on it a phone is certain to fetch. No price attached. The picture is wrong: relevance 3.9; the provider calls it ""city skyline under blue sky and white clouds"". Costs a phone 4.4 MB today (estimated).","the harbour and colonial buildings of Mindelo, Cabo Verde",16/9,,pexels:6160223,https://images.pexels.com/photos/6160223/pexels-photo-6160223.jpeg,Gabriela Veronika,https://www.pexels.com/photo/city-skyline-under-blue-sky-and-white-clouds-6160223/
772,P3 defer — no price attached to this country,/places/cabo-verde/why-cabo-verde.html,cabo-verde,why cabo verde,why-visit,yes,yes,yes,4392000,4.39,estimated,4,no price attached,2,no,,yes,True,REPLACE,"Add a width to the existing URL — the same ?auto=compress&cs=tinysrgb&w=1200 that 6,188 of the site's 7,496 provider references already carry. No licence, no new asset, no budget, and it does not prejudge whether the photograph is any good.",licence,B — one stock or agency licence at the going rate.,"Opens /places/cabo-verde/why-cabo-verde.html, the only photograph on it a phone is certain to fetch. No price attached. The picture is wrong: relevance 3.4; the provider calls it ""a person standing on top of a rocky hill"". Costs a phone 4.4 MB today (estimated).","the cone of Fogo above black lava and white houses, Cabo Verde",16/9,,pexels:27814129,https://images.pexels.com/photos/27814129/pexels-photo-27814129.jpeg,Diogo Miranda,https://www.pexels.com/photo/a-person-standing-on-top-of-a-rocky-hill-27814129/
773,P3 defer — no price attached to this country,/places/central-african-republic/tracking-on-foot.html,central-african-republic,tracking on foot,adventure,yes,yes,yes,4392000,4.39,estimated,4,no price attached,2,no,,yes,True,REPLACE,"Add a width to the existing URL — the same ?auto=compress&cs=tinysrgb&w=1200 that 6,188 of the site's 7,496 provider references already carry. No licence, no new asset, no budget, and it does not prejudge whether the photograph is any good.",licence,B — one stock or agency licence at the going rate.,"Opens /places/central-african-republic/tracking-on-foot.html, the only photograph on it a phone is certain to fetch. No price attached. The picture is wrong: the provider calls it ""two men holding a rifle in the jungle"". Costs a phone 4.4 MB today (estimated).","trackers moving quietly through dense forest undergrowth, Central African Republic",16/9,,pexels:15382786,https://images.pexels.com/photos/15382786/pexels-photo-15382786.jpeg,Seun Adeniyi,https://www.pexels.com/photo/two-men-holding-a-rifle-in-the-jungle-15382786/
774,P3 defer — no price attached to this country,/places/chad/ennedi-rock-art.html,chad,ennedi rock art,historic-sites,yes,yes,yes,4392000,4.39,estimated,4,no price attached,2,no,,no,True,REPLACE,"Add a width to the existing URL — the same ?auto=compress&cs=tinysrgb&w=1200 that 6,188 of the site's 7,496 provider references already carry. No licence, no new asset, no budget, and it does not prejudge whether the photograph is any good.",licence,B — one stock or agency licence at the going rate.,"Opens /places/chad/ennedi-rock-art.html, the only photograph on it a phone is certain to fetch. No price attached. The picture is wrong: relevance 2.7; the provider calls it ""rocks on the desert"". Costs a phone 4.4 MB today (estimated).","painted rock art figures of cattle on Ennedi sandstone, Chad",16/9,,pexels:11944566,https://images.pexels.com/photos/11944566/pexels-photo-11944566.jpeg,raouf bedrani,https://www.pexels.com/photo/rocks-on-the-desert-11944566/
775,P3 defer — no price attached to this country,/places/chad/one-camp-and-it-is-good.html,chad,one camp and it is good,luxury,yes,yes,yes,4392000,4.39,estimated,4,no price attached,2,no,,no,True,REPLACE,"Add a width to the existing URL — the same ?auto=compress&cs=tinysrgb&w=1200 that 6,188 of the site's 7,496 provider references already carry. No licence, no new asset, no budget, and it does not prejudge whether the photograph is any good.",licence,B — one stock or agency licence at the going rate.,"Opens /places/chad/one-camp-and-it-is-good.html, the only photograph on it a phone is certain to fetch. No price attached. The picture is wrong: relevance 2.5. Costs a phone 4.4 MB today (estimated).","A group enjoys a peaceful night in a traditional desert camp at Faiyum, Egypt., Chad",16/9,,pexels:27407233,https://images.pexels.com/photos/27407233/pexels-photo-27407233.jpeg,Eslam Mohammed Abdelmaksoud,https://www.pexels.com/photo/faiyum-night-27407233/
776,P3 defer — no price attached to this country,/places/chad/walking-zakouma.html,chad,walking zakouma,outdoor,yes,yes,yes,4392000,4.39,estimated,4,no price attached,2,no,,no,True,REPLACE,"Add a width to the existing URL — the same ?auto=compress&cs=tinysrgb&w=1200 that 6,188 of the site's 7,496 provider references already carry. No licence, no new asset, no budget, and it does not prejudge whether the photograph is any good.",licence,B — one stock or agency licence at the going rate.,"Opens /places/chad/walking-zakouma.html, the only photograph on it a phone is certain to fetch. No price attached. The picture is wrong: relevance 2.5. Costs a phone 4.4 MB today (estimated).","a walking group with a ranger among trees in Zakouma, Chad",16/9,,pexels:30867629,https://images.pexels.com/photos/30867629/pexels-photo-30867629.jpeg,Ankit Rainloure,https://www.pexels.com/photo/serene-lake-with-dry-trees-in-gujarat-30867629/
777,P3 defer — no price attached to this country,/places/comoros/woodwork-gold-and-embroidery.html,comoros,woodwork gold and embroidery,crafts,yes,yes,yes,4392000,4.39,estimated,4,no price attached,2,no,,no,True,REPLACE,"Add a width to the existing URL — the same ?auto=compress&cs=tinysrgb&w=1200 that 6,188 of the site's 7,496 provider references already carry. No licence, no new asset, no budget, and it does not prejudge whether the photograph is any good.",licence,B — one stock or agency licence at the going rate.,"Opens /places/comoros/woodwork-gold-and-embroidery.html, the only photograph on it a phone is certain to fetch. No price attached. The picture is wrong: the provider calls it ""a woman in white and red floral long sleeve shirt st"". Costs a phone 4.4 MB today (estimated).","an embroidered Comorian kofia cap and carved door detail, Comoros",16/9,,pexels:11326480,https://images.pexels.com/photos/11326480/pexels-photo-11326480.jpeg,Asal Hoseini,https://www.pexels.com/photo/a-woman-in-white-and-red-floral-long-sleeve-shirt-standing-on-brown-grass-field-11326480/
778,P3 defer — no price attached to this country,/places/congo/brazzavilles-colonial-core.html,congo,brazzavilles colonial core,historic-sites,yes,yes,yes,4392000,4.39,estimated,4,no price attached,2,no,,no,True,REPLACE,"Add a width to the existing URL — the same ?auto=compress&cs=tinysrgb&w=1200 that 6,188 of the site's 7,496 provider references already carry. No licence, no new asset, no budget, and it does not prejudge whether the photograph is any good.",licence,B — one stock or agency licence at the going rate.,"Opens /places/congo/brazzavilles-colonial-core.html, the only photograph on it a phone is certain to fetch. No price attached. The picture is wrong: relevance 2.7. Costs a phone 4.4 MB today (estimated).","the pointed roof of the Basilique Sainte-Anne in Brazzaville, Congo",16/9,,pexels:37237544,https://images.pexels.com/photos/37237544/pexels-photo-37237544.jpeg,Reinis Brūzītis,https://www.pexels.com/photo/church-spire-with-red-roof-against-clear-blue-sky-37237544/
779,P3 defer — no price attached to this country,/places/congo/not-really.html,congo,not really,family-community,yes,yes,yes,4392000,4.39,estimated,4,no price attached,2,no,,no,True,REPLACE,"Add a width to the existing URL — the same ?auto=compress&cs=tinysrgb&w=1200 that 6,188 of the site's 7,496 provider references already carry. No licence, no new asset, no budget, and it does not prejudge whether the photograph is any good.",licence,B — one stock or agency licence at the going rate.,"Opens /places/congo/not-really.html, the only photograph on it a phone is certain to fetch. No price attached. The picture is wrong: the provider calls it ""white airplane landing on the airport"". Costs a phone 4.4 MB today (estimated).","a light aircraft on a grass strip beside forest, Congo",16/9,,pexels:5584834,https://images.pexels.com/photos/5584834/pexels-photo-5584834.jpeg,Alexandra May,https://www.pexels.com/photo/white-airplane-landing-on-the-airport-5584834/
780,P3 defer — no price attached to this country,/places/congo/odzalas-model.html,congo,odzalas model,eco-tourism,yes,yes,yes,4392000,4.39,estimated,4,no price attached,2,no,,no,True,REPLACE,"Add a width to the existing URL — the same ?auto=compress&cs=tinysrgb&w=1200 that 6,188 of the site's 7,496 provider references already carry. No licence, no new asset, no budget, and it does not prejudge whether the photograph is any good.",licence,B — one stock or agency licence at the going rate.,"Opens /places/congo/odzalas-model.html, the only photograph on it a phone is certain to fetch. No price attached. The picture is wrong: relevance 2.7. Costs a phone 4.4 MB today (estimated).",a Congolese tracker pointing out gorilla sign in forest,16/9,,pexels:4314209,https://images.pexels.com/photos/4314209/pexels-photo-4314209.jpeg,Baihaki Hine,https://www.pexels.com/photo/male-tourists-with-map-standing-in-forest-4314209/
781,P3 defer — no price attached to this country,/places/congo/tracking-and-pirogue.html,congo,tracking and pirogue,outdoor,yes,yes,yes,4392000,4.39,estimated,4,no price attached,2,no,,no,True,REPLACE,"Add a width to the existing URL — the same ?auto=compress&cs=tinysrgb&w=1200 that 6,188 of the site's 7,496 provider references already carry. No licence, no new asset, no budget, and it does not prejudge whether the photograph is any good.",licence,B — one stock or agency licence at the going rate.,"Opens /places/congo/tracking-and-pirogue.html, the only photograph on it a phone is certain to fetch. No price attached. The picture is wrong: the provider calls it ""feet immersed in clear water with sunlight reflectio"". Costs a phone 4.4 MB today (estimated).","trackers wading a shallow forest stream, Congo",16/9,,pexels:38329440,https://images.pexels.com/photos/38329440/pexels-photo-38329440.jpeg,ommy,https://www.pexels.com/photo/feet-immersed-in-clear-water-with-sunlight-reflections-38329440/
782,P3 defer — no price attached to this country,/places/djibouti/ottoman-tadjoura.html,djibouti,ottoman tadjoura,historic-sites,yes,yes,yes,4392000,4.39,estimated,4,no price attached,2,no,,no,True,REPLACE,"Add a width to the existing URL — the same ?auto=compress&cs=tinysrgb&w=1200 that 6,188 of the site's 7,496 provider references already carry. No licence, no new asset, no budget, and it does not prejudge whether the photograph is any good.",licence,B — one stock or agency licence at the going rate.,"Opens /places/djibouti/ottoman-tadjoura.html, the only photograph on it a phone is certain to fetch. No price attached. The picture is wrong: relevance 2.2; the provider calls it ""boy herding sheep among ancient ruins"". Costs a phone 4.4 MB today (estimated).","the white mosques and low houses of Tadjoura on the gulf, Djibouti",16/9,,pexels:36755959,https://images.pexels.com/photos/36755959/pexels-photo-36755959.jpeg,mori dad,https://www.pexels.com/photo/boy-herding-sheep-among-ancient-ruins-36755959/
783,P3 defer — no price attached to this country,/places/djibouti/small-and-getting-better.html,djibouti,small and getting better,luxury,yes,yes,yes,4392000,4.39,estimated,4,no price attached,2,no,,no,True,REPLACE,"Add a width to the existing URL — the same ?auto=compress&cs=tinysrgb&w=1200 that 6,188 of the site's 7,496 provider references already carry. No licence, no new asset, no budget, and it does not prejudge whether the photograph is any good.",licence,B — one stock or agency licence at the going rate.,"Opens /places/djibouti/small-and-getting-better.html, the only photograph on it a phone is certain to fetch. No price attached. The picture is wrong: relevance 2.5. Costs a phone 4.4 MB today (estimated).","Capture the mesmerizing sunset over Muscat's rocky shoreline with waves crashing softly., Djibouti",16/9,,pexels:27288785,https://images.pexels.com/photos/27288785/pexels-photo-27288785.jpeg,Asaad Alabri,https://www.pexels.com/photo/a-sunset-over-the-ocean-with-waves-crashing-27288785/
784,P3 defer — no price attached to this country,/places/djibouti/snorkelling-and-rift-walking.html,djibouti,snorkelling and rift walking,adventure,yes,yes,yes,4392000,4.39,estimated,4,no price attached,2,no,,yes,True,REPLACE,"Add a width to the existing URL — the same ?auto=compress&cs=tinysrgb&w=1200 that 6,188 of the site's 7,496 provider references already carry. No licence, no new asset, no budget, and it does not prejudge whether the photograph is any good.",licence,B — one stock or agency licence at the going rate.,"Opens /places/djibouti/snorkelling-and-rift-walking.html, the only photograph on it a phone is certain to fetch. No price attached. The picture is wrong: relevance 2.7. Costs a phone 4.4 MB today (estimated).","Close-up of a person holding a snorkel mask in green water, outdoor activity., Djibouti",16/9,,pexels:34669734,https://images.pexels.com/photos/34669734/pexels-photo-34669734.jpeg,sofia comasetto,https://www.pexels.com/photo/person-holding-snorkel-mask-in-water-34669734/
785,P3 defer — no price attached to this country,/places/dr-congo/masks-raffia-and-copper.html,dr-congo,masks raffia and copper,crafts,yes,yes,yes,4392000,4.39,estimated,4,no price attached,2,no,,no,True,REPLACE,"Add a width to the existing URL — the same ?auto=compress&cs=tinysrgb&w=1200 that 6,188 of the site's 7,496 provider references already carry. No licence, no new asset, no budget, and it does not prejudge whether the photograph is any good.",licence,B — one stock or agency licence at the going rate.,"Opens /places/dr-congo/masks-raffia-and-copper.html, the only photograph on it a phone is certain to fetch. No price attached. The picture is wrong: relevance 2.2. Costs a phone 4.4 MB today (estimated).","An elderly artisan weaving natural fibers by hand, showing detailed craftsmanship and skill., DR Congo",16/9,,pexels:7399360,https://images.pexels.com/photos/7399360/pexels-photo-7399360.jpeg,Los Muertos Crew,https://www.pexels.com/photo/close-up-of-artisan-working-with-hair-7399360/
786,P3 defer — no price attached to this country,/places/dr-congo/not-for-families.html,dr-congo,not for families,family-community,yes,yes,yes,4392000,4.39,estimated,4,no price attached,2,no,,no,True,REPLACE,"Add a width to the existing URL — the same ?auto=compress&cs=tinysrgb&w=1200 that 6,188 of the site's 7,496 provider references already carry. No licence, no new asset, no budget, and it does not prejudge whether the photograph is any good.",licence,B — one stock or agency licence at the going rate.,"Opens /places/dr-congo/not-for-families.html, the only photograph on it a phone is certain to fetch. No price attached. The picture is wrong: the provider calls it ""outdoor education scene in monrovia liberia"". Costs a phone 4.4 MB today (estimated).",a school class in a village in eastern DR Congo,16/9,,pexels:28344265,https://images.pexels.com/photos/28344265/pexels-photo-28344265.jpeg,B. Aristotlè Guweh Jr,https://www.pexels.com/photo/outdoor-education-scene-in-monrovia-liberia-28344265/
787,P3 defer — no price attached to this country,/places/dr-congo/volcano-and-gorilla.html,dr-congo,volcano and gorilla,outdoor,yes,yes,yes,4392000,4.39,estimated,4,no price attached,2,no,,no,True,REPLACE,"Add a width to the existing URL — the same ?auto=compress&cs=tinysrgb&w=1200 that 6,188 of the site's 7,496 provider references already carry. No licence, no new asset, no budget, and it does not prejudge whether the photograph is any good.",licence,B — one stock or agency licence at the going rate.,"Opens /places/dr-congo/volcano-and-gorilla.html, the only photograph on it a phone is certain to fetch. No price attached. The picture is wrong: relevance 2.5. Costs a phone 4.4 MB today (estimated).","Young mountain gorilla sitting amidst green foliage in Kinigi, Rwanda, displaying natural beauty., DR Congo",16/9,,pexels:36477951,https://images.pexels.com/photos/36477951/pexels-photo-36477951.jpeg,Ana Kenk,https://www.pexels.com/photo/mountain-gorilla-in-kinigi-rwanda-s-lush-foliage-36477951/
788,P3 defer — no price attached to this country,/places/egypt/straightforward-with-children.html,egypt,straightforward with children,family-community,yes,yes,yes,4392000,4.39,estimated,4,no price attached,2,no,,no,True,REPLACE,"Add a width to the existing URL — the same ?auto=compress&cs=tinysrgb&w=1200 that 6,188 of the site's 7,496 provider references already carry. No licence, no new asset, no budget, and it does not prejudge whether the photograph is any good.",licence,B — one stock or agency licence at the going rate.,"Opens /places/egypt/straightforward-with-children.html, the only photograph on it a phone is certain to fetch. No price attached. The picture is wrong: the provider calls it ""sailboat on river"". Costs a phone 4.4 MB today (estimated).","a family boarding a Nile cruise boat at Luxor, Egypt",16/9,,pexels:16386724,https://images.pexels.com/photos/16386724/pexels-photo-16386724.jpeg,AXP Photography,https://www.pexels.com/photo/sailboat-on-river-16386724/
789,P3 defer — no price attached to this country,/places/equatorial-guinea/trekking-the-caldera.html,equatorial-guinea,trekking the caldera,adventure,yes,yes,yes,4392000,4.39,estimated,4,no price attached,2,no,,yes,True,REPLACE,"Add a width to the existing URL — the same ?auto=compress&cs=tinysrgb&w=1200 that 6,188 of the site's 7,496 provider references already carry. No licence, no new asset, no budget, and it does not prejudge whether the photograph is any good.",licence,B — one stock or agency licence at the going rate.,"Opens /places/equatorial-guinea/trekking-the-caldera.html, the only photograph on it a phone is certain to fetch. No price attached. The picture is wrong: the provider calls it ""mountain valley by the shore"". Costs a phone 4.4 MB today (estimated).","walkers on a forest trail towards the Gran Caldera, Equatorial Guinea",16/9,,pexels:20500286,https://images.pexels.com/photos/20500286/pexels-photo-20500286.jpeg,Erwan Grey,https://www.pexels.com/photo/mountain-valley-by-the-shore-20500286/
790,P3 defer — no price attached to this country,/places/eritrea/the-tank-graveyard.html,eritrea,the tank graveyard,hidden-gems,yes,yes,yes,4392000,4.39,estimated,4,no price attached,2,no,,no,True,REPLACE,"Add a width to the existing URL — the same ?auto=compress&cs=tinysrgb&w=1200 that 6,188 of the site's 7,496 provider references already carry. No licence, no new asset, no budget, and it does not prejudge whether the photograph is any good.",licence,B — one stock or agency licence at the going rate.,"Opens /places/eritrea/the-tank-graveyard.html, the only photograph on it a phone is certain to fetch. No price attached. The picture is wrong: relevance 2.7. Costs a phone 4.4 MB today (estimated).","Old rusty battle tank parked in dense green forest, highlighting history and nature contrast., Eritrea",16/9,,pexels:7912257,https://images.pexels.com/photos/7912257/pexels-photo-7912257.jpeg,bigworldinalens,https://www.pexels.com/photo/battle-tank-parked-under-the-trees-7912257/
791,P3 defer — no price attached to this country,/places/eswatini/big-game-parks.html,eswatini,big game parks,eco-tourism,yes,yes,yes,4392000,4.39,estimated,4,no price attached,2,no,,no,True,REPLACE,"Add a width to the existing URL — the same ?auto=compress&cs=tinysrgb&w=1200 that 6,188 of the site's 7,496 provider references already carry. No licence, no new asset, no budget, and it does not prejudge whether the photograph is any good.",licence,B — one stock or agency licence at the going rate.,"Opens /places/eswatini/big-game-parks.html, the only photograph on it a phone is certain to fetch. No price attached. The picture is wrong: relevance 2.7. Costs a phone 4.4 MB today (estimated).","a ranger tracking rhino on foot at Mkhaya, Eswatini",16/9,,pexels:30239042,https://images.pexels.com/photos/30239042/pexels-photo-30239042.jpeg,Chané Bruwer,https://www.pexels.com/photo/majestic-rhino-in-kruger-national-park-safari-30239042/
792,P3 defer — no price attached to this country,/places/eswatini/hlane-and-mkhaya.html,eswatini,hlane and mkhaya,safari,yes,yes,yes,4392000,4.39,estimated,4,no price attached,2,no,,no,True,REPLACE,"Add a width to the existing URL — the same ?auto=compress&cs=tinysrgb&w=1200 that 6,188 of the site's 7,496 provider references already carry. No licence, no new asset, no budget, and it does not prejudge whether the photograph is any good.",licence,B — one stock or agency licence at the going rate.,"Opens /places/eswatini/hlane-and-mkhaya.html, the only photograph on it a phone is certain to fetch. No price attached. The picture is wrong: relevance 2.2. Costs a phone 4.4 MB today (estimated).","An African elephant walks across a road during a safari in South African wilderness., Eswatini",16/9,,pexels:16448672,https://images.pexels.com/photos/16448672/pexels-photo-16448672.jpeg,Theo Topolevsky,https://www.pexels.com/photo/view-of-an-elephant-crossing-the-road-in-front-of-a-car-16448672/
793,P3 defer — no price attached to this country,/places/ethiopia/community-conservation.html,ethiopia,community conservation,eco-tourism,yes,yes,yes,4392000,4.39,estimated,4,no price attached,2,no,,no,True,REPLACE,"Add a width to the existing URL — the same ?auto=compress&cs=tinysrgb&w=1200 that 6,188 of the site's 7,496 provider references already carry. No licence, no new asset, no budget, and it does not prejudge whether the photograph is any good.",licence,B — one stock or agency licence at the going rate.,"Opens /places/ethiopia/community-conservation.html, the only photograph on it a phone is certain to fetch. No price attached. The picture is wrong: relevance 2.7; the provider calls it ""a boy setting up a tent"". Costs a phone 4.4 MB today (estimated).","a park scout looking out over the Bale plateau, Ethiopia",16/9,,pexels:9303529,https://images.pexels.com/photos/9303529/pexels-photo-9303529.jpeg,cottonbro studio,https://www.pexels.com/photo/a-boy-setting-up-a-tent-9303529/
794,P3 defer — no price attached to this country,/places/gabon/masks-and-ngombi-harps.html,gabon,masks and ngombi harps,crafts,yes,yes,yes,4392000,4.39,estimated,4,no price attached,2,no,,no,True,REPLACE,"Add a width to the existing URL — the same ?auto=compress&cs=tinysrgb&w=1200 that 6,188 of the site's 7,496 provider references already carry. No licence, no new asset, no budget, and it does not prejudge whether the photograph is any good.",licence,B — one stock or agency licence at the going rate.,"Opens /places/gabon/masks-and-ngombi-harps.html, the only photograph on it a phone is certain to fetch. No price attached. The picture is wrong: relevance 2.2; the provider calls it ""a man sitting on a bench making wooden objects"". Costs a phone 4.4 MB today (estimated).","Young artisan skillfully carving wood in an open-air workshop setting., Gabon",16/9,,pexels:19833705,https://images.pexels.com/photos/19833705/pexels-photo-19833705.jpeg,Musa Ajit,https://www.pexels.com/photo/a-man-sitting-on-a-bench-making-wooden-objects-19833705/
795,P3 defer — no price attached to this country,/places/lesotho/lodges-and-trading-posts.html,lesotho,lodges and trading posts,luxury,yes,yes,yes,4392000,4.39,estimated,4,no price attached,2,no,,no,True,REPLACE,"Add a width to the existing URL — the same ?auto=compress&cs=tinysrgb&w=1200 that 6,188 of the site's 7,496 provider references already carry. No licence, no new asset, no budget, and it does not prejudge whether the photograph is any good.",licence,B — one stock or agency licence at the going rate.,"Opens /places/lesotho/lodges-and-trading-posts.html, the only photograph on it a phone is certain to fetch. No price attached. The picture is wrong: the provider calls it ""aerial view of brown mountains"". Costs a phone 4.4 MB today (estimated).","a mountain lodge with stone buildings at Semonkong, Lesotho",16/9,,pexels:6930224,https://images.pexels.com/photos/6930224/pexels-photo-6930224.jpeg,Tomas Wells,https://www.pexels.com/photo/aerial-view-of-brown-mountains-6930224/
796,P3 defer — no price attached to this country,/places/lesotho/maseru.html,lesotho,maseru,cities,yes,yes,yes,4392000,4.39,estimated,4,no price attached,2,no,,no,True,REPLACE,"Add a width to the existing URL — the same ?auto=compress&cs=tinysrgb&w=1200 that 6,188 of the site's 7,496 provider references already carry. No licence, no new asset, no budget, and it does not prejudge whether the photograph is any good.",licence,B — one stock or agency licence at the going rate.,"Opens /places/lesotho/maseru.html, the only photograph on it a phone is certain to fetch. No price attached. The picture is wrong: relevance 3.4; the provider calls it ""excavator in ruins"". Costs a phone 4.4 MB today (estimated).","the main street and sandstone buildings of Maseru, Lesotho",16/9,,pexels:19547926,https://images.pexels.com/photos/19547926/pexels-photo-19547926.jpeg,Hape Monaheng,https://www.pexels.com/photo/excavator-in-ruins-19547926/
797,P3 defer — no price attached to this country,/places/liberia/kpatawee-and-the-coast.html,liberia,kpatawee and the coast,family-community,yes,yes,yes,4392000,4.39,estimated,4,no price attached,2,no,,no,True,REPLACE,"Add a width to the existing URL — the same ?auto=compress&cs=tinysrgb&w=1200 that 6,188 of the site's 7,496 provider references already carry. No licence, no new asset, no budget, and it does not prejudge whether the photograph is any good.",licence,B — one stock or agency licence at the going rate.,"Opens /places/liberia/kpatawee-and-the-coast.html, the only photograph on it a phone is certain to fetch. No price attached. The picture is wrong: the provider calls it ""patriotic struggle"". Costs a phone 4.4 MB today (estimated).","children swimming in the pool below Kpatawee falls, Liberia",16/9,,pexels:28397919,https://images.pexels.com/photos/28397919/pexels-photo-28397919.jpeg,Isiaka D. Massalay,https://www.pexels.com/photo/patriotic-struggle-28397919/
798,P3 defer — no price attached to this country,/places/liberia/masks-and-country-cloth.html,liberia,masks and country cloth,crafts,yes,yes,yes,4392000,4.39,estimated,4,no price attached,2,no,,no,True,REPLACE,"Add a width to the existing URL — the same ?auto=compress&cs=tinysrgb&w=1200 that 6,188 of the site's 7,496 provider references already carry. No licence, no new asset, no budget, and it does not prejudge whether the photograph is any good.",licence,B — one stock or agency licence at the going rate.,"Opens /places/liberia/masks-and-country-cloth.html, the only photograph on it a phone is certain to fetch. No price attached. The picture is wrong: the provider calls it ""canoe"". Costs a phone 4.4 MB today (estimated).","a carved wooden Dan mask with a smooth blackened surface, Liberia",16/9,,pexels:27832719,https://images.pexels.com/photos/27832719/pexels-photo-27832719.jpeg,B. Aristotlè Guweh Jr,https://www.pexels.com/photo/canoe-27832719/
799,P3 defer — no price attached to this country,/places/liberia/monrovia.html,liberia,monrovia,cities,yes,yes,yes,4392000,4.39,estimated,4,no price attached,2,no,,no,True,REPLACE,"Add a width to the existing URL — the same ?auto=compress&cs=tinysrgb&w=1200 that 6,188 of the site's 7,496 provider references already carry. No licence, no new asset, no budget, and it does not prejudge whether the photograph is any good.",licence,B — one stock or agency licence at the going rate.,"Opens /places/liberia/monrovia.html, the only photograph on it a phone is certain to fetch. No price attached. The picture is wrong: relevance 3.4. Costs a phone 4.4 MB today (estimated).","the waterfront and low skyline of Monrovia, Liberia",16/9,,pexels:32126038,https://images.pexels.com/photos/32126038/pexels-photo-32126038.jpeg,B. Aristotlè Guweh Jr,https://www.pexels.com/photo/young-girl-preparing-fruits-at-monrovia-market-32126038/
800,P3 defer — no price attached to this country,/places/liberia/sapo-on-foot.html,liberia,sapo on foot,outdoor,yes,yes,yes,4392000,4.39,estimated,4,no price attached,2,no,,no,True,REPLACE,"Add a width to the existing URL — the same ?auto=compress&cs=tinysrgb&w=1200 that 6,188 of the site's 7,496 provider references already carry. No licence, no new asset, no budget, and it does not prejudge whether the photograph is any good.",licence,B — one stock or agency licence at the going rate.,"Opens /places/liberia/sapo-on-foot.html, the only photograph on it a phone is certain to fetch. No price attached. The picture is wrong: relevance 2.5. Costs a phone 4.4 MB today (estimated).","a ranger camp under tarpaulins in Sapo rainforest, Liberia",16/9,,pexels:33444184,https://images.pexels.com/photos/33444184/pexels-photo-33444184.jpeg,Leonard StahI,https://www.pexels.com/photo/piel-de-sapo-melon-on-earthy-ground-33444184/
801,P3 defer — no price attached to this country,/places/libya/bazin-and-bsisa.html,libya,bazin and bsisa,food,yes,yes,yes,4392000,4.39,estimated,4,no price attached,2,no,,no,True,REPLACE,"Add a width to the existing URL — the same ?auto=compress&cs=tinysrgb&w=1200 that 6,188 of the site's 7,496 provider references already carry. No licence, no new asset, no budget, and it does not prejudge whether the photograph is any good.",licence,B — one stock or agency licence at the going rate.,"Opens /places/libya/bazin-and-bsisa.html, the only photograph on it a phone is certain to fetch. No price attached. The picture is wrong: the provider calls it ""seafood and rice on table"". Costs a phone 4.4 MB today (estimated).",a shared plate of Libyan bazin with lamb and sauce,16/9,,pexels:20089305,https://images.pexels.com/photos/20089305/pexels-photo-20089305.jpeg,Nothing Ahead,https://www.pexels.com/photo/seafood-and-rice-on-table-20089305/
802,P3 defer — no price attached to this country,/places/madagascar/the-reason-to-come-carefully.html,madagascar,the reason to come carefully,eco-tourism,yes,yes,yes,4392000,4.39,estimated,4,no price attached,2,no,,no,True,REPLACE,"Add a width to the existing URL — the same ?auto=compress&cs=tinysrgb&w=1200 that 6,188 of the site's 7,496 provider references already carry. No licence, no new asset, no budget, and it does not prejudge whether the photograph is any good.",licence,B — one stock or agency licence at the going rate.,"Opens /places/madagascar/the-reason-to-come-carefully.html, the only photograph on it a phone is certain to fetch. No price attached. The picture is wrong: relevance 2.7; the provider calls it ""woman holding sapling"". Costs a phone 4.4 MB today (estimated).",a reforestation nursery beside a Madagascar rainforest park,16/9,,pexels:5629430,https://images.pexels.com/photos/5629430/pexels-photo-5629430.jpeg,Denis Ngai,https://www.pexels.com/photo/woman-holding-sapling-5629430/
803,P3 defer — no price attached to this country,/places/madagascar/the-rova-and-the-royal-hills.html,madagascar,the rova and the royal hills,historic-sites,yes,yes,yes,4392000,4.39,estimated,4,no price attached,2,no,,no,True,REPLACE,"Add a width to the existing URL — the same ?auto=compress&cs=tinysrgb&w=1200 that 6,188 of the site's 7,496 provider references already carry. No licence, no new asset, no budget, and it does not prejudge whether the photograph is any good.",licence,B — one stock or agency licence at the going rate.,"Opens /places/madagascar/the-rova-and-the-royal-hills.html, the only photograph on it a phone is certain to fetch. No price attached. The picture is wrong: relevance 2.7. Costs a phone 4.4 MB today (estimated).","Beautiful rural landscape of Taunggyi, Myanmar with misty hills during dusk., Madagascar",16/9,,pexels:18783416,https://images.pexels.com/photos/18783416/pexels-photo-18783416.jpeg,Zaonar Saizainalin,https://www.pexels.com/photo/town-surrounded-by-mountains-and-hills-at-dusk-18783416/
804,P3 defer — no price attached to this country,/places/malawi/diving-kayak-and-the-massif.html,malawi,diving kayak and the massif,adventure,yes,yes,yes,4392000,4.39,estimated,4,no price attached,2,no,,yes,True,REPLACE,"Add a width to the existing URL — the same ?auto=compress&cs=tinysrgb&w=1200 that 6,188 of the site's 7,496 provider references already carry. No licence, no new asset, no budget, and it does not prejudge whether the photograph is any good.",licence,B — one stock or agency licence at the going rate.,"Opens /places/malawi/diving-kayak-and-the-massif.html, the only photograph on it a phone is certain to fetch. No price attached. The picture is wrong: the provider calls it ""rocks on a lakeshore"". Costs a phone 4.4 MB today (estimated).",kayakers paddling along the rocky shore of Lake Malawi,16/9,,pexels:21364266,https://images.pexels.com/photos/21364266/pexels-photo-21364266.jpeg,Chibili  Mugala,https://www.pexels.com/photo/rocks-on-a-lakeshore-21364266/
805,P3 defer — no price attached to this country,/places/mali/almost-none.html,mali,almost none,luxury,yes,yes,yes,4392000,4.39,estimated,4,no price attached,2,no,,no,True,REPLACE,"Add a width to the existing URL — the same ?auto=compress&cs=tinysrgb&w=1200 that 6,188 of the site's 7,496 provider references already carry. No licence, no new asset, no budget, and it does not prejudge whether the photograph is any good.",licence,B — one stock or agency licence at the going rate.,"Opens /places/mali/almost-none.html, the only photograph on it a phone is certain to fetch. No price attached. The picture is wrong: relevance 3.5; the provider calls it ""brown concrete building near the swimming pool"". Costs a phone 4.4 MB today (estimated).","a courtyard hotel with mud walls in Bamako, Mali",16/9,,pexels:8484840,https://images.pexels.com/photos/8484840/pexels-photo-8484840.jpeg,Denys Gromov,https://www.pexels.com/photo/brown-concrete-building-near-the-swimming-pool-8484840/
806,P3 defer — no price attached to this country,/places/mali/not-the-business-here.html,mali,not the business here,safari,yes,yes,yes,4392000,4.39,estimated,4,no price attached,2,no,,no,True,REPLACE,"Add a width to the existing URL — the same ?auto=compress&cs=tinysrgb&w=1200 that 6,188 of the site's 7,496 provider references already carry. No licence, no new asset, no budget, and it does not prejudge whether the photograph is any good.",licence,B — one stock or agency licence at the going rate.,"Opens /places/mali/not-the-business-here.html, the only photograph on it a phone is certain to fetch. No price attached. The picture is wrong: the provider calls it ""a tree on brown grass field"". Costs a phone 4.4 MB today (estimated).","acacia and dry grassland in the Gourma with a waterhole, Mali",16/9,,pexels:14920948,https://images.pexels.com/photos/14920948/pexels-photo-14920948.jpeg,Harsh,https://www.pexels.com/photo/a-tree-on-brown-grass-field-14920948/
807,P3 defer — no price attached to this country,/places/mauritius/aapravasi-ghat.html,mauritius,aapravasi ghat,historic-sites,yes,yes,yes,4392000,4.39,estimated,4,no price attached,2,no,,no,True,REPLACE,"Add a width to the existing URL — the same ?auto=compress&cs=tinysrgb&w=1200 that 6,188 of the site's 7,496 provider references already carry. No licence, no new asset, no budget, and it does not prejudge whether the photograph is any good.",licence,B — one stock or agency licence at the going rate.,"Opens /places/mauritius/aapravasi-ghat.html, the only photograph on it a phone is certain to fetch. No price attached. The picture is wrong: relevance 2.2. Costs a phone 4.4 MB today (estimated).","A serene boat ride along the Ganges River with a backdrop of Varanasi's historic ghats., Mauritius",16/9,,pexels:38857186,https://images.pexels.com/photos/38857186/pexels-photo-38857186.jpeg,Chandi Saha,https://www.pexels.com/photo/cultural-boat-ride-on-the-ganges-varanasi-38857186/
808,P3 defer — no price attached to this country,/places/mauritius/bringing-back-the-birds.html,mauritius,bringing back the birds,eco-tourism,yes,yes,yes,4392000,4.39,estimated,4,no price attached,2,no,,no,True,REPLACE,"Add a width to the existing URL — the same ?auto=compress&cs=tinysrgb&w=1200 that 6,188 of the site's 7,496 provider references already carry. No licence, no new asset, no budget, and it does not prejudge whether the photograph is any good.",licence,B — one stock or agency licence at the going rate.,"Opens /places/mauritius/bringing-back-the-birds.html, the only photograph on it a phone is certain to fetch. No price attached. The picture is wrong: the provider calls it ""close up of bird"". Costs a phone 4.4 MB today (estimated).","a pink pigeon in Mauritian native forest, Mauritius",16/9,,pexels:15314596,https://images.pexels.com/photos/15314596/pexels-photo-15314596.jpeg,Cyrill,https://www.pexels.com/photo/close-up-of-bird-15314596/
809,P3 defer — no price attached to this country,/places/mauritius/reef-not-savanna.html,mauritius,reef not savanna,safari,yes,yes,yes,4392000,4.39,estimated,4,no price attached,2,no,,no,True,REPLACE,"Add a width to the existing URL — the same ?auto=compress&cs=tinysrgb&w=1200 that 6,188 of the site's 7,496 provider references already carry. No licence, no new asset, no budget, and it does not prejudge whether the photograph is any good.",licence,B — one stock or agency licence at the going rate.,"Opens /places/mauritius/reef-not-savanna.html, the only photograph on it a phone is certain to fetch. No price attached. The picture is wrong: relevance 2.7. Costs a phone 4.4 MB today (estimated).","fruit bats leaving a roost at dusk, Mauritius",16/9,,pexels:29591833,https://images.pexels.com/photos/29591833/pexels-photo-29591833.jpeg,Talha Resitoglu,https://www.pexels.com/photo/cluster-of-bats-hanging-from-trees-in-nature-29591833/
810,P3 defer — no price attached to this country,/places/niger/w-national-park.html,niger,w national park,safari,yes,yes,yes,4392000,4.39,estimated,4,no price attached,2,no,,no,True,REPLACE,"Add a width to the existing URL — the same ?auto=compress&cs=tinysrgb&w=1200 that 6,188 of the site's 7,496 provider references already carry. No licence, no new asset, no budget, and it does not prejudge whether the photograph is any good.",licence,B — one stock or agency licence at the going rate.,"Opens /places/niger/w-national-park.html, the only photograph on it a phone is certain to fetch. No price attached. The picture is wrong: relevance 2.7. Costs a phone 4.4 MB today (estimated).","elephants in tall grass in W National Park, Niger",16/9,,pexels:6983512,https://images.pexels.com/photos/6983512/pexels-photo-6983512.jpeg,Camille Cox,https://www.pexels.com/photo/close-up-of-a-squirrel-on-grass-6983512/
811,P3 defer — no price attached to this country,/places/nigeria/yankari.html,nigeria,yankari,safari,yes,yes,yes,4392000,4.39,estimated,4,no price attached,2,no,,no,True,REPLACE,"Add a width to the existing URL — the same ?auto=compress&cs=tinysrgb&w=1200 that 6,188 of the site's 7,496 provider references already carry. No licence, no new asset, no budget, and it does not prejudge whether the photograph is any good.",licence,B — one stock or agency licence at the going rate.,"Opens /places/nigeria/yankari.html, the only photograph on it a phone is certain to fetch. No price attached. The picture is wrong: relevance 2.7. Costs a phone 4.4 MB today (estimated).","a game track through Yankari savanna at first light, Nigeria",16/9,,pexels:38977140,https://images.pexels.com/photos/38977140/pexels-photo-38977140.jpeg,Ansey Photography,https://www.pexels.com/photo/group-of-female-athletes-in-track-suits-posing-outdoors-38977140/
812,P3 defer — no price attached to this country,/places/sao-tome-and-principe/cocoa-coffee-and-carving.html,sao-tome-and-principe,cocoa coffee and carving,crafts,yes,yes,yes,4392000,4.39,estimated,4,no price attached,2,no,,no,True,REPLACE,"Add a width to the existing URL — the same ?auto=compress&cs=tinysrgb&w=1200 that 6,188 of the site's 7,496 provider references already carry. No licence, no new asset, no budget, and it does not prejudge whether the photograph is any good.",licence,B — one stock or agency licence at the going rate.,"Opens /places/sao-tome-and-principe/cocoa-coffee-and-carving.html, the only photograph on it a phone is certain to fetch. No price attached. The picture is wrong: the provider calls it ""yellow cacao fruit"". Costs a phone 4.4 MB today (estimated).","cocoa beans drying on a wooden rack in the sun, Sao Tome and Principe",16/9,,pexels:8900912,https://images.pexels.com/photos/8900912/pexels-photo-8900912.jpeg,Ákos Helgert,https://www.pexels.com/photo/yellow-cacao-fruit-8900912/
813,P3 defer — no price attached to this country,/places/sao-tome-and-principe/sea-not-savanna.html,sao-tome-and-principe,sea not savanna,safari,yes,yes,yes,4392000,4.39,estimated,4,no price attached,2,no,,no,True,REPLACE,"Add a width to the existing URL — the same ?auto=compress&cs=tinysrgb&w=1200 that 6,188 of the site's 7,496 provider references already carry. No licence, no new asset, no budget, and it does not prejudge whether the photograph is any good.",licence,B — one stock or agency licence at the going rate.,"Opens /places/sao-tome-and-principe/sea-not-savanna.html, the only photograph on it a phone is certain to fetch. No price attached. The picture is wrong: the provider calls it ""sea water washing sandy beach in sunny day"". Costs a phone 4.4 MB today (estimated).","a humpback whale off the coast of Principe, Sao Tome and Principe",16/9,,pexels:4616831,https://images.pexels.com/photos/4616831/pexels-photo-4616831.jpeg,Keith Lobo,https://www.pexels.com/photo/sea-water-washing-sandy-beach-in-sunny-day-4616831/
814,P3 defer — no price attached to this country,/places/somalia/beginning-to-exist.html,somalia,beginning to exist,luxury,yes,yes,yes,4392000,4.39,estimated,4,no price attached,2,no,,no,True,REPLACE,"Add a width to the existing URL — the same ?auto=compress&cs=tinysrgb&w=1200 that 6,188 of the site's 7,496 provider references already carry. No licence, no new asset, no budget, and it does not prejudge whether the photograph is any good.",licence,B — one stock or agency licence at the going rate.,"Opens /places/somalia/beginning-to-exist.html, the only photograph on it a phone is certain to fetch. No price attached. The picture is wrong: relevance 2.0. Costs a phone 4.4 MB today (estimated).","a rooftop terrace restaurant overlooking Hargeisa, Somalia",16/9,,pexels:28492987,https://images.pexels.com/photos/28492987/pexels-photo-28492987.jpeg,Abdulkadir Hiraabe,https://www.pexels.com/photo/military-officer-communicating-on-street-in-hargeisa-28492987/
815,P3 defer — no price attached to this country,/places/somalia/berberas-ottoman-quarter.html,somalia,berberas ottoman quarter,hidden-gems,yes,yes,yes,4392000,4.39,estimated,4,no price attached,2,no,,no,True,REPLACE,"Add a width to the existing URL — the same ?auto=compress&cs=tinysrgb&w=1200 that 6,188 of the site's 7,496 provider references already carry. No licence, no new asset, no budget, and it does not prejudge whether the photograph is any good.",licence,B — one stock or agency licence at the going rate.,"Opens /places/somalia/berberas-ottoman-quarter.html, the only photograph on it a phone is certain to fetch. No price attached. The picture is wrong: relevance 2.7. Costs a phone 4.4 MB today (estimated).","arched Ottoman-era buildings in the old town of Berbera, Somalia",16/9,,pexels:33384319,https://images.pexels.com/photos/33384319/pexels-photo-33384319.jpeg,Cihan Çimen,https://www.pexels.com/photo/byzantine-and-ottoman-architectural-ruins-in-istanbul-33384319/
816,P3 defer — no price attached to this country,/places/somalia/camel-milk-and-bariis.html,somalia,camel milk and bariis,food,yes,yes,yes,4392000,4.39,estimated,4,no price attached,2,no,,no,True,REPLACE,"Add a width to the existing URL — the same ?auto=compress&cs=tinysrgb&w=1200 that 6,188 of the site's 7,496 provider references already carry. No licence, no new asset, no budget, and it does not prejudge whether the photograph is any good.",licence,B — one stock or agency licence at the going rate.,"Opens /places/somalia/camel-milk-and-bariis.html, the only photograph on it a phone is certain to fetch. No price attached. The picture is wrong: the provider calls it ""ready to eat chicken meat with rice"". Costs a phone 4.4 MB today (estimated).","a plate of bariis iskukaris with goat and banana, Somalia",16/9,,pexels:16107645,https://images.pexels.com/photos/16107645/pexels-photo-16107645.jpeg,Anthony Rahayel,https://www.pexels.com/photo/ready-to-eat-chicken-meat-with-rice-16107645/
817,P3 defer — no price attached to this country,/places/south-sudan/the-sudd-holds-the-nile-back.html,south-sudan,the sudd holds the nile back,eco-tourism,yes,yes,yes,4392000,4.39,estimated,4,no price attached,2,no,,no,True,REPLACE,"Add a width to the existing URL — the same ?auto=compress&cs=tinysrgb&w=1200 that 6,188 of the site's 7,496 provider references already carry. No licence, no new asset, no budget, and it does not prejudge whether the photograph is any good.",licence,B — one stock or agency licence at the going rate.,"Opens /places/south-sudan/the-sudd-holds-the-nile-back.html, the only photograph on it a phone is certain to fetch. No price attached. The picture is wrong: the provider calls it ""mountain view beyond the green marsh"". Costs a phone 4.4 MB today (estimated).","papyrus swamp and open channels in the Sudd wetland from the air, South Sudan",16/9,,pexels:8404197,https://images.pexels.com/photos/8404197/pexels-photo-8404197.jpeg,Beyza Eren,https://www.pexels.com/photo/mountain-view-beyond-the-green-marsh-8404197/
818,P3 defer — no price attached to this country,/places/sudan/khartoum-and-omdurman.html,sudan,khartoum and omdurman,cities,yes,yes,yes,4392000,4.39,estimated,4,no price attached,2,no,,no,True,REPLACE,"Add a width to the existing URL — the same ?auto=compress&cs=tinysrgb&w=1200 that 6,188 of the site's 7,496 provider references already carry. No licence, no new asset, no budget, and it does not prejudge whether the photograph is any good.",licence,B — one stock or agency licence at the going rate.,"Opens /places/sudan/khartoum-and-omdurman.html, the only photograph on it a phone is certain to fetch. No price attached. The picture is wrong: relevance 3.9. Costs a phone 4.4 MB today (estimated).","Lively evening marketplace in Marrakech, filled with people and vibrant stalls., Sudan",16/9,,pexels:20895317,https://images.pexels.com/photos/20895317/pexels-photo-20895317.jpeg,Mathias Dargnat,https://www.pexels.com/photo/bazaar-in-city-in-evening-20895317/
819,P3 defer — no price attached to this country,/places/sudan/meroe-nuri-and-el-kurru.html,sudan,meroe nuri and el kurru,historic-sites,yes,yes,yes,4392000,4.39,estimated,4,no price attached,2,no,,no,True,REPLACE,"Add a width to the existing URL — the same ?auto=compress&cs=tinysrgb&w=1200 that 6,188 of the site's 7,496 provider references already carry. No licence, no new asset, no budget, and it does not prejudge whether the photograph is any good.",licence,B — one stock or agency licence at the going rate.,"Opens /places/sudan/meroe-nuri-and-el-kurru.html, the only photograph on it a phone is certain to fetch. No price attached. The picture is wrong: the provider calls it ""ancient temple in egypt"". Costs a phone 4.4 MB today (estimated).","the pyramid field at Nuri with the Nile beyond, Sudan",16/9,,pexels:18934583,https://images.pexels.com/photos/18934583/pexels-photo-18934583.jpeg,AXP Photography,https://www.pexels.com/photo/ancient-temple-in-egypt-18934583/
820,P3 defer — no price attached to this country,/places/sudan/very-little.html,sudan,very little,luxury,yes,yes,yes,4392000,4.39,estimated,4,no price attached,2,no,,no,True,REPLACE,"Add a width to the existing URL — the same ?auto=compress&cs=tinysrgb&w=1200 that 6,188 of the site's 7,496 provider references already carry. No licence, no new asset, no budget, and it does not prejudge whether the photograph is any good.",licence,B — one stock or agency licence at the going rate.,"Opens /places/sudan/very-little.html, the only photograph on it a phone is certain to fetch. No price attached. The picture is wrong: relevance 2.5; the provider calls it ""a tent and desert in the distance"". Costs a phone 4.4 MB today (estimated).","a tented camp on sand within sight of the Meroe pyramids, Sudan",16/9,,pexels:9386245,https://images.pexels.com/photos/9386245/pexels-photo-9386245.jpeg,Hani ryad,https://www.pexels.com/photo/a-tent-and-desert-in-the-distance-9386245/
821,P3 defer — no price attached to this country,/places/togo/mont-agou-at-dawn.html,togo,mont agou at dawn,outdoor,yes,yes,yes,4392000,4.39,estimated,4,no price attached,2,no,,no,True,REPLACE,"Add a width to the existing URL — the same ?auto=compress&cs=tinysrgb&w=1200 that 6,188 of the site's 7,496 provider references already carry. No licence, no new asset, no budget, and it does not prejudge whether the photograph is any good.",licence,B — one stock or agency licence at the going rate.,"Opens /places/togo/mont-agou-at-dawn.html, the only photograph on it a phone is certain to fetch. No price attached. The picture is wrong: relevance 2.5. Costs a phone 4.4 MB today (estimated).","the view from Mont Agou across valleys at first light, Togo",16/9,,pexels:13282612,https://images.pexels.com/photos/13282612/pexels-photo-13282612.jpeg,Gérard PITOIS,https://www.pexels.com/photo/view-of-the-mont-saint-michel-abbey-and-surrounding-houses-13282612/
822,P3 defer — no price attached to this country,/places/tunisia/ksar-ouled-soltane.html,tunisia,ksar ouled soltane,hidden-gems,yes,yes,yes,4392000,4.39,estimated,4,no price attached,2,no,,no,True,REPLACE,"Add a width to the existing URL — the same ?auto=compress&cs=tinysrgb&w=1200 that 6,188 of the site's 7,496 provider references already carry. No licence, no new asset, no budget, and it does not prejudge whether the photograph is any good.",licence,B — one stock or agency licence at the going rate.,"Opens /places/tunisia/ksar-ouled-soltane.html, the only photograph on it a phone is certain to fetch. No price attached. The picture is wrong: the provider calls it ""zahra palace tataouine"". Costs a phone 4.4 MB today (estimated).","the stacked vaulted ksar at Ksar Ouled Soltane, Tunisia",16/9,,pexels:28438444,https://images.pexels.com/photos/28438444/pexels-photo-28438444.jpeg,Mahmoud Yahyaoui,https://www.pexels.com/photo/zahra-palace-tataouine-28438444/
823,P3 defer — no price attached to this country,/places/lesotho/almost-none.html,lesotho,almost none,forests,yes,yes,yes,4047667,4.05,estimated,4,no price attached,4,no,,no,True,REPLACE,"Add a width to the existing URL — the same ?auto=compress&cs=tinysrgb&w=1200 that 6,188 of the site's 7,496 provider references already carry. No licence, no new asset, no budget, and it does not prejudge whether the photograph is any good.",licence,B — one stock or agency licence at the going rate.,"Opens /places/lesotho/almost-none.html, the only photograph on it a phone is certain to fetch. No price attached. The picture is wrong: the provider calls it ""a city with many buildings"". Costs a phone 4.0 MB today (estimated).",a patch of indigenous forest in a sheltered Lesotho gorge,16/9,,unsplash:-YtkaWPrJQM,https://images.unsplash.com/photo-1655546628936-e1a25058e40c,Tatenda Mapigoti,https://unsplash.com/photos/a-city-with-many-buildings--YtkaWPrJQM
824,P3 defer — no price attached to this country,/places/algeria/hoggar-and-tassili.html,algeria,hoggar and tassili,nature,yes,yes,yes,3457316,3.46,estimated,4,no price attached,4,no,,no,True,REPLACE,"Add a width to the existing URL — the same ?auto=compress&cs=tinysrgb&w=1200 that 6,188 of the site's 7,496 provider references already carry. No licence, no new asset, no budget, and it does not prejudge whether the photograph is any good.",licence,B — one stock or agency licence at the going rate.,"Opens /places/algeria/hoggar-and-tassili.html, the only photograph on it a phone is certain to fetch. No price attached. The picture is wrong: the provider calls it ""a lone tree in the middle of a desert"". Costs a phone 3.5 MB today (estimated).","the volcanic pinnacles of the Hoggar massif near Tamanrasset, Algeria",16/9,,unsplash:kUtGunEfgdw,https://images.unsplash.com/photo-1673295377269-5ace32036add,Azzedine Rouichi,https://unsplash.com/photos/a-lone-tree-in-the-middle-of-a-desert-kUtGunEfgdw
825,P3 defer — no price attached to this country,/places/sierra-leone/lantern-parade.html,sierra-leone,lantern parade,festivals,yes,yes,yes,2966100,2.97,estimated,4,no price attached,3,no,,no,True,REPLACE,"Add a width to the existing URL — the same ?auto=compress&cs=tinysrgb&w=1200 that 6,188 of the site's 7,496 provider references already carry. No licence, no new asset, no budget, and it does not prejudge whether the photograph is any good.",licence,B — one stock or agency licence at the going rate.,"Opens /places/sierra-leone/lantern-parade.html, the only photograph on it a phone is certain to fetch. No price attached. The picture is wrong: relevance 3.4; the provider calls it ""woman in blue and black car"". Costs a phone 3.0 MB today (estimated).","illuminated lantern floats moving through Freetown at night, Sierra Leone",16/9,,unsplash:VXxYTECKpkw,https://images.unsplash.com/photo-1582617327865-ec9aba71af8e,Random Institute,https://unsplash.com/photos/woman-in-blue-and-black-car-VXxYTECKpkw
826,P3 defer — no price attached to this country,/places/sao-tome-and-principe/roca-agostinho-neto.html,sao-tome-and-principe,roca agostinho neto,hidden-gems,yes,yes,yes,2754943,2.75,estimated,4,no price attached,2,no,,no,True,REPLACE,"Add a width to the existing URL — the same ?auto=compress&cs=tinysrgb&w=1200 that 6,188 of the site's 7,496 provider references already carry. No licence, no new asset, no budget, and it does not prejudge whether the photograph is any good.",licence,B — one stock or agency licence at the going rate.,"Opens /places/sao-tome-and-principe/roca-agostinho-neto.html, the only photograph on it a phone is certain to fetch. No price attached. The picture is wrong: query broadened to category; the provider calls it ""white and black remote control"". Costs a phone 2.8 MB today (estimated).",Hidden Gems in Sao Tome and Principe,16/9,,unsplash:dTa1LJAJvhI,https://images.unsplash.com/photo-1621703455854-050a995b6d10,James Yarema,https://unsplash.com/photos/white-and-black-remote-control-dTa1LJAJvhI
827,P3 defer — no price attached to this country,/places/algeria/ghardaia.html,algeria,ghardaia,hidden-gems,yes,yes,yes,2536551,2.54,estimated,4,no price attached,2,no,,no,True,REPLACE,"Add a width to the existing URL — the same ?auto=compress&cs=tinysrgb&w=1200 that 6,188 of the site's 7,496 provider references already carry. No licence, no new asset, no budget, and it does not prejudge whether the photograph is any good.",licence,B — one stock or agency licence at the going rate.,"Opens /places/algeria/ghardaia.html, the only photograph on it a phone is certain to fetch. No price attached. The picture is wrong: relevance 3.8; the provider calls it ""brown and white concrete houses during daytime"". Costs a phone 2.5 MB today (estimated).","the pyramid-stacked town of Ghardaia rising to its mosque, Algeria",16/9,,unsplash:niP2ckJWGHM,https://images.unsplash.com/photo-1599373527966-9a2c9e33ea9d,mido art,https://unsplash.com/photos/brown-and-white-concrete-houses-during-daytime-niP2ckJWGHM
828,P3 defer — no price attached to this country,/places/algeria/water-in-a-dry-country.html,algeria,water in a dry country,waterfalls,yes,yes,yes,2380527,2.38,estimated,4,no price attached,3,no,,no,True,REPLACE,"Add a width to the existing URL — the same ?auto=compress&cs=tinysrgb&w=1200 that 6,188 of the site's 7,496 provider references already carry. No licence, no new asset, no budget, and it does not prejudge whether the photograph is any good.",licence,B — one stock or agency licence at the going rate.,"Opens /places/algeria/water-in-a-dry-country.html, the only photograph on it a phone is certain to fetch. No price attached. The picture is wrong: relevance 3.8. Costs a phone 2.4 MB today (estimated).","the Kefrida waterfall falling through green forest in Bejaia province, Algeria",16/9,,unsplash:IRfHObL_SWM,https://images.unsplash.com/photo-1630838791660-28178a2d9f9f,Halima Bouchouicha,https://unsplash.com/photos/green-and-brown-mountain-beside-blue-body-of-water-during-daytime-IRfHObL_SWM
829,P3 defer — no price attached to this country,/places/algeria/the-casbah-and-the-mzab.html,algeria,the casbah and the mzab,architecture,yes,yes,yes,2231276,2.23,estimated,4,no price attached,3,no,,no,True,REPLACE,"Add a width to the existing URL — the same ?auto=compress&cs=tinysrgb&w=1200 that 6,188 of the site's 7,496 provider references already carry. No licence, no new asset, no budget, and it does not prejudge whether the photograph is any good.",licence,B — one stock or agency licence at the going rate.,"Opens /places/algeria/the-casbah-and-the-mzab.html, the only photograph on it a phone is certain to fetch. No price attached. The picture is wrong: the provider calls it ""an empty street with a bench in the middle"". Costs a phone 2.2 MB today (estimated).","the tiered houses and minaret of Ghardaia in the M'zab valley, Algeria",16/9,,unsplash:iRJwakbqriY,https://images.unsplash.com/photo-1681445714444-123678aa1220,Ãbdøû Mâïstrø,https://unsplash.com/photos/an-empty-street-with-a-bench-in-the-middle-iRJwakbqriY
830,P3 defer — no price attached to this country,/places/algeria/timgad-and-djemila.html,algeria,timgad and djemila,historic-sites,yes,yes,yes,2231276,2.23,estimated,4,no price attached,2,no,,no,True,REPLACE,"Add a width to the existing URL — the same ?auto=compress&cs=tinysrgb&w=1200 that 6,188 of the site's 7,496 provider references already carry. No licence, no new asset, no budget, and it does not prejudge whether the photograph is any good.",licence,B — one stock or agency licence at the going rate.,"Opens /places/algeria/timgad-and-djemila.html, the only photograph on it a phone is certain to fetch. No price attached. The picture is wrong: the provider calls it ""a stone building with arched windows"". Costs a phone 2.2 MB today (estimated).","the Roman ruins and triumphal arch of Timgad on the high plateau, Algeria",16/9,,unsplash:q6Xq7OwK95c,https://images.unsplash.com/photo-1669356771785-3af414591b4a,Yamine Kettal,https://unsplash.com/photos/a-stone-building-with-arched-windows-q6Xq7OwK95c
831,P3 defer — no price attached to this country,/places/algeria/three-languages-before-lunch.html,algeria,three languages before lunch,culture,yes,yes,yes,2226498,2.23,estimated,4,no price attached,4,no,,yes,True,REPLACE,"Add a width to the existing URL — the same ?auto=compress&cs=tinysrgb&w=1200 that 6,188 of the site's 7,496 provider references already carry. No licence, no new asset, no budget, and it does not prejudge whether the photograph is any good.",licence,B — one stock or agency licence at the going rate.,"Opens /places/algeria/three-languages-before-lunch.html, the only photograph on it a phone is certain to fetch. No price attached. The picture is wrong: the provider calls it ""a white building with a painting on the side of it"". Costs a phone 2.2 MB today (estimated).","a busy street in the Casbah of Algiers with people talking, Algeria",16/9,,unsplash:afmAgONxaMk,https://images.unsplash.com/photo-1631995872935-d964797502e0,Azzedine Rouichi,https://unsplash.com/photos/a-white-building-with-a-painting-on-the-side-of-it-afmAgONxaMk
832,P3 defer — no price attached to this country,/places/algeria/desert-watching-not-game-driving.html,algeria,desert watching not game driving,safari,yes,yes,yes,2196000,2.20,estimated,4,no price attached,2,no,,no,True,REPLACE,"Add a width to the existing URL — the same ?auto=compress&cs=tinysrgb&w=1200 that 6,188 of the site's 7,496 provider references already carry. No licence, no new asset, no budget, and it does not prejudge whether the photograph is any good.",licence,B — one stock or agency licence at the going rate.,"Opens /places/algeria/desert-watching-not-game-driving.html, the only photograph on it a phone is certain to fetch. No price attached. The picture is wrong: the provider calls it ""a mountain in the distance"". Costs a phone 2.2 MB today (estimated).",a guide reading animal tracks in sand in the Algerian Sahara,16/9,,unsplash:UCY2kuWl3n8,https://images.unsplash.com/photo-1666984496557-08a3102eb61c,Azzedine Rouichi,https://unsplash.com/photos/a-mountain-in-the-distance-UCY2kuWl3n8
833,P3 defer — no price attached to this country,/places/mauritius/le-morne.html,mauritius,le morne,heritage,yes,yes,yes,2161004,2.16,estimated,4,no price attached,3,no,,no,True,REPLACE,"Add a width to the existing URL — the same ?auto=compress&cs=tinysrgb&w=1200 that 6,188 of the site's 7,496 provider references already carry. No licence, no new asset, no budget, and it does not prejudge whether the photograph is any good.",licence,B — one stock or agency licence at the going rate.,"Opens /places/mauritius/le-morne.html, the only photograph on it a phone is certain to fetch. No price attached. The picture is wrong: relevance 3.2; the provider calls it ""green trees near beach overlooking horizon at daytim"". Costs a phone 2.2 MB today (estimated).","Le Morne Brabant seen from the lagoon, Mauritius",16/9,,unsplash:-5UEyBFp-fE,https://images.unsplash.com/photo-1540966531224-dfb02d2f5967,Colours of Mauritius,https://unsplash.com/photos/green-trees-near-beach-overlooking-horizon-at-daytime--5UEyBFp-fE
834,P3 defer — no price attached to this country,/places/sierra-leone/the-moa-and-the-rokel.html,sierra-leone,the moa and the rokel,lakes-rivers,yes,yes,yes,1986064,1.99,estimated,4,no price attached,3,no,,no,True,REPLACE,"Add a width to the existing URL — the same ?auto=compress&cs=tinysrgb&w=1200 that 6,188 of the site's 7,496 provider references already carry. No licence, no new asset, no budget, and it does not prejudge whether the photograph is any good.",licence,B — one stock or agency licence at the going rate.,"Opens /places/sierra-leone/the-moa-and-the-rokel.html, the only photograph on it a phone is certain to fetch. No price attached. The picture is wrong: the provider calls it ""a blue boat sitting on top of a sandy beach"". Costs a phone 2.0 MB today (estimated).","the wide Moa river running past forested banks at Tiwai, Sierra Leone",16/9,,unsplash:mwJBLHQCerw,https://images.unsplash.com/photo-1676190761881-863f026c5d8e,Daniel Camejo Rodríguez,https://unsplash.com/photos/a-blue-boat-sitting-on-top-of-a-sandy-beach-mwJBLHQCerw
835,P3 defer — no price attached to this country,/places/sierra-leone/growing.html,sierra-leone,growing,luxury,yes,yes,yes,1847302,1.85,estimated,4,no price attached,2,no,,no,True,REPLACE,"Add a width to the existing URL — the same ?auto=compress&cs=tinysrgb&w=1200 that 6,188 of the site's 7,496 provider references already carry. No licence, no new asset, no budget, and it does not prejudge whether the photograph is any good.",licence,B — one stock or agency licence at the going rate.,"Opens /places/sierra-leone/growing.html, the only photograph on it a phone is certain to fetch. No price attached. The picture is wrong: relevance 2.9; the provider calls it ""aerial view of body of water during daytime"". Costs a phone 1.8 MB today (estimated).","a beach lodge among palms at Tokeh, Sierra Leone",16/9,,unsplash:VCsLRRvKE1c,https://images.unsplash.com/photo-1611395813517-41f9be5e292d,radwan skeiky,https://unsplash.com/photos/aerial-view-of-body-of-water-during-daytime-VCsLRRvKE1c
836,P3 defer — no price attached to this country,/places/algeria/chotts-and-oases.html,algeria,chotts and oases,lakes-rivers,yes,yes,yes,1651392,1.65,estimated,4,no price attached,3,no,,no,True,REPLACE,"Add a width to the existing URL — the same ?auto=compress&cs=tinysrgb&w=1200 that 6,188 of the site's 7,496 provider references already carry. No licence, no new asset, no budget, and it does not prejudge whether the photograph is any good.",licence,B — one stock or agency licence at the going rate.,"Opens /places/algeria/chotts-and-oases.html, the only photograph on it a phone is certain to fetch. No price attached. The picture is wrong: relevance 2.3. Costs a phone 1.7 MB today (estimated).","the palm oasis and red ksar walls of Timimoun in the Gourara, Algeria",16/9,,unsplash:blLny60Ph8Q,https://images.unsplash.com/photo-1647471005035-4061d6b6902b,Fati Ma,https://unsplash.com/photos/a-palm-tree-in-front-of-a-building-blLny60Ph8Q
