rank,wave,class,sourceKey,commercial tier,tier why,country deficiency,priority,country,destination,category,required subject,required composition,widest display px,action,acquisition route,cost band,canonical asset id,current reference,replacement filename,pages,hero on,first page,why,current provider,current photographer,current source
1,"W1 re-crop, commercially live",RECROP,pexels:32459095,1,operator — bookable today,59%,P1,namibia,,hero,"red dunes at Sossusvlei with long morning shadows, Namibia",4/3 and 16/9,2400,cut a second crop from the file we already hold,re-crop,"A — none. We hold the file; this is an hour of somebody's attention, not a purchase.",AKL-000407,https://images.pexels.com/photos/32459095/pexels-photo-32459095.jpeg,namibia/hero/red-dunes-at-sossusvlei-with-long-morning-shadows-namibia.avif,2,/tourism/namibia.html,/tourism/index.html,"relevance 7.5, subject query, names its country",pexels,Edoardo Tommasini,https://www.pexels.com/photo/stunning-sand-dunes-and-trees-in-namib-desert-32459095/
2,"W1 re-crop, commercially live",RECROP,unsplash:MlCHlQtFKhg,1,operator — bookable today,59%,P3,namibia,self drive country,adventure,"a gravel road running straight to the horizon, Namibia",16/9,1800,cut a second crop from the file we already hold,re-crop,"A — none. We hold the file; this is an hour of somebody's attention, not a purchase.",AKL-000403,https://images.unsplash.com/photo-1565204630921-bbafec59a229,namibia/adventure/a-gravel-road-running-straight-to-the-horizon-namibia.avif,2,/places/namibia/self-drive-country.html,/places/namibia/self-drive-country.html,"relevance 4.0, subject query, names its country",unsplash,Vicky Sim,https://unsplash.com/photos/brown-road-MlCHlQtFKhg
3,"W1 re-crop, commercially live",RECROP,pexels:35274058,1,operator — bookable today,59%,P3,namibia,eleven peoples,culture,"a Herero woman in traditional dress, Namibia",16/9,1800,cut a second crop from the file we already hold,re-crop,"A — none. We hold the file; this is an hour of somebody's attention, not a purchase.",AKL-000405,https://images.pexels.com/photos/35274058/pexels-photo-35274058.jpeg,namibia/culture/a-herero-woman-in-traditional-dress-namibia.avif,3,/places/namibia/eleven-peoples.html,/places/namibia/eleven-peoples.html,"relevance 4.0, subject query, names its country",pexels,Khulani Faniso,https://www.pexels.com/photo/traditional-african-attire-couple-portrait-35274058/
4,"W1 re-crop, commercially live",RECROP,pexels:34780711,1,operator — bookable today,59%,P3,namibia,desert adapted wildlife,wildlife,"a desert-adapted elephant in a dry riverbed, Namibia",16/9,1800,cut a second crop from the file we already hold,re-crop,"A — none. We hold the file; this is an hour of somebody's attention, not a purchase.",AKL-000413,https://images.pexels.com/photos/34780711/pexels-photo-34780711.jpeg,namibia/wildlife/a-desert-adapted-elephant-in-a-dry-riverbed-namibia.avif,3,/places/namibia/desert-adapted-wildlife.html,/places/namibia/desert-adapted-wildlife.html,"relevance 5.5, subject query, names its country",pexels,Rino Adamo,https://www.pexels.com/photo/african-elephants-at-a-waterhole-in-namibia-34780711/
5,"W1 re-crop, commercially live",RECROP,unsplash:NrrzGBcU6aM,1,operator — bookable today,38%,P3,uganda,half the worlds gorillas,why-visit,"a silverback mountain gorilla resting in the Bwindi undergrowth, Uganda",16/9 and 21/9,2400,cut a second crop from the file we already hold,re-crop,"A — none. We hold the file; this is an hour of somebody's attention, not a purchase.",AKL-000606,https://images.unsplash.com/photo-1620148878899-7c9b16ce9651,uganda/why-visit/a-silverback-mountain-gorilla-resting-in-the-bwindi-undergrowth-uganda.avif,2,/places/uganda/half-the-worlds-gorillas.html,/places/uganda/half-the-worlds-gorillas.html,"relevance 5.4, subject query, names its country",unsplash,Ylenia Vimercati Molano,https://unsplash.com/photos/black-gorilla-on-green-grass-during-daytime-NrrzGBcU6aM
6,"W1 re-crop, commercially live",RECROP,unsplash:ayK9OL49mq4,1,operator — bookable today,38%,P3,uganda,wildlife encounters,wildlife,"a mountain gorilla in the Bwindi Impenetrable Forest, Uganda",16/9,1800,cut a second crop from the file we already hold,re-crop,"A — none. We hold the file; this is an hour of somebody's attention, not a purchase.",AKL-000607,https://images.unsplash.com/photo-1711198598802-c890ae001719,uganda/wildlife/a-mountain-gorilla-in-the-bwindi-impenetrable-forest-uganda.avif,3,/places/uganda/wildlife-encounters.html,/places/uganda/wildlife-encounters.html,"relevance 6.0, subject query, names its country",unsplash,Gabriel Schumacher,https://unsplash.com/photos/a-black-gorilla-laying-in-the-middle-of-a-forest-ayK9OL49mq4
7,"W1 re-crop, commercially live",RECROP,unsplash:tZ_SGsO5aK4,2,"priced route — East, South and continental",81%,P3,botswana,the largest elephant population,wildlife,"elephants coming down to the Chobe river in late light, Botswana",16/9,1800,cut a second crop from the file we already hold,re-crop,"A — none. We hold the file; this is an hour of somebody's attention, not a purchase.",AKL-000031,https://images.unsplash.com/photo-1736705245463-8347e6828558,botswana/wildlife/elephants-coming-down-to-the-chobe-river-in-late-light-botswana.avif,4,/places/botswana/the-largest-elephant-population.html,/botswana.html,"relevance 6.0, subject query, names its country",unsplash,Travel2Africa,https://unsplash.com/photos/a-group-of-elephants-walking-across-a-body-of-water-tZ_SGsO5aK4
8,"W1 re-crop, commercially live",RECROP,pexels:8944070,2,"priced route — East, South and continental",65%,P3,zimbabwe,hwanges elephant,wildlife,"elephants crowding a pumped waterhole in Hwange, Zimbabwe",16/9,1800,cut a second crop from the file we already hold,re-crop,"A — none. We hold the file; this is an hour of somebody's attention, not a purchase.",AKL-000629,https://images.pexels.com/photos/8944070/pexels-photo-8944070.jpeg,zimbabwe/wildlife/elephants-crowding-a-pumped-waterhole-in-hwange-zimbabwe.avif,4,/places/zimbabwe/hwanges-elephant.html,/zimbabwe.html,"relevance 4.5, subject query, names its country",pexels,Dorota Semla,https://www.pexels.com/photo/herd-of-elephants-standing-on-a-ground-8944070/
9,"W1 re-crop, commercially live",RECROP,pexels:36597753,2,"priced route — East, South and continental",59%,P1,south-africa,,hero,"Table Mountain above Cape Town and the harbour at sunrise, South Africa",4/3 and 16/9,2400,cut a second crop from the file we already hold,re-crop,"A — none. We hold the file; this is an hour of somebody's attention, not a purchase.",AKL-000515,https://images.pexels.com/photos/36597753/pexels-photo-36597753.jpeg,south-africa/hero/table-mountain-above-cape-town-and-the-harbour-at-sunrise-south-africa.avif,2,/tourism/south-africa.html,/tourism/index.html,"relevance 6.0, subject query, names its country",pexels,Adrien Olichon,https://www.pexels.com/photo/majestic-view-of-table-mountain-from-the-highway-36597753/
10,"W1 re-crop, commercially live",RECROP,pexels:32721025,2,"priced route — East, South and continental",59%,P3,south-africa,eleven languages,culture,"Zulu dancers in traditional dress in KwaZulu-Natal, South Africa",16/9,1800,cut a second crop from the file we already hold,re-crop,"A — none. We hold the file; this is an hour of somebody's attention, not a purchase.",AKL-000514,https://images.pexels.com/photos/32721025/pexels-photo-32721025.jpeg,south-africa/culture/zulu-dancers-in-traditional-dress-in-kwazulu-natal-south-africa.avif,4,/places/south-africa/eleven-languages.html,/south-africa.html,"relevance 6.0, subject query, names its country",pexels,Ryan Lansdown,https://www.pexels.com/photo/nguni-cattle-grazing-in-scenic-kwazulu-natal-landscape-32721025/
11,"W1 re-crop, commercially live",RECROP,unsplash:8XuOyTucsaI,2,"priced route — East, South and continental",52%,P1,tanzania,,hero,"the endless short-grass plains of the Serengeti at sunrise, Tanzania",4/3 and 16/9,2400,cut a second crop from the file we already hold,re-crop,"A — none. We hold the file; this is an hour of somebody's attention, not a purchase.",AKL-000554,https://images.unsplash.com/photo-1616094729710-0969aae40cc0,tanzania/hero/the-endless-short-grass-plains-of-the-serengeti-at-sunrise-tanzania.avif,2,/tourism/tanzania.html,/tourism/index.html,"relevance 6.0, subject query, names its country",unsplash,Dmitrii Zhodzishskii,https://unsplash.com/photos/green-tree-on-green-grass-field-during-daytime-8XuOyTucsaI
12,"W1 re-crop, commercially live",RECROP,unsplash:MTkNBoP3Bpk,2,"priced route — East, South and continental",52%,P3,tanzania,uhuru peak by machame,adventure,"trekkers on the Machame route high on Kilimanjaro, Tanzania",16/9,1800,cut a second crop from the file we already hold,re-crop,"A — none. We hold the file; this is an hour of somebody's attention, not a purchase.",AKL-000546,https://images.unsplash.com/photo-1766401744148-0d6b442c57e8,tanzania/adventure/trekkers-on-the-machame-route-high-on-kilimanjaro-tanzania.avif,2,/places/tanzania/uhuru-peak-by-machame.html,/places/tanzania/uhuru-peak-by-machame.html,"relevance 4.7, subject query, names its country",unsplash,Twende Africa Tours,https://unsplash.com/photos/snow-capped-mountain-peak-under-a-blue-sky-MTkNBoP3Bpk
13,"W1 re-crop, commercially live",RECROP,unsplash:LMkvk7zChEo,2,"priced route — East, South and continental",52%,P3,tanzania,maasai chagga swahili,culture,Maasai men in ceremonial dress on the northern Tanzanian plains,16/9,1800,cut a second crop from the file we already hold,re-crop,"A — none. We hold the file; this is an hour of somebody's attention, not a purchase.",AKL-000550,https://images.unsplash.com/photo-1580688967149-1c842af3177b,tanzania/culture/maasai-men-in-ceremonial-dress-on-the-northern-tanzanian-plains.avif,4,/places/tanzania/maasai-chagga-swahili.html,/tanzania.html,"relevance 6.0, subject query, names its country",unsplash,Magdalena Kula Manchee,https://unsplash.com/photos/woman-in-red-and-white-dress-wearing-black-leather-boots-LMkvk7zChEo
14,"W1 re-crop, commercially live",RECROP,pexels:30172599,2,"priced route — East, South and continental",48%,P3,zambia,devils pool and the gorge,adventure,"rafting the grade five rapids in the Batoka gorge below Victoria Falls, Zambia",16/9,1800,cut a second crop from the file we already hold,re-crop,"A — none. We hold the file; this is an hour of somebody's attention, not a purchase.",AKL-000608,https://images.pexels.com/photos/30172599/pexels-photo-30172599.jpeg,zambia/adventure/rafting-the-grade-five-rapids-in-the-batoka-gorge-below-victoria-falls.avif,2,/places/zambia/devils-pool-and-the-gorge.html,/places/zambia/devils-pool-and-the-gorge.html,"relevance 4.7, subject query, names its country",pexels,Kabwe Kabwe,https://www.pexels.com/photo/majestic-victoria-falls-bridge-with-rainbow-30172599/
15,"W1 re-crop, commercially live",RECROP,pexels:36467687,2,"priced route — East, South and continental",48%,P3,zambia,leopard country,wildlife,"a leopard in a sausage tree in the South Luangwa valley, Zambia",16/9,1800,cut a second crop from the file we already hold,re-crop,"A — none. We hold the file; this is an hour of somebody's attention, not a purchase.",AKL-000620,https://images.pexels.com/photos/36467687/pexels-photo-36467687.jpeg,zambia/wildlife/a-leopard-in-a-sausage-tree-in-the-south-luangwa-valley-zambia.avif,4,/places/zambia/leopard-country.html,/zambia.html,"relevance 4.0, subject query, names its country",pexels,Ana Kenk,https://www.pexels.com/photo/traditional-village-and-landscape-in-zambia-36467687/
16,"W1 re-crop, commercially live",RECROP,pexels:32806081,2,"priced route — East, South and continental",46%,P3,rwanda,the congo nile trail,adventure,"a cyclist on the Congo Nile Trail above Lake Kivu, Rwanda",16/9,1800,cut a second crop from the file we already hold,re-crop,"A — none. We hold the file; this is an hour of somebody's attention, not a purchase.",AKL-000439,https://images.pexels.com/photos/32806081/pexels-photo-32806081.jpeg,rwanda/adventure/a-cyclist-on-the-congo-nile-trail-above-lake-kivu-rwanda.avif,2,/places/rwanda/the-congo-nile-trail.html,/places/rwanda/the-congo-nile-trail.html,"relevance 4.7, subject query, names its country",pexels,Edouard MIHIGO,https://www.pexels.com/photo/group-of-men-rowing-a-wooden-boat-on-calm-lake-32806081/
17,"W1 re-crop, commercially live",RECROP,pexels:36470601,2,"priced route — East, South and continental",46%,P3,rwanda,intore the dance of heroes,culture,Intore dancers in grass headdresses performing in Rwanda,16/9,1800,cut a second crop from the file we already hold,re-crop,"A — none. We hold the file; this is an hour of somebody's attention, not a purchase.",AKL-000441,https://images.pexels.com/photos/36470601/pexels-photo-36470601.jpeg,rwanda/culture/intore-dancers-in-grass-headdresses-performing-in-rwanda.avif,4,/places/rwanda/intore-the-dance-of-heroes.html,/rwanda.html,"relevance 4.0, subject query, names its country",pexels,Ana Kenk,https://www.pexels.com/photo/aerial-view-of-kigali-city-landscape-rwanda-36470601/
18,"W1 re-crop, commercially live",RECROP,pexels:35717988,2,"priced route — East, South and continental",33%,P3,kenya,balloon over the mara,adventure,"a hot-air balloon over the Maasai Mara plains at sunrise, Kenya",16/9,1800,cut a second crop from the file we already hold,re-crop,"A — none. We hold the file; this is an hour of somebody's attention, not a purchase.",AKL-000264,https://images.pexels.com/photos/35717988/pexels-photo-35717988.jpeg,kenya/adventure/a-hot-air-balloon-over-the-maasai-mara-plains-at-sunrise-kenya.avif,2,/places/kenya/balloon-over-the-mara.html,/places/kenya/balloon-over-the-mara.html,"relevance 5.6, subject query, names its country",pexels,Fali  Poncha,https://www.pexels.com/photo/majestic-lion-in-kenyan-maasai-mara-landscape-35717988/
19,"W1 re-crop, commercially live",RECROP,pexels:31151819,2,"priced route — East, South and continental",33%,P3,kenya,maasai and swahili,culture,"Maasai elders in red shuka cloth on the open plains, Kenya",16/9,1800,cut a second crop from the file we already hold,re-crop,"A — none. We hold the file; this is an hour of somebody's attention, not a purchase.",AKL-000268,https://images.pexels.com/photos/31151819/pexels-photo-31151819.jpeg,kenya/culture/maasai-elders-in-red-shuka-cloth-on-the-open-plains-kenya.avif,4,/places/kenya/maasai-and-swahili.html,/kenya.html,"relevance 7.5, subject query, names its country",pexels,Mr Sketch,https://www.pexels.com/photo/maasai-woman-in-traditional-attire-smiling-outdoors-31151819/
20,"W1 re-crop, commercially live",RECROP,pexels:23831844,2,"priced route — East, South and continental",33%,P3,kenya,magical kenya,why-visit,acacia silhouetted against a red sunset on the Kenyan savannah,16/9 and 21/9,2400,cut a second crop from the file we already hold,re-crop,"A — none. We hold the file; this is an hour of somebody's attention, not a purchase.",AKL-000280,https://images.pexels.com/photos/23831844/pexels-photo-23831844.jpeg,kenya/why-visit/acacia-silhouetted-against-a-red-sunset-on-the-kenyan-savannah.avif,2,/places/kenya/magical-kenya.html,/places/kenya/magical-kenya.html,"relevance 5.4, subject query, names its country",pexels,Image  Noise,https://www.pexels.com/photo/sunset-on-safari-23831844/
21,"W1 re-crop, commercially live",RECROP,pexels:33235130,3,priced route — West,77%,P3,cote-divoire,ta and como,wildlife,"A dense, vibrant green forest canopy bathed in sunlight, showcasing nature's beauty., Côte d'Ivoire",16/9,1800,cut a second crop from the file we already hold,re-crop,"A — none. We hold the file; this is an hour of somebody's attention, not a purchase.",AKL-000117,https://images.pexels.com/photos/33235130/pexels-photo-33235130.jpeg,cote-divoire/wildlife/a-dense-vibrant-green-forest-canopy-bathed-in-sunlight-showcasing-natu.avif,4,/places/cote-divoire/ta-and-como.html,/cote-divoire.html,"relevance 4.5, subject query, names its country",pexels,Diego Girón,https://www.pexels.com/photo/lush-green-forest-canopy-in-sunlight-33235130/
22,"W1 re-crop, commercially live",RECROP,pexels:30372869,3,priced route — West,68%,P1,guinea,,hero,"green plateau and sandstone cliffs in the Fouta Djallon, Guinea",16/9 and 4/3,2400,cut a second crop from the file we already hold,re-crop,"A — none. We hold the file; this is an hour of somebody's attention, not a purchase.",AKL-000259,https://images.pexels.com/photos/30372869/pexels-photo-30372869.jpeg,guinea/hero/green-plateau-and-sandstone-cliffs-in-the-fouta-djallon-guinea.avif,2,/tourism/guinea.html,/tourism/guinea.html,"relevance 4.5, subject query, names its country",pexels,ansar photography,https://www.pexels.com/photo/rugged-sandstone-cliff-with-green-vegetation-30372869/
23,"W1 re-crop, commercially live",RECROP,pexels:3561167,3,priced route — West,59%,P1,ghana,,hero,"the white walls of Cape Coast castle above the Atlantic, Ghana",16/9 and 4/3,2400,cut a second crop from the file we already hold,re-crop,"A — none. We hold the file; this is an hour of somebody's attention, not a purchase.",AKL-000237,https://images.pexels.com/photos/3561167/pexels-photo-3561167.jpeg,ghana/hero/the-white-walls-of-cape-coast-castle-above-the-atlantic-ghana.avif,2,/tourism/ghana.html,/tourism/ghana.html,"relevance 6.0, subject query, names its country",pexels,Seyiram Kweku,https://www.pexels.com/photo/green-tent-on-beach-in-ghana-3561167/
24,"W1 re-crop, commercially live",RECROP,pexels:17767118,3,priced route — West,59%,P3,ghana,canopy surf and lake,adventure,"Two people hiking on grassy hills during sunrise, with scenic views and nature around., Ghana",16/9,1800,cut a second crop from the file we already hold,re-crop,"A — none. We hold the file; this is an hour of somebody's attention, not a purchase.",AKL-000231,https://images.pexels.com/photos/17767118/pexels-photo-17767118.jpeg,ghana/adventure/two-people-hiking-on-grassy-hills-during-sunrise-with-scenic-views-and.avif,2,/places/ghana/canopy-surf-and-lake.html,/places/ghana/canopy-surf-and-lake.html,"relevance 4.7, subject query, names its country",pexels,Matheus Bertelli,https://www.pexels.com/photo/people-hiking-on-footpath-on-green-hill-17767118/
25,"W1 re-crop, commercially live",RECROP,pexels:35447814,3,priced route — West,59%,P3,ghana,mole and ankasa,wildlife,"A herd of African bush elephants (Loxodonta africana) enjoying a waterhole in their natural habitat., Ghana",16/9,1800,cut a second crop from the file we already hold,re-crop,"A — none. We hold the file; this is an hour of somebody's attention, not a purchase.",AKL-000241,https://images.pexels.com/photos/35447814/pexels-photo-35447814.jpeg,ghana/wildlife/a-herd-of-african-bush-elephants-loxodonta-africana-enjoying-a-waterho.avif,4,/places/ghana/mole-and-ankasa.html,/ghana.html,"relevance 4.8, subject query, names its country",pexels,Derek Keats,https://www.pexels.com/photo/family-of-african-elephants-at-waterhole-35447814/
26,"W1 re-crop, commercially live",RECROP,pexels:32656543,3,priced route — West,48%,P3,guinea-bissau,why guinea bissau,why-visit,"a pirogue crossing still water between two Bijagos islands, Guinea-Bissau",16/9 and 21/9,2400,cut a second crop from the file we already hold,re-crop,"A — none. We hold the file; this is an hour of somebody's attention, not a purchase.",AKL-000254,https://images.pexels.com/photos/32656543/pexels-photo-32656543.jpeg,guinea-bissau/why-visit/a-pirogue-crossing-still-water-between-two-bijagos-islands-guinea-biss.avif,2,/places/guinea-bissau/why-guinea-bissau.html,/places/guinea-bissau/why-guinea-bissau.html,"relevance 5.4, subject query, names its country",pexels,Alex Fanaso,https://www.pexels.com/photo/traditional-canoe-fishing-in-papua-new-guinea-32656543/
27,"W1 re-crop, commercially live",RECROP,pexels:33621884,3,priced route — West,48%,P3,guinea-bissau,saltwater hippos,wildlife,"a hippo in shallow salt water off Orango island, Guinea-Bissau",16/9,1800,cut a second crop from the file we already hold,re-crop,"A — none. We hold the file; this is an hour of somebody's attention, not a purchase.",AKL-000255,https://images.pexels.com/photos/33621884/pexels-photo-33621884.jpeg,guinea-bissau/wildlife/a-hippo-in-shallow-salt-water-off-orango-island-guinea-bissau.avif,4,/places/guinea-bissau/saltwater-hippos.html,/guinea-bissau.html,"relevance 4.5, subject query, names its country",pexels,K,https://www.pexels.com/photo/aerial-view-of-hippos-in-south-african-river-33621884/
28,"W1 re-crop, commercially live",RECROP,pexels:18284888,3,priced route — West,42%,P1,gambia,,hero,"the wide Gambia river with mangrove banks at sunset, The Gambia",16/9 and 4/3,2400,cut a second crop from the file we already hold,re-crop,"A — none. We hold the file; this is an hour of somebody's attention, not a purchase.",AKL-000223,https://images.pexels.com/photos/18284888/pexels-photo-18284888.jpeg,gambia/hero/the-wide-gambia-river-with-mangrove-banks-at-sunset-the-gambia.avif,2,/tourism/gambia.html,/tourism/gambia.html,"relevance 6.0, subject query, names its country",pexels,Ihsan Adityawarman,https://www.pexels.com/photo/man-fishing-with-with-a-net-in-a-muddy-river-18284888/
29,"W1 re-crop, commercially live",RECROP,pexels:32163741,3,priced route — West,42%,P3,gambia,why the gambia,why-visit,a small boat on the Gambia river with mangrove either side,16/9 and 21/9,2400,cut a second crop from the file we already hold,re-crop,"A — none. We hold the file; this is an hour of somebody's attention, not a purchase.",AKL-000230,https://images.pexels.com/photos/32163741/pexels-photo-32163741.jpeg,gambia/why-visit/a-small-boat-on-the-gambia-river-with-mangrove-either-side.avif,2,/places/gambia/why-the-gambia.html,/places/gambia/why-the-gambia.html,"relevance 5.4, subject query, names its country",pexels,Abhisek Tripathy,https://www.pexels.com/photo/fishermen-navigate-coastal-waters-in-small-boat-32163741/
30,"W2 re-crop, remainder",RECROP,unsplash:r8VoOAdxRx0,4,no price attached,78%,P3,sierra-leone,surfing and forest walking,adventure,"surfers waiting for a set at Bureh beach, Sierra Leone",16/9,1800,cut a second crop from the file we already hold,re-crop,"A — none. We hold the file; this is an hour of somebody's attention, not a purchase.",AKL-000492,https://images.unsplash.com/photo-1649486116203-ba9a1e0d84a3,sierra-leone/adventure/surfers-waiting-for-a-set-at-bureh-beach-sierra-leone.avif,2,/places/sierra-leone/surfing-and-forest-walking.html,/places/sierra-leone/surfing-and-forest-walking.html,"relevance 4.7, subject query, names its country",unsplash,Random Institute,https://unsplash.com/photos/a-man-standing-on-top-of-a-sandy-beach-r8VoOAdxRx0
31,"W2 re-crop, remainder",RECROP,pexels:37139339,4,no price attached,77%,P3,comoros,swahili and ylang ylang,culture,"ylang-ylang flowers being picked on a Comorian plantation, Comoros",16/9,1800,cut a second crop from the file we already hold,re-crop,"A — none. We hold the file; this is an hour of somebody's attention, not a purchase.",AKL-000100,https://images.pexels.com/photos/37139339/pexels-photo-37139339.jpeg,comoros/culture/ylang-ylang-flowers-being-picked-on-a-comorian-plantation-comoros.avif,4,/places/comoros/swahili-and-ylang-ylang.html,/comoros.html,"relevance 4.5, subject query, names its country",pexels,AMOL NAKVE,https://www.pexels.com/photo/close-up-of-hands-stringing-jasmine-flowers-37139339/
32,"W2 re-crop, remainder",RECROP,pexels:31447433,4,no price attached,73%,P1,djibouti,,hero,"the white salt shore and turquoise water of Lake Assal, Djibouti",16/9 and 4/3,2400,cut a second crop from the file we already hold,re-crop,"A — none. We hold the file; this is an hour of somebody's attention, not a purchase.",AKL-000122,https://images.pexels.com/photos/31447433/pexels-photo-31447433.jpeg,djibouti/hero/the-white-salt-shore-and-turquoise-water-of-lake-assal-djibouti.avif,2,/tourism/djibouti.html,/tourism/djibouti.html,"relevance 4.5, subject query, names its country",pexels,文浩 任,https://www.pexels.com/photo/aerial-view-of-salt-formation-on-green-water-31447433/
33,"W2 re-crop, remainder",RECROP,pexels:20177677,4,no price attached,73%,P3,djibouti,afar and somali,culture,"An African street vendor carries bottles on head amidst busy traffic, Djibouti",16/9,1800,cut a second crop from the file we already hold,re-crop,"A — none. We hold the file; this is an hour of somebody's attention, not a purchase.",AKL-000119,https://images.pexels.com/photos/20177677/pexels-photo-20177677.jpeg,djibouti/culture/an-african-street-vendor-carries-bottles-on-head-amidst-busy-traffic-d.avif,4,/places/djibouti/afar-and-somali.html,/djibouti.html,"relevance 5.0, subject query, names its country",pexels,Mwakapila Victor,https://www.pexels.com/photo/man-carrying-bottles-on-his-head-20177677/
34,"W2 re-crop, remainder",RECROP,unsplash:v9JKOfNKg8U,4,no price attached,72%,P3,congo,why congo,why-visit,"a gorilla family moving through dense green forest, Congo",16/9 and 21/9,2400,cut a second crop from the file we already hold,re-crop,"A — none. We hold the file; this is an hour of somebody's attention, not a purchase.",AKL-000110,https://images.unsplash.com/photo-1587553891280-5b1c6bd79801,congo/why-visit/a-gorilla-family-moving-through-dense-green-forest-congo.avif,2,/places/congo/why-congo.html,/places/congo/why-congo.html,"relevance 5.2, subject query, names its country",unsplash,Azzedine Rouichi,https://unsplash.com/photos/black-gorilla-in-grayscale-photography-v9JKOfNKg8U
35,"W2 re-crop, remainder",RECROP,pexels:37136205,4,no price attached,72%,P3,congo,western lowland gorillas,wildlife,"a silverback western lowland gorilla in dense green forest, Congo",16/9,1800,cut a second crop from the file we already hold,re-crop,"A — none. We hold the file; this is an hour of somebody's attention, not a purchase.",AKL-000111,https://images.pexels.com/photos/37136205/pexels-photo-37136205.jpeg,congo/wildlife/a-silverback-western-lowland-gorilla-in-dense-green-forest-congo.avif,4,/places/congo/western-lowland-gorillas.html,/congo.html,"relevance 4.5, subject query, names its country",pexels,Jonathan Cooper,https://www.pexels.com/photo/close-up-portrait-of-a-western-lowland-gorilla-37136205/
36,"W2 re-crop, remainder",RECROP,pexels:37245212,4,no price attached,72%,P3,dr-congo,nyiragongo overnight,adventure,"climbers on the crater rim of Nyiragongo above the lava lake, DR Congo",16/9,1800,cut a second crop from the file we already hold,re-crop,"A — none. We hold the file; this is an hour of somebody's attention, not a purchase.",AKL-000125,https://images.pexels.com/photos/37245212/pexels-photo-37245212.jpeg,dr-congo/adventure/climbers-on-the-crater-rim-of-nyiragongo-above-the-lava-lake-dr-congo.avif,2,/places/dr-congo/nyiragongo-overnight.html,/places/dr-congo/nyiragongo-overnight.html,"relevance 4.7, subject query, names its country",pexels,Edu Raw,https://www.pexels.com/photo/aerial-view-of-active-volcano-crater-37245212/
37,"W2 re-crop, remainder",RECROP,pexels:17234850,4,no price attached,72%,P3,dr-congo,two hundred and fifty peoples,culture,"a street market crowd in Kinshasa, DR Congo",16/9,1800,cut a second crop from the file we already hold,re-crop,"A — none. We hold the file; this is an hour of somebody's attention, not a purchase.",AKL-000126,https://images.pexels.com/photos/17234850/pexels-photo-17234850.jpeg,dr-congo/culture/a-street-market-crowd-in-kinshasa-dr-congo.avif,4,/places/dr-congo/two-hundred-and-fifty-peoples.html,/dr-congo.html,"relevance 4.5, subject query, names its country",pexels,K,https://www.pexels.com/photo/traffic-jam-on-a-street-17234850/
38,"W2 re-crop, remainder",RECROP,pexels:17880995,4,no price attached,70%,P3,angola,giant sable,wildlife,"a giant sable antelope with long curved horns in miombo woodland, Angola",16/9,1800,cut a second crop from the file we already hold,re-crop,"A — none. We hold the file; this is an hour of somebody's attention, not a purchase.",AKL-000017,https://images.pexels.com/photos/17880995/pexels-photo-17880995.jpeg,angola/wildlife/a-giant-sable-antelope-with-long-curved-horns-in-miombo-woodland-angol.avif,4,/places/angola/giant-sable.html,/angola.html,"relevance 6.1, subject query, names its country",pexels,BabijaPhoto JB,https://www.pexels.com/photo/sable-antelope-in-nature-17880995/
39,"W2 re-crop, remainder",RECROP,unsplash:ySijdi3dK10,4,no price attached,67%,P3,algeria,what lives in the sand,wildlife,a fennec fox at the edge of dunes in the Algerian Sahara,16/9,1800,cut a second crop from the file we already hold,re-crop,"A — none. We hold the file; this is an hour of somebody's attention, not a purchase.",AKL-000009,https://images.unsplash.com/photo-1632257996200-cb89e88cac8d,algeria/wildlife/a-fennec-fox-at-the-edge-of-dunes-in-the-algerian-sahara.avif,4,/places/algeria/what-lives-in-the-sand.html,/algeria.html,"relevance 6.0, subject query, names its country",unsplash,Azzedine Rouichi,https://unsplash.com/photos/a-desert-scene-with-rocks-and-sand-in-the-foreground-ySijdi3dK10
40,"W2 re-crop, remainder",RECROP,pexels:4785205,4,no price attached,67%,P3,mozambique,dive sail kayak,adventure,"a diver with a manta ray off Tofo, Mozambique",16/9,1800,cut a second crop from the file we already hold,re-crop,"A — none. We hold the file; this is an hour of somebody's attention, not a purchase.",AKL-000394,https://images.pexels.com/photos/4785205/pexels-photo-4785205.jpeg,mozambique/adventure/a-diver-with-a-manta-ray-off-tofo-mozambique.avif,2,/places/mozambique/dive-sail-kayak.html,/places/mozambique/dive-sail-kayak.html,"relevance 4.7, subject query, names its country",pexels,Kristian Laine,https://www.pexels.com/photo/a-manta-ray-swimming-underwater-4785205/
41,"W2 re-crop, remainder",RECROP,pexels:15262889,4,no price attached,67%,P3,mozambique,the coast nobody has ruined yet,why-visit,"an empty Indian Ocean beach with palms behind it, Mozambique",16/9 and 21/9,2400,cut a second crop from the file we already hold,re-crop,"A — none. We hold the file; this is an hour of somebody's attention, not a purchase.",AKL-000402,https://images.pexels.com/photos/15262889/pexels-photo-15262889.jpeg,mozambique/why-visit/an-empty-indian-ocean-beach-with-palms-behind-it-mozambique.avif,2,/places/mozambique/the-coast-nobody-has-ruined-yet.html,/places/mozambique/the-coast-nobody-has-ruined-yet.html,"relevance 4.0, subject query, names its country",pexels,Sanket  Mishra,https://www.pexels.com/photo/blue-rough-seascape-and-a-sandy-beach-15262889/
42,"W2 re-crop, remainder",RECROP,pexels:38109507,4,no price attached,67%,P3,niger,tuareg hausa zarma fulani,culture,"a Tuareg man in indigo leading a camel in the Air, Niger",16/9,1800,cut a second crop from the file we already hold,re-crop,"A — none. We hold the file; this is an hour of somebody's attention, not a purchase.",AKL-000416,https://images.pexels.com/photos/38109507/pexels-photo-38109507.jpeg,niger/culture/a-tuareg-man-in-indigo-leading-a-camel-in-the-air-niger.avif,4,/places/niger/tuareg-hausa-zarma-fulani.html,/niger.html,"relevance 7.6, subject query, names its country",pexels,Sani Maikatanga,https://www.pexels.com/photo/traditional-tuareg-man-with-camel-in-agadez-38109507/
43,"W2 re-crop, remainder",RECROP,pexels:30963295,4,no price attached,67%,P3,niger,the last west african giraffe,wildlife,"West African giraffe browsing among bush near Kouré, Niger",16/9,1800,cut a second crop from the file we already hold,re-crop,"A — none. We hold the file; this is an hour of somebody's attention, not a purchase.",AKL-000422,https://images.pexels.com/photos/30963295/pexels-photo-30963295.jpeg,niger/wildlife/west-african-giraffe-browsing-among-bush-near-kour-niger.avif,4,/places/niger/the-last-west-african-giraffe.html,/niger.html,"relevance 4.5, subject query, names its country",pexels,Regan Dsouza,https://www.pexels.com/photo/giraffe-in-natural-habitat-among-trees-30963295/
44,"W2 re-crop, remainder",RECROP,pexels:32632177,4,no price attached,65%,P3,benin,where vodun comes from,culture,"a vodun ceremony with drumming and white-clad participants, Benin",16/9,1800,cut a second crop from the file we already hold,re-crop,"A — none. We hold the file; this is an hour of somebody's attention, not a purchase.",AKL-000019,https://images.pexels.com/photos/32632177/pexels-photo-32632177.jpeg,benin/culture/a-vodun-ceremony-with-drumming-and-white-clad-participants-benin.avif,4,/places/benin/where-vodun-comes-from.html,/benin.html,"relevance 6.0, subject query, names its country",pexels,Zeal Creative Studios,https://www.pexels.com/photo/traditional-african-drumming-ceremony-indoors-32632177/
45,"W2 re-crop, remainder",RECROP,pexels:10960881,4,no price attached,63%,P3,chad,crossing the ennedi,adventure,"a desert camp under a sandstone arch in the Ennedi, Chad",16/9,1800,cut a second crop from the file we already hold,re-crop,"A — none. We hold the file; this is an hour of somebody's attention, not a purchase.",AKL-000089,https://images.pexels.com/photos/10960881/pexels-photo-10960881.jpeg,chad/adventure/a-desert-camp-under-a-sandstone-arch-in-the-ennedi-chad.avif,2,/places/chad/crossing-the-ennedi.html,/places/chad/crossing-the-ennedi.html,"relevance 4.7, subject query, names its country",pexels,Raziuddin Farooqi,https://www.pexels.com/photo/car-driving-through-a-natural-arch-10960881/
46,"W2 re-crop, remainder",RECROP,pexels:18497945,4,no price attached,62%,P3,equatorial-guinea,why equatorial guinea,why-visit,"turtle tracks on black sand below rainforest at dawn, Equatorial Guinea",16/9 and 21/9,2400,cut a second crop from the file we already hold,re-crop,"A — none. We hold the file; this is an hour of somebody's attention, not a purchase.",AKL-000162,https://images.pexels.com/photos/18497945/pexels-photo-18497945.jpeg,equatorial-guinea/why-visit/turtle-tracks-on-black-sand-below-rainforest-at-dawn-equatorial-guinea.avif,2,/places/equatorial-guinea/why-equatorial-guinea.html,/places/equatorial-guinea/why-equatorial-guinea.html,"relevance 5.4, subject query, names its country",pexels,Click Jeth,https://www.pexels.com/photo/walking-new-guinea-snapping-turtle-18497945/
47,"W2 re-crop, remainder",RECROP,pexels:36904091,4,no price attached,62%,P3,sao-tome-and-principe,creole and portuguese,culture,"Charming tree-lined street with traditional buildings in a historic Angolan village under a bright blue sky., Sao Tome and Principe",16/9,1800,cut a second crop from the file we already hold,re-crop,"A — none. We hold the file; this is an hour of somebody's attention, not a purchase.",AKL-000454,https://images.pexels.com/photos/36904091/pexels-photo-36904091.jpeg,sao-tome-and-principe/culture/charming-tree-lined-street-with-traditional-buildings-in-a-historic-an.avif,4,/places/sao-tome-and-principe/creole-and-portuguese.html,/sao-tome-and-principe.html,"relevance 5.8, subject query, names its country",pexels,Eliane Soraya,https://www.pexels.com/photo/scenic-tree-lined-street-in-historical-angola-village-36904091/
48,"W2 re-crop, remainder",RECROP,pexels:5118517,4,no price attached,62%,P3,sao-tome-and-principe,endemic birds,wildlife,"a Sao Tome giant weaver on a branch in Obo forest, Sao Tome and Principe",16/9,1800,cut a second crop from the file we already hold,re-crop,"A — none. We hold the file; this is an hour of somebody's attention, not a purchase.",AKL-000461,https://images.pexels.com/photos/5118517/pexels-photo-5118517.jpeg,sao-tome-and-principe/wildlife/a-sao-tome-giant-weaver-on-a-branch-in-obo-forest-sao-tome-and-princip.avif,4,/places/sao-tome-and-principe/endemic-birds.html,/sao-tome-and-principe.html,"relevance 4.0, subject query, names its country",pexels,Quang Nguyen Vinh,https://www.pexels.com/photo/tourists-exploring-green-forest-with-big-tree-5118517/
49,"W2 re-crop, remainder",RECROP,pexels:36703705,4,no price attached,59%,P1,togo,,hero,"a Batammariba takienta tower house at Koutammakou, Togo",4/3 and 16/9,2400,cut a second crop from the file we already hold,re-crop,"A — none. We hold the file; this is an hour of somebody's attention, not a purchase.",AKL-000563,https://images.pexels.com/photos/36703705/pexels-photo-36703705.jpeg,togo/hero/a-batammariba-takienta-tower-house-at-koutammakou-togo.avif,2,/tourism/togo.html,/tourism/index.html,"relevance 4.0, subject query, names its country",pexels,Optical Chemist,https://www.pexels.com/photo/bangkok-city-clock-tower-under-cloudy-sky-36703705/
50,"W2 re-crop, remainder",RECROP,pexels:17875664,4,no price attached,59%,P3,sudan,diving and desert driving,adventure,a dive boat anchored over a reef in the Sudanese Red Sea,16/9,1800,cut a second crop from the file we already hold,re-crop,"A — none. We hold the file; this is an hour of somebody's attention, not a purchase.",AKL-000535,https://images.pexels.com/photos/17875664/pexels-photo-17875664.jpeg,sudan/adventure/a-dive-boat-anchored-over-a-reef-in-the-sudanese-red-sea.avif,2,/places/sudan/diving-and-desert-driving.html,/places/sudan/diving-and-desert-driving.html,"relevance 4.7, subject query, names its country",pexels,沖縄ダイビングスクール ワールドダイビング,https://www.pexels.com/photo/close-up-of-red-coral-reef-17875664/
51,"W2 re-crop, remainder",RECROP,pexels:31814296,4,no price attached,59%,P3,sudan,nubian arab beja,culture,"a decorated Nubian house with a painted doorway on the Nile, Sudan",16/9,1800,cut a second crop from the file we already hold,re-crop,"A — none. We hold the file; this is an hour of somebody's attention, not a purchase.",AKL-000536,https://images.pexels.com/photos/31814296/pexels-photo-31814296.jpeg,sudan/culture/a-decorated-nubian-house-with-a-painted-doorway-on-the-nile-sudan.avif,4,/places/sudan/nubian-arab-beja.html,/sudan.html,"relevance 4.0, subject query, names its country",pexels,Michelle Chadwick,https://www.pexels.com/photo/sailing-on-the-nile-river-in-lush-egypt-31814296/
52,"W2 re-crop, remainder",RECROP,pexels:15341664,4,no price attached,59%,P3,sudan,dinder and the red sea,wildlife,"a herd of roan antelope in Dinder National Park, Sudan",16/9,1800,cut a second crop from the file we already hold,re-crop,"A — none. We hold the file; this is an hour of somebody's attention, not a purchase.",AKL-000545,https://images.pexels.com/photos/15341664/pexels-photo-15341664.jpeg,sudan/wildlife/a-herd-of-roan-antelope-in-dinder-national-park-sudan.avif,4,/places/sudan/dinder-and-the-red-sea.html,/sudan.html,"relevance 4.0, subject query, names its country",pexels,Alex Levis,https://www.pexels.com/photo/herd-of-buffalo-on-a-savannah-15341664/
53,"W2 re-crop, remainder",RECROP,pexels:6433765,4,no price attached,59%,P3,togo,walking around kpalime,adventure,"a walking path through cocoa and coffee smallholdings near Kpalime, Togo",16/9,1800,cut a second crop from the file we already hold,re-crop,"A — none. We hold the file; this is an hour of somebody's attention, not a purchase.",AKL-000559,https://images.pexels.com/photos/6433765/pexels-photo-6433765.jpeg,togo/adventure/a-walking-path-through-cocoa-and-coffee-smallholdings-near-kpalime-tog.avif,2,/places/togo/walking-around-kpalime.html,/places/togo/walking-around-kpalime.html,"relevance 4.7, subject query, names its country",pexels,ธันยกร ไกรสร,https://www.pexels.com/photo/woman-walking-on-a-passageway-6433765/
54,"W2 re-crop, remainder",RECROP,pexels:5118547,4,no price attached,59%,P3,togo,fazao malfakassa,wildlife,"forest and grassland in Fazao-Malfakassa National Park, Togo",16/9,1800,cut a second crop from the file we already hold,re-crop,"A — none. We hold the file; this is an hour of somebody's attention, not a purchase.",AKL-000569,https://images.pexels.com/photos/5118547/pexels-photo-5118547.jpeg,togo/wildlife/forest-and-grassland-in-fazao-malfakassa-national-park-togo.avif,4,/places/togo/fazao-malfakassa.html,/togo.html,"relevance 4.5, subject query, names its country",pexels,Quang Nguyen Vinh,https://www.pexels.com/photo/tall-trees-with-big-roots-in-forest-5118547/
55,"W2 re-crop, remainder",RECROP,pexels:18244876,4,no price attached,58%,P1,eritrea,,hero,"the Fiat Tagliero building in Asmara with its concrete wings, Eritrea",16/9 and 4/3,2400,cut a second crop from the file we already hold,re-crop,"A — none. We hold the file; this is an hour of somebody's attention, not a purchase.",AKL-000167,https://images.pexels.com/photos/18244876/pexels-photo-18244876.jpeg,eritrea/hero/the-fiat-tagliero-building-in-asmara-with-its-concrete-wings-eritrea.avif,2,/tourism/eritrea.html,/tourism/eritrea.html,"relevance 4.5, subject query, names its country",pexels,Efrem  Efre,https://www.pexels.com/photo/fiat-500-18244876/
56,"W2 re-crop, remainder",RECROP,pexels:14824417,4,no price attached,58%,P3,liberia,surfing robertsport,adventure,"a surfer on a long left-hand wave at Robertsport, Liberia",16/9,1800,cut a second crop from the file we already hold,re-crop,"A — none. We hold the file; this is an hour of somebody's attention, not a purchase.",AKL-000295,https://images.pexels.com/photos/14824417/pexels-photo-14824417.jpeg,liberia/adventure/a-surfer-on-a-long-left-hand-wave-at-robertsport-liberia.avif,2,/places/liberia/surfing-robertsport.html,/places/liberia/surfing-robertsport.html,"relevance 4.7, subject query, names its country",pexels,Serg Alesenko,https://www.pexels.com/photo/a-man-surfing-14824417/
57,"W2 re-crop, remainder",RECROP,pexels:15965436,4,no price attached,58%,P3,liberia,the pygmy hippo,wildlife,"a pygmy hippo at the edge of a forest stream at night, Liberia",16/9,1800,cut a second crop from the file we already hold,re-crop,"A — none. We hold the file; this is an hour of somebody's attention, not a purchase.",AKL-000305,https://images.pexels.com/photos/15965436/pexels-photo-15965436.jpeg,liberia/wildlife/a-pygmy-hippo-at-the-edge-of-a-forest-stream-at-night-liberia.avif,4,/places/liberia/the-pygmy-hippo.html,/liberia.html,"relevance 4.5, subject query, names its country",pexels,Oscar Arce,https://www.pexels.com/photo/hippo-and-baby-15965436/
58,"W2 re-crop, remainder",RECROP,pexels:36153861,4,no price attached,58%,P3,mauritius,what the dodo left,wildlife,a Mauritius kestrel perched in native forest,16/9,1800,cut a second crop from the file we already hold,re-crop,"A — none. We hold the file; this is an hour of somebody's attention, not a purchase.",AKL-000376,https://images.pexels.com/photos/36153861/pexels-photo-36153861.jpeg,mauritius/wildlife/a-mauritius-kestrel-perched-in-native-forest.avif,4,/places/mauritius/what-the-dodo-left.html,/mauritius.html,"relevance 4.6, subject query, names its country",pexels,Veronika Andrews,https://www.pexels.com/photo/european-kestrel-perched-on-power-line-36153861/
59,"W2 re-crop, remainder",RECROP,pexels:34909240,4,no price attached,56%,P3,central-african-republic,western lowland gorillas,wildlife,"a western lowland gorilla in forest undergrowth, Central African Republic",16/9,1800,cut a second crop from the file we already hold,re-crop,"A — none. We hold the file; this is an hour of somebody's attention, not a purchase.",AKL-000088,https://images.pexels.com/photos/34909240/pexels-photo-34909240.jpeg,central-african-republic/wildlife/a-western-lowland-gorilla-in-forest-undergrowth-central-african-republ.avif,4,/places/central-african-republic/western-lowland-gorillas.html,/central-african-republic.html,"relevance 4.5, subject query, names its country",pexels,Guerrero De la Luz,https://www.pexels.com/photo/western-lowland-gorilla-lying-on-grass-34909240/
60,"W2 re-crop, remainder",RECROP,pexels:18383496,4,no price attached,54%,P3,cabo-verde,creole and the morna,culture,"a morna band playing in a small bar in Mindelo, Cabo Verde",16/9,1800,cut a second crop from the file we already hold,re-crop,"A — none. We hold the file; this is an hour of somebody's attention, not a purchase.",AKL-000058,https://images.pexels.com/photos/18383496/pexels-photo-18383496.jpeg,cabo-verde/culture/a-morna-band-playing-in-a-small-bar-in-mindelo-cabo-verde.avif,4,/places/cabo-verde/creole-and-the-morna.html,/cabo-verde.html,"relevance 6.0, subject query, names its country",pexels,damien Saillet,https://www.pexels.com/photo/man-sitting-by-damaged-building-wall-in-cape-verde-18383496/
61,"W2 re-crop, remainder",RECROP,pexels:35845849,4,no price attached,54%,P3,cabo-verde,turtles and humpbacks,wildlife,"A sea turtle resting on a sandy beach with waves in the background, showcasing coastal wildlife., Cabo Verde",16/9,1800,cut a second crop from the file we already hold,re-crop,"A — none. We hold the file; this is an hour of somebody's attention, not a purchase.",AKL-000068,https://images.pexels.com/photos/35845849/pexels-photo-35845849.jpeg,cabo-verde/wildlife/a-sea-turtle-resting-on-a-sandy-beach-with-waves-in-the-background-sho.avif,4,/places/cabo-verde/turtles-and-humpbacks.html,/cabo-verde.html,"relevance 6.0, subject query, names its country",pexels,Griffin Wooldridge,https://www.pexels.com/photo/sea-turtle-on-sandy-beach-with-waves-35845849/
62,"W2 re-crop, remainder",RECROP,pexels:10806633,4,no price attached,54%,P3,eswatini,a living monarchy,culture,"young women in ceremonial dress at the Umhlanga reed dance, Eswatini",16/9,1800,cut a second crop from the file we already hold,re-crop,"A — none. We hold the file; this is an hour of somebody's attention, not a purchase.",AKL-000176,https://images.pexels.com/photos/10806633/pexels-photo-10806633.jpeg,eswatini/culture/young-women-in-ceremonial-dress-at-the-umhlanga-reed-dance-eswatini.avif,4,/places/eswatini/a-living-monarchy.html,/eswatini.html,"relevance 6.0, subject query, names its country",pexels,Josiah Matthew,https://www.pexels.com/photo/women-dancing-and-holding-trays-at-a-traditional-celebration-10806633/
63,"W2 re-crop, remainder",RECROP,pexels:13822368,4,no price attached,52%,P3,gabon,whales turtles and surf,adventure,a humpback whale breaching off the Gabonese coast,16/9,1800,cut a second crop from the file we already hold,re-crop,"A — none. We hold the file; this is an hour of somebody's attention, not a purchase.",AKL-000204,https://images.pexels.com/photos/13822368/pexels-photo-13822368.jpeg,gabon/adventure/a-humpback-whale-breaching-off-the-gabonese-coast.avif,2,/places/gabon/whales-turtles-and-surf.html,/places/gabon/whales-turtles-and-surf.html,"relevance 4.7, subject query, names its country",pexels,Patricia Hoyos,https://www.pexels.com/photo/humpback-whale-emerging-from-water-13822368/
64,"W2 re-crop, remainder",RECROP,pexels:9459939,4,no price attached,52%,P3,madagascar,malagasy and eighteen peoples,culture,"a highland Malagasy village of red brick houses, Madagascar",16/9,1800,cut a second crop from the file we already hold,re-crop,"A — none. We hold the file; this is an hour of somebody's attention, not a purchase.",AKL-000322,https://images.pexels.com/photos/9459939/pexels-photo-9459939.jpeg,madagascar/culture/a-highland-malagasy-village-of-red-brick-houses-madagascar.avif,4,/places/madagascar/malagasy-and-eighteen-peoples.html,/madagascar.html,"relevance 4.5, subject query, names its country",pexels,Daniela J. Contreras,https://www.pexels.com/photo/aerial-footage-of-village-in-a-mountain-9459939/
65,"W2 re-crop, remainder",RECROP,pexels:37722367,4,no price attached,52%,P3,madagascar,nowhere else,why-visit,a ring-tailed lemur troop in southern Madagascar,16/9 and 21/9,2400,cut a second crop from the file we already hold,re-crop,"A — none. We hold the file; this is an hour of somebody's attention, not a purchase.",AKL-000332,https://images.pexels.com/photos/37722367/pexels-photo-37722367.jpeg,madagascar/why-visit/a-ring-tailed-lemur-troop-in-southern-madagascar.avif,2,/places/madagascar/nowhere-else.html,/places/madagascar/nowhere-else.html,"relevance 5.4, subject query, names its country",pexels,Gildo Cancelli,https://www.pexels.com/photo/ring-tailed-lemur-in-lush-madagascar-foliage-37722367/
66,"W2 re-crop, remainder",RECROP,pexels:11018023,4,no price attached,52%,P3,mauritania,riding the ore train,adventure,"passengers sitting on top of iron ore wagons in the desert, Mauritania",16/9,1800,cut a second crop from the file we already hold,re-crop,"A — none. We hold the file; this is an hour of somebody's attention, not a purchase.",AKL-000353,https://images.pexels.com/photos/11018023/pexels-photo-11018023.jpeg,mauritania/adventure/passengers-sitting-on-top-of-iron-ore-wagons-in-the-desert-mauritania.avif,2,/places/mauritania/riding-the-ore-train.html,/places/mauritania/riding-the-ore-train.html,"relevance 4.7, subject query, names its country",pexels,Raymond Ma Yi Rong,https://www.pexels.com/photo/people-sitting-inside-ferry-boat-11018023/
67,"W2 re-crop, remainder",RECROP,pexels:26646229,4,no price attached,52%,P3,mauritania,the banc darguin,wildlife,"Vibrant pink flamingos stand by a cascading waterfall, showcasing natural beauty and wildlife in harmony., Mauritania",16/9,1800,cut a second crop from the file we already hold,re-crop,"A — none. We hold the file; this is an hour of somebody's attention, not a purchase.",AKL-000365,https://images.pexels.com/photos/26646229/pexels-photo-26646229.jpeg,mauritania/wildlife/vibrant-pink-flamingos-stand-by-a-cascading-waterfall-showcasing-natur.avif,4,/places/mauritania/the-banc-darguin.html,/mauritania.html,"relevance 4.0, subject query, names its country",pexels,Francesco Ungaro,https://www.pexels.com/photo/flamingos-in-a-stream-26646229/
68,"W2 re-crop, remainder",RECROP,pexels:11833111,4,no price attached,52%,P3,south-sudan,getting to boma,adventure,"a light aircraft on a grass airstrip in remote grassland, South Sudan",16/9,1800,cut a second crop from the file we already hold,re-crop,"A — none. We hold the file; this is an hour of somebody's attention, not a purchase.",AKL-000522,https://images.pexels.com/photos/11833111/pexels-photo-11833111.jpeg,south-sudan/adventure/a-light-aircraft-on-a-grass-airstrip-in-remote-grassland-south-sudan.avif,2,/places/south-sudan/getting-to-boma.html,/places/south-sudan/getting-to-boma.html,"relevance 4.7, subject query, names its country",pexels,Michael Pointner,https://www.pexels.com/photo/aiplane-on-grass-near-tarmac-11833111/
69,"W2 re-crop, remainder",RECROP,pexels:5521703,4,no price attached,52%,P3,south-sudan,the great kob migration,wildlife,"a vast herd of white-eared kob crossing open grassland, South Sudan",16/9,1800,cut a second crop from the file we already hold,re-crop,"A — none. We hold the file; this is an hour of somebody's attention, not a purchase.",AKL-000534,https://images.pexels.com/photos/5521703/pexels-photo-5521703.jpeg,south-sudan/wildlife/a-vast-herd-of-white-eared-kob-crossing-open-grassland-south-sudan.avif,4,/places/south-sudan/the-great-kob-migration.html,/south-sudan.html,"relevance 4.5, subject query, names its country",pexels,Edgar Okioga,https://www.pexels.com/photo/herd-of-wildebeest-standing-on-green-grass-field-5521703/
70,"W2 re-crop, remainder",RECROP,pexels:20574000,4,no price attached,50%,P1,burkina-faso,,hero,"Close-up shot showcasing intricate patterns and textures of eroded red sandstone rock formation., Burkina Faso",16/9 and 4/3,2400,cut a second crop from the file we already hold,re-crop,"A — none. We hold the file; this is an hour of somebody's attention, not a purchase.",AKL-000039,https://images.pexels.com/photos/20574000/pexels-photo-20574000.jpeg,burkina-faso/hero/close-up-shot-showcasing-intricate-patterns-and-textures-of-eroded-red.avif,2,/tourism/burkina-faso.html,/tourism/burkina-faso.html,"relevance 4.5, subject query, names its country",pexels,Alfo Medeiros,https://www.pexels.com/photo/close-up-of-pattern-on-a-sandstone-surface-20574000/
71,"W2 re-crop, remainder",RECROP,pexels:37090479,4,no price attached,50%,P1,burundi,,hero,"terraced green hills running down towards Lake Tanganyika, Burundi",16/9 and 4/3,2400,cut a second crop from the file we already hold,re-crop,"A — none. We hold the file; this is an hour of somebody's attention, not a purchase.",AKL-000050,https://images.pexels.com/photos/37090479/pexels-photo-37090479.jpeg,burundi/hero/terraced-green-hills-running-down-towards-lake-tanganyika-burundi.avif,2,/tourism/burundi.html,/tourism/burundi.html,"relevance 4.5, subject query, names its country",pexels,Isaac Naph,https://www.pexels.com/photo/children-playing-in-lake-tanganyika-waters-37090479/
72,"W2 re-crop, remainder",RECROP,unsplash:A4HARmxCSp0,4,no price attached,50%,P1,lesotho,,hero,"the high Maloti mountains with a shepherd's hut on a ridge, Lesotho",4/3 and 16/9,2400,cut a second crop from the file we already hold,re-crop,"A — none. We hold the file; this is an hour of somebody's attention, not a purchase.",AKL-000288,https://images.unsplash.com/photo-1654331073379-16cd78cfba96,lesotho/hero/the-high-maloti-mountains-with-a-shepherd-s-hut-on-a-ridge-lesotho.avif,2,/tourism/lesotho.html,/tourism/index.html,"relevance 4.0, subject query, names its country",unsplash,Antoinette Plessis,https://unsplash.com/photos/a-field-with-a-fence-and-mountains-in-the-background-A4HARmxCSp0
73,"W2 re-crop, remainder",RECROP,pexels:36018012,4,no price attached,50%,P1,malawi,,hero,the clear water and rocky shore of Lake Malawi at Cape Maclear,4/3 and 16/9,2400,cut a second crop from the file we already hold,re-crop,"A — none. We hold the file; this is an hour of somebody's attention, not a purchase.",AKL-000339,https://images.pexels.com/photos/36018012/pexels-photo-36018012.jpeg,malawi/hero/the-clear-water-and-rocky-shore-of-lake-malawi-at-cape-maclear.avif,2,/tourism/malawi.html,/tourism/index.html,"relevance 6.1, subject query, names its country",pexels,Joy Chisambo,https://www.pexels.com/photo/ducks-walking-by-lake-shore-in-malawi-village-36018012/
74,"W2 re-crop, remainder",RECROP,pexels:30316467,4,no price attached,50%,P3,burkina-faso,cycling the southwest,adventure,"cyclists on a red laterite road through savanna, Burkina Faso",16/9,1800,cut a second crop from the file we already hold,re-crop,"A — none. We hold the file; this is an hour of somebody's attention, not a purchase.",AKL-000032,https://images.pexels.com/photos/30316467/pexels-photo-30316467.jpeg,burkina-faso/adventure/cyclists-on-a-red-laterite-road-through-savanna-burkina-faso.avif,2,/places/burkina-faso/cycling-the-southwest.html,/places/burkina-faso/cycling-the-southwest.html,"relevance 4.7, subject query, names its country",pexels,Valdans Media,https://www.pexels.com/photo/cyclists-racing-on-a-dusty-road-in-africa-30316467/
75,"W2 re-crop, remainder",RECROP,pexels:4268177,4,no price attached,50%,P3,burundi,walking the divide,adventure,"Spectacular scenery of narrow path on hilltop going amidst mountain ridge with lush green trees against blue sky on sunny day, Burundi",16/9,1800,cut a second crop from the file we already hold,re-crop,"A — none. We hold the file; this is an hour of somebody's attention, not a purchase.",AKL-000044,https://images.pexels.com/photos/4268177/pexels-photo-4268177.jpeg,burundi/adventure/spectacular-scenery-of-narrow-path-on-hilltop-going-amidst-mountain-ri.avif,2,/places/burundi/walking-the-divide.html,/places/burundi/walking-the-divide.html,"relevance 4.7, subject query, names its country",pexels,Quang Nguyen Vinh,https://www.pexels.com/photo/breathtaking-mountains-covered-with-lush-green-trees-on-sunny-day-4268177/
76,"W2 re-crop, remainder",RECROP,pexels:29004125,4,no price attached,50%,P3,burundi,the drums,culture,Burundian royal drummers with drums on their heads,16/9,1800,cut a second crop from the file we already hold,re-crop,"A — none. We hold the file; this is an hour of somebody's attention, not a purchase.",AKL-000046,https://images.pexels.com/photos/29004125/pexels-photo-29004125.jpeg,burundi/culture/burundian-royal-drummers-with-drums-on-their-heads.avif,4,/places/burundi/the-drums.html,/burundi.html,"relevance 5.5, subject query, names its country",pexels,Safari  Consoler,https://www.pexels.com/photo/burundian-traditional-dance-performance-29004125/
77,"W2 re-crop, remainder",RECROP,pexels:35360787,4,no price attached,50%,P3,lesotho,pony trekking,adventure,"riders on Basotho ponies crossing a high mountain pass, Lesotho",16/9,1800,cut a second crop from the file we already hold,re-crop,"A — none. We hold the file; this is an hour of somebody's attention, not a purchase.",AKL-000282,https://images.pexels.com/photos/35360787/pexels-photo-35360787.jpeg,lesotho/adventure/riders-on-basotho-ponies-crossing-a-high-mountain-pass-lesotho.avif,2,/places/lesotho/pony-trekking.html,/places/lesotho/pony-trekking.html,"relevance 6.2, subject query, names its country",pexels,Ricky Kwong,https://www.pexels.com/photo/riders-traversing-snowy-mountain-landscape-in-winter-35360787/
78,"W2 re-crop, remainder",RECROP,pexels:35828817,4,no price attached,50%,P3,lesotho,bearded vulture and eland,wildlife,"a bearded vulture in flight along a mountain escarpment, Lesotho",16/9,1800,cut a second crop from the file we already hold,re-crop,"A — none. We hold the file; this is an hour of somebody's attention, not a purchase.",AKL-000294,https://images.pexels.com/photos/35828817/pexels-photo-35828817.jpeg,lesotho/wildlife/a-bearded-vulture-in-flight-along-a-mountain-escarpment-lesotho.avif,4,/places/lesotho/bearded-vulture-and-eland.html,/lesotho.html,"relevance 5.0, subject query, names its country",pexels,Leonardo Merlo,https://www.pexels.com/photo/majestic-vulture-soaring-in-clear-sky-35828817/
79,"W2 re-crop, remainder",RECROP,pexels:31819677,4,no price attached,50%,P3,malawi,the warm heart,culture,people talking at a lakeside village market in Malawi,16/9,1800,cut a second crop from the file we already hold,re-crop,"A — none. We hold the file; this is an hour of somebody's attention, not a purchase.",AKL-000336,https://images.pexels.com/photos/31819677/pexels-photo-31819677.jpeg,malawi/culture/people-talking-at-a-lakeside-village-market-in-malawi.avif,4,/places/malawi/the-warm-heart.html,/malawi.html,"relevance 4.5, subject query, names its country",pexels,Feyza Daştan,https://www.pexels.com/photo/serene-lakeside-view-with-people-and-boat-31819677/
80,"W2 re-crop, remainder",RECROP,pexels:10999562,4,no price attached,46%,P3,libya,into the acacus,adventure,"a desert camp under a rock arch in the Acacus at night, Libya",16/9,1800,cut a second crop from the file we already hold,re-crop,"A — none. We hold the file; this is an hour of somebody's attention, not a purchase.",AKL-000306,https://images.pexels.com/photos/10999562/pexels-photo-10999562.jpeg,libya/adventure/a-desert-camp-under-a-rock-arch-in-the-acacus-at-night-libya.avif,2,/places/libya/into-the-acacus.html,/places/libya/into-the-acacus.html,"relevance 4.7, subject query, names its country",pexels,Irfan Rahat,https://www.pexels.com/photo/brown-rock-formation-under-blue-sky-10999562/
81,"W2 re-crop, remainder",RECROP,pexels:32757554,4,no price attached,46%,P3,libya,arab berber tuareg tebu,culture,"a busy market street in the medina of Tripoli, Libya",16/9,1800,cut a second crop from the file we already hold,re-crop,"A — none. We hold the file; this is an hour of somebody's attention, not a purchase.",AKL-000308,https://images.pexels.com/photos/32757554/pexels-photo-32757554.jpeg,libya/culture/a-busy-market-street-in-the-medina-of-tripoli-libya.avif,4,/places/libya/arab-berber-tuareg-tebu.html,/libya.html,"relevance 4.5, subject query, names its country",pexels,abdo alshreef,https://www.pexels.com/photo/luxury-mercedes-benz-cls-on-city-street-at-twilight-32757554/
82,"W2 re-crop, remainder",RECROP,pexels:38313613,4,no price attached,46%,P3,libya,desert survivors,wildlife,"a Barbary sheep on rock in the Acacus mountains, Libya",16/9,1800,cut a second crop from the file we already hold,re-crop,"A — none. We hold the file; this is an hour of somebody's attention, not a purchase.",AKL-000319,https://images.pexels.com/photos/38313613/pexels-photo-38313613.jpeg,libya/wildlife/a-barbary-sheep-on-rock-in-the-acacus-mountains-libya.avif,4,/places/libya/desert-survivors.html,/libya.html,"relevance 4.5, subject query, names its country",pexels,Héctor Berganza,https://www.pexels.com/photo/barbary-sheep-grazing-on-grassland-38313613/
83,"W2 re-crop, remainder",RECROP,pexels:37562262,4,no price attached,41%,P3,nigeria,plateau and delta,adventure,"the rock formations of the Jos plateau, Nigeria",16/9,1800,cut a second crop from the file we already hold,re-crop,"A — none. We hold the file; this is an hour of somebody's attention, not a purchase.",AKL-000423,https://images.pexels.com/photos/37562262/pexels-photo-37562262.jpeg,nigeria/adventure/the-rock-formations-of-the-jos-plateau-nigeria.avif,2,/places/nigeria/plateau-and-delta.html,/places/nigeria/plateau-and-delta.html,"relevance 6.2, subject query, names its country",pexels,Jagaba Denis,https://www.pexels.com/photo/vibrant-market-scene-with-auto-rickshaws-in-jos-nigeria-37562262/
84,"W2 re-crop, remainder",RECROP,pexels:34309307,4,no price attached,41%,P3,nigeria,five hundred languages,culture,"a Yoruba drumming group performing at a festival, Nigeria",16/9,1800,cut a second crop from the file we already hold,re-crop,"A — none. We hold the file; this is an hour of somebody's attention, not a purchase.",AKL-000426,https://images.pexels.com/photos/34309307/pexels-photo-34309307.jpeg,nigeria/culture/a-yoruba-drumming-group-performing-at-a-festival-nigeria.avif,4,/places/nigeria/five-hundred-languages.html,/nigeria.html,"relevance 5.5, subject query, names its country",pexels,Anchau,https://www.pexels.com/photo/colorful-nigerian-festival-with-vibrant-attire-34309307/
85,"W2 re-crop, remainder",RECROP,pexels:18283434,4,no price attached,41%,P3,nigeria,yankari and gashaka,wildlife,"Two African elephants standing under a tree in an arid savanna landscape, showcasing wildlife beauty., Nigeria",16/9,1800,cut a second crop from the file we already hold,re-crop,"A — none. We hold the file; this is an hour of somebody's attention, not a purchase.",AKL-000438,https://images.pexels.com/photos/18283434/pexels-photo-18283434.jpeg,nigeria/wildlife/two-african-elephants-standing-under-a-tree-in-an-arid-savanna-landsca.avif,4,/places/nigeria/yankari-and-gashaka.html,/nigeria.html,"relevance 4.0, subject query, names its country",pexels,Sara Sukosd,https://www.pexels.com/photo/elephants-near-tree-18283434/
86,"W2 re-crop, remainder",RECROP,pexels:37401852,4,no price attached,37%,P1,morocco,,hero,"the High Atlas mountains rising behind a Moroccan kasbah, Morocco",4/3 and 16/9,2400,cut a second crop from the file we already hold,re-crop,"A — none. We hold the file; this is an hour of somebody's attention, not a purchase.",AKL-000384,https://images.pexels.com/photos/37401852/pexels-photo-37401852.jpeg,morocco/hero/the-high-atlas-mountains-rising-behind-a-moroccan-kasbah-morocco.avif,2,/tourism/morocco.html,/tourism/index.html,"relevance 6.4, subject query, names its country",pexels,pierre matile,https://www.pexels.com/photo/breathtaking-landscape-of-the-atlas-mountains-morocco-37401852/
87,"W2 re-crop, remainder",RECROP,pexels:37672161,4,no price attached,37%,P3,morocco,dunes gorges and surf,adventure,"a trekking trail high on a ridge in the High Atlas, Morocco",16/9,1800,cut a second crop from the file we already hold,re-crop,"A — none. We hold the file; this is an hour of somebody's attention, not a purchase.",AKL-000377,https://images.pexels.com/photos/37672161/pexels-photo-37672161.jpeg,morocco/adventure/a-trekking-trail-high-on-a-ridge-in-the-high-atlas-morocco.avif,2,/places/morocco/dunes-gorges-and-surf.html,/places/morocco/dunes-gorges-and-surf.html,"relevance 5.0, subject query, names its country",pexels,Mohamed Khettouch,https://www.pexels.com/photo/scenic-view-of-atlas-mountains-with-bridge-and-road-37672161/
88,"W2 re-crop, remainder",RECROP,pexels:37700545,4,no price attached,37%,P3,morocco,barbary macaques and the argan forest,wildlife,"Barbary macaques in the cedar forest of the Middle Atlas, Morocco",16/9,1800,cut a second crop from the file we already hold,re-crop,"A — none. We hold the file; this is an hour of somebody's attention, not a purchase.",AKL-000393,https://images.pexels.com/photos/37700545/pexels-photo-37700545.jpeg,morocco/wildlife/barbary-macaques-in-the-cedar-forest-of-the-middle-atlas-morocco.avif,4,/places/morocco/barbary-macaques-and-the-argan-forest.html,/morocco.html,"relevance 6.3, subject query, names its country",pexels,pierre matile,https://www.pexels.com/photo/scenic-road-through-the-atlas-mountains-in-morocco-37700545/
89,"W2 re-crop, remainder",RECROP,pexels:38975908,4,no price attached,31%,P3,ethiopia,trekking country,adventure,"the sulphur springs of the Danakil depression, Ethiopia",16/9,1800,cut a second crop from the file we already hold,re-crop,"A — none. We hold the file; this is an hour of somebody's attention, not a purchase.",AKL-000186,https://images.pexels.com/photos/38975908/pexels-photo-38975908.jpeg,ethiopia/adventure/the-sulphur-springs-of-the-danakil-depression-ethiopia.avif,2,/places/ethiopia/trekking-country.html,/places/ethiopia/trekking-country.html,"relevance 4.4, subject query, names its country",pexels,Atypeek Dgn,https://www.pexels.com/photo/vibrant-red-pool-in-danakil-depression-ethiopia-38975908/
90,"W2 re-crop, remainder",RECROP,pexels:30327295,4,no price attached,31%,P3,ethiopia,its own everything,culture,"priests in white robes outside a rock-hewn church, Ethiopia",16/9,1800,cut a second crop from the file we already hold,re-crop,"A — none. We hold the file; this is an hour of somebody's attention, not a purchase.",AKL-000191,https://images.pexels.com/photos/30327295/pexels-photo-30327295.jpeg,ethiopia/culture/priests-in-white-robes-outside-a-rock-hewn-church-ethiopia.avif,4,/places/ethiopia/its-own-everything.html,/ethiopia.html,"relevance 5.5, subject query, names its country",pexels,Gift Habeshaw 🇪🇹,https://www.pexels.com/photo/orthodox-church-celebration-in-addis-ababa-30327295/
91,"W2 re-crop, remainder",RECROP,pexels:31589143,4,no price attached,31%,P3,ethiopia,nothing else like it,why-visit,"a priest holding a processional cross at a rock church, Ethiopia",16/9 and 21/9,2400,cut a second crop from the file we already hold,re-crop,"A — none. We hold the file; this is an hour of somebody's attention, not a purchase.",AKL-000203,https://images.pexels.com/photos/31589143/pexels-photo-31589143.jpeg,ethiopia/why-visit/a-priest-holding-a-processional-cross-at-a-rock-church-ethiopia.avif,2,/places/ethiopia/nothing-else-like-it.html,/places/ethiopia/nothing-else-like-it.html,"relevance 5.4, subject query, names its country",pexels,Gift Habeshaw 🇪🇹,https://www.pexels.com/photo/traditional-ethiopian-church-ceremony-in-addis-ababa-31589143/
92,"W2 re-crop, remainder",RECROP,pexels:32544178,4,no price attached,30%,P1,seychelles,,hero,"granite boulders on a white beach at La Digue, Seychelles",4/3 and 16/9,2400,cut a second crop from the file we already hold,re-crop,"A — none. We hold the file; this is an hour of somebody's attention, not a purchase.",AKL-000481,https://images.pexels.com/photos/32544178/pexels-photo-32544178.jpeg,seychelles/hero/granite-boulders-on-a-white-beach-at-la-digue-seychelles.avif,2,/tourism/seychelles.html,/tourism/index.html,"relevance 6.0, subject query, names its country",pexels,Vika Glitter,https://www.pexels.com/photo/stunning-granite-boulders-on-la-digue-beach-32544178/
93,"W2 re-crop, remainder",RECROP,pexels:13549341,4,no price attached,30%,P3,seychelles,dive sail walk,adventure,"a yacht anchored between granite islands, Seychelles",16/9,1800,cut a second crop from the file we already hold,re-crop,"A — none. We hold the file; this is an hour of somebody's attention, not a purchase.",AKL-000473,https://images.pexels.com/photos/13549341/pexels-photo-13549341.jpeg,seychelles/adventure/a-yacht-anchored-between-granite-islands-seychelles.avif,2,/places/seychelles/dive-sail-walk.html,/places/seychelles/dive-sail-walk.html,"relevance 4.2, subject query, names its country",pexels,Adrien Daurenjou,https://www.pexels.com/photo/scenic-view-of-a-beach-in-seychelles-13549341/
94,"W2 re-crop, remainder",RECROP,pexels:33428172,4,no price attached,30%,P3,seychelles,nowhere else is built like this,why-visit,granite peaks and palms above a Seychelles beach,16/9 and 21/9,2400,cut a second crop from the file we already hold,re-crop,"A — none. We hold the file; this is an hour of somebody's attention, not a purchase.",AKL-000490,https://images.pexels.com/photos/33428172/pexels-photo-33428172.jpeg,seychelles/why-visit/granite-peaks-and-palms-above-a-seychelles-beach.avif,2,/places/seychelles/nowhere-else-is-built-like-this.html,/places/seychelles/nowhere-else-is-built-like-this.html,"relevance 4.8, subject query, names its country",pexels,Vika Glitter,https://www.pexels.com/photo/fashionable-woman-posing-on-seychelles-beach-33428172/
95,"W2 re-crop, remainder",RECROP,pexels:33428146,4,no price attached,30%,P3,seychelles,endemic everywhere,wildlife,"a giant tortoise walking a beach on Curieuse, Seychelles",16/9,1800,cut a second crop from the file we already hold,re-crop,"A — none. We hold the file; this is an hour of somebody's attention, not a purchase.",AKL-000491,https://images.pexels.com/photos/33428146/pexels-photo-33428146.jpeg,seychelles/wildlife/a-giant-tortoise-walking-a-beach-on-curieuse-seychelles.avif,4,/places/seychelles/endemic-everywhere.html,/seychelles.html,"relevance 4.0, subject query, names its country",pexels,Vika Glitter,https://www.pexels.com/photo/woman-relaxing-on-rocky-beach-in-seychelles-33428146/
96,"W2 re-crop, remainder",RECROP,pexels:35048659,4,no price attached,22%,P3,egypt,coptic islamic pharaonic,culture,"the minarets and rooftops of Islamic Cairo, Egypt",16/9,1800,cut a second crop from the file we already hold,re-crop,"A — none. We hold the file; this is an hour of somebody's attention, not a purchase.",AKL-000136,https://images.pexels.com/photos/35048659/pexels-photo-35048659.jpeg,egypt/culture/the-minarets-and-rooftops-of-islamic-cairo-egypt.avif,4,/places/egypt/coptic-islamic-pharaonic.html,/egypt.html,"relevance 7.9, subject query, names its country",pexels,Mido Makasardi ©️,https://www.pexels.com/photo/historic-courtyard-in-cairo-with-islamic-architecture-35048659/
97,"W2 re-crop, remainder",RECROP,pexels:35556386,4,no price attached,22%,P3,egypt,birds of the delta,wildlife,"flamingos and waders on a Nile delta wetland, Egypt",16/9,1800,cut a second crop from the file we already hold,re-crop,"A — none. We hold the file; this is an hour of somebody's attention, not a purchase.",AKL-000152,https://images.pexels.com/photos/35556386/pexels-photo-35556386.jpeg,egypt/wildlife/flamingos-and-waders-on-a-nile-delta-wetland-egypt.avif,4,/places/egypt/birds-of-the-delta.html,/egypt.html,"relevance 6.0, subject query, names its country",pexels,Tito Zzzz,https://www.pexels.com/photo/sailing-boats-on-the-nile-river-in-egypt-35556386/
98,"W2 re-crop, remainder",RECROP,pexels:35644773,4,no price attached,19%,P1,tunisia,,hero,"the ruins of Carthage above the bay of Tunis, Tunisia",4/3 and 16/9,2400,cut a second crop from the file we already hold,re-crop,"A — none. We hold the file; this is an hour of somebody's attention, not a purchase.",AKL-000580,https://images.pexels.com/photos/35644773/pexels-photo-35644773.jpeg,tunisia/hero/the-ruins-of-carthage-above-the-bay-of-tunis-tunisia.avif,2,/tourism/tunisia.html,/tourism/index.html,"relevance 6.0, subject query, names its country",pexels,Elijah Cobb,https://www.pexels.com/photo/ancient-ruins-and-palm-trees-in-tunisia-35644773/
99,"W2 re-crop, remainder",RECROP,pexels:11042654,4,no price attached,19%,P3,tunisia,desert diving dunes,adventure,"camels crossing dunes on the Grand Erg oriental, Tunisia",16/9,1800,cut a second crop from the file we already hold,re-crop,"A — none. We hold the file; this is an hour of somebody's attention, not a purchase.",AKL-000570,https://images.pexels.com/photos/11042654/pexels-photo-11042654.jpeg,tunisia/adventure/camels-crossing-dunes-on-the-grand-erg-oriental-tunisia.avif,2,/places/tunisia/desert-diving-dunes.html,/places/tunisia/desert-diving-dunes.html,"relevance 6.2, subject query, names its country",pexels,Elias Strale,https://www.pexels.com/photo/aerial-view-of-dunes-11042654/
100,"W2 re-crop, remainder",RECROP,pexels:38254052,4,no price attached,19%,P3,tunisia,punic roman arab berber,culture,a Roman mosaic floor in a Tunisian museum,16/9,1800,cut a second crop from the file we already hold,re-crop,"A — none. We hold the file; this is an hour of somebody's attention, not a purchase.",AKL-000574,https://images.pexels.com/photos/38254052/pexels-photo-38254052.jpeg,tunisia/culture/a-roman-mosaic-floor-in-a-tunisian-museum.avif,4,/places/tunisia/punic-roman-arab-berber.html,/tunisia.html,"relevance 5.5, subject query, names its country",pexels,Eleanore Stohner,https://www.pexels.com/photo/ancient-roman-ruins-with-mosaic-in-tunisia-38254052/
101,"W2 re-crop, remainder",RECROP,pexels:38254012,4,no price attached,19%,P3,tunisia,rome and the sahara in one week,why-visit,"a desert road running south towards the Sahara, Tunisia",16/9 and 21/9,2400,cut a second crop from the file we already hold,re-crop,"A — none. We hold the file; this is an hour of somebody's attention, not a purchase.",AKL-000590,https://images.pexels.com/photos/38254012/pexels-photo-38254012.jpeg,tunisia/why-visit/a-desert-road-running-south-towards-the-sahara-tunisia.avif,2,/places/tunisia/rome-and-the-sahara-in-one-week.html,/places/tunisia/rome-and-the-sahara-in-one-week.html,"relevance 5.4, subject query, names its country",pexels,Eleanore Stohner,https://www.pexels.com/photo/ancient-ksour-architecture-in-tunisia-38254012/
102,"W2 re-crop, remainder",RECROP,pexels:38254016,4,no price attached,19%,P3,tunisia,ichkeul and the desert,wildlife,"flamingos on the lake at Ichkeul, Tunisia",16/9,1800,cut a second crop from the file we already hold,re-crop,"A — none. We hold the file; this is an hour of somebody's attention, not a purchase.",AKL-000591,https://images.pexels.com/photos/38254016/pexels-photo-38254016.jpeg,tunisia/wildlife/flamingos-on-the-lake-at-ichkeul-tunisia.avif,4,/places/tunisia/ichkeul-and-the-desert.html,/tunisia.html,"relevance 6.0, subject query, names its country",pexels,Eleanore Stohner,https://www.pexels.com/photo/ancient-desert-ruins-in-tunisia-38254016/
103,"W3 commission, commercially live",SIGNATURE,unsplash:MdNOvU9uFuo,1,operator — bookable today,69%,P1,cameroon,,hero,the upper slopes of Mount Cameroon at dawn above the Atlantic,16/9 and 4/3,2400,commission an original photograph from an African photographer,commission,D — a commissioned shoot. The most expensive route and the only one that produces something nobody else has.,AKL-000630,https://images.unsplash.com/photo-1615463668140-d294c94ec8ef,cameroon/hero/the-upper-slopes-of-mount-cameroon-at-dawn-above-the-atlantic.avif,2,/tourism/cameroon.html,/tourism/cameroon.html,"the provider calls it ""green trees on brown mountain under blue sky during """,unsplash,Edouard TAMBA,https://unsplash.com/photos/green-trees-on-brown-mountain-under-blue-sky-during-daytime-MdNOvU9uFuo
104,"W3 commission, commercially live",SIGNATURE,unsplash:pjMnGNI7mT4,1,operator — bookable today,38%,P1,uganda,,hero,"mist over the forested hills of Bwindi Impenetrable National Park at sunrise, Uganda",4/3 and 16/9,2400,commission an original photograph from an African photographer,commission,D — a commissioned shoot. The most expensive route and the only one that produces something nobody else has.,AKL-000631,https://images.unsplash.com/photo-1711198617874-e86cedbf3707,uganda/hero/mist-over-the-forested-hills-of-bwindi-impenetrable-national-park-at-s.avif,2,/tourism/uganda.html,/tourism/index.html,"the provider calls it ""a baby gorilla laying on its back in the forest""",unsplash,Gabriel Schumacher,https://unsplash.com/photos/a-baby-gorilla-laying-on-its-back-in-the-forest-pjMnGNI7mT4
105,"W3 commission, commercially live",SIGNATURE,unsplash:fbHeFP-4Q0Y,2,"priced route — East, South and continental",81%,P1,botswana,,hero,"the channels and islands of the Okavango delta from the air, Botswana",16/9 and 4/3,2400,commission an original photograph from an African photographer,commission,D — a commissioned shoot. The most expensive route and the only one that produces something nobody else has.,AKL-000632,https://images.unsplash.com/photo-1646338127518-07d025f4fe5c,botswana/hero/the-channels-and-islands-of-the-okavango-delta-from-the-air-botswana.avif,2,/tourism/botswana.html,/tourism/botswana.html,"the provider calls it ""an elephant standing in a field of tall grass""",unsplash,Mike Koss,https://unsplash.com/photos/an-elephant-standing-in-a-field-of-tall-grass-fbHeFP-4Q0Y
106,"W3 commission, commercially live",SIGNATURE,pexels:22938560,2,"priced route — East, South and continental",65%,P1,zimbabwe,,hero,the stone walls of Great Zimbabwe,4/3 and 16/9,2400,commission an original photograph from an African photographer,commission,D — a commissioned shoot. The most expensive route and the only one that produces something nobody else has.,AKL-000633,https://images.pexels.com/photos/22938560/pexels-photo-22938560.jpeg,zimbabwe/hero/the-stone-walls-of-great-zimbabwe.avif,2,/tourism/zimbabwe.html,/tourism/index.html,"the provider calls it ""village des bories in black and white""",pexels,Jean-Paul Wettstein,https://www.pexels.com/photo/village-des-bories-in-black-and-white-22938560/
107,"W3 commission, commercially live",SIGNATURE,pexels:36477481,2,"priced route — East, South and continental",46%,P1,rwanda,,hero,terraced green hills at sunrise in the Rwandan highlands,4/3 and 16/9,2400,commission an original photograph from an African photographer,commission,D — a commissioned shoot. The most expensive route and the only one that produces something nobody else has.,AKL-000634,https://images.pexels.com/photos/36477481/pexels-photo-36477481.jpeg,rwanda/hero/terraced-green-hills-at-sunrise-in-the-rwandan-highlands.avif,2,/tourism/rwanda.html,/tourism/index.html,"the provider calls it ""scenic rural landscape in kigali rwanda""",pexels,Ana Kenk,https://www.pexels.com/photo/scenic-rural-landscape-in-kigali-rwanda-36477481/
108,"W3 commission, commercially live",SIGNATURE,pexels:30705107,2,"priced route — East, South and continental",33%,P1,kenya,,hero,"acacia and open grassland in the Maasai Mara at sunrise, Kenya",4/3 and 16/9,2400,commission an original photograph from an African photographer,commission,D — a commissioned shoot. The most expensive route and the only one that produces something nobody else has.,AKL-000635,https://images.pexels.com/photos/30705107/pexels-photo-30705107.jpeg,kenya/hero/acacia-and-open-grassland-in-the-maasai-mara-at-sunrise-kenya.avif,2,/tourism/kenya.html,/tourism/index.html,"the provider calls it ""playful lion cub in kenyan grasslands""",pexels,Hugo Sykes,https://www.pexels.com/photo/playful-lion-cub-in-kenyan-grasslands-30705107/
109,"W3 commission, commercially live",SIGNATURE,pexels:17732553,3,priced route — West,77%,P1,cote-divoire,,hero,"the Abidjan skyline across the Ébrié lagoon, Côte d'Ivoire",16/9 and 4/3,2400,commission an original photograph from an African photographer,commission,D — a commissioned shoot. The most expensive route and the only one that produces something nobody else has.,AKL-000636,https://images.pexels.com/photos/17732553/pexels-photo-17732553.jpeg,cote-divoire/hero/the-abidjan-skyline-across-the-bri-lagoon-c-te-d-ivoire.avif,2,/tourism/cote-divoire.html,/tourism/cote-divoire.html,"the provider calls it ""an aerial view of a city with tall buildings""",pexels,Alex Levis,https://www.pexels.com/photo/an-aerial-view-of-a-city-with-tall-buildings-17732553/
110,"W3 commission, commercially live",SIGNATURE,pexels:28281030,3,priced route — West,58%,P1,senegal,,hero,"the Atlantic breaking below the cliffs at Dakar, Senegal",4/3 and 16/9,2400,commission an original photograph from an African photographer,commission,D — a commissioned shoot. The most expensive route and the only one that produces something nobody else has.,AKL-000637,https://images.pexels.com/photos/28281030/pexels-photo-28281030.jpeg,senegal/hero/the-atlantic-breaking-below-the-cliffs-at-dakar-senegal.avif,2,/tourism/senegal.html,/tourism/index.html,"the provider calls it ""a man playing a trumpet on the beach""",pexels,William Adams,https://www.pexels.com/photo/a-man-playing-a-trumpet-on-the-beach-28281030/
111,"W3 commission, commercially live",SIGNATURE,pexels:31670400,3,priced route — West,48%,P1,guinea-bissau,,hero,"palm-fringed islands and tidal channels in the Bijagos archipelago, Guinea-Bissau",16/9 and 4/3,2400,commission an original photograph from an African photographer,commission,D — a commissioned shoot. The most expensive route and the only one that produces something nobody else has.,AKL-000638,https://images.pexels.com/photos/31670400/pexels-photo-31670400.jpeg,guinea-bissau/hero/palm-fringed-islands-and-tidal-channels-in-the-bijagos-archipelago-gui.avif,2,/tourism/guinea-bissau.html,/tourism/guinea-bissau.html,relevance 2.5,pexels,Andy Coffie,https://www.pexels.com/photo/scenic-tropical-riverside-with-palm-trees-31670400/
112,"W4 licence, commercially live",REPLACE,pexels:4994530,1,operator — bookable today,69%,P3,cameroon,summit crater coast,adventure,walkers crossing grass slopes below the summit huts on Mount Cameroon,16/9,1800,licence a photograph that actually shows the subject,licence,C — a licence worth paying up for: this frame opens a page that carries a price.,AKL-000639,https://images.pexels.com/photos/4994530/pexels-photo-4994530.jpeg,cameroon/adventure/walkers-crossing-grass-slopes-below-the-summit-huts-on-mount-cameroon.avif,3,/places/cameroon/summit-crater-coast.html,/places/cameroon/summit-crater-coast.html,"the provider calls it ""view into active volcano""",pexels,Thasura Kumarasinghe,https://www.pexels.com/photo/view-into-active-volcano-4994530/
113,"W4 licence, commercially live",REPLACE,pexels:30253023,1,operator — bookable today,69%,P3,cameroon,chefferie and colonial buea,architecture,"A person carrying goods on their head walks through ornate African architecture, illustrating cultural lifestyle., Cameroon",16/9 and 3/2 and 4/3,1600,licence a photograph that actually shows the subject,licence,C — a licence worth paying up for: this frame opens a page that carries a price.,AKL-000640,https://images.pexels.com/photos/30253023/pexels-photo-30253023.jpeg,cameroon/architecture/a-person-carrying-goods-on-their-head-walks-through-ornate-african-arc.avif,3,/places/cameroon/chefferie-and-colonial-buea.html,/places/cameroon/chefferie-and-colonial-buea.html,relevance 2.2,pexels,Kaybee Photography,https://www.pexels.com/photo/traditional-african-architecture-and-daily-life-30253023/
114,"W4 licence, commercially live",REPLACE,pexels:15456412,1,operator — bookable today,69%,P3,cameroon,black sand and warm water,beaches,surf breaking on volcanic black sand at dusk on the Cameroon coast near Limbe,16/9 and 4/3,1600,licence a photograph that actually shows the subject,licence,C — a licence worth paying up for: this frame opens a page that carries a price.,AKL-000641,https://images.pexels.com/photos/15456412/pexels-photo-15456412.jpeg,cameroon/beaches/surf-breaking-on-volcanic-black-sand-at-dusk-on-the-cameroon-coast-nea.avif,3,/places/cameroon/black-sand-and-warm-water.html,/places/cameroon/black-sand-and-warm-water.html,"the provider calls it ""church in tropical village""",pexels,George Njukeng,https://www.pexels.com/photo/church-in-tropical-village-15456412/
115,"W4 licence, commercially live",REPLACE,pexels:30037266,1,operator — bookable today,69%,P3,cameroon,the grassfields kingdoms,culture,"Traditional African music performance during a cultural event in Maiduguri, Nigeria., Cameroon",16/9,1800,licence a photograph that actually shows the subject,licence,C — a licence worth paying up for: this frame opens a page that carries a price.,AKL-000642,https://images.pexels.com/photos/30037266/pexels-photo-30037266.jpeg,cameroon/culture/traditional-african-music-performance-during-a-cultural-event-in-maidu.avif,3,/places/cameroon/the-grassfields-kingdoms.html,/places/cameroon/the-grassfields-kingdoms.html,relevance 2.0,pexels,Shally  Imagery,https://www.pexels.com/photo/cultural-music-performance-in-maiduguri-nigeria-30037266/
116,"W4 licence, commercially live",REPLACE,unsplash:9ZFn__BKP_s,1,operator — bookable today,69%,P3,cameroon,korup dja and the village fund,eco-tourism,"a forest guide identifying a tree species inside Korup rainforest, Cameroon",16/9 and 4/3,1600,licence a photograph that actually shows the subject,licence,C — a licence worth paying up for: this frame opens a page that carries a price.,AKL-000643,https://images.unsplash.com/photo-1615463738213-b9381d217b4e,cameroon/eco-tourism/a-forest-guide-identifying-a-tree-species-inside-korup-rainforest-came.avif,3,/places/cameroon/korup-dja-and-the-village-fund.html,/places/cameroon/korup-dja-and-the-village-fund.html,"the provider calls it ""green trees under white clouds during daytime""",unsplash,Edouard TAMBA,https://unsplash.com/photos/green-trees-under-white-clouds-during-daytime-9ZFn__BKP_s
117,"W4 licence, commercially live",REPLACE,unsplash:MLAKGOi9lrk,1,operator — bookable today,69%,P3,cameroon,village and mountain together,family-community,"villagers and guides repairing a stone section of mountain trail together, Cameroon",16/9 and 4/3,1600,licence a photograph that actually shows the subject,licence,C — a licence worth paying up for: this frame opens a page that carries a price.,AKL-000644,https://images.unsplash.com/photo-1689762063112-a6220c5e1f70,cameroon/family-community/villagers-and-guides-repairing-a-stone-section-of-mountain-trail-toget.avif,3,/places/cameroon/village-and-mountain-together.html,/places/cameroon/village-and-mountain-together.html,"the provider calls it ""two people in life jackets wading through a body of """,unsplash,Joseph Siewe,https://unsplash.com/photos/two-people-in-life-jackets-wading-through-a-body-of-water-MLAKGOi9lrk
118,"W4 licence, commercially live",REPLACE,unsplash:lNrp5eNli1M,1,operator — bookable today,69%,P3,cameroon,nguon at foumban,festivals,"masked dancers and horsemen at the Nguon festival in Foumban, Cameroon",16/9 and 3/2 and 4/3,1600,licence a photograph that actually shows the subject,licence,C — a licence worth paying up for: this frame opens a page that carries a price.,AKL-000645,https://images.unsplash.com/photo-1775138622438-f9568c3e279d,cameroon/festivals/masked-dancers-and-horsemen-at-the-nguon-festival-in-foumban-cameroon.avif,4,/places/cameroon/nguon-at-foumban.html,/places/cameroon/nguon-at-foumban.html,"the provider calls it ""elderly people in traditional african attire during """,unsplash,Vincent Lockhart,https://unsplash.com/photos/elderly-people-in-traditional-african-attire-during-a-ceremony-lNrp5eNli1M
119,"W4 licence, commercially live",REPLACE,unsplash:EysQnRouJ30,1,operator — bookable today,69%,P3,cameroon,ndole poulet dg and grilled fish,food,"grilled fish and plantain served at a beachside stall in Kribi, Cameroon",16/9 and 4/3,1600,licence a photograph that actually shows the subject,licence,C — a licence worth paying up for: this frame opens a page that carries a price.,AKL-000646,https://images.unsplash.com/photo-1659947234285-ebf2826cfe15,cameroon/food/grilled-fish-and-plantain-served-at-a-beachside-stall-in-kribi-cameroo.avif,3,/places/cameroon/ndole-poulet-dg-and-grilled-fish.html,/places/cameroon/ndole-poulet-dg-and-grilled-fish.html,"the provider calls it ""a beach with umbrellas and chairs""",unsplash,Ariel Nathan ADA MBITA,https://unsplash.com/photos/a-beach-with-umbrellas-and-chairs-EysQnRouJ30
120,"W4 licence, commercially live",REPLACE,pexels:15173312,1,operator — bookable today,69%,P3,cameroon,dja rhumsiki and the mandara,heritage,"A dark volcanic terrain featuring rough, rocky structures., Cameroon",16/9 and 4/3,1600,licence a photograph that actually shows the subject,licence,C — a licence worth paying up for: this frame opens a page that carries a price.,AKL-000647,https://images.pexels.com/photos/15173312/pexels-photo-15173312.jpeg,cameroon/heritage/a-dark-volcanic-terrain-featuring-rough-rocky-structures-cameroon.avif,3,/places/cameroon/dja-rhumsiki-and-the-mandara.html,/places/cameroon/dja-rhumsiki-and-the-mandara.html,relevance 2.5,pexels,alleksana,https://www.pexels.com/photo/rocks-and-sand-in-volcanic-soil-15173312/
121,"W4 licence, commercially live",REPLACE,pexels:9594981,1,operator — bookable today,69%,P3,cameroon,the 1999 lava fields,hidden-gems,black solidified lava flows reaching the sea on the flank of Mount Cameroon,16/9 and 4/3,1600,licence a photograph that actually shows the subject,licence,C — a licence worth paying up for: this frame opens a page that carries a price.,AKL-000648,https://images.pexels.com/photos/9594981/pexels-photo-9594981.jpeg,cameroon/hidden-gems/black-solidified-lava-flows-reaching-the-sea-on-the-flank-of-mount-cam.avif,3,/places/cameroon/the-1999-lava-fields.html,/places/cameroon/the-1999-lava-fields.html,"the provider calls it ""green trees near mountain""",pexels,Kureng Workx,https://www.pexels.com/photo/green-trees-near-mountain-9594981/
122,"W4 licence, commercially live",REPLACE,unsplash:wqDNF4KcHuI,1,operator — bookable today,69%,P3,cameroon,the 4 095 m volcano,mountains,trekkers on the open upper slopes of Mount Cameroon above the tree line,16/9 and 4/3,1600,licence a photograph that actually shows the subject,licence,C — a licence worth paying up for: this frame opens a page that carries a price.,AKL-000649,https://images.unsplash.com/photo-1696541665406-a2517f84f934,cameroon/mountains/trekkers-on-the-open-upper-slopes-of-mount-cameroon-above-the-tree-lin.avif,5,/places/cameroon/the-4-095-m-volcano.html,/places/cameroon/the-4-095-m-volcano.html,"the provider calls it ""a view of a small town from a hill""",unsplash,Christian Aime Nanga,https://unsplash.com/photos/a-view-of-a-small-town-from-a-hill-wqDNF4KcHuI
123,"W4 licence, commercially live",REPLACE,unsplash:YMk8h7xoja0,1,operator — bookable today,69%,P3,cameroon,six climates one country,nature,Nature in Cameroon,16/9 and 21/9 and 4/3,2100,licence a photograph that actually shows the subject,licence,C — a licence worth paying up for: this frame opens a page that carries a price.,AKL-000650,https://images.unsplash.com/photo-1659947234286-213fd15f0bcc,cameroon/nature/nature-in-cameroon.avif,5,/places/cameroon/six-climates-one-country.html,/places/cameroon/six-climates-one-country.html,"query broadened to category; the provider calls it ""a road with trees and houses along it""",unsplash,Ariel Nathan ADA MBITA,https://unsplash.com/photos/a-road-with-trees-and-houses-along-it-YMk8h7xoja0
124,"W4 licence, commercially live",REPLACE,pexels:12738166,1,operator — bookable today,69%,P3,cameroon,the ring road on foot,outdoor,"Mount Meru against a clear blue sky in Tanzania, showcasing its volcanic landscape., Cameroon",16/9 and 4/3,1600,licence a photograph that actually shows the subject,licence,C — a licence worth paying up for: this frame opens a page that carries a price.,AKL-000651,https://images.pexels.com/photos/12738166/pexels-photo-12738166.jpeg,cameroon/outdoor/mount-meru-against-a-clear-blue-sky-in-tanzania-showcasing-its-volcani.avif,2,/places/cameroon/the-ring-road-on-foot.html,/places/cameroon/the-ring-road-on-foot.html,relevance 2.9,pexels,Peter Godfrey,https://www.pexels.com/photo/view-of-a-grass-field-trees-and-mount-meru-under-clear-blue-sky-12738166/
125,"W4 licence, commercially live",REPLACE,unsplash:Y0GY5hKDOJc,1,operator — bookable today,69%,P3,cameroon,sahel safari at waza,safari,"elephants and giraffe at a dry-season waterhole in Waza National Park, Cameroon",16/9 and 4/3,1600,licence a photograph that actually shows the subject,licence,C — a licence worth paying up for: this frame opens a page that carries a price.,AKL-000652,https://images.unsplash.com/photo-1682924754765-75832404fd1d,cameroon/safari/elephants-and-giraffe-at-a-dry-season-waterhole-in-waza-national-park-.avif,4,/places/cameroon/sahel-safari-at-waza.html,/cameroon.html,"the provider calls it ""a car is driving down a deserted road""",unsplash,Angelo Casto,https://unsplash.com/photos/a-car-is-driving-down-a-deserted-road-Y0GY5hKDOJc
126,"W4 licence, commercially live",REPLACE,pexels:27541898,1,operator — bookable today,69%,P3,cameroon,fulani mafa and bamileke,traditional-people,"Vibrant traditional parade with drummers in Nigeria showcasing rich cultural heritage., Cameroon",16/9 and 4/5 and 4/3,1600,licence a photograph that actually shows the subject,licence,C — a licence worth paying up for: this frame opens a page that carries a price.,AKL-000653,https://images.pexels.com/photos/27541898/pexels-photo-27541898.jpeg,cameroon/traditional-people/vibrant-traditional-parade-with-drummers-in-nigeria-showcasing-rich-cu.avif,3,/places/cameroon/fulani-mafa-and-bamileke.html,/places/cameroon/fulani-mafa-and-bamileke.html,relevance 2.5,pexels,Al-amin Muhammad,https://www.pexels.com/photo/drummers-27541898/
127,"W4 licence, commercially live",REPLACE,pexels:10434600,1,operator — bookable today,69%,P3,cameroon,everything within one border,why-visit,"Expansive view of farmland with a dirt road leading into the horizon under a vast sky., Cameroon",16/9 and 21/9,2400,licence a photograph that actually shows the subject,licence,C — a licence worth paying up for: this frame opens a page that carries a price.,AKL-000654,https://images.pexels.com/photos/10434600/pexels-photo-10434600.jpeg,cameroon/why-visit/expansive-view-of-farmland-with-a-dirt-road-leading-into-the-horizon-u.avif,2,/places/cameroon/everything-within-one-border.html,/places/cameroon/everything-within-one-border.html,relevance 3.9,pexels,Moses Londo,https://www.pexels.com/photo/farmland-under-cloudy-sky-10434600/
128,"W4 licence, commercially live",REPLACE,unsplash:jp6NY2IPP6s,1,operator — bookable today,69%,P3,cameroon,wildlife of the rainforest,wildlife,"forest elephants among buttressed trees in Korup National Park, Cameroon",16/9,1800,licence a photograph that actually shows the subject,licence,C — a licence worth paying up for: this frame opens a page that carries a price.,AKL-000655,https://images.unsplash.com/photo-1682924754698-9f0a3bcef68f,cameroon/wildlife/forest-elephants-among-buttressed-trees-in-korup-national-park-cameroo.avif,5,/places/cameroon/wildlife-of-the-rainforest.html,/places/cameroon/wildlife-of-the-rainforest.html,"the provider calls it ""an empty road in the middle of a jungle""",unsplash,Angelo Casto,https://unsplash.com/photos/an-empty-road-in-the-middle-of-a-jungle-jp6NY2IPP6s
129,"W4 licence, commercially live",REPLACE,unsplash:N1VxHAZNIrI,1,operator — bookable today,59%,P3,namibia,the skeleton coast,beaches,"a shipwreck half-buried on the Skeleton Coast, Namibia",16/9 and 4/3,1600,licence a photograph that actually shows the subject,licence,C — a licence worth paying up for: this frame opens a page that carries a price.,AKL-000656,https://images.unsplash.com/photo-1545925677-8473d1249eaf,namibia/beaches/a-shipwreck-half-buried-on-the-skeleton-coast-namibia.avif,3,/places/namibia/the-skeleton-coast.html,/places/namibia/the-skeleton-coast.html,"the provider calls it ""sea waves near desert""",unsplash,JP Desvigne,https://unsplash.com/photos/sea-waves-near-desert-N1VxHAZNIrI
130,"W4 licence, commercially live",REPLACE,unsplash:ycrX020cRcU,1,operator — bookable today,59%,P3,namibia,windhoek and swakopmund,cities,"the seafront and pier at Swakopmund in fog, Namibia",16/9 and 4/3,1600,licence a photograph that actually shows the subject,licence,C — a licence worth paying up for: this frame opens a page that carries a price.,AKL-000657,https://images.unsplash.com/photo-1504053587917-5f214fde5be2,namibia/cities/the-seafront-and-pier-at-swakopmund-in-fog-namibia.avif,2,/places/namibia/windhoek-and-swakopmund.html,/places/namibia/windhoek-and-swakopmund.html,"the provider calls it ""pink concrete bar""",unsplash,Anqi Lu,https://unsplash.com/photos/pink-concrete-bar-ycrX020cRcU
131,"W4 licence, commercially live",REPLACE,pexels:26630504,1,operator — bookable today,59%,P3,namibia,basketry and ostrich shell,crafts,"Detailed close-up of an ostrich head against a vibrant green background, showcasing wildlife beauty., Namibia",16/9 and 4/3,1600,licence a photograph that actually shows the subject,licence,C — a licence worth paying up for: this frame opens a page that carries a price.,AKL-000658,https://images.pexels.com/photos/26630504/pexels-photo-26630504.jpeg,namibia/crafts/detailed-close-up-of-an-ostrich-head-against-a-vibrant-green-backgroun.avif,2,/places/namibia/basketry-and-ostrich-shell.html,/places/namibia/basketry-and-ostrich-shell.html,relevance 2.7,pexels,Chris F,https://www.pexels.com/photo/portrait-of-ostrich-26630504/
132,"W4 licence, commercially live",REPLACE,pexels:33638908,1,operator — bookable today,59%,P3,namibia,conservancies,eco-tourism,"a community game guard on patrol in a conservancy, Namibia",16/9 and 4/3,1600,licence a photograph that actually shows the subject,licence,C — a licence worth paying up for: this frame opens a page that carries a price.,AKL-000659,https://images.pexels.com/photos/33638908/pexels-photo-33638908.jpeg,namibia/eco-tourism/a-community-game-guard-on-patrol-in-a-conservancy-namibia.avif,2,/places/namibia/conservancies.html,/places/namibia/conservancies.html,relevance 2.7,pexels,Faniry Raoilison,https://www.pexels.com/photo/young-adults-playing-outdoor-foosball-game-33638908/
133,"W4 licence, commercially live",REPLACE,unsplash:ZdWhZTpd_Uw,1,operator — bookable today,59%,P3,namibia,easy and safe to drive,family-community,"a family climbing a dune at Sossusvlei, Namibia",16/9 and 4/3,1600,licence a photograph that actually shows the subject,licence,C — a licence worth paying up for: this frame opens a page that carries a price.,AKL-000660,https://images.unsplash.com/photo-1506710507565-203b9f24669b,namibia/family-community/a-family-climbing-a-dune-at-sossusvlei-namibia.avif,2,/places/namibia/easy-and-safe-to-drive.html,/places/namibia/easy-and-safe-to-drive.html,"the provider calls it ""white and brown animal with antler on brown sand""",unsplash,Joe McDaniel,https://unsplash.com/photos/white-and-brown-animal-with-antler-on-brown-sand-ZdWhZTpd_Uw
134,"W4 licence, commercially live",REPLACE,pexels:34735560,1,operator — bookable today,59%,P3,namibia,windhoek karnival and maherero day,festivals,"A vibrant gathering of African people in traditional tribal attire at an outdoor festival., Namibia",16/9 and 3/2 and 4/3,1600,licence a photograph that actually shows the subject,licence,C — a licence worth paying up for: this frame opens a page that carries a price.,AKL-000661,https://images.pexels.com/photos/34735560/pexels-photo-34735560.jpeg,namibia/festivals/a-vibrant-gathering-of-african-people-in-traditional-tribal-attire-at-.avif,3,/places/namibia/windhoek-karnival-and-maherero-day.html,/places/namibia/windhoek-karnival-and-maherero-day.html,relevance 2.0,pexels,Skylight Views,https://www.pexels.com/photo/african-tribal-festival-with-colorful-attire-34735560/
135,"W4 licence, commercially live",REPLACE,unsplash:U1kjLf5ssZk,1,operator — bookable today,59%,P3,namibia,braai and biltong,food,game meat grilling over coals at a Namibian braai,16/9 and 4/3,1600,licence a photograph that actually shows the subject,licence,C — a licence worth paying up for: this frame opens a page that carries a price.,AKL-000662,https://images.unsplash.com/photo-1693921148355-1aa9512c7b20,namibia/food/game-meat-grilling-over-coals-at-a-namibian-braai.avif,2,/places/namibia/braai-and-biltong.html,/places/namibia/braai-and-biltong.html,relevance 3.7,unsplash,Ultimate Safaris Namibia,https://unsplash.com/photos/a-man-in-a-chefs-outfit-cooking-food-on-a-grill-U1kjLf5ssZk
136,"W4 licence, commercially live",REPLACE,pexels:16807196,1,operator — bookable today,59%,P3,namibia,the caprivi woodland,forests,"Peaceful forest stream with trees reflecting in clear water, East Wenatchee, WA., Namibia",16/9 and 4/3,1600,licence a photograph that actually shows the subject,licence,C — a licence worth paying up for: this frame opens a page that carries a price.,AKL-000663,https://images.pexels.com/photos/16807196/pexels-photo-16807196.jpeg,namibia/forests/peaceful-forest-stream-with-trees-reflecting-in-clear-water-east-wenat.avif,3,/places/namibia/the-caprivi-woodland.html,/places/namibia/the-caprivi-woodland.html,relevance 2.2,pexels,Frank Cone,https://www.pexels.com/photo/swamp-and-forest-16807196/
137,"W4 licence, commercially live",REPLACE,unsplash:9SHCL7WCDuc,1,operator — bookable today,59%,P3,namibia,twyfelfontein,historic-sites,"rock engravings on sandstone at Twyfelfontein, Namibia",16/9 and 4/3,1600,licence a photograph that actually shows the subject,licence,C — a licence worth paying up for: this frame opens a page that carries a price.,AKL-000664,https://images.unsplash.com/photo-1730744465455-d1b63a2a9132,namibia/historic-sites/rock-engravings-on-sandstone-at-twyfelfontein-namibia.avif,2,/places/namibia/twyfelfontein.html,/places/namibia/twyfelfontein.html,relevance 2.7,unsplash,Markus Kammermann,https://unsplash.com/photos/a-large-rock-with-some-writing-on-it-9SHCL7WCDuc
138,"W4 licence, commercially live",REPLACE,unsplash:kaD9-g6hLLs,1,operator — bookable today,59%,P3,namibia,the kunene and the zambezi,lakes-rivers,"a dry riverbed cutting through Damaraland, Namibia",16/9 and 4/5 and 4/3,1600,licence a photograph that actually shows the subject,licence,C — a licence worth paying up for: this frame opens a page that carries a price.,AKL-000665,https://images.unsplash.com/photo-1595584745013-f1fa257cf19a,namibia/lakes-rivers/a-dry-riverbed-cutting-through-damaraland-namibia.avif,3,/places/namibia/the-kunene-and-the-zambezi.html,/places/namibia/the-kunene-and-the-zambezi.html,"the provider calls it ""green tree on brown field during daytime""",unsplash,Eelco Böhtlingk,https://unsplash.com/photos/green-tree-on-brown-field-during-daytime-kaD9-g6hLLs
139,"W4 licence, commercially live",REPLACE,pexels:1363798,1,operator — bookable today,59%,P3,namibia,the long road,local-life,a roadside farm stall on a Namibian highway,16/9 and 3/2 and 4/3,1600,licence a photograph that actually shows the subject,licence,C — a licence worth paying up for: this frame opens a page that carries a price.,AKL-000666,https://images.pexels.com/photos/1363798/pexels-photo-1363798.jpeg,namibia/local-life/a-roadside-farm-stall-on-a-namibian-highway.avif,3,/places/namibia/the-long-road.html,/places/namibia/the-long-road.html,"the provider calls it ""pineapples and bananas""",pexels,Shane Kell,https://www.pexels.com/photo/pineapples-and-bananas-1363798/
140,"W4 licence, commercially live",REPLACE,pexels:3405480,1,operator — bookable today,59%,P3,namibia,the brandberg and the escarpment,mountains,"A man relaxes on sunlit rocks at Spitzkoppe, Namibia's striking mountain range.",16/9 and 4/3,1600,licence a photograph that actually shows the subject,licence,C — a licence worth paying up for: this frame opens a page that carries a price.,AKL-000667,https://images.pexels.com/photos/3405480/pexels-photo-3405480.jpeg,namibia/mountains/a-man-relaxes-on-sunlit-rocks-at-spitzkoppe-namibia-s-striking-mountai.avif,3,/places/namibia/the-brandberg-and-the-escarpment.html,/places/namibia/the-brandberg-and-the-escarpment.html,relevance 2.0,pexels,Hc Digital,https://www.pexels.com/photo/man-sitting-under-barren-rocks-3405480/
141,"W4 licence, commercially live",REPLACE,pexels:25975001,1,operator — bookable today,59%,P3,namibia,dune quad balloon,outdoor,"a balloon over the Namib at sunrise, Namibia",16/9 and 4/3,1600,licence a photograph that actually shows the subject,licence,C — a licence worth paying up for: this frame opens a page that carries a price.,AKL-000668,https://images.pexels.com/photos/25975001/pexels-photo-25975001.jpeg,namibia/outdoor/a-balloon-over-the-namib-at-sunrise-namibia.avif,2,/places/namibia/dune-quad-balloon.html,/places/namibia/dune-quad-balloon.html,"the provider calls it ""single tree on desert""",pexels,zhou shen,https://www.pexels.com/photo/single-tree-on-desert-25975001/
142,"W4 licence, commercially live",REPLACE,pexels:36843264,1,operator — bookable today,59%,P3,namibia,the himba,traditional-people,"A portrait of a smiling woman wearing colorful traditional attire with intricate patterns and jewelry, exuding cultural richness., Namibia",16/9 and 4/5 and 4/3,1600,licence a photograph that actually shows the subject,licence,C — a licence worth paying up for: this frame opens a page that carries a price.,AKL-000669,https://images.pexels.com/photos/36843264/pexels-photo-36843264.jpeg,namibia/traditional-people/a-portrait-of-a-smiling-woman-wearing-colorful-traditional-attire-with.avif,3,/places/namibia/the-himba.html,/places/namibia/the-himba.html,relevance 3.3,pexels,Darkshade Photos,https://www.pexels.com/photo/smiling-woman-in-vibrant-traditional-attire-36843264/
143,"W4 licence, commercially live",REPLACE,unsplash:xV4gvqvS5rs,1,operator — bookable today,59%,P3,namibia,epupa,waterfalls,Waterfalls in Namibia,16/9 and 4/3,1600,licence a photograph that actually shows the subject,licence,C — a licence worth paying up for: this frame opens a page that carries a price.,AKL-000670,https://images.unsplash.com/photo-1784621556701-4974bcffaf47,namibia/waterfalls/waterfalls-in-namibia.avif,3,/places/namibia/epupa.html,/places/namibia/epupa.html,"relevance 2.7; query broadened to category; the provider calls it ""a powerful river flows through a rugged rocky canyon""",unsplash,Arno Smit,https://unsplash.com/photos/a-powerful-river-flows-through-a-rugged-rocky-canyon-xV4gvqvS5rs
144,"W4 licence, commercially live",REPLACE,unsplash:j3YAJH78dcc,1,operator — bookable today,59%,P3,namibia,space and the silence in it,why-visit,"an empty gravel plain stretching to distant mountains, Namibia",16/9 and 21/9,2400,licence a photograph that actually shows the subject,licence,C — a licence worth paying up for: this frame opens a page that carries a price.,AKL-000671,https://images.unsplash.com/photo-1730444289940-6146460a05e4,namibia/why-visit/an-empty-gravel-plain-stretching-to-distant-mountains-namibia.avif,2,/places/namibia/space-and-the-silence-in-it.html,/places/namibia/space-and-the-silence-in-it.html,relevance 3.9,unsplash,Markus Kammermann,https://unsplash.com/photos/a-dirt-road-with-mountains-in-the-background-j3YAJH78dcc
145,"W4 licence, commercially live",REPLACE,unsplash:AIfqCEt3eZY,1,operator — bookable today,38%,P3,uganda,grade five on the nile,adventure,"white-water rafting on the Nile rapids at Jinja, Uganda",16/9,1800,licence a photograph that actually shows the subject,licence,C — a licence worth paying up for: this frame opens a page that carries a price.,AKL-000672,https://images.unsplash.com/photo-1595790527813-6a76c994a1dd,uganda/adventure/white-water-rafting-on-the-nile-rapids-at-jinja-uganda.avif,2,/places/uganda/grade-five-on-the-nile.html,/places/uganda/grade-five-on-the-nile.html,"the provider calls it ""green trees near houses under white clouds and blue """,unsplash,b40deep,https://unsplash.com/photos/green-trees-near-houses-under-white-clouds-and-blue-sky-during-daytime-AIfqCEt3eZY
146,"W4 licence, commercially live",REPLACE,pexels:37411686,1,operator — bookable today,38%,P3,uganda,the ssese islands,beaches,"A serene beach view at Batticaloa Lagoon, Sri Lanka with bright clouds under a vivid blue sky., Uganda",16/9 and 4/3,1600,licence a photograph that actually shows the subject,licence,C — a licence worth paying up for: this frame opens a page that carries a price.,AKL-000673,https://images.pexels.com/photos/37411686/pexels-photo-37411686.jpeg,uganda/beaches/a-serene-beach-view-at-batticaloa-lagoon-sri-lanka-with-bright-clouds-.avif,3,/places/uganda/the-ssese-islands.html,/places/uganda/the-ssese-islands.html,relevance 2.0,pexels,Thilina Alagiyawanna,https://www.pexels.com/photo/sunny-day-at-batticaloa-lagoon-sri-lanka-37411686/
147,"W4 licence, commercially live",REPLACE,pexels:28100867,1,operator — bookable today,38%,P3,uganda,the kingdom of buganda,culture,"A vibrant group of people in traditional attire gathered outdoors in Masindi, Uganda.",16/9,1800,licence a photograph that actually shows the subject,licence,C — a licence worth paying up for: this frame opens a page that carries a price.,AKL-000674,https://images.pexels.com/photos/28100867/pexels-photo-28100867.jpeg,uganda/culture/a-vibrant-group-of-people-in-traditional-attire-gathered-outdoors-in-m.avif,3,/places/uganda/the-kingdom-of-buganda.html,/places/uganda/the-kingdom-of-buganda.html,"relevance 3.5; the provider calls it ""music and faces""",pexels,illustrate Digital Ug,https://www.pexels.com/photo/music-and-faces-28100867/
148,"W4 licence, commercially live",REPLACE,unsplash:zXu9RsYKgHA,1,operator — bookable today,38%,P3,uganda,kingdoms still standing,heritage,royal regalia and drums inside a Buganda kingdom palace,16/9 and 4/3,1600,licence a photograph that actually shows the subject,licence,C — a licence worth paying up for: this frame opens a page that carries a price.,AKL-000675,https://images.unsplash.com/photo-1551357176-7d517a48c209,uganda/heritage/royal-regalia-and-drums-inside-a-buganda-kingdom-palace.avif,3,/places/uganda/kingdoms-still-standing.html,/places/uganda/kingdoms-still-standing.html,relevance 2.0,unsplash,Random Institute,https://unsplash.com/photos/woman-standing-outdoor-zXu9RsYKgHA
149,"W4 licence, commercially live",REPLACE,pexels:30135588,1,operator — bookable today,38%,P3,uganda,kidepo valley,hidden-gems,"the Narus valley and mountains of Kidepo Valley National Park, Uganda",16/9 and 4/3,1600,licence a photograph that actually shows the subject,licence,C — a licence worth paying up for: this frame opens a page that carries a price.,AKL-000676,https://images.pexels.com/photos/30135588/pexels-photo-30135588.jpeg,uganda/hidden-gems/the-narus-valley-and-mountains-of-kidepo-valley-national-park-uganda.avif,2,/places/uganda/kidepo-valley.html,/places/uganda/kidepo-valley.html,"the provider calls it ""majestic giraffe in mbarara s scenic landscape""",pexels,Anthony Desrochers,https://www.pexels.com/photo/majestic-giraffe-in-mbarara-s-scenic-landscape-30135588/
150,"W4 licence, commercially live",REPLACE,pexels:29843680,1,operator — bookable today,38%,P3,uganda,the kasubi tombs,historic-sites,"the great thatched dome of the Kasubi Tombs in Kampala, Uganda",16/9 and 4/3,1600,licence a photograph that actually shows the subject,licence,C — a licence worth paying up for: this frame opens a page that carries a price.,AKL-000677,https://images.pexels.com/photos/29843680/pexels-photo-29843680.jpeg,uganda/historic-sites/the-great-thatched-dome-of-the-kasubi-tombs-in-kampala-uganda.avif,2,/places/uganda/the-kasubi-tombs.html,/places/uganda/the-kasubi-tombs.html,"the provider calls it ""ancient rock cut tomb in mugla turkiye""",pexels,From Salih,https://www.pexels.com/photo/ancient-rock-cut-tomb-in-mugla-turkiye-29843680/
151,"W4 licence, commercially live",REPLACE,unsplash:k12dnEEB55o,1,operator — bookable today,38%,P3,uganda,green end to end,nature,"the crater lakes and green hills around Fort Portal, Uganda",16/9 and 21/9 and 4/3,2100,licence a photograph that actually shows the subject,licence,C — a licence worth paying up for: this frame opens a page that carries a price.,AKL-000678,https://images.unsplash.com/photo-1661883723725-57bd93747f75,uganda/nature/the-crater-lakes-and-green-hills-around-fort-portal-uganda.avif,3,/places/uganda/green-end-to-end.html,/places/uganda/green-end-to-end.html,"the provider calls it ""a sunset over a forest""",unsplash,Ivan Sabayuki,https://unsplash.com/photos/a-sunset-over-a-forest-k12dnEEB55o
152,"W4 licence, commercially live",REPLACE,pexels:38520450,1,operator — bookable today,38%,P3,uganda,crater lakes at first light,photography,"morning mist on the Ndali-Kasenda crater lakes near Fort Portal, Uganda",16/9 and 21/9 and 4/3,2100,licence a photograph that actually shows the subject,licence,C — a licence worth paying up for: this frame opens a page that carries a price.,AKL-000679,https://images.pexels.com/photos/38520450/pexels-photo-38520450.jpeg,uganda/photography/morning-mist-on-the-ndali-kasenda-crater-lakes-near-fort-portal-uganda.avif,3,/places/uganda/crater-lakes-at-first-light.html,/places/uganda/crater-lakes-at-first-light.html,"relevance 3.3; the provider calls it ""vibrant daily life on ugandan street""",pexels,Mwesigwa Joel,https://www.pexels.com/photo/vibrant-daily-life-on-ugandan-street-38520450/
153,"W4 licence, commercially live",REPLACE,unsplash:jwlnfO135yI,1,operator — bookable today,38%,P3,uganda,queen elizabeth and kidepo,safari,"elephants on the Kazinga Channel in Queen Elizabeth National Park, Uganda",16/9 and 4/3,1600,licence a photograph that actually shows the subject,licence,C — a licence worth paying up for: this frame opens a page that carries a price.,AKL-000680,https://images.unsplash.com/photo-1782504354311-5c104bf10185,uganda/safari/elephants-on-the-kazinga-channel-in-queen-elizabeth-national-park-ugan.avif,2,/places/uganda/queen-elizabeth-and-kidepo.html,/places/uganda/queen-elizabeth-and-kidepo.html,"the provider calls it ""elephant wading in water with lush green background""",unsplash,Dmitrii Zhodzishskii,https://unsplash.com/photos/elephant-wading-in-water-with-lush-green-background-jwlnfO135yI
154,"W4 licence, commercially live",REPLACE,pexels:18217144,2,"priced route — East, South and continental",81%,P3,botswana,mokoro walking horseback,adventure,"riders crossing a floodplain on a horseback safari, Botswana",16/9,1800,licence a photograph that actually shows the subject,licence,C — a licence worth paying up for: this frame opens a page that carries a price.,AKL-000681,https://images.pexels.com/photos/18217144/pexels-photo-18217144.jpeg,botswana/adventure/riders-crossing-a-floodplain-on-a-horseback-safari-botswana.avif,2,/places/botswana/mokoro-walking-horseback.html,/places/botswana/mokoro-walking-horseback.html,"the provider calls it ""cattle near water""",pexels,Zeynep Sude  Emek,https://www.pexels.com/photo/cattle-near-water-18217144/
155,"W4 licence, commercially live",REPLACE,unsplash:42ie4S3TqkA,2,"priced route — East, South and continental",81%,P3,botswana,tent deck and sand,architecture,"a tented camp on a deck above the Okavango floodplain, Botswana",16/9 and 3/2 and 4/3,1600,licence a photograph that actually shows the subject,licence,C — a licence worth paying up for: this frame opens a page that carries a price.,AKL-000682,https://images.unsplash.com/photo-1652778287834-d626affb8eff,botswana/architecture/a-tented-camp-on-a-deck-above-the-okavango-floodplain-botswana.avif,3,/places/botswana/tent-deck-and-sand.html,/places/botswana/tent-deck-and-sand.html,"relevance 2.2; the provider calls it ""a lone tree is reflected in the still water of a lak""",unsplash,Andy Robson,https://unsplash.com/photos/a-lone-tree-is-reflected-in-the-still-water-of-a-lake-42ie4S3TqkA
156,"W4 licence, commercially live",REPLACE,unsplash:jk_2Ak2z3JY,2,"priced route — East, South and continental",81%,P3,botswana,landlocked,beaches,"a floodplain island in the Okavango at sunrise, Botswana",16/9 and 4/3,6000,licence a photograph that actually shows the subject,licence,C — a licence worth paying up for: this frame opens a page that carries a price.,AKL-000683,https://images.unsplash.com/photo-1722645148077-a7f99c8bcef2,botswana/beaches/a-floodplain-island-in-the-okavango-at-sunrise-botswana.avif,6,/places/botswana/landlocked.html,/botswana.html,"the provider calls it ""an aerial view of a river running through a lush gre""",unsplash,Sheila C,https://unsplash.com/photos/an-aerial-view-of-a-river-running-through-a-lush-green-field-jk_2Ak2z3JY
157,"W4 licence, commercially live",REPLACE,pexels:16108904,2,"priced route — East, South and continental",81%,P3,botswana,maun and kasane,cities,"Airplanes parked at an airport apron, showcasing the busy atmosphere of modern aviation., Botswana",16/9 and 4/3,1600,licence a photograph that actually shows the subject,licence,C — a licence worth paying up for: this frame opens a page that carries a price.,AKL-000684,https://images.pexels.com/photos/16108904/pexels-photo-16108904.jpeg,botswana/cities/airplanes-parked-at-an-airport-apron-showcasing-the-busy-atmosphere-of.avif,2,/places/botswana/maun-and-kasane.html,/places/botswana/maun-and-kasane.html,relevance 3.9,pexels,Rafael Rodrigues,https://www.pexels.com/photo/aircraft-on-airport-apron-16108904/
158,"W4 licence, commercially live",REPLACE,unsplash:6eqISXrL59E,2,"priced route — East, South and continental",81%,P3,botswana,basketry,crafts,"woven palm baskets from the Okavango panhandle, Botswana",16/9 and 4/3,1600,licence a photograph that actually shows the subject,licence,C — a licence worth paying up for: this frame opens a page that carries a price.,AKL-000685,https://images.unsplash.com/photo-1659559108505-828b8b819cc5,botswana/crafts/woven-palm-baskets-from-the-okavango-panhandle-botswana.avif,2,/places/botswana/basketry.html,/places/botswana/basketry.html,"the provider calls it ""a group of animals in a grassy field""",unsplash,Colin Watts,https://unsplash.com/photos/a-group-of-animals-in-a-grassy-field-6eqISXrL59E
159,"W4 licence, commercially live",REPLACE,pexels:32818577,2,"priced route — East, South and continental",81%,P3,botswana,batswana and san,culture,"a San tracker reading spoor in the Kalahari sand, Botswana",16/9,1800,licence a photograph that actually shows the subject,licence,C — a licence worth paying up for: this frame opens a page that carries a price.,AKL-000686,https://images.pexels.com/photos/32818577/pexels-photo-32818577.jpeg,botswana/culture/a-san-tracker-reading-spoor-in-the-kalahari-sand-botswana.avif,4,/places/botswana/batswana-and-san.html,/botswana.html,"relevance 3.0; the provider calls it ""cheetahs feeding in kgalagadi transfrontier park""",pexels,Derek Keats,https://www.pexels.com/photo/cheetahs-feeding-in-kgalagadi-transfrontier-park-32818577/
160,"W4 licence, commercially live",REPLACE,pexels:16444261,2,"priced route — East, South and continental",81%,P3,botswana,not the cheapest but quiet,family-community,"Two people relaxing on a sandy beach at sunset by a picturesque lake, enjoying leisure time., Botswana",16/9 and 4/3,1600,licence a photograph that actually shows the subject,licence,C — a licence worth paying up for: this frame opens a page that carries a price.,AKL-000687,https://images.pexels.com/photos/16444261/pexels-photo-16444261.jpeg,botswana/family-community/two-people-relaxing-on-a-sandy-beach-at-sunset-by-a-picturesque-lake-e.avif,2,/places/botswana/not-the-cheapest-but-quiet.html,/places/botswana/not-the-cheapest-but-quiet.html,relevance 2.2,pexels,Keegan Checks,https://www.pexels.com/photo/a-group-of-people-sitting-on-the-beach-at-sunset-16444261/
161,"W4 licence, commercially live",REPLACE,pexels:15022727,2,"priced route — East, South and continental",81%,P3,botswana,seswaa and bogobe,food,seswaa and bogobe served at a Botswana lodge,16/9 and 4/3,1600,licence a photograph that actually shows the subject,licence,C — a licence worth paying up for: this frame opens a page that carries a price.,AKL-000688,https://images.pexels.com/photos/15022727/pexels-photo-15022727.jpeg,botswana/food/seswaa-and-bogobe-served-at-a-botswana-lodge.avif,3,/places/botswana/seswaa-and-bogobe.html,/index.html,"the provider calls it ""man cooking in cauldrons""",pexels,Fredrick Bk Gasentsima,https://www.pexels.com/photo/man-cooking-in-cauldrons-15022727/
162,"W4 licence, commercially live",REPLACE,unsplash:utr5ifIk19c,2,"priced route — East, South and continental",81%,P3,botswana,riverine and mopane,forests,"riverine forest along the Chobe river bank, Botswana",16/9 and 4/3,1600,licence a photograph that actually shows the subject,licence,C — a licence worth paying up for: this frame opens a page that carries a price.,AKL-000689,https://images.unsplash.com/photo-1708886196391-0ed2efac7fcc,botswana/forests/riverine-forest-along-the-chobe-river-bank-botswana.avif,4,/places/botswana/riverine-and-mopane.html,/botswana.html,"the provider calls it ""a herd of elephants walking across a dirt field""",unsplash,Ida Kymmer,https://unsplash.com/photos/a-herd-of-elephants-walking-across-a-dirt-field-utr5ifIk19c
163,"W4 licence, commercially live",REPLACE,unsplash:zmjoekNWffI,2,"priced route — East, South and continental",81%,P3,botswana,the makgadikgadi,hidden-gems,"quad bikes on the Makgadikgadi salt pan at dusk, Botswana",16/9 and 4/3,1600,licence a photograph that actually shows the subject,licence,C — a licence worth paying up for: this frame opens a page that carries a price.,AKL-000690,https://images.unsplash.com/photo-1759216942482-d4a344132fea,botswana/hidden-gems/quad-bikes-on-the-makgadikgadi-salt-pan-at-dusk-botswana.avif,2,/places/botswana/the-makgadikgadi.html,/places/botswana/the-makgadikgadi.html,"the provider calls it ""a herd of wildebeest gathered near water""",unsplash,Ed Wingate,https://unsplash.com/photos/a-herd-of-wildebeest-gathered-near-water-zmjoekNWffI
164,"W4 licence, commercially live",REPLACE,pexels:11754720,2,"priced route — East, South and continental",81%,P3,botswana,tsodilo hills,historic-sites,"Explore this natural rock cave entrance with unique geological features and a sandy floor., Botswana",16/9 and 4/3,1600,licence a photograph that actually shows the subject,licence,C — a licence worth paying up for: this frame opens a page that carries a price.,AKL-000691,https://images.pexels.com/photos/11754720/pexels-photo-11754720.jpeg,botswana/historic-sites/explore-this-natural-rock-cave-entrance-with-unique-geological-feature.avif,2,/places/botswana/tsodilo-hills.html,/places/botswana/tsodilo-hills.html,relevance 2.7,pexels,Nandakumar R,https://www.pexels.com/photo/a-cave-entrance-11754720/
165,"W4 licence, commercially live",REPLACE,unsplash:mGmo5XEsw4M,2,"priced route — East, South and continental",81%,P3,botswana,the okavango and the chobe,lakes-rivers,"a mokoro being poled through a papyrus channel, Botswana",16/9 and 4/5 and 4/3,1600,licence a photograph that actually shows the subject,licence,C — a licence worth paying up for: this frame opens a page that carries a price.,AKL-000692,https://images.unsplash.com/photo-1573707627676-eda00266adce,botswana/lakes-rivers/a-mokoro-being-poled-through-a-papyrus-channel-botswana.avif,3,/places/botswana/the-okavango-and-the-chobe.html,/places/botswana/the-okavango-and-the-chobe.html,"the provider calls it ""trees and body of water during golden hour""",unsplash,Jose Mizrahi,https://unsplash.com/photos/trees-and-body-of-water-during-golden-hour-mGmo5XEsw4M
166,"W4 licence, commercially live",REPLACE,unsplash:Q_Kdahzgl-Y,2,"priced route — East, South and continental",81%,P3,botswana,cattle posts,local-life,"a cattle post at the edge of the Kalahari, Botswana",16/9 and 3/2 and 4/3,1600,licence a photograph that actually shows the subject,licence,C — a licence worth paying up for: this frame opens a page that carries a price.,AKL-000693,https://images.unsplash.com/photo-1653684147709-83a1f8621cdd,botswana/local-life/a-cattle-post-at-the-edge-of-the-kalahari-botswana.avif,3,/places/botswana/cattle-posts.html,/places/botswana/cattle-posts.html,"the provider calls it ""a giraffe walking across a dry grass field""",unsplash,Thomas Evans,https://unsplash.com/photos/a-giraffe-walking-across-a-dry-grass-field-Q_Kdahzgl-Y
167,"W4 licence, commercially live",REPLACE,pexels:9497620,2,"priced route — East, South and continental",81%,P3,botswana,the concession camps,luxury,"a small luxury tented camp lit at dusk in the delta, Botswana",16/9 and 4/3,1600,licence a photograph that actually shows the subject,licence,C — a licence worth paying up for: this frame opens a page that carries a price.,AKL-000694,https://images.pexels.com/photos/9497620/pexels-photo-9497620.jpeg,botswana/luxury/a-small-luxury-tented-camp-lit-at-dusk-in-the-delta-botswana.avif,2,/places/botswana/the-concession-camps.html,/places/botswana/the-concession-camps.html,"the provider calls it ""a bedroom with textile ceiling and wall""",pexels,Prince Desert Camp,https://www.pexels.com/photo/a-bedroom-with-textile-ceiling-and-wall-9497620/
168,"W4 licence, commercially live",REPLACE,pexels:32798115,2,"priced route — East, South and continental",81%,P3,botswana,tsodilo,mountains,"the Tsodilo hills rising from flat Kalahari scrub, Botswana",16/9 and 4/3,1800,licence a photograph that actually shows the subject,licence,C — a licence worth paying up for: this frame opens a page that carries a price.,AKL-000695,https://images.pexels.com/photos/32798115/pexels-photo-32798115.jpeg,botswana/mountains/the-tsodilo-hills-rising-from-flat-kalahari-scrub-botswana.avif,4,/places/botswana/tsodilo.html,/botswana.html,"relevance 3.0; the provider calls it ""majestic african lion resting in the wild""",pexels,Derek Keats,https://www.pexels.com/photo/majestic-african-lion-resting-in-the-wild-32798115/
169,"W4 licence, commercially live",REPLACE,unsplash:QLTNvSEKRKs,2,"priced route — East, South and continental",81%,P3,botswana,delta pan and desert,nature,"the Makgadikgadi salt pans stretching to the horizon, Botswana",16/9 and 21/9 and 4/3,2100,licence a photograph that actually shows the subject,licence,C — a licence worth paying up for: this frame opens a page that carries a price.,AKL-000696,https://images.unsplash.com/photo-1759216942476-c8e7f1d09b4f,botswana/nature/the-makgadikgadi-salt-pans-stretching-to-the-horizon-botswana.avif,4,/places/botswana/delta-pan-and-desert.html,/botswana.html,"the provider calls it ""a herd of wildebeest stand near water in a savanna""",unsplash,Ed Wingate,https://unsplash.com/photos/a-herd-of-wildebeest-stand-near-water-in-a-savanna-QLTNvSEKRKs
170,"W4 licence, commercially live",REPLACE,pexels:5715513,2,"priced route — East, South and continental",81%,P3,botswana,mokoro and walking,outdoor,"Two giraffes walking in the vibrant African savannah landscape., Botswana",16/9 and 4/3,1600,licence a photograph that actually shows the subject,licence,C — a licence worth paying up for: this frame opens a page that carries a price.,AKL-000697,https://images.pexels.com/photos/5715513/pexels-photo-5715513.jpeg,botswana/outdoor/two-giraffes-walking-in-the-vibrant-african-savannah-landscape-botswan.avif,2,/places/botswana/mokoro-and-walking.html,/places/botswana/mokoro-and-walking.html,relevance 2.5,pexels,Roger Brown,https://www.pexels.com/photo/giraffes-on-brown-grass-field-5715513/
171,"W4 licence, commercially live",REPLACE,unsplash:uihrkX40Jx0,2,"priced route — East, South and continental",81%,P3,botswana,water and light,photography,"aerial view of flooded Okavango channels at golden hour, Botswana",16/9 and 21/9 and 4/3,2100,licence a photograph that actually shows the subject,licence,C — a licence worth paying up for: this frame opens a page that carries a price.,AKL-000698,https://images.unsplash.com/photo-1756903723056-ae7e64b95ca4,botswana/photography/aerial-view-of-flooded-okavango-channels-at-golden-hour-botswana.avif,3,/places/botswana/water-and-light.html,/places/botswana/water-and-light.html,relevance 2.3,unsplash,Jade Plk,https://unsplash.com/photos/elephant-wading-through-shallow-water-with-grass-uihrkX40Jx0
172,"W4 licence, commercially live",REPLACE,unsplash:JaD-db16oAE,2,"priced route — East, South and continental",81%,P3,botswana,low volume high value,safari,"a game vehicle alone on a track in the Okavango, Botswana",16/9 and 4/3,1600,licence a photograph that actually shows the subject,licence,C — a licence worth paying up for: this frame opens a page that carries a price.,AKL-000699,https://images.unsplash.com/photo-1503592687001-f8d008454cbf,botswana/safari/a-game-vehicle-alone-on-a-track-in-the-okavango-botswana.avif,2,/places/botswana/low-volume-high-value.html,/places/botswana/low-volume-high-value.html,"the provider calls it ""black ram near tree""",unsplash,Jennifer Latuperisa-Andresen,https://unsplash.com/photos/black-ram-near-tree-JaD-db16oAE
173,"W4 licence, commercially live",REPLACE,unsplash:z50HyMmJ6ao,2,"priced route — East, South and continental",81%,P3,botswana,no falls and the zambezi next door,waterfalls,"the Chobe river spreading wide at sunset, Botswana",16/9 and 4/3,1600,licence a photograph that actually shows the subject,licence,C — a licence worth paying up for: this frame opens a page that carries a price.,AKL-000700,https://images.unsplash.com/photo-1583049478856-7dc76fbb5e6a,botswana/waterfalls/the-chobe-river-spreading-wide-at-sunset-botswana.avif,3,/places/botswana/no-falls-and-the-zambezi-next-door.html,/places/botswana/no-falls-and-the-zambezi-next-door.html,"the provider calls it ""zebra standing on brown grass field""",unsplash,Anika De Klerk,https://unsplash.com/photos/zebra-standing-on-brown-grass-field-z50HyMmJ6ao
174,"W4 licence, commercially live",REPLACE,unsplash:G6oow3hC7UU,2,"priced route — East, South and continental",81%,P3,botswana,fewer people than elephants,why-visit,"an elephant herd crossing open Kalahari grassland, Botswana",16/9 and 21/9,2400,licence a photograph that actually shows the subject,licence,C — a licence worth paying up for: this frame opens a page that carries a price.,AKL-000701,https://images.unsplash.com/photo-1623263320330-83472c08dfe4,botswana/why-visit/an-elephant-herd-crossing-open-kalahari-grassland-botswana.avif,2,/places/botswana/fewer-people-than-elephants.html,/places/botswana/fewer-people-than-elephants.html,relevance 3.9,unsplash,Leon Pauleikhoff,https://unsplash.com/photos/a-herd-of-antelope-grazing-on-dry-grass-G6oow3hC7UU
175,"W4 licence, commercially live",REPLACE,pexels:13746782,2,"priced route — East, South and continental",65%,P3,zimbabwe,walking canoeing rafting,adventure,"canoes on the Zambezi below Mana Pools, Zimbabwe",16/9,1800,licence a photograph that actually shows the subject,licence,C — a licence worth paying up for: this frame opens a page that carries a price.,AKL-000702,https://images.pexels.com/photos/13746782/pexels-photo-13746782.jpeg,zimbabwe/adventure/canoes-on-the-zambezi-below-mana-pools-zimbabwe.avif,2,/places/zimbabwe/walking-canoeing-rafting.html,/places/zimbabwe/walking-canoeing-rafting.html,"relevance 2.7; the provider calls it ""boats on body of water during sunset""",pexels,Quang Nguyen Vinh,https://www.pexels.com/photo/boats-on-body-of-water-during-sunset-13746782/
176,"W4 licence, commercially live",REPLACE,pexels:36451593,2,"priced route — East, South and continental",65%,P3,zimbabwe,landlocked,beaches,"the Zambezi river wide and slow above the falls, Zimbabwe",16/9 and 4/3,1800,licence a photograph that actually shows the subject,licence,C — a licence worth paying up for: this frame opens a page that carries a price.,AKL-000703,https://images.pexels.com/photos/36451593/pexels-photo-36451593.jpeg,zimbabwe/beaches/the-zambezi-river-wide-and-slow-above-the-falls-zimbabwe.avif,4,/places/zimbabwe/landlocked.html,/zimbabwe.html,relevance 2.5,pexels,Kabwe Kabwe,https://www.pexels.com/photo/scenic-gorge-river-flowing-through-rocky-landscape-36451593/
177,"W4 licence, commercially live",REPLACE,pexels:11618643,2,"priced route — East, South and continental",65%,P3,zimbabwe,harare and bulawayo,cities,"Grayscale image of an empty classroom in Bulawayo, Zimbabwe, with desks and chairs arranged neatly.",16/9 and 4/3,1600,licence a photograph that actually shows the subject,licence,C — a licence worth paying up for: this frame opens a page that carries a price.,AKL-000704,https://images.pexels.com/photos/11618643/pexels-photo-11618643.jpeg,zimbabwe/cities/grayscale-image-of-an-empty-classroom-in-bulawayo-zimbabwe-with-desks-.avif,2,/places/zimbabwe/harare-and-bulawayo.html,/places/zimbabwe/harare-and-bulawayo.html,relevance 3.4,pexels,Elizabeth Lizzie,https://www.pexels.com/photo/brown-wooden-table-and-chairs-in-the-room-11618643/
178,"W4 licence, commercially live",REPLACE,pexels:37693588,2,"priced route — East, South and continental",65%,P3,zimbabwe,shona and ndebele,culture,"a Shona stone sculptor at work, Zimbabwe",16/9,1800,licence a photograph that actually shows the subject,licence,C — a licence worth paying up for: this frame opens a page that carries a price.,AKL-000705,https://images.pexels.com/photos/37693588/pexels-photo-37693588.jpeg,zimbabwe/culture/a-shona-stone-sculptor-at-work-zimbabwe.avif,4,/places/zimbabwe/shona-and-ndebele.html,/zimbabwe.html,"the provider calls it ""traditional straw hat worn by seated man""",pexels,Magda Ehlers,https://www.pexels.com/photo/traditional-straw-hat-worn-by-seated-man-37693588/
179,"W4 licence, commercially live",REPLACE,pexels:37578893,2,"priced route — East, South and continental",65%,P3,zimbabwe,campfire,eco-tourism,"a community conservation meeting beside a wildlife area, Zimbabwe",16/9 and 4/3,1600,licence a photograph that actually shows the subject,licence,C — a licence worth paying up for: this frame opens a page that carries a price.,AKL-000706,https://images.pexels.com/photos/37578893/pexels-photo-37578893.jpeg,zimbabwe/eco-tourism/a-community-conservation-meeting-beside-a-wildlife-area-zimbabwe.avif,2,/places/zimbabwe/campfire.html,/places/zimbabwe/campfire.html,"relevance 2.7; the provider calls it ""herd of african impalas grazing in the savannah""",pexels,Magda Ehlers,https://www.pexels.com/photo/herd-of-african-impalas-grazing-in-the-savannah-37578893/
180,"W4 licence, commercially live",REPLACE,pexels:15212438,2,"priced route — East, South and continental",65%,P3,zimbabwe,falls and elephant,family-community,"A herd of African elephants (Loxodonta africana) drinks at a waterhole in the Arusha Region, Tanzania., Zimbabwe",16/9 and 4/3,1600,licence a photograph that actually shows the subject,licence,C — a licence worth paying up for: this frame opens a page that carries a price.,AKL-000707,https://images.pexels.com/photos/15212438/pexels-photo-15212438.jpeg,zimbabwe/family-community/a-herd-of-african-elephants-loxodonta-africana-drinks-at-a-waterhole-i.avif,2,/places/zimbabwe/falls-and-elephant.html,/places/zimbabwe/falls-and-elephant.html,relevance 2.7,pexels,Alex Levis,https://www.pexels.com/photo/gray-elephants-on-body-of-water-15212438/
181,"W4 licence, commercially live",REPLACE,pexels:31162139,2,"priced route — East, South and continental",65%,P3,zimbabwe,hifa and the harvest,festivals,"Red bell pepper growing in a garden, rich soil, Harare, Zimbabwe.",16/9 and 3/2 and 4/3,1600,licence a photograph that actually shows the subject,licence,C — a licence worth paying up for: this frame opens a page that carries a price.,AKL-000708,https://images.pexels.com/photos/31162139/pexels-photo-31162139.jpeg,zimbabwe/festivals/red-bell-pepper-growing-in-a-garden-rich-soil-harare-zimbabwe.avif,3,/places/zimbabwe/hifa-and-the-harvest.html,/places/zimbabwe/hifa-and-the-harvest.html,relevance 3.7,pexels,Edias Vandirai,https://www.pexels.com/photo/close-up-of-red-bell-pepper-in-harare-garden-31162139/
182,"W4 licence, commercially live",REPLACE,pexels:34191802,2,"priced route — East, South and continental",65%,P3,zimbabwe,msasa and miombo,forests,"msasa trees in red new leaf in September, Zimbabwe",16/9 and 4/3,1600,licence a photograph that actually shows the subject,licence,C — a licence worth paying up for: this frame opens a page that carries a price.,AKL-000709,https://images.pexels.com/photos/34191802/pexels-photo-34191802.jpeg,zimbabwe/forests/msasa-trees-in-red-new-leaf-in-september-zimbabwe.avif,4,/places/zimbabwe/msasa-and-miombo.html,/zimbabwe.html,"the provider calls it ""majestic impala in natural habitat forest""",pexels,Andrea Gambirasio,https://www.pexels.com/photo/majestic-impala-in-natural-habitat-forest-34191802/
183,"W4 licence, commercially live",REPLACE,pexels:28717726,2,"priced route — East, South and continental",65%,P3,zimbabwe,khami and matobo,heritage,"balancing rocks and rock art in the Matobo hills, Zimbabwe",16/9 and 4/3,1600,licence a photograph that actually shows the subject,licence,C — a licence worth paying up for: this frame opens a page that carries a price.,AKL-000710,https://images.pexels.com/photos/28717726/pexels-photo-28717726.jpeg,zimbabwe/heritage/balancing-rocks-and-rock-art-in-the-matobo-hills-zimbabwe.avif,3,/places/zimbabwe/khami-and-matobo.html,/places/zimbabwe/khami-and-matobo.html,"the provider calls it ""sunlit desert landscape with sparse vegetation""",pexels,Hannah Barata,https://www.pexels.com/photo/sunlit-desert-landscape-with-sparse-vegetation-28717726/
184,"W4 licence, commercially live",REPLACE,pexels:16832175,2,"priced route — East, South and continental",65%,P3,zimbabwe,chimanimani,hidden-gems,"the Chimanimani mountains on the Mozambique border, Zimbabwe",16/9 and 4/3,1600,licence a photograph that actually shows the subject,licence,C — a licence worth paying up for: this frame opens a page that carries a price.,AKL-000711,https://images.pexels.com/photos/16832175/pexels-photo-16832175.jpeg,zimbabwe/hidden-gems/the-chimanimani-mountains-on-the-mozambique-border-zimbabwe.avif,2,/places/zimbabwe/chimanimani.html,/places/zimbabwe/chimanimani.html,"relevance 2.7; the provider calls it ""clouds over forested cliffs""",pexels,Rodrigo Menezes,https://www.pexels.com/photo/clouds-over-forested-cliffs-16832175/
185,"W4 licence, commercially live",REPLACE,pexels:37123147,2,"priced route — East, South and continental",65%,P3,zimbabwe,great zimbabwe,historic-sites,"the conical tower inside the Great Enclosure, Zimbabwe",16/9 and 4/3,1600,licence a photograph that actually shows the subject,licence,C — a licence worth paying up for: this frame opens a page that carries a price.,AKL-000712,https://images.pexels.com/photos/37123147/pexels-photo-37123147.jpeg,zimbabwe/historic-sites/the-conical-tower-inside-the-great-enclosure-zimbabwe.avif,2,/places/zimbabwe/great-zimbabwe.html,/places/zimbabwe/great-zimbabwe.html,"relevance 2.7; the provider calls it ""chimpanzee resting on metal structure at zoo""",pexels,Magda Ehlers,https://www.pexels.com/photo/chimpanzee-resting-on-metal-structure-at-zoo-37123147/
186,"W4 licence, commercially live",REPLACE,pexels:14074141,2,"priced route — East, South and continental",65%,P3,zimbabwe,the old safari standard,luxury,Luxury Travel in Zimbabwe,16/9 and 4/3,1600,licence a photograph that actually shows the subject,licence,C — a licence worth paying up for: this frame opens a page that carries a price.,AKL-000713,https://images.pexels.com/photos/14074141/pexels-photo-14074141.jpeg,zimbabwe/luxury/luxury-travel-in-zimbabwe.avif,2,/places/zimbabwe/the-old-safari-standard.html,/places/zimbabwe/the-old-safari-standard.html,relevance 2.5; query broadened to category,pexels,Steward Masweneng,https://www.pexels.com/photo/tourists-on-a-safari-14074141/
187,"W4 licence, commercially live",REPLACE,pexels:34166926,2,"priced route — East, South and continental",65%,P3,zimbabwe,the eastern highlands,mountains,"the green Eastern Highlands at Nyanga, Zimbabwe",16/9 and 4/3,1800,licence a photograph that actually shows the subject,licence,C — a licence worth paying up for: this frame opens a page that carries a price.,AKL-000714,https://images.pexels.com/photos/34166926/pexels-photo-34166926.jpeg,zimbabwe/mountains/the-green-eastern-highlands-at-nyanga-zimbabwe.avif,4,/places/zimbabwe/the-eastern-highlands.html,/zimbabwe.html,"the provider calls it ""dramatic mountain peak in lush green valley""",pexels,Andrea Gambirasio,https://www.pexels.com/photo/dramatic-mountain-peak-in-lush-green-valley-34166926/
188,"W4 licence, commercially live",REPLACE,pexels:33290131,2,"priced route — East, South and continental",65%,P3,zimbabwe,mana pools on foot,safari,"an elephant reaching into an albida tree at Mana Pools, Zimbabwe",16/9 and 4/3,1600,licence a photograph that actually shows the subject,licence,C — a licence worth paying up for: this frame opens a page that carries a price.,AKL-000715,https://images.pexels.com/photos/33290131/pexels-photo-33290131.jpeg,zimbabwe/safari/an-elephant-reaching-into-an-albida-tree-at-mana-pools-zimbabwe.avif,2,/places/zimbabwe/mana-pools-on-foot.html,/places/zimbabwe/mana-pools-on-foot.html,relevance 2.7,pexels,ubeyonroad,https://www.pexels.com/photo/african-lion-resting-under-a-tree-in-tanzania-33290131/
189,"W4 licence, commercially live",REPLACE,pexels:37025848,2,"priced route — East, South and continental",65%,P3,zimbabwe,guides and great ruins,why-visit,"A guide leading a group of people on an informative nature walk in a dense forest., Zimbabwe",16/9 and 21/9,2400,licence a photograph that actually shows the subject,licence,C — a licence worth paying up for: this frame opens a page that carries a price.,AKL-000716,https://images.pexels.com/photos/37025848/pexels-photo-37025848.jpeg,zimbabwe/why-visit/a-guide-leading-a-group-of-people-on-an-informative-nature-walk-in-a-d.avif,2,/places/zimbabwe/guides-and-great-ruins.html,/places/zimbabwe/guides-and-great-ruins.html,relevance 3.9,pexels,Pew Nguyen,https://www.pexels.com/photo/guided-nature-walk-through-lush-forest-37025848/
190,"W4 licence, commercially live",REPLACE,pexels:16241868,2,"priced route — East, South and continental",65%,P4,zimbabwe,victoria falls,waterfalls,"Victoria Falls in full flood with spray rising, Zimbabwe",16/9 and 4/3,1600,licence a photograph that actually shows the subject,licence,C — a licence worth paying up for: this frame opens a page that carries a price.,AKL-000717,https://images.pexels.com/photos/16241868/pexels-photo-16241868.jpeg,zimbabwe/waterfalls/victoria-falls-in-full-flood-with-spray-rising-zimbabwe.avif,2,/places/zimbabwe/victoria-falls.html,/places/zimbabwe/victoria-falls.html,"the provider calls it ""rainbow by waterfall""",pexels,K,https://www.pexels.com/photo/rainbow-by-waterfall-16241868/
191,"W4 licence, commercially live",REPLACE,pexels:30923155,2,"priced route — East, South and continental",59%,P3,south-africa,bloukrans and the cage,adventure,"Charming outdoor garden with vintage decor featuring a whimsical pig statue., South Africa",16/9,1800,licence a photograph that actually shows the subject,licence,C — a licence worth paying up for: this frame opens a page that carries a price.,AKL-000718,https://images.pexels.com/photos/30923155/pexels-photo-30923155.jpeg,south-africa/adventure/charming-outdoor-garden-with-vintage-decor-featuring-a-whimsical-pig-s.avif,2,/places/south-africa/bloukrans-and-the-cage.html,/places/south-africa/bloukrans-and-the-cage.html,relevance 3.0,pexels,Magda Ehlers,https://www.pexels.com/photo/vintage-pig-decor-in-outdoor-garden-setting-30923155/
192,"W4 licence, commercially live",REPLACE,pexels:5831735,2,"priced route — East, South and continental",59%,P3,south-africa,ndebele beadwork,crafts,"Ndebele beadwork and geometric wall painting, South Africa",16/9 and 4/3,1600,licence a photograph that actually shows the subject,licence,C — a licence worth paying up for: this frame opens a page that carries a price.,AKL-000719,https://images.pexels.com/photos/5831735/pexels-photo-5831735.jpeg,south-africa/crafts/ndebele-beadwork-and-geometric-wall-painting-south-africa.avif,2,/places/south-africa/ndebele-beadwork.html,/places/south-africa/ndebele-beadwork.html,"the provider calls it ""a woman wearing colorful beaded headband and necklac""",pexels,Studio Pilot Photography,https://www.pexels.com/photo/a-woman-wearing-colorful-beaded-headband-and-necklace-smiling-to-the-camera-5831735/
193,"W4 licence, commercially live",REPLACE,unsplash:i1el7Rtl-UY,2,"priced route — East, South and continental",59%,P3,south-africa,marine and rhino work,eco-tourism,"African penguins on the boulders at Simon's Town, South Africa",16/9 and 4/3,1600,licence a photograph that actually shows the subject,licence,C — a licence worth paying up for: this frame opens a page that carries a price.,AKL-000720,https://images.unsplash.com/photo-1730234350694-1f8716098f8a,south-africa/eco-tourism/african-penguins-on-the-boulders-at-simon-s-town-south-africa.avif,2,/places/south-africa/marine-and-rhino-work.html,/places/south-africa/marine-and-rhino-work.html,"the provider calls it ""a view of a beach with mountains in the background""",unsplash,Martijn Vonk,https://unsplash.com/photos/a-view-of-a-beach-with-mountains-in-the-background-i1el7Rtl-UY
194,"W4 licence, commercially live",REPLACE,unsplash:7mb8JrsE0Do,2,"priced route — East, South and continental",59%,P3,south-africa,township tourism done right,family-community,"a resident guide leading a walking tour in Soweto, South Africa",16/9 and 4/3,1600,licence a photograph that actually shows the subject,licence,C — a licence worth paying up for: this frame opens a page that carries a price.,AKL-000721,https://images.unsplash.com/photo-1667909547154-85b04eb47a8d,south-africa/family-community/a-resident-guide-leading-a-walking-tour-in-soweto-south-africa.avif,2,/places/south-africa/township-tourism-done-right.html,/places/south-africa/township-tourism-done-right.html,"relevance 3.0; the provider calls it ""a group of banners""",unsplash,Robin Kutesa,https://unsplash.com/photos/a-group-of-banners-7mb8JrsE0Do
195,"W4 licence, commercially live",REPLACE,pexels:10010546,2,"priced route — East, South and continental",59%,P3,south-africa,carnival and afrikaburn,festivals,"performers in costume at the Cape Town Carnival, South Africa",16/9 and 3/2 and 4/3,1600,licence a photograph that actually shows the subject,licence,C — a licence worth paying up for: this frame opens a page that carries a price.,AKL-000722,https://images.pexels.com/photos/10010546/pexels-photo-10010546.jpeg,south-africa/festivals/performers-in-costume-at-the-cape-town-carnival-south-africa.avif,3,/places/south-africa/carnival-and-afrikaburn.html,/places/south-africa/carnival-and-afrikaburn.html,"the provider calls it ""beach near mountain under blue sky""",pexels,Stephan Louis,https://www.pexels.com/photo/beach-near-mountain-under-blue-sky-10010546/
196,"W4 licence, commercially live",REPLACE,pexels:29132438,2,"priced route — East, South and continental",59%,P3,south-africa,braai bunny chow curry,food,"Close-up of grilling meat on glowing embers in a barbecue setup, outdoors in Diyarbakır., South Africa",16/9 and 4/3,1600,licence a photograph that actually shows the subject,licence,C — a licence worth paying up for: this frame opens a page that carries a price.,AKL-000723,https://images.pexels.com/photos/29132438/pexels-photo-29132438.jpeg,south-africa/food/close-up-of-grilling-meat-on-glowing-embers-in-a-barbecue-setup-outdoo.avif,2,/places/south-africa/braai-bunny-chow-curry.html,/places/south-africa/braai-bunny-chow-curry.html,relevance 2.7,pexels,Cemrecan Yurtman,https://www.pexels.com/photo/grilling-meat-on-glowing-embers-in-diyarbakir-29132438/
197,"W4 licence, commercially live",REPLACE,pexels:13448548,2,"priced route — East, South and continental",59%,P3,south-africa,tsitsikamma,forests,"the Storms River mouth suspension bridge in Tsitsikamma, South Africa",16/9 and 4/3,1600,licence a photograph that actually shows the subject,licence,C — a licence worth paying up for: this frame opens a page that carries a price.,AKL-000724,https://images.pexels.com/photos/13448548/pexels-photo-13448548.jpeg,south-africa/forests/the-storms-river-mouth-suspension-bridge-in-tsitsikamma-south-africa.avif,4,/places/south-africa/tsitsikamma.html,/south-africa.html,"relevance 2.7; the provider calls it ""water falls under blue sky and white clouds""",pexels,Piat Van Zyl,https://www.pexels.com/photo/water-falls-under-blue-sky-and-white-clouds-13448548/
198,"W4 licence, commercially live",REPLACE,pexels:30333025,2,"priced route — East, South and continental",59%,P3,south-africa,the cradle of humankind,heritage,"A group of Zulu women in traditional attire dancing passionately outdoors, showcasing vibrant cultural heritage., South Africa",16/9 and 4/3,1600,licence a photograph that actually shows the subject,licence,C — a licence worth paying up for: this frame opens a page that carries a price.,AKL-000725,https://images.pexels.com/photos/30333025/pexels-photo-30333025.jpeg,south-africa/heritage/a-group-of-zulu-women-in-traditional-attire-dancing-passionately-outdo.avif,3,/places/south-africa/the-cradle-of-humankind.html,/places/south-africa/the-cradle-of-humankind.html,relevance 2.0,pexels,claytons gallary,https://www.pexels.com/photo/vibrant-zulu-cultural-dance-celebration-outdoors-30333025/
199,"W4 licence, commercially live",REPLACE,unsplash:wrL5RrDyUPw,2,"priced route — East, South and continental",59%,P3,south-africa,the wild coast and karoo,hidden-gems,"the Hole in the Wall rock arch on the Wild Coast, South Africa",16/9 and 4/3,1600,licence a photograph that actually shows the subject,licence,C — a licence worth paying up for: this frame opens a page that carries a price.,AKL-000726,https://images.unsplash.com/photo-1572702624247-ba99bd76043c,south-africa/hidden-gems/the-hole-in-the-wall-rock-arch-on-the-wild-coast-south-africa.avif,2,/places/south-africa/the-wild-coast-and-karoo.html,/places/south-africa/the-wild-coast-and-karoo.html,"the provider calls it ""view photography of seashore""",unsplash,Joshua Gaunt,https://unsplash.com/photos/view-photography-of-seashore-wrL5RrDyUPw
200,"W4 licence, commercially live",REPLACE,unsplash:ONDJD7_mvTY,2,"priced route — East, South and continental",59%,P3,south-africa,the winelands,luxury,"a Cape Dutch wine estate among vineyards in Franschhoek, South Africa",16/9 and 4/3,1600,licence a photograph that actually shows the subject,licence,C — a licence worth paying up for: this frame opens a page that carries a price.,AKL-000727,https://images.unsplash.com/photo-1662309376204-8d6bef792ade,south-africa/luxury/a-cape-dutch-wine-estate-among-vineyards-in-franschhoek-south-africa.avif,2,/places/south-africa/the-winelands.html,/places/south-africa/the-winelands.html,"the provider calls it ""a white house with a lawn in front of it""",unsplash,Tanya Paquet,https://unsplash.com/photos/a-white-house-with-a-lawn-in-front-of-it-ONDJD7_mvTY
201,"W4 licence, commercially live",REPLACE,pexels:35158094,2,"priced route — East, South and continental",59%,P3,south-africa,fynbos and the garden route,nature,"White house with a garden landscape under clear blue sky, offering a serene outdoor view., South Africa",16/9 and 21/9 and 4/3,2100,licence a photograph that actually shows the subject,licence,C — a licence worth paying up for: this frame opens a page that carries a price.,AKL-000728,https://images.pexels.com/photos/35158094/pexels-photo-35158094.jpeg,south-africa/nature/white-house-with-a-garden-landscape-under-clear-blue-sky-offering-a-se.avif,4,/places/south-africa/fynbos-and-the-garden-route.html,/south-africa.html,relevance 2.5,pexels,Stefan Maritz,https://www.pexels.com/photo/charming-white-house-in-tranquil-garden-setting-35158094/
202,"W4 licence, commercially live",REPLACE,unsplash:d6QlQivhZWA,2,"priced route — East, South and continental",59%,P3,south-africa,lions head at dawn,outdoor,"walkers on the spiral path up Lion's Head above Cape Town, South Africa",16/9 and 4/3,1600,licence a photograph that actually shows the subject,licence,C — a licence worth paying up for: this frame opens a page that carries a price.,AKL-000729,https://images.unsplash.com/photo-1519941459598-a1588781b56e,south-africa/outdoor/walkers-on-the-spiral-path-up-lion-s-head-above-cape-town-south-africa.avif,2,/places/south-africa/lions-head-at-dawn.html,/places/south-africa/lions-head-at-dawn.html,"the provider calls it ""rock formations with body of water""",unsplash,Finding Dan | Dan Grinwis,https://unsplash.com/photos/rock-formations-with-body-of-water-d6QlQivhZWA
203,"W4 licence, commercially live",REPLACE,pexels:36597763,2,"priced route — East, South and continental",59%,P3,south-africa,chapmans peak drive,photography,"Chapman's Peak Drive cut into the cliffs above the Atlantic, South Africa",16/9 and 21/9 and 4/3,2100,licence a photograph that actually shows the subject,licence,C — a licence worth paying up for: this frame opens a page that carries a price.,AKL-000730,https://images.pexels.com/photos/36597763/pexels-photo-36597763.jpeg,south-africa/photography/chapman-s-peak-drive-cut-into-the-cliffs-above-the-atlantic-south-afri.avif,3,/places/south-africa/chapmans-peak-drive.html,/places/south-africa/chapmans-peak-drive.html,relevance 3.9,pexels,Adrien Olichon,https://www.pexels.com/photo/scenic-coastal-view-from-chapman-s-peak-cape-town-36597763/
204,"W4 licence, commercially live",REPLACE,pexels:28884379,2,"priced route — East, South and continental",59%,P3,south-africa,sabi sands off road,safari,"a safari vehicle beside lions in the Sabi Sands at dusk, South Africa",16/9 and 4/3,1600,licence a photograph that actually shows the subject,licence,C — a licence worth paying up for: this frame opens a page that carries a price.,AKL-000731,https://images.pexels.com/photos/28884379/pexels-photo-28884379.jpeg,south-africa/safari/a-safari-vehicle-beside-lions-in-the-sabi-sands-at-dusk-south-africa.avif,2,/places/south-africa/sabi-sands-off-road.html,/places/south-africa/sabi-sands-off-road.html,"the provider calls it ""leopard in tree observing its surroundings""",pexels,Marlin Clark,https://www.pexels.com/photo/leopard-in-tree-observing-its-surroundings-28884379/
205,"W4 licence, commercially live",REPLACE,unsplash:VEn6PDbUhME,2,"priced route — East, South and continental",59%,P3,south-africa,two weeks four countries worth,why-visit,"Cape Point where the two oceans meet at the tip of the peninsula, South Africa",16/9 and 21/9,2400,licence a photograph that actually shows the subject,licence,C — a licence worth paying up for: this frame opens a page that carries a price.,AKL-000732,https://images.unsplash.com/photo-1671769940434-3a0b85595e4a,south-africa/why-visit/cape-point-where-the-two-oceans-meet-at-the-tip-of-the-peninsula-south.avif,2,/places/south-africa/two-weeks-four-countries-worth.html,/places/south-africa/two-weeks-four-countries-worth.html,"the provider calls it ""a rock formation in the middle of a field""",unsplash,Riëtte Fourie,https://unsplash.com/photos/a-rock-formation-in-the-middle-of-a-field-VEn6PDbUhME
206,"W4 licence, commercially live",REPLACE,pexels:26761742,2,"priced route — East, South and continental",59%,P3,south-africa,the big five close,wildlife,"Three rhinos grazing in the lush grasslands of South Africa, showcasing wildlife.",16/9,1800,licence a photograph that actually shows the subject,licence,C — a licence worth paying up for: this frame opens a page that carries a price.,AKL-000733,https://images.pexels.com/photos/26761742/pexels-photo-26761742.jpeg,south-africa/wildlife/three-rhinos-grazing-in-the-lush-grasslands-of-south-africa-showcasing.avif,4,/places/south-africa/the-big-five-close.html,/south-africa.html,relevance 3.5,pexels,MINEIA  MARTINS,https://www.pexels.com/photo/rhinos-on-a-field-26761742/
207,"W4 licence, commercially live",REPLACE,pexels:37444929,2,"priced route — East, South and continental",52%,P3,tanzania,tingatinga and makonde,crafts,"A craftsman skillfully carves wood in a traditional workshop. Rustic surroundings emphasize a cultural atmosphere., Tanzania",16/9 and 4/3,1600,licence a photograph that actually shows the subject,licence,C — a licence worth paying up for: this frame opens a page that carries a price.,AKL-000734,https://images.pexels.com/photos/37444929/pexels-photo-37444929.jpeg,tanzania/crafts/a-craftsman-skillfully-carves-wood-in-a-traditional-workshop-rustic-su.avif,2,/places/tanzania/tingatinga-and-makonde.html,/places/tanzania/tingatinga-and-makonde.html,relevance 2.7,pexels,Jauhar Musthofal Qulub,https://www.pexels.com/photo/artisan-carving-wood-in-traditional-workshop-setting-37444929/
208,"W4 licence, commercially live",REPLACE,pexels:11679893,2,"priced route — East, South and continental",52%,P3,tanzania,ngorongoro shared ground,eco-tourism,"Maasai herders and cattle on the Ngorongoro conservation area highlands, Tanzania",16/9 and 4/3,1600,licence a photograph that actually shows the subject,licence,C — a licence worth paying up for: this frame opens a page that carries a price.,AKL-000735,https://images.pexels.com/photos/11679893/pexels-photo-11679893.jpeg,tanzania/eco-tourism/maasai-herders-and-cattle-on-the-ngorongoro-conservation-area-highland.avif,2,/places/tanzania/ngorongoro-shared-ground.html,/places/tanzania/ngorongoro-shared-ground.html,"the provider calls it ""women of massai tribe""",pexels,Valerie Sutton,https://www.pexels.com/photo/women-of-massai-tribe-11679893/
209,"W4 licence, commercially live",REPLACE,unsplash:u0EyU5NzmIM,2,"priced route — East, South and continental",52%,P3,tanzania,udzungwa and jozani,forests,"a Zanzibar red colobus monkey in Jozani Forest, Tanzania",16/9 and 4/3,1600,licence a photograph that actually shows the subject,licence,C — a licence worth paying up for: this frame opens a page that carries a price.,AKL-000736,https://images.unsplash.com/photo-1694960679817-f471fb7d49dc,tanzania/forests/a-zanzibar-red-colobus-monkey-in-jozani-forest-tanzania.avif,4,/places/tanzania/udzungwa-and-jozani.html,/tanzania.html,"the provider calls it ""a couple of monkeys sitting on top of a tree branch""",unsplash,Aron Marinelli,https://unsplash.com/photos/a-couple-of-monkeys-sitting-on-top-of-a-tree-branch-u0EyU5NzmIM
210,"W4 licence, commercially live",REPLACE,unsplash:wYEBXWMqEdc,2,"priced route — East, South and continental",52%,P3,tanzania,olduvai and the coast,heritage,"the layered walls of Olduvai Gorge in the Ngorongoro conservation area, Tanzania",16/9 and 4/3,1600,licence a photograph that actually shows the subject,licence,C — a licence worth paying up for: this frame opens a page that carries a price.,AKL-000737,https://images.unsplash.com/photo-1739097108468-9364ea62383d,tanzania/heritage/the-layered-walls-of-olduvai-gorge-in-the-ngorongoro-conservation-area.avif,3,/places/tanzania/olduvai-and-the-coast.html,/places/tanzania/olduvai-and-the-coast.html,"the provider calls it ""two zebras are standing on a grassy hill""",unsplash,Mustafa Masetic,https://unsplash.com/photos/two-zebras-are-standing-on-a-grassy-hill-wYEBXWMqEdc
211,"W4 licence, commercially live",REPLACE,pexels:9499540,2,"priced route — East, South and continental",52%,P3,tanzania,stone town and kilwa,historic-sites,"Charming sailboat on the vibrant waters of Zanzibar against a historic cityscape., Tanzania",16/9 and 4/3,1600,licence a photograph that actually shows the subject,licence,C — a licence worth paying up for: this frame opens a page that carries a price.,AKL-000738,https://images.pexels.com/photos/9499540/pexels-photo-9499540.jpeg,tanzania/historic-sites/charming-sailboat-on-the-vibrant-waters-of-zanzibar-against-a-historic.avif,2,/places/tanzania/stone-town-and-kilwa.html,/places/tanzania/stone-town-and-kilwa.html,relevance 2.2,pexels,Salim Kombo,https://www.pexels.com/photo/sailboat-swimming-by-the-coast-with-tropical-resort-9499540/
212,"W4 licence, commercially live",REPLACE,unsplash:bGJK-uwOpbQ,2,"priced route — East, South and continental",52%,P3,tanzania,manyara and the rufiji,lakes-rivers,"the Rufiji river braiding through Nyerere National Park, Tanzania",16/9 and 4/5 and 4/3,1600,licence a photograph that actually shows the subject,licence,C — a licence worth paying up for: this frame opens a page that carries a price.,AKL-000739,https://images.unsplash.com/photo-1695304693615-1b93195c57ac,tanzania/lakes-rivers/the-rufiji-river-braiding-through-nyerere-national-park-tanzania.avif,3,/places/tanzania/manyara-and-the-rufiji.html,/places/tanzania/manyara-and-the-rufiji.html,"the provider calls it ""three elephants are standing in a grassy field""",unsplash,Aron Marinelli,https://unsplash.com/photos/three-elephants-are-standing-in-a-grassy-field-bGJK-uwOpbQ
213,"W4 licence, commercially live",REPLACE,pexels:8637299,2,"priced route — East, South and continental",52%,P3,tanzania,dala dalas and dhows,local-life,"the early morning fish market at Kivukoni in Dar es Salaam, Tanzania",16/9 and 3/2 and 4/3,1600,licence a photograph that actually shows the subject,licence,C — a licence worth paying up for: this frame opens a page that carries a price.,AKL-000740,https://images.pexels.com/photos/8637299/pexels-photo-8637299.jpeg,tanzania/local-life/the-early-morning-fish-market-at-kivukoni-in-dar-es-salaam-tanzania.avif,3,/places/tanzania/dala-dalas-and-dhows.html,/places/tanzania/dala-dalas-and-dhows.html,"the provider calls it ""woman in blue and yellow floral shirt standing besid""",pexels,Rangy Tarimu,https://www.pexels.com/photo/woman-in-blue-and-yellow-floral-shirt-standing-beside-the-green-banana-fruits-8637299/
214,"W4 licence, commercially live",REPLACE,pexels:9185432,2,"priced route — East, South and continental",52%,P3,tanzania,camps and spice islands,luxury,"a luxury tented camp on the Serengeti plains at dusk, Tanzania",16/9 and 4/3,1600,licence a photograph that actually shows the subject,licence,C — a licence worth paying up for: this frame opens a page that carries a price.,AKL-000741,https://images.pexels.com/photos/9185432/pexels-photo-9185432.jpeg,tanzania/luxury/a-luxury-tented-camp-on-the-serengeti-plains-at-dusk-tanzania.avif,2,/places/tanzania/camps-and-spice-islands.html,/places/tanzania/camps-and-spice-islands.html,"the provider calls it ""zebras and elephants on grass field""",pexels,Ákos Helgert,https://www.pexels.com/photo/zebras-and-elephants-on-grass-field-9185432/
215,"W4 licence, commercially live",REPLACE,unsplash:UTbshy4gwBs,2,"priced route — East, South and continental",52%,P3,tanzania,the ngorongoro crater,nature,"the floor of the Ngorongoro Crater seen from the rim, Tanzania",16/9 and 21/9 and 4/3,2100,licence a photograph that actually shows the subject,licence,C — a licence worth paying up for: this frame opens a page that carries a price.,AKL-000742,https://images.unsplash.com/photo-1619022916752-63f61593556f,tanzania/nature/the-floor-of-the-ngorongoro-crater-seen-from-the-rim-tanzania.avif,4,/places/tanzania/the-ngorongoro-crater.html,/tanzania.html,"the provider calls it ""brown rabbit on green grass field during daytime""",unsplash,Dmitrii Zhodzishskii,https://unsplash.com/photos/brown-rabbit-on-green-grass-field-during-daytime-UTbshy4gwBs
216,"W4 licence, commercially live",REPLACE,pexels:14672897,2,"priced route — East, South and continental",52%,P3,tanzania,snorkelling mnemba,outdoor,"snorkelling over coral reef at Mnemba atoll, Zanzibar, Tanzania",16/9 and 4/3,1600,licence a photograph that actually shows the subject,licence,C — a licence worth paying up for: this frame opens a page that carries a price.,AKL-000743,https://images.pexels.com/photos/14672897/pexels-photo-14672897.jpeg,tanzania/outdoor/snorkelling-over-coral-reef-at-mnemba-atoll-zanzibar-tanzania.avif,2,/places/tanzania/snorkelling-mnemba.html,/places/tanzania/snorkelling-mnemba.html,"the provider calls it ""sailboat on the seashore""",pexels,Kenneth Otoo,https://www.pexels.com/photo/sailboat-on-the-seashore-14672897/
217,"W4 licence, commercially live",REPLACE,unsplash:EgbLppsj3L4,2,"priced route — East, South and continental",52%,P3,tanzania,following the migration,safari,"wildebeest herds streaming across the Serengeti plains, Tanzania",16/9 and 4/3,1600,licence a photograph that actually shows the subject,licence,C — a licence worth paying up for: this frame opens a page that carries a price.,AKL-000744,https://images.unsplash.com/photo-1580687774199-51c183723dd8,tanzania/safari/wildebeest-herds-streaming-across-the-serengeti-plains-tanzania.avif,2,/places/tanzania/following-the-migration.html,/places/tanzania/following-the-migration.html,"the provider calls it ""2 zebra on brown grass field during daytime""",unsplash,Magdalena Kula Manchee,https://unsplash.com/photos/2-zebra-on-brown-grass-field-during-daytime-EgbLppsj3L4
218,"W4 licence, commercially live",REPLACE,pexels:7637399,2,"priced route — East, South and continental",52%,P3,tanzania,the hadzabe of lake eyasi,traditional-people,Maasai woman adorned in traditional attire and jewelry in Tanzania.,16/9 and 4/5 and 4/3,1600,licence a photograph that actually shows the subject,licence,C — a licence worth paying up for: this frame opens a page that carries a price.,AKL-000745,https://images.pexels.com/photos/7637399/pexels-photo-7637399.jpeg,tanzania/traditional-people/maasai-woman-adorned-in-traditional-attire-and-jewelry-in-tanzania.avif,3,/places/tanzania/the-hadzabe-of-lake-eyasi.html,/places/tanzania/the-hadzabe-of-lake-eyasi.html,relevance 3.7,pexels,Kureng Workx,https://www.pexels.com/photo/woman-in-yellow-and-black-polka-dot-shirt-7637399/
219,"W4 licence, commercially live",REPLACE,pexels:37808717,2,"priced route — East, South and continental",52%,P3,tanzania,mountain plain and reef,why-visit,"Kilimanjaro rising above the acacia plains at sunrise, Tanzania",16/9 and 21/9,2400,licence a photograph that actually shows the subject,licence,C — a licence worth paying up for: this frame opens a page that carries a price.,AKL-000746,https://images.pexels.com/photos/37808717/pexels-photo-37808717.jpeg,tanzania/why-visit/kilimanjaro-rising-above-the-acacia-plains-at-sunrise-tanzania.avif,2,/places/tanzania/mountain-plain-and-reef.html,/places/tanzania/mountain-plain-and-reef.html,relevance 3.9,pexels,Penfran Tanzania,https://www.pexels.com/photo/misty-landscape-of-kilimanjaro-national-park-37808717/
220,"W4 licence, commercially live",REPLACE,pexels:9909939,2,"priced route — East, South and continental",52%,P3,tanzania,the big five and then some,wildlife,"a lion pride resting on a kopje in the Serengeti, Tanzania",16/9,1800,licence a photograph that actually shows the subject,licence,C — a licence worth paying up for: this frame opens a page that carries a price.,AKL-000747,https://images.pexels.com/photos/9909939/pexels-photo-9909939.jpeg,tanzania/wildlife/a-lion-pride-resting-on-a-kopje-in-the-serengeti-tanzania.avif,4,/places/tanzania/the-big-five-and-then-some.html,/tanzania.html,"the provider calls it ""zebras standing on a green grass field""",pexels,Carlos,https://www.pexels.com/photo/zebras-standing-on-a-green-grass-field-9909939/
221,"W4 licence, commercially live",REPLACE,pexels:18132617,2,"priced route — East, South and continental",48%,P3,zambia,livingstones verandas,architecture,"a colonial veranda building on Mosi-oa-Tunya Road in Livingstone, Zambia",16/9 and 3/2 and 4/3,1600,licence a photograph that actually shows the subject,licence,C — a licence worth paying up for: this frame opens a page that carries a price.,AKL-000748,https://images.pexels.com/photos/18132617/pexels-photo-18132617.jpeg,zambia/architecture/a-colonial-veranda-building-on-mosi-oa-tunya-road-in-livingstone-zambi.avif,3,/places/zambia/livingstones-verandas.html,/places/zambia/livingstones-verandas.html,relevance 2.7,pexels,Frederick Adegoke Snr.,https://www.pexels.com/photo/david-livingstone-statue-in-edinburgh-18132617/
222,"W4 licence, commercially live",REPLACE,pexels:26382557,2,"priced route — East, South and continental",48%,P3,zambia,lake tanganyika shore,beaches,"the clear freshwater shore of Lake Tanganyika at Nsumbu, Zambia",16/9 and 4/3,1800,licence a photograph that actually shows the subject,licence,C — a licence worth paying up for: this frame opens a page that carries a price.,AKL-000749,https://images.pexels.com/photos/26382557/pexels-photo-26382557.jpeg,zambia/beaches/the-clear-freshwater-shore-of-lake-tanganyika-at-nsumbu-zambia.avif,4,/places/zambia/lake-tanganyika-shore.html,/zambia.html,"the provider calls it ""boats on beach""",pexels,Vika Glitter,https://www.pexels.com/photo/boats-on-beach-26382557/
223,"W4 licence, commercially live",REPLACE,pexels:18807623,2,"priced route — East, South and continental",48%,P3,zambia,lozi bemba tonga,culture,"Lozi paddlers and drummers on the Zambezi floodplain, Zambia",16/9,1800,licence a photograph that actually shows the subject,licence,C — a licence worth paying up for: this frame opens a page that carries a price.,AKL-000750,https://images.pexels.com/photos/18807623/pexels-photo-18807623.jpeg,zambia/culture/lozi-paddlers-and-drummers-on-the-zambezi-floodplain-zambia.avif,4,/places/zambia/lozi-bemba-tonga.html,/zambia.html,"the provider calls it ""music band during traditional festival""",pexels,Audy of  Course,https://www.pexels.com/photo/music-band-during-traditional-festival-18807623/
224,"W4 licence, commercially live",REPLACE,pexels:750537,2,"priced route — East, South and continental",48%,P3,zambia,kafue and the carnivores,eco-tourism,"wild dogs on the Busanga plains in Kafue National Park, Zambia",16/9 and 4/3,1600,licence a photograph that actually shows the subject,licence,C — a licence worth paying up for: this frame opens a page that carries a price.,AKL-000751,https://images.pexels.com/photos/750537/pexels-photo-750537.jpeg,zambia/eco-tourism/wild-dogs-on-the-busanga-plains-in-kafue-national-park-zambia.avif,2,/places/zambia/kafue-and-the-carnivores.html,/places/zambia/kafue-and-the-carnivores.html,"the provider calls it ""close up photo of deer""",pexels,Adriaan Greyling,https://www.pexels.com/photo/close-up-photo-of-deer-750537/
225,"W4 licence, commercially live",REPLACE,pexels:35447813,2,"priced route — East, South and continental",48%,P3,zambia,village around the park,family-community,"a community craft cooperative near the South Luangwa park boundary, Zambia",16/9 and 4/3,1600,licence a photograph that actually shows the subject,licence,C — a licence worth paying up for: this frame opens a page that carries a price.,AKL-000752,https://images.pexels.com/photos/35447813/pexels-photo-35447813.jpeg,zambia/family-community/a-community-craft-cooperative-near-the-south-luangwa-park-boundary-zam.avif,2,/places/zambia/village-around-the-park.html,/places/zambia/village-around-the-park.html,"relevance 2.7; the provider calls it ""wild giraffes at watering hole in africa""",pexels,Derek Keats,https://www.pexels.com/photo/wild-giraffes-at-watering-hole-in-africa-35447813/
226,"W4 licence, commercially live",REPLACE,pexels:16241865,2,"priced route — East, South and continental",48%,P3,zambia,mosi oa tunya unesco,heritage,"the knife-edge bridge and gorge at Mosi-oa-Tunya, Victoria Falls, Zambia",16/9 and 4/3,1600,licence a photograph that actually shows the subject,licence,C — a licence worth paying up for: this frame opens a page that carries a price.,AKL-000753,https://images.pexels.com/photos/16241865/pexels-photo-16241865.jpeg,zambia/heritage/the-knife-edge-bridge-and-gorge-at-mosi-oa-tunya-victoria-falls-zambia.avif,3,/places/zambia/mosi-oa-tunya-unesco.html,/places/zambia/mosi-oa-tunya-unesco.html,"the provider calls it ""view of a waterfall""",pexels,K,https://www.pexels.com/photo/view-of-a-waterfall-16241865/
227,"W4 licence, commercially live",REPLACE,pexels:36916911,2,"priced route — East, South and continental",48%,P3,zambia,bush camps six beds,luxury,"a small thatched bush camp overlooking the Luangwa river, Zambia",16/9 and 4/3,1600,licence a photograph that actually shows the subject,licence,C — a licence worth paying up for: this frame opens a page that carries a price.,AKL-000754,https://images.pexels.com/photos/36916911/pexels-photo-36916911.jpeg,zambia/luxury/a-small-thatched-bush-camp-overlooking-the-luangwa-river-zambia.avif,2,/places/zambia/bush-camps-six-beds.html,/places/zambia/bush-camps-six-beds.html,"the provider calls it ""traditional rural huts in zambian countryside""",pexels,Ana Kenk,https://www.pexels.com/photo/traditional-rural-huts-in-zambian-countryside-36916911/
228,"W4 licence, commercially live",REPLACE,pexels:31215327,2,"priced route — East, South and continental",48%,P3,zambia,the nyika plateau,mountains,"rolling montane grassland on the Nyika plateau, Zambia",16/9 and 4/3,1800,licence a photograph that actually shows the subject,licence,C — a licence worth paying up for: this frame opens a page that carries a price.,AKL-000755,https://images.pexels.com/photos/31215327/pexels-photo-31215327.jpeg,zambia/mountains/rolling-montane-grassland-on-the-nyika-plateau-zambia.avif,4,/places/zambia/the-nyika-plateau.html,/zambia.html,"relevance 3.0; the provider calls it ""lush green landscape of piet retief""",pexels,Lukas  Faust,https://www.pexels.com/photo/lush-green-landscape-of-piet-retief-31215327/
229,"W4 licence, commercially live",REPLACE,pexels:28180872,2,"priced route — East, South and continental",48%,P3,zambia,the zambezi valley,nature,"the Zambezi river and escarpment in the Lower Zambezi valley, Zambia",16/9 and 21/9 and 4/3,2100,licence a photograph that actually shows the subject,licence,C — a licence worth paying up for: this frame opens a page that carries a price.,AKL-000756,https://images.pexels.com/photos/28180872/pexels-photo-28180872.jpeg,zambia/nature/the-zambezi-river-and-escarpment-in-the-lower-zambezi-valley-zambia.avif,4,/places/zambia/the-zambezi-valley.html,/zambia.html,"the provider calls it ""buffalo in the water at sunset""",pexels,Zeynep Sude  Emek,https://www.pexels.com/photo/buffalo-in-the-water-at-sunset-28180872/
230,"W4 licence, commercially live",REPLACE,pexels:36916888,2,"priced route — East, South and continental",48%,P3,zambia,luangwa at last light,photography,"hippos in the Luangwa river at last light, Zambia",16/9 and 21/9 and 4/3,2100,licence a photograph that actually shows the subject,licence,C — a licence worth paying up for: this frame opens a page that carries a price.,AKL-000757,https://images.pexels.com/photos/36916888/pexels-photo-36916888.jpeg,zambia/photography/hippos-in-the-luangwa-river-at-last-light-zambia.avif,3,/places/zambia/luangwa-at-last-light.html,/places/zambia/luangwa-at-last-light.html,relevance 2.9,pexels,Ana Kenk,https://www.pexels.com/photo/traditional-thatched-huts-in-rural-zambia-landscape-36916888/
231,"W4 licence, commercially live",REPLACE,pexels:16907733,2,"priced route — East, South and continental",48%,P3,zambia,the walking safari,safari,"a walking safari group and guide in the South Luangwa bush, Zambia",16/9 and 4/3,1600,licence a photograph that actually shows the subject,licence,C — a licence worth paying up for: this frame opens a page that carries a price.,AKL-000758,https://images.pexels.com/photos/16907733/pexels-photo-16907733.jpeg,zambia/safari/a-walking-safari-group-and-guide-in-the-south-luangwa-bush-zambia.avif,2,/places/zambia/the-walking-safari.html,/places/zambia/the-walking-safari.html,"the provider calls it ""elephant bathing in mud""",pexels,Diego F. Parra,https://www.pexels.com/photo/elephant-bathing-in-mud-16907733/
232,"W4 licence, commercially live",REPLACE,pexels:34040552,2,"priced route — East, South and continental",48%,P3,zambia,the barotse floodplain,traditional-people,"Portrait of an adult wearing traditional African attire and beaded jewelry, outdoors., Zambia",16/9 and 4/5 and 4/3,1600,licence a photograph that actually shows the subject,licence,C — a licence worth paying up for: this frame opens a page that carries a price.,AKL-000759,https://images.pexels.com/photos/34040552/pexels-photo-34040552.jpeg,zambia/traditional-people/portrait-of-an-adult-wearing-traditional-african-attire-and-beaded-jew.avif,3,/places/zambia/the-barotse-floodplain.html,/places/zambia/the-barotse-floodplain.html,relevance 3.7,pexels,josh_ dago__,https://www.pexels.com/photo/traditional-african-attire-with-beaded-jewelry-34040552/
233,"W4 licence, commercially live",REPLACE,pexels:16444269,2,"priced route — East, South and continental",48%,P3,zambia,wilderness still unmanaged,why-visit,"a lone safari vehicle on an empty track in the South Luangwa, Zambia",16/9 and 21/9,2400,licence a photograph that actually shows the subject,licence,C — a licence worth paying up for: this frame opens a page that carries a price.,AKL-000760,https://images.pexels.com/photos/16444269/pexels-photo-16444269.jpeg,zambia/why-visit/a-lone-safari-vehicle-on-an-empty-track-in-the-south-luangwa-zambia.avif,2,/places/zambia/wilderness-still-unmanaged.html,/places/zambia/wilderness-still-unmanaged.html,relevance 3.9,pexels,Keegan Checks,https://www.pexels.com/photo/a-safari-vehicle-riding-through-a-field-16444269/
234,"W4 licence, commercially live",REPLACE,pexels:30487817,2,"priced route — East, South and continental",46%,P3,rwanda,rubavu lakeshore,beaches,"the lakeshore beach and palms at Rubavu on Lake Kivu, Rwanda",16/9 and 4/3,1800,licence a photograph that actually shows the subject,licence,C — a licence worth paying up for: this frame opens a page that carries a price.,AKL-000761,https://images.pexels.com/photos/30487817/pexels-photo-30487817.jpeg,rwanda/beaches/the-lakeshore-beach-and-palms-at-rubavu-on-lake-kivu-rwanda.avif,4,/places/rwanda/rubavu-lakeshore.html,/rwanda.html,relevance 2.5,pexels,Mad Knoxx Deluxe,https://www.pexels.com/photo/scenic-landscape-of-lake-surroundings-with-islands-30487817/
235,"W4 licence, commercially live",REPLACE,pexels:31464449,2,"priced route — East, South and continental",46%,P3,rwanda,kigali across the ridges,cities,"the ridges and rooftops of Kigali at dusk, Rwanda",16/9 and 4/3,1600,licence a photograph that actually shows the subject,licence,C — a licence worth paying up for: this frame opens a page that carries a price.,AKL-000762,https://images.pexels.com/photos/31464449/pexels-photo-31464449.jpeg,rwanda/cities/the-ridges-and-rooftops-of-kigali-at-dusk-rwanda.avif,2,/places/rwanda/kigali-across-the-ridges.html,/places/rwanda/kigali-across-the-ridges.html,relevance 3.9,pexels,Faustin NKURUNZIZA,https://www.pexels.com/photo/scenic-view-of-kigali-city-rooftops-in-rwanda-31464449/
236,"W4 licence, commercially live",REPLACE,pexels:25070525,2,"priced route — East, South and continental",46%,P3,rwanda,imigongo and agaseke,crafts,geometric imigongo art panels made in eastern Rwanda,16/9 and 4/3,1600,licence a photograph that actually shows the subject,licence,C — a licence worth paying up for: this frame opens a page that carries a price.,AKL-000763,https://images.pexels.com/photos/25070525/pexels-photo-25070525.jpeg,rwanda/crafts/geometric-imigongo-art-panels-made-in-eastern-rwanda.avif,2,/places/rwanda/imigongo-and-agaseke.html,/places/rwanda/imigongo-and-agaseke.html,"the provider calls it ""colorful artistic wall decorations""",pexels,Diego F. Parra,https://www.pexels.com/photo/colorful-artistic-wall-decorations-25070525/
237,"W4 licence, commercially live",REPLACE,pexels:28154528,2,"priced route — East, South and continental",46%,P3,rwanda,the nyungwe canopy walk,forests,"the canopy walkway suspended above Nyungwe rainforest, Rwanda",16/9 and 4/3,1600,licence a photograph that actually shows the subject,licence,C — a licence worth paying up for: this frame opens a page that carries a price.,AKL-000764,https://images.pexels.com/photos/28154528/pexels-photo-28154528.jpeg,rwanda/forests/the-canopy-walkway-suspended-above-nyungwe-rainforest-rwanda.avif,4,/places/rwanda/the-nyungwe-canopy-walk.html,/rwanda.html,"the provider calls it ""bosque y montana""",pexels,Juan Felipe Ramírez,https://www.pexels.com/photo/bosque-y-montana-28154528/
238,"W4 licence, commercially live",REPLACE,pexels:37461139,2,"priced route — East, South and continental",46%,P3,rwanda,gishwati mukura,hidden-gems,"the recovering montane forest of Gishwati-Mukura National Park, Rwanda",16/9 and 4/3,1600,licence a photograph that actually shows the subject,licence,C — a licence worth paying up for: this frame opens a page that carries a price.,AKL-000765,https://images.pexels.com/photos/37461139/pexels-photo-37461139.jpeg,rwanda/hidden-gems/the-recovering-montane-forest-of-gishwati-mukura-national-park-rwanda.avif,2,/places/rwanda/gishwati-mukura.html,/places/rwanda/gishwati-mukura.html,"relevance 2.8; the provider calls it ""golden monkey walking in natural habitat""",pexels,Mad Knoxx Deluxe,https://www.pexels.com/photo/golden-monkey-walking-in-natural-habitat-37461139/
239,"W4 licence, commercially live",REPLACE,pexels:10653712,2,"priced route — East, South and continental",46%,P3,rwanda,the virunga volcanoes,mountains,"Dramatic view of a volcano with clouds over Ciudad de Guatemala's architecture., Rwanda",16/9 and 4/3,1800,licence a photograph that actually shows the subject,licence,C — a licence worth paying up for: this frame opens a page that carries a price.,AKL-000766,https://images.pexels.com/photos/10653712/pexels-photo-10653712.jpeg,rwanda/mountains/dramatic-view-of-a-volcano-with-clouds-over-ciudad-de-guatemala-s-arch.avif,4,/places/rwanda/the-virunga-volcanoes.html,/rwanda.html,relevance 2.5,pexels,HAROLD PRODUCTIONS,https://www.pexels.com/photo/cloud-and-volcano-10653712/
240,"W4 licence, commercially live",REPLACE,pexels:6713725,2,"priced route — East, South and continental",46%,P3,rwanda,terraces to the horizon,nature,contour-terraced farmland covering the Rwandan hillsides,16/9 and 21/9 and 4/3,2100,licence a photograph that actually shows the subject,licence,C — a licence worth paying up for: this frame opens a page that carries a price.,AKL-000767,https://images.pexels.com/photos/6713725/pexels-photo-6713725.jpeg,rwanda/nature/contour-terraced-farmland-covering-the-rwandan-hillsides.avif,4,/places/rwanda/terraces-to-the-horizon.html,/rwanda.html,"the provider calls it ""scenic view of rice paddies""",pexels,Quang Nguyen Vinh,https://www.pexels.com/photo/scenic-view-of-rice-paddies-6713725/
241,"W4 licence, commercially live",REPLACE,pexels:35311351,2,"priced route — East, South and continental",46%,P3,rwanda,akagera big five again,safari,"elephants and lakes in Akagera National Park, Rwanda",16/9 and 4/3,1600,licence a photograph that actually shows the subject,licence,C — a licence worth paying up for: this frame opens a page that carries a price.,AKL-000768,https://images.pexels.com/photos/35311351/pexels-photo-35311351.jpeg,rwanda/safari/elephants-and-lakes-in-akagera-national-park-rwanda.avif,2,/places/rwanda/akagera-big-five-again.html,/places/rwanda/akagera-big-five-again.html,relevance 2.8,pexels,Derek Keats,https://www.pexels.com/photo/close-up-of-african-bush-elephants-by-waterhole-35311351/
242,"W4 licence, commercially live",REPLACE,pexels:13981875,2,"priced route — East, South and continental",46%,P3,rwanda,isumo under nyungwe,waterfalls,"the Isumo waterfall in the Nyungwe forest, Rwanda",16/9 and 4/3,1600,licence a photograph that actually shows the subject,licence,C — a licence worth paying up for: this frame opens a page that carries a price.,AKL-000769,https://images.pexels.com/photos/13981875/pexels-photo-13981875.jpeg,rwanda/waterfalls/the-isumo-waterfall-in-the-nyungwe-forest-rwanda.avif,3,/places/rwanda/isumo-under-nyungwe.html,/places/rwanda/isumo-under-nyungwe.html,"the provider calls it ""view of a mountain with trees""",pexels,Valentina Restrepo Ríos,https://www.pexels.com/photo/view-of-a-mountain-with-trees-13981875/
243,"W4 licence, commercially live",REPLACE,pexels:27257405,2,"priced route — East, South and continental",46%,P3,rwanda,small country nothing missing,why-visit,"a silverback gorilla in the bamboo of Volcanoes National Park, Rwanda",16/9 and 21/9,2400,licence a photograph that actually shows the subject,licence,C — a licence worth paying up for: this frame opens a page that carries a price.,AKL-000770,https://images.pexels.com/photos/27257405/pexels-photo-27257405.jpeg,rwanda/why-visit/a-silverback-gorilla-in-the-bamboo-of-volcanoes-national-park-rwanda.avif,2,/places/rwanda/small-country-nothing-missing.html,/places/rwanda/small-country-nothing-missing.html,relevance 3.9,pexels,Nick,https://www.pexels.com/photo/a-gorilla-walking-on-grass-in-a-zoo-27257405/
244,"W4 licence, commercially live",REPLACE,pexels:6636427,2,"priced route — East, South and continental",46%,P3,rwanda,face to face with gorillas,wildlife,"A Mexican volcanic mountain under a cloudy sky, showcasing natural beauty., Rwanda",16/9,1800,licence a photograph that actually shows the subject,licence,C — a licence worth paying up for: this frame opens a page that carries a price.,AKL-000771,https://images.pexels.com/photos/6636427/pexels-photo-6636427.jpeg,rwanda/wildlife/a-mexican-volcanic-mountain-under-a-cloudy-sky-showcasing-natural-beau.avif,4,/places/rwanda/face-to-face-with-gorillas.html,/rwanda.html,relevance 2.5,pexels,Alan Cabello,https://www.pexels.com/photo/brown-grass-field-near-a-volcano-under-cloudy-sky-6636427/
245,"W4 licence, commercially live",REPLACE,pexels:6299632,2,"priced route — East, South and continental",33%,P3,kenya,beadwork and kisii stone,crafts,"Maasai women stringing beadwork ornaments, Kenya",16/9 and 4/3,1600,licence a photograph that actually shows the subject,licence,C — a licence worth paying up for: this frame opens a page that carries a price.,AKL-000772,https://images.pexels.com/photos/6299632/pexels-photo-6299632.jpeg,kenya/crafts/maasai-women-stringing-beadwork-ornaments-kenya.avif,2,/places/kenya/beadwork-and-kisii-stone.html,/places/kenya/beadwork-and-kisii-stone.html,"the provider calls it ""photo of an elderly woman smiling""",pexels,Micah DeYoung,https://www.pexels.com/photo/photo-of-an-elderly-woman-smiling-6299632/
246,"W4 licence, commercially live",REPLACE,pexels:5859000,2,"priced route — East, South and continental",33%,P3,kenya,lamu cultural festival,festivals,"Two local fishermen navigate a traditional dhow on the clear waters of Zanzibar under a bright blue sky., Kenya",16/9 and 3/2 and 4/3,1600,licence a photograph that actually shows the subject,licence,C — a licence worth paying up for: this frame opens a page that carries a price.,AKL-000773,https://images.pexels.com/photos/5859000/pexels-photo-5859000.jpeg,kenya/festivals/two-local-fishermen-navigate-a-traditional-dhow-on-the-clear-waters-of.avif,3,/places/kenya/lamu-cultural-festival.html,/places/kenya/lamu-cultural-festival.html,"relevance 2.5; the provider calls it ""two men on a fishing boat""",pexels,Taryn Elliott,https://www.pexels.com/photo/two-men-on-a-fishing-boat-5859000/
247,"W4 licence, commercially live",REPLACE,pexels:4995594,2,"priced route — East, South and continental",33%,P3,kenya,lamu old town,heritage,"carved wooden doors and coral stone alleys in Lamu Old Town, Kenya",16/9 and 4/3,1600,licence a photograph that actually shows the subject,licence,C — a licence worth paying up for: this frame opens a page that carries a price.,AKL-000774,https://images.pexels.com/photos/4995594/pexels-photo-4995594.jpeg,kenya/heritage/carved-wooden-doors-and-coral-stone-alleys-in-lamu-old-town-kenya.avif,3,/places/kenya/lamu-old-town.html,/places/kenya/lamu-old-town.html,"the provider calls it ""boats sailing on the sea under blue sky""",pexels,Keegan Checks,https://www.pexels.com/photo/boats-sailing-on-the-sea-under-blue-sky-4995594/
248,"W4 licence, commercially live",REPLACE,pexels:27669322,2,"priced route — East, South and continental",33%,P3,kenya,fort jesus mombasa,historic-sites,"the coral ramparts of Fort Jesus above Mombasa old harbour, Kenya",16/9 and 4/3,1600,licence a photograph that actually shows the subject,licence,C — a licence worth paying up for: this frame opens a page that carries a price.,AKL-000775,https://images.pexels.com/photos/27669322/pexels-photo-27669322.jpeg,kenya/historic-sites/the-coral-ramparts-of-fort-jesus-above-mombasa-old-harbour-kenya.avif,2,/places/kenya/fort-jesus-mombasa.html,/places/kenya/fort-jesus-mombasa.html,"the provider calls it ""the ruins of a temple in the middle of a field""",pexels,Thilina Alagiyawanna,https://www.pexels.com/photo/the-ruins-of-a-temple-in-the-middle-of-a-field-27669322/
249,"W4 licence, commercially live",REPLACE,pexels:23886628,2,"priced route — East, South and continental",33%,P3,kenya,camps on the mara,luxury,"a luxury tented safari camp overlooking the Maasai Mara plains, Kenya",16/9 and 4/3,1600,licence a photograph that actually shows the subject,licence,C — a licence worth paying up for: this frame opens a page that carries a price.,AKL-000776,https://images.pexels.com/photos/23886628/pexels-photo-23886628.jpeg,kenya/luxury/a-luxury-tented-safari-camp-overlooking-the-maasai-mara-plains-kenya.avif,2,/places/kenya/camps-on-the-mara.html,/places/kenya/camps-on-the-mara.html,"the provider calls it ""cheetah looking at the landscape""",pexels,Image  Noise,https://www.pexels.com/photo/cheetah-looking-at-the-landscape-23886628/
250,"W4 licence, commercially live",REPLACE,pexels:7734639,2,"priced route — East, South and continental",33%,P3,kenya,the great rift valley,nature,"the Great Rift Valley escarpment and floor seen from the Naivasha road, Kenya",16/9 and 21/9 and 4/3,2100,licence a photograph that actually shows the subject,licence,C — a licence worth paying up for: this frame opens a page that carries a price.,AKL-000777,https://images.pexels.com/photos/7734639/pexels-photo-7734639.jpeg,kenya/nature/the-great-rift-valley-escarpment-and-floor-seen-from-the-naivasha-road.avif,4,/places/kenya/the-great-rift-valley.html,/kenya.html,"the provider calls it ""a flying bird""",pexels,Sanjeed Quazi,https://www.pexels.com/photo/a-flying-bird-7734639/
251,"W4 licence, commercially live",REPLACE,pexels:9833514,2,"priced route — East, South and continental",33%,P3,kenya,walking hells gate,outdoor,"cyclists on the track between the cliffs of Hell's Gate National Park, Kenya",16/9 and 4/3,1600,licence a photograph that actually shows the subject,licence,C — a licence worth paying up for: this frame opens a page that carries a price.,AKL-000778,https://images.pexels.com/photos/9833514/pexels-photo-9833514.jpeg,kenya/outdoor/cyclists-on-the-track-between-the-cliffs-of-hell-s-gate-national-park-.avif,2,/places/kenya/walking-hells-gate.html,/places/kenya/walking-hells-gate.html,relevance 2.5,pexels,Justin  Brian,https://www.pexels.com/photo/view-of-the-uhuru-park-in-nairobi-kenya-9833514/
252,"W4 licence, commercially live",REPLACE,pexels:30980291,2,"priced route — East, South and continental",33%,P3,kenya,thomsons falls,waterfalls,"Thomson's Falls dropping into the fern gorge at Nyahururu, Kenya",16/9 and 4/3,1600,licence a photograph that actually shows the subject,licence,C — a licence worth paying up for: this frame opens a page that carries a price.,AKL-000779,https://images.pexels.com/photos/30980291/pexels-photo-30980291.jpeg,kenya/waterfalls/thomson-s-falls-dropping-into-the-fern-gorge-at-nyahururu-kenya.avif,3,/places/kenya/thomsons-falls.html,/places/kenya/thomsons-falls.html,"relevance 2.5; the provider calls it ""adventurous hiker at majestic waterfall scene""",pexels,Никита  Шелайкин,https://www.pexels.com/photo/adventurous-hiker-at-majestic-waterfall-scene-30980291/
253,"W4 licence, commercially live",REPLACE,pexels:27584026,3,priced route — West,77%,P3,cote-divoire,surf hike paddle,adventure,"surfers in the water off Assinie, Côte d'Ivoire",16/9,1800,licence a photograph that actually shows the subject,licence,C — a licence worth paying up for: this frame opens a page that carries a price.,AKL-000780,https://images.pexels.com/photos/27584026/pexels-photo-27584026.jpeg,cote-divoire/adventure/surfers-in-the-water-off-assinie-c-te-d-ivoire.avif,2,/places/cote-divoire/surf-hike-paddle.html,/places/cote-divoire/surf-hike-paddle.html,relevance 2.7,pexels,Cedric G,https://www.pexels.com/photo/ile-aux-caiman-yamoussoukro-cote-d-ivoire-27584026/
254,"W4 licence, commercially live",REPLACE,pexels:13353092,3,priced route — West,77%,P3,cote-divoire,lagoon colonial,architecture,"a colonial trading house on the Grand-Bassam waterfront, Côte d'Ivoire",16/9 and 3/2 and 4/3,1600,licence a photograph that actually shows the subject,licence,C — a licence worth paying up for: this frame opens a page that carries a price.,AKL-000781,https://images.pexels.com/photos/13353092/pexels-photo-13353092.jpeg,cote-divoire/architecture/a-colonial-trading-house-on-the-grand-bassam-waterfront-c-te-d-ivoire.avif,3,/places/cote-divoire/lagoon-colonial.html,/places/cote-divoire/lagoon-colonial.html,"the provider calls it ""portrait of a shirtless man""",pexels,Adera Abdoulaye Dolo,https://www.pexels.com/photo/portrait-of-a-shirtless-man-13353092/
255,"W4 licence, commercially live",REPLACE,pexels:37479623,3,priced route — West,77%,P3,cote-divoire,abidjan,cities,"the towers of the Plateau district in Abidjan, Côte d'Ivoire",16/9 and 4/3,1600,licence a photograph that actually shows the subject,licence,C — a licence worth paying up for: this frame opens a page that carries a price.,AKL-000782,https://images.pexels.com/photos/37479623/pexels-photo-37479623.jpeg,cote-divoire/cities/the-towers-of-the-plateau-district-in-abidjan-c-te-d-ivoire.avif,2,/places/cote-divoire/abidjan.html,/places/cote-divoire/abidjan.html,"relevance 2.9; the provider calls it ""bustling city street with shops and vehicles""",pexels,Xlenz  Creatives,https://www.pexels.com/photo/bustling-city-street-with-shops-and-vehicles-37479623/
256,"W4 licence, commercially live",REPLACE,pexels:17072424,3,priced route — West,77%,P3,cote-divoire,weaving and carving,crafts,"Korhogo cloth painted with mud pigment, Côte d'Ivoire",16/9 and 4/3,1600,licence a photograph that actually shows the subject,licence,C — a licence worth paying up for: this frame opens a page that carries a price.,AKL-000783,https://images.pexels.com/photos/17072424/pexels-photo-17072424.jpeg,cote-divoire/crafts/korhogo-cloth-painted-with-mud-pigment-c-te-d-ivoire.avif,2,/places/cote-divoire/weaving-and-carving.html,/places/cote-divoire/weaving-and-carving.html,"the provider calls it ""women working in village""",pexels,Alfred Desiré Nebout,https://www.pexels.com/photo/women-working-in-village-17072424/
257,"W4 licence, commercially live",REPLACE,pexels:19951405,3,priced route — West,77%,P3,cote-divoire,sixty peoples,culture,a Baoulé mask dance in central Côte d'Ivoire,16/9,1800,licence a photograph that actually shows the subject,licence,C — a licence worth paying up for: this frame opens a page that carries a price.,AKL-000784,https://images.pexels.com/photos/19951405/pexels-photo-19951405.jpeg,cote-divoire/culture/a-baoul-mask-dance-in-central-c-te-d-ivoire.avif,4,/places/cote-divoire/sixty-peoples.html,/cote-divoire.html,"the provider calls it ""basilica of our lady of peace in yamoussoukro in ivo""",pexels,Cedric G,https://www.pexels.com/photo/basilica-of-our-lady-of-peace-in-yamoussoukro-in-ivory-coast-19951405/
258,"W4 licence, commercially live",REPLACE,pexels:14020616,3,priced route — West,77%,P3,cote-divoire,ta and the chimpanzees,eco-tourism,"Group of hikers walking along a scenic forest trail, enjoying the vibrant nature around them., Côte d'Ivoire",16/9 and 4/3,1600,licence a photograph that actually shows the subject,licence,C — a licence worth paying up for: this frame opens a page that carries a price.,AKL-000785,https://images.pexels.com/photos/14020616/pexels-photo-14020616.jpeg,cote-divoire/eco-tourism/group-of-hikers-walking-along-a-scenic-forest-trail-enjoying-the-vibra.avif,2,/places/cote-divoire/ta-and-the-chimpanzees.html,/places/cote-divoire/ta-and-the-chimpanzees.html,"the provider calls it ""people hiking through woods""",pexels,Quang Nguyen Vinh,https://www.pexels.com/photo/people-hiking-through-woods-14020616/
259,"W4 licence, commercially live",REPLACE,pexels:1878709,3,priced route — West,77%,P3,cote-divoire,ta rainforest,forests,"primary rainforest interior at Taï, Côte d'Ivoire",16/9 and 4/3,1600,licence a photograph that actually shows the subject,licence,C — a licence worth paying up for: this frame opens a page that carries a price.,AKL-000786,https://images.pexels.com/photos/1878709/pexels-photo-1878709.jpeg,cote-divoire/forests/primary-rainforest-interior-at-ta-c-te-d-ivoire.avif,4,/places/cote-divoire/ta-rainforest.html,/cote-divoire.html,"the provider calls it ""green trees and a creek""",pexels,Matheus Natan,https://www.pexels.com/photo/green-trees-and-a-creek-1878709/
260,"W4 licence, commercially live",REPLACE,pexels:33971956,3,priced route — West,77%,P3,cote-divoire,man,hidden-gems,"the hills and forest around the town of Man, Côte d'Ivoire",16/9 and 4/3,1600,licence a photograph that actually shows the subject,licence,C — a licence worth paying up for: this frame opens a page that carries a price.,AKL-000787,https://images.pexels.com/photos/33971956/pexels-photo-33971956.jpeg,cote-divoire/hidden-gems/the-hills-and-forest-around-the-town-of-man-c-te-d-ivoire.avif,2,/places/cote-divoire/man.html,/places/cote-divoire/man.html,"the provider calls it ""contemplative man relaxing on wooden canoe""",pexels,Stephen Tettey Atsu,https://www.pexels.com/photo/contemplative-man-relaxing-on-wooden-canoe-33971956/
261,"W4 licence, commercially live",REPLACE,pexels:34440613,3,priced route — West,77%,P3,cote-divoire,grand bassam,historic-sites,"the colonial quarter of Grand-Bassam, Côte d'Ivoire",16/9 and 4/3,1600,licence a photograph that actually shows the subject,licence,C — a licence worth paying up for: this frame opens a page that carries a price.,AKL-000788,https://images.pexels.com/photos/34440613/pexels-photo-34440613.jpeg,cote-divoire/historic-sites/the-colonial-quarter-of-grand-bassam-c-te-d-ivoire.avif,2,/places/cote-divoire/grand-bassam.html,/places/cote-divoire/grand-bassam.html,"relevance 2.2; the provider calls it ""ancient coastal fort ruins along scenic beach""",pexels,Ventara Films,https://www.pexels.com/photo/ancient-coastal-fort-ruins-along-scenic-beach-34440613/
262,"W4 licence, commercially live",REPLACE,pexels:37411693,3,priced route — West,77%,P3,cote-divoire,the bri and the bandama,lakes-rivers,"pirogues on the Ébrié lagoon at dusk, Côte d'Ivoire",16/9 and 4/5 and 4/3,1600,licence a photograph that actually shows the subject,licence,C — a licence worth paying up for: this frame opens a page that carries a price.,AKL-000789,https://images.pexels.com/photos/37411693/pexels-photo-37411693.jpeg,cote-divoire/lakes-rivers/pirogues-on-the-bri-lagoon-at-dusk-c-te-d-ivoire.avif,3,/places/cote-divoire/the-bri-and-the-bandama.html,/places/cote-divoire/the-bri-and-the-bandama.html,relevance 3.9,pexels,Thilina Alagiyawanna,https://www.pexels.com/photo/scenic-view-of-batticaloa-lagoon-with-lighthouse-37411693/
263,"W4 licence, commercially live",REPLACE,pexels:17234849,3,priced route — West,77%,P3,cote-divoire,maquis at night,local-life,"a busy open-air maquis at night in Abidjan, Côte d'Ivoire",16/9 and 3/2 and 4/3,1600,licence a photograph that actually shows the subject,licence,C — a licence worth paying up for: this frame opens a page that carries a price.,AKL-000790,https://images.pexels.com/photos/17234849/pexels-photo-17234849.jpeg,cote-divoire/local-life/a-busy-open-air-maquis-at-night-in-abidjan-c-te-d-ivoire.avif,3,/places/cote-divoire/maquis-at-night.html,/places/cote-divoire/maquis-at-night.html,"the provider calls it ""traffic jam on a street""",pexels,K,https://www.pexels.com/photo/traffic-jam-on-a-street-17234849/
264,"W4 licence, commercially live",REPLACE,pexels:12458471,3,priced route — West,77%,P3,cote-divoire,assinie and abidjan,luxury,"African woman smiling in traditional attire sitting in a lush park in Abidjan., Côte d'Ivoire",16/9 and 4/3,1600,licence a photograph that actually shows the subject,licence,C — a licence worth paying up for: this frame opens a page that carries a price.,AKL-000791,https://images.pexels.com/photos/12458471/pexels-photo-12458471.jpeg,cote-divoire/luxury/african-woman-smiling-in-traditional-attire-sitting-in-a-lush-park-in-.avif,2,/places/cote-divoire/assinie-and-abidjan.html,/places/cote-divoire/assinie-and-abidjan.html,relevance 2.5,pexels,Onesime Iba,https://www.pexels.com/photo/woman-in-yellow-and-white-stripe-dress-sitting-on-gray-concrete-floor-12458471/
265,"W4 licence, commercially live",REPLACE,pexels:12339534,3,priced route — West,77%,P3,cote-divoire,mount nimba,mountains,"the grassy summit ridge of Mount Nimba, Côte d'Ivoire",16/9 and 4/3,1800,licence a photograph that actually shows the subject,licence,C — a licence worth paying up for: this frame opens a page that carries a price.,AKL-000792,https://images.pexels.com/photos/12339534/pexels-photo-12339534.jpeg,cote-divoire/mountains/the-grassy-summit-ridge-of-mount-nimba-c-te-d-ivoire.avif,4,/places/cote-divoire/mount-nimba.html,/cote-divoire.html,"relevance 3.5; the provider calls it ""brown rocky mountain under white clouds""",pexels,Jakson Martins,https://www.pexels.com/photo/brown-rocky-mountain-under-white-clouds-12339534/
266,"W4 licence, commercially live",REPLACE,pexels:38896885,3,priced route — West,77%,P3,cote-divoire,forest to savanna,nature,"the Ébrié lagoon fringed with palms, Côte d'Ivoire",16/9 and 21/9 and 4/3,2100,licence a photograph that actually shows the subject,licence,C — a licence worth paying up for: this frame opens a page that carries a price.,AKL-000793,https://images.pexels.com/photos/38896885/pexels-photo-38896885.jpeg,cote-divoire/nature/the-bri-lagoon-fringed-with-palms-c-te-d-ivoire.avif,4,/places/cote-divoire/forest-to-savanna.html,/cote-divoire.html,"relevance 2.5; the provider calls it ""fashionable cowgirl adjusts fringe boots outdoors""",pexels,Mike C,https://www.pexels.com/photo/fashionable-cowgirl-adjusts-fringe-boots-outdoors-38896885/
267,"W4 licence, commercially live",REPLACE,pexels:32370963,3,priced route — West,77%,P3,cote-divoire,surf and hike,outdoor,"a liana bridge strung across a river near Man, Côte d'Ivoire",16/9 and 4/3,1600,licence a photograph that actually shows the subject,licence,C — a licence worth paying up for: this frame opens a page that carries a price.,AKL-000794,https://images.pexels.com/photos/32370963/pexels-photo-32370963.jpeg,cote-divoire/outdoor/a-liana-bridge-strung-across-a-river-near-man-c-te-d-ivoire.avif,2,/places/cote-divoire/surf-and-hike.html,/places/cote-divoire/surf-and-hike.html,"the provider calls it ""smiling man holding package outdoors in urban settin""",pexels,Tifeclicks  ...,https://www.pexels.com/photo/smiling-man-holding-package-outdoors-in-urban-setting-32370963/
268,"W4 licence, commercially live",REPLACE,pexels:28385235,3,priced route — West,77%,P3,cote-divoire,lagoon light,photography,"pirogues silhouetted on the lagoon at sunset, Côte d'Ivoire",16/9 and 21/9 and 4/3,2100,licence a photograph that actually shows the subject,licence,C — a licence worth paying up for: this frame opens a page that carries a price.,AKL-000795,https://images.pexels.com/photos/28385235/pexels-photo-28385235.jpeg,cote-divoire/photography/pirogues-silhouetted-on-the-lagoon-at-sunset-c-te-d-ivoire.avif,3,/places/cote-divoire/lagoon-light.html,/places/cote-divoire/lagoon-light.html,relevance 3.9,pexels,B. Aristotlè Guweh Jr,https://www.pexels.com/photo/silhouetted-fishermen-on-a-canoe-at-sunset-28385235/
269,"W4 licence, commercially live",REPLACE,pexels:38852767,3,priced route — West,77%,P3,cote-divoire,como,safari,"open savanna and gallery forest at Comoé, Côte d'Ivoire",16/9 and 4/3,1600,licence a photograph that actually shows the subject,licence,C — a licence worth paying up for: this frame opens a page that carries a price.,AKL-000796,https://images.pexels.com/photos/38852767/pexels-photo-38852767.jpeg,cote-divoire/safari/open-savanna-and-gallery-forest-at-como-c-te-d-ivoire.avif,2,/places/cote-divoire/como.html,/places/cote-divoire/como.html,"relevance 2.7; the provider calls it ""serene kenyan landscape at dusk""",pexels,Vishva Patel,https://www.pexels.com/photo/serene-kenyan-landscape-at-dusk-38852767/
270,"W4 licence, commercially live",REPLACE,pexels:13691405,3,priced route — West,77%,P3,cote-divoire,baoul senufo and dan,traditional-people,"Sophisticated studio portrait of a woman in a stylish yellow dress, showcasing elegance., Côte d'Ivoire",16/9 and 4/5 and 4/3,1600,licence a photograph that actually shows the subject,licence,C — a licence worth paying up for: this frame opens a page that carries a price.,AKL-000797,https://images.pexels.com/photos/13691405/pexels-photo-13691405.jpeg,cote-divoire/traditional-people/sophisticated-studio-portrait-of-a-woman-in-a-stylish-yellow-dress-sho.avif,3,/places/cote-divoire/baoul-senufo-and-dan.html,/places/cote-divoire/baoul-senufo-and-dan.html,relevance 3.8,pexels,Ali  Drabo,https://www.pexels.com/photo/woman-posing-in-elegant-yellow-outfit-13691405/
271,"W4 licence, commercially live",REPLACE,pexels:29575667,3,priced route — West,77%,P3,cote-divoire,man and the waterfalls,waterfalls,"a waterfall in the hills around Man, Côte d'Ivoire",16/9 and 4/3,1600,licence a photograph that actually shows the subject,licence,C — a licence worth paying up for: this frame opens a page that carries a price.,AKL-000798,https://images.pexels.com/photos/29575667/pexels-photo-29575667.jpeg,cote-divoire/waterfalls/a-waterfall-in-the-hills-around-man-c-te-d-ivoire.avif,3,/places/cote-divoire/man-and-the-waterfalls.html,/places/cote-divoire/man-and-the-waterfalls.html,"the provider calls it ""monochrome portrait in catania streets""",pexels,Efrem  Efre,https://www.pexels.com/photo/monochrome-portrait-in-catania-streets-29575667/
272,"W4 licence, commercially live",REPLACE,pexels:34662621,3,priced route — West,68%,P3,guinea,hiking the fouta,adventure,"walkers on a path between villages in the Fouta Djallon, Guinea",16/9,1800,licence a photograph that actually shows the subject,licence,C — a licence worth paying up for: this frame opens a page that carries a price.,AKL-000799,https://images.pexels.com/photos/34662621/pexels-photo-34662621.jpeg,guinea/adventure/walkers-on-a-path-between-villages-in-the-fouta-djallon-guinea.avif,2,/places/guinea/hiking-the-fouta.html,/places/guinea/hiking-the-fouta.html,"relevance 2.7; the provider calls it ""scenic mountain valley with winding pathway""",pexels,Ama Journey,https://www.pexels.com/photo/scenic-mountain-valley-with-winding-pathway-34662621/
273,"W4 licence, commercially live",REPLACE,pexels:29117223,3,priced route — West,68%,P3,guinea,colonial and fouta vernacular,architecture,"A rustic thatched gazebo surrounded by lush greenery in a serene garden setting., Guinea",16/9 and 3/2 and 4/3,1600,licence a photograph that actually shows the subject,licence,C — a licence worth paying up for: this frame opens a page that carries a price.,AKL-000800,https://images.pexels.com/photos/29117223/pexels-photo-29117223.jpeg,guinea/architecture/a-rustic-thatched-gazebo-surrounded-by-lush-greenery-in-a-serene-garde.avif,3,/places/guinea/colonial-and-fouta-vernacular.html,/places/guinea/colonial-and-fouta-vernacular.html,relevance 3.0,pexels,quang vinh,https://www.pexels.com/photo/rustic-thatched-gazebo-in-lush-garden-29117223/
274,"W4 licence, commercially live",REPLACE,unsplash:HdDw9foglbo,3,priced route — West,68%,P3,guinea,where the music came from,culture,"a djembe and balafon group performing in Conakry, Guinea",16/9,1800,licence a photograph that actually shows the subject,licence,C — a licence worth paying up for: this frame opens a page that carries a price.,AKL-000801,https://images.unsplash.com/photo-1511906093482-1fea1ec38adb,guinea/culture/a-djembe-and-balafon-group-performing-in-conakry-guinea.avif,4,/places/guinea/where-the-music-came-from.html,/guinea.html,"relevance 2.5; the provider calls it ""lightning during nighttime""",unsplash,Tim Oun,https://unsplash.com/photos/lightning-during-nighttime-HdDw9foglbo
275,"W4 licence, commercially live",REPLACE,pexels:8512674,3,priced route — West,68%,P3,guinea,nimbas endemics,eco-tourism,"a botanist recording plants on the Nimba grassland, Guinea",16/9 and 4/3,1600,licence a photograph that actually shows the subject,licence,C — a licence worth paying up for: this frame opens a page that carries a price.,AKL-000802,https://images.pexels.com/photos/8512674/pexels-photo-8512674.jpeg,guinea/eco-tourism/a-botanist-recording-plants-on-the-nimba-grassland-guinea.avif,2,/places/guinea/nimbas-endemics.html,/places/guinea/nimbas-endemics.html,"the provider calls it ""woman in white button up shirt holding a magnifying """,pexels,Yaroslav Shuraev,https://www.pexels.com/photo/woman-in-white-button-up-shirt-holding-a-magnifying-glass-8512674/
276,"W4 licence, commercially live",REPLACE,pexels:31680373,3,priced route — West,68%,P3,guinea,waterfalls you can swim in,family-community,"children swimming in a pool below a Fouta Djallon waterfall, Guinea",16/9 and 4/3,1600,licence a photograph that actually shows the subject,licence,C — a licence worth paying up for: this frame opens a page that carries a price.,AKL-000803,https://images.pexels.com/photos/31680373/pexels-photo-31680373.jpeg,guinea/family-community/children-swimming-in-a-pool-below-a-fouta-djallon-waterfall-guinea.avif,2,/places/guinea/waterfalls-you-can-swim-in.html,/places/guinea/waterfalls-you-can-swim-in.html,relevance 2.7,pexels,Kazys Photography,https://www.pexels.com/photo/man-swimming-in-rocky-desert-oasis-pool-31680373/
277,"W4 licence, commercially live",REPLACE,unsplash:tDJyR7GaxYI,3,priced route — West,68%,P3,guinea,masked dance in the forest region,festivals,a stilt dancer performing at a village festival in Guinea,16/9 and 3/2 and 4/3,1600,licence a photograph that actually shows the subject,licence,C — a licence worth paying up for: this frame opens a page that carries a price.,AKL-000804,https://images.unsplash.com/photo-1600891407163-0613dd5f85c5,guinea/festivals/a-stilt-dancer-performing-at-a-village-festival-in-guinea.avif,3,/places/guinea/masked-dance-in-the-forest-region.html,/places/guinea/masked-dance-in-the-forest-region.html,"the provider calls it ""people in black and white costume""",unsplash,Bob Brewer,https://unsplash.com/photos/people-in-black-and-white-costume-tDJyR7GaxYI
278,"W4 licence, commercially live",REPLACE,pexels:6950752,3,priced route — West,68%,P3,guinea,riz gras and fouti,food,"Casual dinner party with friends sharing food and drinks around a wooden table., Guinea",16/9 and 4/3,1600,licence a photograph that actually shows the subject,licence,C — a licence worth paying up for: this frame opens a page that carries a price.,AKL-000805,https://images.pexels.com/photos/6950752/pexels-photo-6950752.jpeg,guinea/food/casual-dinner-party-with-friends-sharing-food-and-drinks-around-a-wood.avif,2,/places/guinea/riz-gras-and-fouti.html,/places/guinea/riz-gras-and-fouti.html,"relevance 2.2; the provider calls it ""group of people eating together""",pexels,Kampus Production,https://www.pexels.com/photo/group-of-people-eating-together-6950752/
279,"W4 licence, commercially live",REPLACE,pexels:36838514,3,priced route — West,68%,P3,guinea,nimba listed,heritage,"montane grassland and cloud on the Nimba ridge, Guinea",16/9 and 4/3,1600,licence a photograph that actually shows the subject,licence,C — a licence worth paying up for: this frame opens a page that carries a price.,AKL-000806,https://images.pexels.com/photos/36838514/pexels-photo-36838514.jpeg,guinea/heritage/montane-grassland-and-cloud-on-the-nimba-ridge-guinea.avif,3,/places/guinea/nimba-listed.html,/places/guinea/nimba-listed.html,"relevance 2.5; the provider calls it ""vast scenic landscape in mondol kiri cambodia""",pexels,Baptiste D.,https://www.pexels.com/photo/vast-scenic-landscape-in-mondol-kiri-cambodia-36838514/
280,"W4 licence, commercially live",REPLACE,pexels:14992419,3,priced route — West,68%,P3,guinea,the dame de mali,hidden-gems,"the Dame de Mali rock profile above the Fouta escarpment, Guinea",16/9 and 4/3,1600,licence a photograph that actually shows the subject,licence,C — a licence worth paying up for: this frame opens a page that carries a price.,AKL-000807,https://images.pexels.com/photos/14992419/pexels-photo-14992419.jpeg,guinea/hidden-gems/the-dame-de-mali-rock-profile-above-the-fouta-escarpment-guinea.avif,2,/places/guinea/the-dame-de-mali.html,/places/guinea/the-dame-de-mali.html,"the provider calls it ""body of water under cloudy sky""",pexels,DeLuca G,https://www.pexels.com/photo/body-of-water-under-cloudy-sky-14992419/
281,"W4 licence, commercially live",REPLACE,pexels:38696764,3,priced route — West,68%,P3,guinea,the upper niger,lakes-rivers,"Colorful sunset over the Mississippi River in Reads Landing, Minnesota., Guinea",16/9 and 4/5 and 4/3,1600,licence a photograph that actually shows the subject,licence,C — a licence worth paying up for: this frame opens a page that carries a price.,AKL-000808,https://images.pexels.com/photos/38696764/pexels-photo-38696764.jpeg,guinea/lakes-rivers/colorful-sunset-over-the-mississippi-river-in-reads-landing-minnesota-.avif,3,/places/guinea/the-upper-niger.html,/places/guinea/the-upper-niger.html,relevance 3.2,pexels,Tom Fisk,https://www.pexels.com/photo/sunset-over-mississippi-river-at-reads-landing-38696764/
282,"W4 licence, commercially live",REPLACE,pexels:36742857,3,priced route — West,68%,P3,guinea,market day in labe,local-life,"the crowded weekly market at Labe in the Fouta Djallon, Guinea",16/9 and 3/2 and 4/3,1600,licence a photograph that actually shows the subject,licence,C — a licence worth paying up for: this frame opens a page that carries a price.,AKL-000809,https://images.pexels.com/photos/36742857/pexels-photo-36742857.jpeg,guinea/local-life/the-crowded-weekly-market-at-labe-in-the-fouta-djallon-guinea.avif,3,/places/guinea/market-day-in-labe.html,/places/guinea/market-day-in-labe.html,"relevance 2.7; the provider calls it ""portrait of a man in traditional nigerian attire out""",pexels,that_photographer,https://www.pexels.com/photo/portrait-of-a-man-in-traditional-nigerian-attire-outdoors-36742857/
283,"W4 licence, commercially live",REPLACE,unsplash:0I3c0ziQxKI,3,priced route — West,68%,P3,guinea,modest,luxury,"a colonial-era hill station guesthouse at Dalaba, Guinea",16/9 and 4/3,1600,licence a photograph that actually shows the subject,licence,C — a licence worth paying up for: this frame opens a page that carries a price.,AKL-000810,https://images.unsplash.com/photo-1653277276192-4b62301ec906,guinea/luxury/a-colonial-era-hill-station-guesthouse-at-dalaba-guinea.avif,2,/places/guinea/modest.html,/places/guinea/modest.html,relevance 2.0,unsplash,Jelilah Kum,https://unsplash.com/photos/a-view-of-the-ocean-from-the-top-of-a-hill-0I3c0ziQxKI
284,"W4 licence, commercially live",REPLACE,pexels:30684014,3,priced route — West,68%,P3,guinea,where the rivers rise,nature,"a clear stream running over rock at the source of the Niger, Guinea",16/9 and 21/9 and 4/3,2100,licence a photograph that actually shows the subject,licence,C — a licence worth paying up for: this frame opens a page that carries a price.,AKL-000811,https://images.pexels.com/photos/30684014/pexels-photo-30684014.jpeg,guinea/nature/a-clear-stream-running-over-rock-at-the-source-of-the-niger-guinea.avif,4,/places/guinea/where-the-rivers-rise.html,/guinea.html,"relevance 2.5; the provider calls it ""aerial view of small town with vast landscape""",pexels,Bobby Dimas,https://www.pexels.com/photo/aerial-view-of-small-town-with-vast-landscape-30684014/
285,"W4 licence, commercially live",REPLACE,pexels:38262907,3,priced route — West,68%,P3,guinea,the forest not the plain,safari,"dense forest canopy on the slopes of Mount Nimba, Guinea",16/9 and 4/3,1600,licence a photograph that actually shows the subject,licence,C — a licence worth paying up for: this frame opens a page that carries a price.,AKL-000812,https://images.pexels.com/photos/38262907/pexels-photo-38262907.jpeg,guinea/safari/dense-forest-canopy-on-the-slopes-of-mount-nimba-guinea.avif,2,/places/guinea/the-forest-not-the-plain.html,/places/guinea/the-forest-not-the-plain.html,relevance 2.7,pexels,Daneswara Eka,https://www.pexels.com/photo/stunning-view-of-mount-bromo-at-sunrise-east-java-38262907/
286,"W4 licence, commercially live",REPLACE,pexels:19734012,3,priced route — West,68%,P3,guinea,fulani malinke susu,traditional-people,"a Fulani herder with cattle on the Fouta Djallon plateau, Guinea",16/9 and 4/5 and 4/3,1600,licence a photograph that actually shows the subject,licence,C — a licence worth paying up for: this frame opens a page that carries a price.,AKL-000813,https://images.pexels.com/photos/19734012/pexels-photo-19734012.jpeg,guinea/traditional-people/a-fulani-herder-with-cattle-on-the-fouta-djallon-plateau-guinea.avif,3,/places/guinea/fulani-malinke-susu.html,/places/guinea/fulani-malinke-susu.html,"the provider calls it ""portrait of an indigenous woman holding a bowl and a""",pexels,Ila Bappa Ibrahim,https://www.pexels.com/photo/portrait-of-an-indigenous-woman-holding-a-bowl-and-a-pole-19734012/
287,"W4 licence, commercially live",REPLACE,pexels:30316272,3,priced route — West,68%,P3,guinea,why guinea,why-visit,"a walker looking out over layered Fouta Djallon ridges, Guinea",16/9 and 21/9,2400,licence a photograph that actually shows the subject,licence,C — a licence worth paying up for: this frame opens a page that carries a price.,AKL-000814,https://images.pexels.com/photos/30316272/pexels-photo-30316272.jpeg,guinea/why-visit/a-walker-looking-out-over-layered-fouta-djallon-ridges-guinea.avif,2,/places/guinea/why-guinea.html,/places/guinea/why-guinea.html,relevance 3.4,pexels,Gabi Soutto Mayor,https://www.pexels.com/photo/close-up-of-a-guinea-pig-in-a-cage-with-food-bowl-30316272/
288,"W4 licence, commercially live",REPLACE,pexels:1238346,3,priced route — West,68%,P3,guinea,chimpanzees at bossou,wildlife,"A chimpanzee peers through vibrant green foliage in a dense jungle setting. Perfect for wildlife themes., Guinea",16/9,1800,licence a photograph that actually shows the subject,licence,C — a licence worth paying up for: this frame opens a page that carries a price.,AKL-000815,https://images.pexels.com/photos/1238346/pexels-photo-1238346.jpeg,guinea/wildlife/a-chimpanzee-peers-through-vibrant-green-foliage-in-a-dense-jungle-set.avif,4,/places/guinea/chimpanzees-at-bossou.html,/guinea.html,"the provider calls it ""monkey on a tree""",pexels,Francesco Ungaro,https://www.pexels.com/photo/monkey-on-a-tree-1238346/
289,"W4 licence, commercially live",REPLACE,pexels:16274226,3,priced route — West,59%,P3,ghana,accra and kumasi,cities,"the vast Kejetia market spread out at Kumasi, Ghana",16/9 and 4/3,1600,licence a photograph that actually shows the subject,licence,C — a licence worth paying up for: this frame opens a page that carries a price.,AKL-000816,https://images.pexels.com/photos/16274226/pexels-photo-16274226.jpeg,ghana/cities/the-vast-kejetia-market-spread-out-at-kumasi-ghana.avif,2,/places/ghana/accra-and-kumasi.html,/places/ghana/accra-and-kumasi.html,"the provider calls it ""merchandise on display""",pexels,David Iloba,https://www.pexels.com/photo/merchandise-on-display-16274226/
290,"W4 licence, commercially live",REPLACE,pexels:17682756,3,priced route — West,59%,P3,ghana,ashanti,culture,"the Manhyia palace grounds at Kumasi, Ghana",16/9,1800,licence a photograph that actually shows the subject,licence,C — a licence worth paying up for: this frame opens a page that carries a price.,AKL-000817,https://images.pexels.com/photos/17682756/pexels-photo-17682756.jpeg,ghana/culture/the-manhyia-palace-grounds-at-kumasi-ghana.avif,4,/places/ghana/ashanti.html,/ghana.html,"the provider calls it ""happy family on bench""",pexels,Emmanuel Yaw Opoku,https://www.pexels.com/photo/happy-family-on-bench-17682756/
291,"W4 licence, commercially live",REPLACE,pexels:24862208,3,priced route — West,59%,P3,ghana,community forest,eco-tourism,"hippos in the Black Volta at the Wechiau sanctuary, Ghana",16/9 and 4/3,1600,licence a photograph that actually shows the subject,licence,C — a licence worth paying up for: this frame opens a page that carries a price.,AKL-000818,https://images.pexels.com/photos/24862208/pexels-photo-24862208.jpeg,ghana/eco-tourism/hippos-in-the-black-volta-at-the-wechiau-sanctuary-ghana.avif,2,/places/ghana/community-forest.html,/places/ghana/community-forest.html,relevance 2.7,pexels,Molnár Tamás Photography™,https://www.pexels.com/photo/river-hippos-sleeping-in-the-zoo-enclosure-24862208/
292,"W4 licence, commercially live",REPLACE,pexels:20067063,3,priced route — West,59%,P3,ghana,jollof banku and grilled tilapia,food,"grilled tilapia and banku served at a roadside chop bar, Ghana",16/9 and 4/3,1600,licence a photograph that actually shows the subject,licence,C — a licence worth paying up for: this frame opens a page that carries a price.,AKL-000819,https://images.pexels.com/photos/20067063/pexels-photo-20067063.jpeg,ghana/food/grilled-tilapia-and-banku-served-at-a-roadside-chop-bar-ghana.avif,2,/places/ghana/jollof-banku-and-grilled-tilapia.html,/places/ghana/jollof-banku-and-grilled-tilapia.html,"the provider calls it ""close up of a fish dish with sauces""",pexels,Official Akfotos,https://www.pexels.com/photo/close-up-of-a-fish-dish-with-sauces-20067063/
293,"W4 licence, commercially live",REPLACE,pexels:5118539,3,priced route — West,59%,P3,ghana,kakum,forests,"the canopy walkway suspended above Kakum rainforest, Ghana",16/9 and 4/3,1600,licence a photograph that actually shows the subject,licence,C — a licence worth paying up for: this frame opens a page that carries a price.,AKL-000820,https://images.pexels.com/photos/5118539/pexels-photo-5118539.jpeg,ghana/forests/the-canopy-walkway-suspended-above-kakum-rainforest-ghana.avif,4,/places/ghana/kakum.html,/ghana.html,relevance 2.2,pexels,Quang Nguyen Vinh,https://www.pexels.com/photo/unrecognizable-traveler-near-tall-tree-in-rainforest-5118539/
294,"W4 licence, commercially live",REPLACE,pexels:3522700,3,priced route — West,59%,P3,ghana,the year of return,heritage,"a memorial gathering at Cape Coast castle, Ghana",16/9 and 4/3,1600,licence a photograph that actually shows the subject,licence,C — a licence worth paying up for: this frame opens a page that carries a price.,AKL-000821,https://images.pexels.com/photos/3522700/pexels-photo-3522700.jpeg,ghana/heritage/a-memorial-gathering-at-cape-coast-castle-ghana.avif,3,/places/ghana/the-year-of-return.html,/places/ghana/the-year-of-return.html,"the provider calls it ""boy with wooden boats on sea shore""",pexels,Seyiram Kweku,https://www.pexels.com/photo/boy-with-wooden-boats-on-sea-shore-3522700/
295,"W4 licence, commercially live",REPLACE,pexels:19142332,3,priced route — West,59%,P3,ghana,nzulezo,hidden-gems,"the stilt village of Nzulezo over the water, Ghana",16/9 and 4/3,1600,licence a photograph that actually shows the subject,licence,C — a licence worth paying up for: this frame opens a page that carries a price.,AKL-000822,https://images.pexels.com/photos/19142332/pexels-photo-19142332.jpeg,ghana/hidden-gems/the-stilt-village-of-nzulezo-over-the-water-ghana.avif,2,/places/ghana/nzulezo.html,/places/ghana/nzulezo.html,"the provider calls it ""wooden shed on lake""",pexels,K,https://www.pexels.com/photo/wooden-shed-on-lake-19142332/
296,"W4 licence, commercially live",REPLACE,pexels:3561109,3,priced route — West,59%,P3,ghana,the slave forts,historic-sites,"the door of no return at Elmina castle, Ghana",16/9 and 4/3,1600,licence a photograph that actually shows the subject,licence,C — a licence worth paying up for: this frame opens a page that carries a price.,AKL-000823,https://images.pexels.com/photos/3561109/pexels-photo-3561109.jpeg,ghana/historic-sites/the-door-of-no-return-at-elmina-castle-ghana.avif,2,/places/ghana/the-slave-forts.html,/places/ghana/the-slave-forts.html,"the provider calls it ""people on brown boat""",pexels,Seyiram Kweku,https://www.pexels.com/photo/people-on-brown-boat-3561109/
297,"W4 licence, commercially live",REPLACE,pexels:36386087,3,priced route — West,59%,P3,ghana,lake volta,lakes-rivers,"fishing boats on Lake Volta at first light, Ghana",16/9 and 4/5 and 4/3,1600,licence a photograph that actually shows the subject,licence,C — a licence worth paying up for: this frame opens a page that carries a price.,AKL-000824,https://images.pexels.com/photos/36386087/pexels-photo-36386087.jpeg,ghana/lakes-rivers/fishing-boats-on-lake-volta-at-first-light-ghana.avif,3,/places/ghana/lake-volta.html,/places/ghana/lake-volta.html,relevance 3.4,pexels,Emmanuel  Oppong,https://www.pexels.com/photo/fisherman-working-in-volta-region-ghana-36386087/
298,"W4 licence, commercially live",REPLACE,pexels:27879059,3,priced route — West,59%,P3,ghana,chop bars and trotros,local-life,"a busy trotro station in Accra, Ghana",16/9 and 3/2 and 4/3,1600,licence a photograph that actually shows the subject,licence,C — a licence worth paying up for: this frame opens a page that carries a price.,AKL-000825,https://images.pexels.com/photos/27879059/pexels-photo-27879059.jpeg,ghana/local-life/a-busy-trotro-station-in-accra-ghana.avif,3,/places/ghana/chop-bars-and-trotros.html,/places/ghana/chop-bars-and-trotros.html,"the provider calls it ""moved by the gods""",pexels,Albert Chime,https://www.pexels.com/photo/moved-by-the-gods-27879059/
299,"W4 licence, commercially live",REPLACE,pexels:17316581,3,priced route — West,59%,P3,ghana,lodges on the water,luxury,"A wooden terrace with two chairs and a double bass overlooks a vast landscape under cloudy skies., Ghana",16/9 and 4/3,1600,licence a photograph that actually shows the subject,licence,C — a licence worth paying up for: this frame opens a page that carries a price.,AKL-000826,https://images.pexels.com/photos/17316581/pexels-photo-17316581.jpeg,ghana/luxury/a-wooden-terrace-with-two-chairs-and-a-double-bass-overlooks-a-vast-la.avif,2,/places/ghana/lodges-on-the-water.html,/places/ghana/lodges-on-the-water.html,relevance 2.5,pexels,Serg Alesenko,https://www.pexels.com/photo/double-bass-and-chairs-on-terrace-over-plains-17316581/
300,"W4 licence, commercially live",REPLACE,pexels:18232582,3,priced route — West,59%,P3,ghana,the akwapim and afadja,mountains,"the green hills of the Volta region from Afadjato, Ghana",16/9 and 4/3,1800,licence a photograph that actually shows the subject,licence,C — a licence worth paying up for: this frame opens a page that carries a price.,AKL-000827,https://images.pexels.com/photos/18232582/pexels-photo-18232582.jpeg,ghana/mountains/the-green-hills-of-the-volta-region-from-afadjato-ghana.avif,4,/places/ghana/the-akwapim-and-afadja.html,/ghana.html,"the provider calls it ""hand sticking out of river with flower""",pexels,Ona Freeseed,https://www.pexels.com/photo/hand-sticking-out-of-river-with-flower-18232582/
301,"W4 licence, commercially live",REPLACE,pexels:3975047,3,priced route — West,59%,P3,ghana,coast to savanna,nature,"rainforest canopy in Kakum national park, Ghana",16/9 and 21/9 and 4/3,2100,licence a photograph that actually shows the subject,licence,C — a licence worth paying up for: this frame opens a page that carries a price.,AKL-000828,https://images.pexels.com/photos/3975047/pexels-photo-3975047.jpeg,ghana/nature/rainforest-canopy-in-kakum-national-park-ghana.avif,4,/places/ghana/coast-to-savanna.html,/ghana.html,"relevance 2.5; the provider calls it ""green trees under white clouds""",pexels,Thibault Luycx,https://www.pexels.com/photo/green-trees-under-white-clouds-3975047/
302,"W4 licence, commercially live",REPLACE,pexels:28119589,3,priced route — West,59%,P3,ghana,colour everywhere,photography,stacked bolts of printed cloth in a Ghanaian market,16/9 and 21/9 and 4/3,2100,licence a photograph that actually shows the subject,licence,C — a licence worth paying up for: this frame opens a page that carries a price.,AKL-000829,https://images.pexels.com/photos/28119589/pexels-photo-28119589.jpeg,ghana/photography/stacked-bolts-of-printed-cloth-in-a-ghanaian-market.avif,3,/places/ghana/colour-everywhere.html,/places/ghana/colour-everywhere.html,relevance 3.9,pexels,Nic Wood,https://www.pexels.com/photo/nuts-and-bolts-28119589/
303,"W4 licence, commercially live",REPLACE,pexels:15382803,3,priced route — West,59%,P3,ghana,walking safari at mole,safari,"a ranger leading walkers through savanna at Mole, Ghana",16/9 and 4/3,1600,licence a photograph that actually shows the subject,licence,C — a licence worth paying up for: this frame opens a page that carries a price.,AKL-000830,https://images.pexels.com/photos/15382803/pexels-photo-15382803.jpeg,ghana/safari/a-ranger-leading-walkers-through-savanna-at-mole-ghana.avif,2,/places/ghana/walking-safari-at-mole.html,/places/ghana/walking-safari-at-mole.html,relevance 2.7,pexels,Seun Adeniyi,https://www.pexels.com/photo/people-carrying-rifle-while-walking-on-the-dirt-road-15382803/
304,"W4 licence, commercially live",REPLACE,pexels:17979530,3,priced route — West,59%,P3,ghana,the gentle introduction,why-visit,"A woman running on a scenic dirt road surrounded by lush greenery on a summer day., Ghana",16/9 and 21/9,2400,licence a photograph that actually shows the subject,licence,C — a licence worth paying up for: this frame opens a page that carries a price.,AKL-000831,https://images.pexels.com/photos/17979530/pexels-photo-17979530.jpeg,ghana/why-visit/a-woman-running-on-a-scenic-dirt-road-surrounded-by-lush-greenery-on-a.avif,2,/places/ghana/the-gentle-introduction.html,/places/ghana/the-gentle-introduction.html,relevance 3.9,pexels,Pexels LATAM,https://www.pexels.com/photo/woman-running-on-a-field-17979530/
305,"W4 licence, commercially live",REPLACE,pexels:12014943,3,priced route — West,58%,P3,senegal,surf sail paddle,adventure,"surfers at Ngor island off Dakar, Senegal",16/9,1800,licence a photograph that actually shows the subject,licence,C — a licence worth paying up for: this frame opens a page that carries a price.,AKL-000832,https://images.pexels.com/photos/12014943/pexels-photo-12014943.jpeg,senegal/adventure/surfers-at-ngor-island-off-dakar-senegal.avif,2,/places/senegal/surf-sail-paddle.html,/places/senegal/surf-sail-paddle.html,"the provider calls it ""women in blue and white dress and brown cone hats st""",pexels,William Adams,https://www.pexels.com/photo/women-in-blue-and-white-dress-and-brown-cone-hats-standing-on-the-shore-12014943/
306,"W4 licence, commercially live",REPLACE,pexels:16563167,3,priced route — West,58%,P3,senegal,the petite c te,beaches,"the long Atlantic beach at Cap Skirring, Senegal",16/9 and 4/3,1800,licence a photograph that actually shows the subject,licence,C — a licence worth paying up for: this frame opens a page that carries a price.,AKL-000833,https://images.pexels.com/photos/16563167/pexels-photo-16563167.jpeg,senegal/beaches/the-long-atlantic-beach-at-cap-skirring-senegal.avif,4,/places/senegal/the-petite-c-te.html,/senegal.html,"the provider calls it ""ocean crashing on rocks at the coast""",pexels,K,https://www.pexels.com/photo/ocean-crashing-on-rocks-at-the-coast-16563167/
307,"W4 licence, commercially live",REPLACE,pexels:12179672,3,priced route — West,58%,P3,senegal,dakar,cities,"the Dakar coastline seen from the Corniche, Senegal",16/9 and 4/3,1600,licence a photograph that actually shows the subject,licence,C — a licence worth paying up for: this frame opens a page that carries a price.,AKL-000834,https://images.pexels.com/photos/12179672/pexels-photo-12179672.jpeg,senegal/cities/the-dakar-coastline-seen-from-the-corniche-senegal.avif,2,/places/senegal/dakar.html,/places/senegal/dakar.html,"the provider calls it ""businessmen talking to each other""",pexels,Libasse El Arbi Ndoye,https://www.pexels.com/photo/businessmen-talking-to-each-other-12179672/
308,"W4 licence, commercially live",REPLACE,pexels:4544171,3,priced route — West,58%,P3,senegal,teranga,culture,a family gathering for tea in a Senegalese courtyard,16/9,1800,licence a photograph that actually shows the subject,licence,C — a licence worth paying up for: this frame opens a page that carries a price.,AKL-000835,https://images.pexels.com/photos/4544171/pexels-photo-4544171.jpeg,senegal/culture/a-family-gathering-for-tea-in-a-senegalese-courtyard.avif,4,/places/senegal/teranga.html,/senegal.html,"the provider calls it ""faceless farmers in straw hats picking tea leaves on""",pexels,Quang Nguyen Vinh,https://www.pexels.com/photo/faceless-farmers-in-straw-hats-picking-tea-leaves-on-plantation-4544171/
309,"W4 licence, commercially live",REPLACE,pexels:37904491,3,priced route — West,58%,P3,senegal,community campements,eco-tourism,"a village-run campement in Casamance, Senegal",16/9 and 4/3,1600,licence a photograph that actually shows the subject,licence,C — a licence worth paying up for: this frame opens a page that carries a price.,AKL-000836,https://images.pexels.com/photos/37904491/pexels-photo-37904491.jpeg,senegal/eco-tourism/a-village-run-campement-in-casamance-senegal.avif,2,/places/senegal/community-campements.html,/places/senegal/community-campements.html,relevance 2.7,pexels,Lom Doudou,https://www.pexels.com/photo/colorful-fishing-boats-by-coastal-village-waters-37904491/
310,"W4 licence, commercially live",REPLACE,pexels:36598101,3,priced route — West,58%,P3,senegal,dakart and the magal,festivals,A lively night celebration in Senegal with a man holding a firework as people cheer around him.,16/9 and 3/2 and 4/3,1600,licence a photograph that actually shows the subject,licence,C — a licence worth paying up for: this frame opens a page that carries a price.,AKL-000837,https://images.pexels.com/photos/36598101/pexels-photo-36598101.jpeg,senegal/festivals/a-lively-night-celebration-in-senegal-with-a-man-holding-a-firework-as.avif,3,/places/senegal/dakart-and-the-magal.html,/places/senegal/dakart-and-the-magal.html,relevance 3.5,pexels,Felipe Esono Nguema,https://www.pexels.com/photo/vibrant-senegalese-celebration-with-fireworks-display-36598101/
311,"W4 licence, commercially live",REPLACE,pexels:19141534,3,priced route — West,58%,P3,senegal,thieboudienne,food,"thieboudienne served on a shared platter, Senegal",16/9 and 4/3,1600,licence a photograph that actually shows the subject,licence,C — a licence worth paying up for: this frame opens a page that carries a price.,AKL-000838,https://images.pexels.com/photos/19141534/pexels-photo-19141534.jpeg,senegal/food/thieboudienne-served-on-a-shared-platter-senegal.avif,2,/places/senegal/thieboudienne.html,/places/senegal/thieboudienne.html,"the provider calls it ""person eating fish soup""",pexels,Thu Huynh,https://www.pexels.com/photo/person-eating-fish-soup-19141534/
312,"W4 licence, commercially live",REPLACE,pexels:18482508,3,priced route — West,58%,P3,senegal,saint louis,heritage,"the colonial waterfront of Saint-Louis at dusk, Senegal",16/9 and 4/3,1600,licence a photograph that actually shows the subject,licence,C — a licence worth paying up for: this frame opens a page that carries a price.,AKL-000839,https://images.pexels.com/photos/18482508/pexels-photo-18482508.jpeg,senegal/heritage/the-colonial-waterfront-of-saint-louis-at-dusk-senegal.avif,3,/places/senegal/saint-louis.html,/places/senegal/saint-louis.html,"relevance 2.5; the provider calls it ""facade of sofitel legend casco viejo in panama city """,pexels,Luis Quintero,https://www.pexels.com/photo/facade-of-sofitel-legend-casco-viejo-in-panama-city-panama-18482508/
313,"W4 licence, commercially live",REPLACE,pexels:26673387,3,priced route — West,58%,P3,senegal,delta lodges,luxury,"a lodge deck over the water in the Saloum delta, Senegal",16/9 and 4/3,1600,licence a photograph that actually shows the subject,licence,C — a licence worth paying up for: this frame opens a page that carries a price.,AKL-000840,https://images.pexels.com/photos/26673387/pexels-photo-26673387.jpeg,senegal/luxury/a-lodge-deck-over-the-water-in-the-saloum-delta-senegal.avif,2,/places/senegal/delta-lodges.html,/places/senegal/delta-lodges.html,"relevance 2.5; the provider calls it ""rocks on a beach""",pexels,Ferdous  Hasan,https://www.pexels.com/photo/rocks-on-a-beach-26673387/
314,"W4 licence, commercially live",REPLACE,pexels:14021573,3,priced route — West,58%,P3,senegal,delta and dune,nature,"Two women in traditional clothes fishing in a serene mangrove forest with bamboo traps., Senegal",16/9 and 21/9 and 4/3,2100,licence a photograph that actually shows the subject,licence,C — a licence worth paying up for: this frame opens a page that carries a price.,AKL-000841,https://images.pexels.com/photos/14021573/pexels-photo-14021573.jpeg,senegal/nature/two-women-in-traditional-clothes-fishing-in-a-serene-mangrove-forest-w.avif,4,/places/senegal/delta-and-dune.html,/senegal.html,relevance 3.0,pexels,Quang Nguyen Vinh,https://www.pexels.com/photo/standing-women-in-the-water-holding-traps-for-fishes-14021573/
315,"W4 licence, commercially live",REPLACE,pexels:18696593,3,priced route — West,58%,P3,senegal,surf and sail,outdoor,"Kitesurfers skillfully riding waves under a clear blue sky with colorful kites., Senegal",16/9 and 4/3,1600,licence a photograph that actually shows the subject,licence,C — a licence worth paying up for: this frame opens a page that carries a price.,AKL-000842,https://images.pexels.com/photos/18696593/pexels-photo-18696593.jpeg,senegal/outdoor/kitesurfers-skillfully-riding-waves-under-a-clear-blue-sky-with-colorf.avif,2,/places/senegal/surf-and-sail.html,/places/senegal/surf-and-sail.html,relevance 2.5,pexels,Serg Alesenko,https://www.pexels.com/photo/kites-over-kitesurfers-on-sea-shore-18696593/
316,"W4 licence, commercially live",REPLACE,pexels:16444276,3,priced route — West,58%,P3,senegal,niokolo koba,safari,"a game track through Niokolo-Koba woodland, Senegal",16/9 and 4/3,1600,licence a photograph that actually shows the subject,licence,C — a licence worth paying up for: this frame opens a page that carries a price.,AKL-000843,https://images.pexels.com/photos/16444276/pexels-photo-16444276.jpeg,senegal/safari/a-game-track-through-niokolo-koba-woodland-senegal.avif,2,/places/senegal/niokolo-koba.html,/places/senegal/niokolo-koba.html,relevance 2.2,pexels,Keegan Checks,https://www.pexels.com/photo/a-road-on-safari-seen-from-a-safari-vehicle-16444276/
317,"W4 licence, commercially live",REPLACE,pexels:15944472,3,priced route — West,58%,P3,senegal,wolof serer and diola,traditional-people,"Portrait of an elderly man in traditional clothing playing a musical instrument, showcasing cultural heritage., Senegal",16/9 and 4/5 and 4/3,1600,licence a photograph that actually shows the subject,licence,C — a licence worth paying up for: this frame opens a page that carries a price.,AKL-000844,https://images.pexels.com/photos/15944472/pexels-photo-15944472.jpeg,senegal/traditional-people/portrait-of-an-elderly-man-in-traditional-clothing-playing-a-musical-i.avif,3,/places/senegal/wolof-serer-and-diola.html,/places/senegal/wolof-serer-and-diola.html,relevance 3.7,pexels,Jonathan Shembere,https://www.pexels.com/photo/man-in-traditional-clothing-playing-an-instrument-15944472/
318,"W4 licence, commercially live",REPLACE,pexels:6216083,3,priced route — West,58%,P3,senegal,djoudj,wildlife,"pelicans massed on the water at Djoudj, Senegal",16/9,1800,licence a photograph that actually shows the subject,licence,C — a licence worth paying up for: this frame opens a page that carries a price.,AKL-000845,https://images.pexels.com/photos/6216083/pexels-photo-6216083.jpeg,senegal/wildlife/pelicans-massed-on-the-water-at-djoudj-senegal.avif,4,/places/senegal/djoudj.html,/senegal.html,relevance 2.5,pexels,Andrei Prodan,https://www.pexels.com/photo/white-pelicans-swimming-on-the-lake-6216083/
319,"W4 licence, commercially live",REPLACE,pexels:32799486,3,priced route — West,48%,P3,guinea-bissau,island hopping by pirogue,adventure,"a motorised pirogue crossing between Bijagos islands, Guinea-Bissau",16/9,1800,licence a photograph that actually shows the subject,licence,C — a licence worth paying up for: this frame opens a page that carries a price.,AKL-000846,https://images.pexels.com/photos/32799486/pexels-photo-32799486.jpeg,guinea-bissau/adventure/a-motorised-pirogue-crossing-between-bijagos-islands-guinea-bissau.avif,2,/places/guinea-bissau/island-hopping-by-pirogue.html,/places/guinea-bissau/island-hopping-by-pirogue.html,"relevance 3.0; the provider calls it ""aerial view of lychee farmer on bridge in bac giang""",pexels,Vietnam  Hidden Light,https://www.pexels.com/photo/aerial-view-of-lychee-farmer-on-bridge-in-bac-giang-32799486/
320,"W4 licence, commercially live",REPLACE,pexels:38783877,3,priced route — West,48%,P3,guinea-bissau,bissau,cities,"the faded Portuguese colonial buildings of Bissau Velho, Guinea-Bissau",16/9 and 4/3,1600,licence a photograph that actually shows the subject,licence,C — a licence worth paying up for: this frame opens a page that carries a price.,AKL-000847,https://images.pexels.com/photos/38783877/pexels-photo-38783877.jpeg,guinea-bissau/cities/the-faded-portuguese-colonial-buildings-of-bissau-velho-guinea-bissau.avif,2,/places/guinea-bissau/bissau.html,/places/guinea-bissau/bissau.html,relevance 3.7,pexels,Guillaume Kremer,https://www.pexels.com/photo/colorful-colonial-architecture-in-macao-38783877/
321,"W4 licence, commercially live",REPLACE,pexels:20091538,3,priced route — West,48%,P3,guinea-bissau,carving and cloth,crafts,"Dramatic close-up of a sand tiger shark swimming gracefully underwater, showcasing its sharp teeth., Guinea-Bissau",16/9 and 4/3,1600,licence a photograph that actually shows the subject,licence,C — a licence worth paying up for: this frame opens a page that carries a price.,AKL-000848,https://images.pexels.com/photos/20091538/pexels-photo-20091538.jpeg,guinea-bissau/crafts/dramatic-close-up-of-a-sand-tiger-shark-swimming-gracefully-underwater.avif,2,/places/guinea-bissau/carving-and-cloth.html,/places/guinea-bissau/carving-and-cloth.html,relevance 2.7,pexels,David Ramsamy,https://www.pexels.com/photo/shark-in-close-up-20091538/
322,"W4 licence, commercially live",REPLACE,pexels:38192541,3,priced route — West,48%,P3,guinea-bissau,matrilineal and still so,culture,"Vibrant traditional Hausa architecture in Bauchi, Nigeria at sunset., Guinea-Bissau",16/9,1800,licence a photograph that actually shows the subject,licence,C — a licence worth paying up for: this frame opens a page that carries a price.,AKL-000849,https://images.pexels.com/photos/38192541/pexels-photo-38192541.jpeg,guinea-bissau/culture/vibrant-traditional-hausa-architecture-in-bauchi-nigeria-at-sunset-gui.avif,4,/places/guinea-bissau/matrilineal-and-still-so.html,/guinea-bissau.html,relevance 2.0,pexels,Sani Maikatanga,https://www.pexels.com/photo/colorful-palace-facade-in-bauchi-nigeria-38192541/
323,"W4 licence, commercially live",REPLACE,pexels:7723173,3,priced route — West,48%,P3,guinea-bissau,community conservation,eco-tourism,"villagers recording a turtle nest on a Bijagos beach, Guinea-Bissau",16/9 and 4/3,1600,licence a photograph that actually shows the subject,licence,C — a licence worth paying up for: this frame opens a page that carries a price.,AKL-000850,https://images.pexels.com/photos/7723173/pexels-photo-7723173.jpeg,guinea-bissau/eco-tourism/villagers-recording-a-turtle-nest-on-a-bijagos-beach-guinea-bissau.avif,2,/places/guinea-bissau/community-conservation.html,/places/guinea-bissau/community-conservation.html,relevance 2.7,pexels,Mikhail Nilov,https://www.pexels.com/photo/a-turtle-in-the-water-7723173/
324,"W4 licence, commercially live",REPLACE,pexels:32656682,3,priced route — West,48%,P3,guinea-bissau,carnival in bissau,festivals,"masked dancers at the Bissau carnival, Guinea-Bissau",16/9 and 3/2 and 4/3,1600,licence a photograph that actually shows the subject,licence,C — a licence worth paying up for: this frame opens a page that carries a price.,AKL-000851,https://images.pexels.com/photos/32656682/pexels-photo-32656682.jpeg,guinea-bissau/festivals/masked-dancers-at-the-bissau-carnival-guinea-bissau.avif,3,/places/guinea-bissau/carnival-in-bissau.html,/places/guinea-bissau/carnival-in-bissau.html,relevance 3.5,pexels,Alex Fanaso,https://www.pexels.com/photo/traditional-sing-sing-dancers-in-papua-new-guinea-32656682/
325,"W4 licence, commercially live",REPLACE,pexels:36742864,3,priced route — West,48%,P3,guinea-bissau,sunday at the beach,local-life,"Vibrant street scene in Nigeria depicting a traditional horse festival with colorful attire and festive atmosphere., Guinea-Bissau",16/9 and 3/2 and 4/3,1600,licence a photograph that actually shows the subject,licence,C — a licence worth paying up for: this frame opens a page that carries a price.,AKL-000852,https://images.pexels.com/photos/36742864/pexels-photo-36742864.jpeg,guinea-bissau/local-life/vibrant-street-scene-in-nigeria-depicting-a-traditional-horse-festival.avif,3,/places/guinea-bissau/sunday-at-the-beach.html,/places/guinea-bissau/sunday-at-the-beach.html,relevance 2.2,pexels,that_photographer,https://www.pexels.com/photo/traditional-nigerian-horse-festival-with-colorful-attire-36742864/
326,"W4 licence, commercially live",REPLACE,pexels:36467560,3,priced route — West,48%,P3,guinea-bissau,two or three lodges,luxury,"a small thatched eco-lodge among palms on a Bijagos island, Guinea-Bissau",16/9 and 4/3,1600,licence a photograph that actually shows the subject,licence,C — a licence worth paying up for: this frame opens a page that carries a price.,AKL-000853,https://images.pexels.com/photos/36467560/pexels-photo-36467560.jpeg,guinea-bissau/luxury/a-small-thatched-eco-lodge-among-palms-on-a-bijagos-island-guinea-biss.avif,2,/places/guinea-bissau/two-or-three-lodges.html,/places/guinea-bissau/two-or-three-lodges.html,relevance 2.5,pexels,Ana Kenk,https://www.pexels.com/photo/traditional-thatched-hut-in-rural-zambia-36467560/
327,"W4 licence, commercially live",REPLACE,pexels:37391954,3,priced route — West,48%,P3,guinea-bissau,mangrove and tide,nature,"Explore the lush mangrove forests of Batticaloa Lagoon, Eastern Province, Sri Lanka., Guinea-Bissau",16/9 and 21/9 and 4/3,2100,licence a photograph that actually shows the subject,licence,C — a licence worth paying up for: this frame opens a page that carries a price.,AKL-000854,https://images.pexels.com/photos/37391954/pexels-photo-37391954.jpeg,guinea-bissau/nature/explore-the-lush-mangrove-forests-of-batticaloa-lagoon-eastern-provinc.avif,4,/places/guinea-bissau/mangrove-and-tide.html,/guinea-bissau.html,relevance 2.5,pexels,Thilina Alagiyawanna,https://www.pexels.com/photo/lush-mangrove-forest-in-batticaloa-sri-lanka-37391954/
328,"W4 licence, commercially live",REPLACE,pexels:30004135,3,priced route — West,48%,P3,guinea-bissau,tide and palm,photography,"exposed mangrove roots and channels at low tide, Guinea-Bissau",16/9 and 21/9 and 4/3,2100,licence a photograph that actually shows the subject,licence,C — a licence worth paying up for: this frame opens a page that carries a price.,AKL-000855,https://images.pexels.com/photos/30004135/pexels-photo-30004135.jpeg,guinea-bissau/photography/exposed-mangrove-roots-and-channels-at-low-tide-guinea-bissau.avif,3,/places/guinea-bissau/tide-and-palm.html,/places/guinea-bissau/tide-and-palm.html,relevance 3.9,pexels,Ihsan Adityawarman,https://www.pexels.com/photo/tanjong-sepat-mangrove-landscape-with-tree-stumps-30004135/
329,"W4 licence, commercially live",REPLACE,pexels:31837751,3,priced route — West,48%,P3,guinea-bissau,the bijagos,traditional-people,"Vibrant aerial view of Kano, Nigeria showcasing traditional architecture and urban landscape., Guinea-Bissau",16/9 and 4/5 and 4/3,1600,licence a photograph that actually shows the subject,licence,C — a licence worth paying up for: this frame opens a page that carries a price.,AKL-000856,https://images.pexels.com/photos/31837751/pexels-photo-31837751.jpeg,guinea-bissau/traditional-people/vibrant-aerial-view-of-kano-nigeria-showcasing-traditional-architectur.avif,3,/places/guinea-bissau/the-bijagos.html,/places/guinea-bissau/the-bijagos.html,relevance 2.2,pexels,Abduljalil Attahir,https://www.pexels.com/photo/aerial-view-of-kano-s-traditional-architecture-31837751/
330,"W4 licence, commercially live",REPLACE,pexels:36569191,3,priced route — West,48%,P3,guinea-bissau,none to speak of,waterfalls,"a tidal creek running through mangrove at Cacheu, Guinea-Bissau",16/9 and 4/3,1600,licence a photograph that actually shows the subject,licence,C — a licence worth paying up for: this frame opens a page that carries a price.,AKL-000857,https://images.pexels.com/photos/36569191/pexels-photo-36569191.jpeg,guinea-bissau/waterfalls/a-tidal-creek-running-through-mangrove-at-cacheu-guinea-bissau.avif,3,/places/guinea-bissau/none-to-speak-of.html,/places/guinea-bissau/none-to-speak-of.html,relevance 2.7,pexels,Vincent  Eshun,https://www.pexels.com/photo/dynamic-motion-of-a-man-running-on-water-in-takoradi-36569191/
331,"W4 licence, commercially live",REPLACE,pexels:11044710,3,priced route — West,42%,P3,gambia,upriver by boat,adventure,"a small river boat moving upstream past mangrove, The Gambia",16/9,1800,licence a photograph that actually shows the subject,licence,C — a licence worth paying up for: this frame opens a page that carries a price.,AKL-000858,https://images.pexels.com/photos/11044710/pexels-photo-11044710.jpeg,gambia/adventure/a-small-river-boat-moving-upstream-past-mangrove-the-gambia.avif,2,/places/gambia/upriver-by-boat.html,/places/gambia/upriver-by-boat.html,"the provider calls it ""photo of men on a white rowboat""",pexels,Mustafa ezz,https://www.pexels.com/photo/photo-of-men-on-a-white-rowboat-11044710/
332,"W4 licence, commercially live",REPLACE,pexels:37672853,3,priced route — West,42%,P3,gambia,colonial and compound,architecture,"a walled family compound with a swept yard and mango tree, The Gambia",16/9 and 3/2 and 4/3,1600,licence a photograph that actually shows the subject,licence,C — a licence worth paying up for: this frame opens a page that carries a price.,AKL-000859,https://images.pexels.com/photos/37672853/pexels-photo-37672853.jpeg,gambia/architecture/a-walled-family-compound-with-a-swept-yard-and-mango-tree-the-gambia.avif,3,/places/gambia/colonial-and-compound.html,/places/gambia/colonial-and-compound.html,relevance 2.9,pexels,LekePOV,https://www.pexels.com/photo/solitary-tree-in-sunlit-courtyard-scene-37672853/
333,"W4 licence, commercially live",REPLACE,pexels:8967206,3,priced route — West,42%,P3,gambia,batik carving and baskets,crafts,"Close-up of an artisan handcrafting a traditional batik design on fabric, highlighting cultural craftsmanship., The Gambia",16/9 and 4/3,1600,licence a photograph that actually shows the subject,licence,C — a licence worth paying up for: this frame opens a page that carries a price.,AKL-000860,https://images.pexels.com/photos/8967206/pexels-photo-8967206.jpeg,gambia/crafts/close-up-of-an-artisan-handcrafting-a-traditional-batik-design-on-fabr.avif,2,/places/gambia/batik-carving-and-baskets.html,/places/gambia/batik-carving-and-baskets.html,"the provider calls it ""a person designing a shirt""",pexels,Rizky Rafael,https://www.pexels.com/photo/a-person-designing-a-shirt-8967206/
334,"W4 licence, commercially live",REPLACE,pexels:6192163,3,priced route — West,42%,P3,gambia,mandinka fula wolof jola,culture,"a kora player performing at a Gambian village gathering, The Gambia",16/9,1800,licence a photograph that actually shows the subject,licence,C — a licence worth paying up for: this frame opens a page that carries a price.,AKL-000861,https://images.pexels.com/photos/6192163/pexels-photo-6192163.jpeg,gambia/culture/a-kora-player-performing-at-a-gambian-village-gathering-the-gambia.avif,4,/places/gambia/mandinka-fula-wolof-jola.html,/gambia.html,"relevance 2.0; the provider calls it ""close up photo of man playing violin""",pexels,RDNE Stock project,https://www.pexels.com/photo/close-up-photo-of-man-playing-violin-6192163/
335,"W4 licence, commercially live",REPLACE,pexels:16563172,3,priced route — West,42%,P3,gambia,community birding,eco-tourism,"a local guide pointing out a bird to visitors on a creek, The Gambia",16/9 and 4/3,1600,licence a photograph that actually shows the subject,licence,C — a licence worth paying up for: this frame opens a page that carries a price.,AKL-000862,https://images.pexels.com/photos/16563172/pexels-photo-16563172.jpeg,gambia/eco-tourism/a-local-guide-pointing-out-a-bird-to-visitors-on-a-creek-the-gambia.avif,2,/places/gambia/community-birding.html,/places/gambia/community-birding.html,"relevance 2.7; the provider calls it ""meat hanging by butcher store in village""",pexels,K,https://www.pexels.com/photo/meat-hanging-by-butcher-store-in-village-16563172/
336,"W4 licence, commercially live",REPLACE,pexels:29266328,3,priced route — West,42%,P3,gambia,kartong,hidden-gems,"the quiet river mouth and empty beach at Kartong, The Gambia",16/9 and 4/3,1600,licence a photograph that actually shows the subject,licence,C — a licence worth paying up for: this frame opens a page that carries a price.,AKL-000863,https://images.pexels.com/photos/29266328/pexels-photo-29266328.jpeg,gambia/hidden-gems/the-quiet-river-mouth-and-empty-beach-at-kartong-the-gambia.avif,2,/places/gambia/kartong.html,/places/gambia/kartong.html,"the provider calls it ""local fishermen preparing canoe in cabinda angola""",pexels,Cardoso Lopes Lopes,https://www.pexels.com/photo/local-fishermen-preparing-canoe-in-cabinda-angola-29266328/
337,"W4 licence, commercially live",REPLACE,pexels:34635381,3,priced route — West,42%,P3,gambia,the fish landing at tanji,local-life,"Colorful street market scene with a vendor selling lemons beside a motorcycle outdoors in daylight., The Gambia",16/9 and 3/2 and 4/3,1600,licence a photograph that actually shows the subject,licence,C — a licence worth paying up for: this frame opens a page that carries a price.,AKL-000864,https://images.pexels.com/photos/34635381/pexels-photo-34635381.jpeg,gambia/local-life/colorful-street-market-scene-with-a-vendor-selling-lemons-beside-a-mot.avif,3,/places/gambia/the-fish-landing-at-tanji.html,/places/gambia/the-fish-landing-at-tanji.html,relevance 3.7,pexels,BULE,https://www.pexels.com/photo/street-vendor-selling-lemons-near-motorbike-34635381/
338,"W4 licence, commercially live",REPLACE,pexels:34317142,3,priced route — West,42%,P3,gambia,flat,mountains,"flat savanna and a lone baobab in the upper river region, The Gambia",16/9 and 4/3,1800,licence a photograph that actually shows the subject,licence,C — a licence worth paying up for: this frame opens a page that carries a price.,AKL-000865,https://images.pexels.com/photos/34317142/pexels-photo-34317142.jpeg,gambia/mountains/flat-savanna-and-a-lone-baobab-in-the-upper-river-region-the-gambia.avif,4,/places/gambia/flat.html,/gambia.html,"the provider calls it ""solitary tree in cordoba s open fields""",pexels,Tomás Asurmendi,https://www.pexels.com/photo/solitary-tree-in-cordoba-s-open-fields-34317142/
339,"W4 licence, commercially live",REPLACE,pexels:16562852,3,priced route — West,42%,P3,gambia,river light,photography,"Banjul, The Gambia's scenic coastline under a cloudy sky.",16/9 and 21/9 and 4/3,2100,licence a photograph that actually shows the subject,licence,C — a licence worth paying up for: this frame opens a page that carries a price.,AKL-000866,https://images.pexels.com/photos/16562852/pexels-photo-16562852.jpeg,gambia/photography/banjul-the-gambia-s-scenic-coastline-under-a-cloudy-sky.avif,3,/places/gambia/river-light.html,/places/gambia/river-light.html,"relevance 2.4; the provider calls it ""coastal city on island in birds eye view""",pexels,K,https://www.pexels.com/photo/coastal-city-on-island-in-birds-eye-view-16562852/
340,"W4 licence, commercially live",REPLACE,pexels:31604091,3,priced route — West,42%,P3,gambia,none,waterfalls,"still water and reflected trees on the upper Gambia river, The Gambia",16/9 and 4/3,1600,licence a photograph that actually shows the subject,licence,C — a licence worth paying up for: this frame opens a page that carries a price.,AKL-000867,https://images.pexels.com/photos/31604091/pexels-photo-31604091.jpeg,gambia/waterfalls/still-water-and-reflected-trees-on-the-upper-gambia-river-the-gambia.avif,3,/places/gambia/none.html,/places/gambia/none.html,relevance 3.0,pexels,Adedoyin ADEROMOLA,https://www.pexels.com/photo/serene-aerial-view-of-a-nigerian-river-scene-31604091/
341,"W4 licence, commercially live",REPLACE,pexels:1344765,3,priced route — West,42%,P3,gambia,six hundred bird species,wildlife,"an Abyssinian roller on a branch in Gambian savanna, The Gambia",16/9,1800,licence a photograph that actually shows the subject,licence,C — a licence worth paying up for: this frame opens a page that carries a price.,AKL-000868,https://images.pexels.com/photos/1344765/pexels-photo-1344765.jpeg,gambia/wildlife/an-abyssinian-roller-on-a-branch-in-gambian-savanna-the-gambia.avif,4,/places/gambia/six-hundred-bird-species.html,/gambia.html,"relevance 2.0; the provider calls it ""selective focus photo of deer""",pexels,Francesco Ungaro,https://www.pexels.com/photo/selective-focus-photo-of-deer-1344765/
342,"W5 commission, remainder",SIGNATURE,unsplash:cf4WB9VlctM,4,no price attached,78%,P1,sierra-leone,,hero,"forested hills coming down to white sand at River No. 2 beach, Sierra Leone",4/3 and 16/9,2400,commission an original photograph from an African photographer,commission,D — a commissioned shoot. The most expensive route and the only one that produces something nobody else has.,AKL-000869,https://images.unsplash.com/photo-1582617327923-41cf918104bb,sierra-leone/hero/forested-hills-coming-down-to-white-sand-at-river-no-2-beach-sierra-le.avif,2,/tourism/sierra-leone.html,/tourism/index.html,"the provider calls it ""woman in blue dress walking on sidewalk during dayti""",unsplash,Random Institute,https://unsplash.com/photos/woman-in-blue-dress-walking-on-sidewalk-during-daytime-cf4WB9VlctM
343,"W5 commission, remainder",SIGNATURE,pexels:36856430,4,no price attached,77%,P1,comoros,,hero,"the vast summit crater of Mount Karthala on Grande Comore, Comoros",16/9 and 4/3,2400,commission an original photograph from an African photographer,commission,D — a commissioned shoot. The most expensive route and the only one that produces something nobody else has.,AKL-000870,https://images.pexels.com/photos/36856430/pexels-photo-36856430.jpeg,comoros/hero/the-vast-summit-crater-of-mount-karthala-on-grande-comore-comoros.avif,2,/tourism/comoros.html,/tourism/comoros.html,"relevance 3.0; the provider calls it ""aerial view of rusted shipwreck on liberian coast""",pexels,Muhammad Fullah,https://www.pexels.com/photo/aerial-view-of-rusted-shipwreck-on-liberian-coast-36856430/
344,"W5 commission, remainder",SIGNATURE,pexels:1238272,4,no price attached,72%,P1,congo,,hero,"a forest bai clearing surrounded by rainforest in Odzala, Congo",16/9 and 4/3,2400,commission an original photograph from an African photographer,commission,D — a commissioned shoot. The most expensive route and the only one that produces something nobody else has.,AKL-000871,https://images.pexels.com/photos/1238272/pexels-photo-1238272.jpeg,congo/hero/a-forest-bai-clearing-surrounded-by-rainforest-in-odzala-congo.avif,2,/tourism/congo.html,/tourism/congo.html,"relevance 2.5; the provider calls it ""close up photo of gorilla""",pexels,Francesco Ungaro,https://www.pexels.com/photo/close-up-photo-of-gorilla-1238272/
345,"W5 commission, remainder",SIGNATURE,pexels:9389010,4,no price attached,72%,P1,dr-congo,,hero,"the glowing lava lake in the crater of Nyiragongo at night, DR Congo",16/9 and 4/3,2400,commission an original photograph from an African photographer,commission,D — a commissioned shoot. The most expensive route and the only one that produces something nobody else has.,AKL-000872,https://images.pexels.com/photos/9389010/pexels-photo-9389010.jpeg,dr-congo/hero/the-glowing-lava-lake-in-the-crater-of-nyiragongo-at-night-dr-congo.avif,2,/tourism/dr-congo.html,/tourism/dr-congo.html,relevance 2.5,pexels,Koen Swiers,https://www.pexels.com/photo/molten-lava-cascading-down-the-volcano-side-9389010/
346,"W5 commission, remainder",SIGNATURE,pexels:18240881,4,no price attached,70%,P1,angola,,hero,"the wide curtain of the Kalandula falls in Malanje, Angola",16/9 and 4/3,2400,commission an original photograph from an African photographer,commission,D — a commissioned shoot. The most expensive route and the only one that produces something nobody else has.,AKL-000873,https://images.pexels.com/photos/18240881/pexels-photo-18240881.jpeg,angola/hero/the-wide-curtain-of-the-kalandula-falls-in-malanje-angola.avif,2,/tourism/angola.html,/tourism/angola.html,relevance 2.5,pexels,Baixi Liu,https://www.pexels.com/photo/train-window-with-curtain-18240881/
347,"W5 commission, remainder",SIGNATURE,pexels:10327666,4,no price attached,67%,P1,algeria,,hero,the dunes of the Grand Erg Oriental in southern Algeria at low sun,16/9 and 4/3,2400,commission an original photograph from an African photographer,commission,D — a commissioned shoot. The most expensive route and the only one that produces something nobody else has.,AKL-000874,https://images.pexels.com/photos/10327666/pexels-photo-10327666.jpeg,algeria/hero/the-dunes-of-the-grand-erg-oriental-in-southern-algeria-at-low-sun.avif,2,/tourism/algeria.html,/tourism/algeria.html,"the provider calls it ""piles of rocks in sandy desert""",pexels,Djamel Ramdani,https://www.pexels.com/photo/piles-of-rocks-in-sandy-desert-10327666/
348,"W5 commission, remainder",SIGNATURE,pexels:38307877,4,no price attached,67%,P1,mali,,hero,"the mud-brick Great Mosque of Djenne with its wooden toron beams, Mali",4/3 and 16/9,2400,commission an original photograph from an African photographer,commission,D — a commissioned shoot. The most expensive route and the only one that produces something nobody else has.,AKL-000875,https://images.pexels.com/photos/38307877/pexels-photo-38307877.jpeg,mali/hero/the-mud-brick-great-mosque-of-djenne-with-its-wooden-toron-beams-mali.avif,2,/tourism/mali.html,/tourism/index.html,relevance 2.5,pexels,mg shotz,https://www.pexels.com/photo/vibrant-mosque-architecture-in-kano-nigeria-38307877/
349,"W5 commission, remainder",SIGNATURE,pexels:14260224,4,no price attached,67%,P1,mozambique,,hero,"a dhow sailing off a Mozambican island at sunrise, Mozambique",4/3 and 16/9,2400,commission an original photograph from an African photographer,commission,D — a commissioned shoot. The most expensive route and the only one that produces something nobody else has.,AKL-000876,https://images.pexels.com/photos/14260224/pexels-photo-14260224.jpeg,mozambique/hero/a-dhow-sailing-off-a-mozambican-island-at-sunrise-mozambique.avif,2,/tourism/mozambique.html,/tourism/index.html,"the provider calls it ""a man on a sailboat""",pexels,Wendelin Jacober,https://www.pexels.com/photo/a-man-on-a-sailboat-14260224/
350,"W5 commission, remainder",SIGNATURE,pexels:37963275,4,no price attached,67%,P1,niger,,hero,"the empty dune field of the Tenere desert under a low sun, Niger",4/3 and 16/9,2400,commission an original photograph from an African photographer,commission,D — a commissioned shoot. The most expensive route and the only one that produces something nobody else has.,AKL-000877,https://images.pexels.com/photos/37963275/pexels-photo-37963275.jpeg,niger/hero/the-empty-dune-field-of-the-tenere-desert-under-a-low-sun-niger.avif,2,/tourism/niger.html,/tourism/index.html,relevance 2.4,pexels,LekePOV,https://www.pexels.com/photo/desert-rider-on-a-decorated-horse-in-arid-landscape-37963275/
351,"W5 commission, remainder",SIGNATURE,pexels:6729748,4,no price attached,65%,P1,benin,,hero,"stilt houses and pirogues in the lake village of Ganvie, Benin",16/9 and 4/3,2400,commission an original photograph from an African photographer,commission,D — a commissioned shoot. The most expensive route and the only one that produces something nobody else has.,AKL-000878,https://images.pexels.com/photos/6729748/pexels-photo-6729748.jpeg,benin/hero/stilt-houses-and-pirogues-in-the-lake-village-of-ganvie-benin.avif,2,/tourism/benin.html,/tourism/benin.html,"the provider calls it ""boy and woman in hat in wooden sail boat""",pexels,Kenza Loussouarn,https://www.pexels.com/photo/boy-and-woman-in-hat-in-wooden-sail-boat-6729748/
352,"W5 commission, remainder",SIGNATURE,pexels:8257899,4,no price attached,63%,P1,chad,,hero,"a large herd of elephants moving across floodplain in Zakouma, Chad",16/9 and 4/3,2400,commission an original photograph from an African photographer,commission,D — a commissioned shoot. The most expensive route and the only one that produces something nobody else has.,AKL-000879,https://images.pexels.com/photos/8257899/pexels-photo-8257899.jpeg,chad/hero/a-large-herd-of-elephants-moving-across-floodplain-in-zakouma-chad.avif,2,/tourism/chad.html,/tourism/chad.html,"relevance 2.5; the provider calls it ""a man with a stick near water buffaloes""",pexels,Quang Nguyen Vinh,https://www.pexels.com/photo/a-man-with-a-stick-near-water-buffaloes-8257899/
353,"W5 commission, remainder",SIGNATURE,pexels:19964438,4,no price attached,62%,P1,equatorial-guinea,,hero,"the forested volcanic cone of Bioko rising above the sea, Equatorial Guinea",16/9 and 4/3,2400,commission an original photograph from an African photographer,commission,D — a commissioned shoot. The most expensive route and the only one that produces something nobody else has.,AKL-000880,https://images.pexels.com/photos/19964438/pexels-photo-19964438.jpeg,equatorial-guinea/hero/the-forested-volcanic-cone-of-bioko-rising-above-the-sea-equatorial-gu.avif,2,/tourism/equatorial-guinea.html,/tourism/equatorial-guinea.html,"relevance 3.0; the provider calls it ""clear sky over rocky hill""",pexels,leo soto,https://www.pexels.com/photo/clear-sky-over-rocky-hill-19964438/
354,"W5 commission, remainder",SIGNATURE,pexels:18018667,4,no price attached,59%,P1,sudan,,hero,"the Nubian pyramids of Meroe standing on desert dunes, Sudan",4/3 and 16/9,2400,commission an original photograph from an African photographer,commission,D — a commissioned shoot. The most expensive route and the only one that produces something nobody else has.,AKL-000881,https://images.pexels.com/photos/18018667/pexels-photo-18018667.jpeg,sudan/hero/the-nubian-pyramids-of-meroe-standing-on-desert-dunes-sudan.avif,2,/tourism/sudan.html,/tourism/index.html,"the provider calls it ""beautiful palm tree sunset""",pexels,Moaz Tobok,https://www.pexels.com/photo/beautiful-palm-tree-sunset-18018667/
355,"W5 commission, remainder",SIGNATURE,pexels:5118570,4,no price attached,58%,P1,liberia,,hero,"closed rainforest canopy and a river in Sapo National Park, Liberia",4/3 and 16/9,2400,commission an original photograph from an African photographer,commission,D — a commissioned shoot. The most expensive route and the only one that produces something nobody else has.,AKL-000882,https://images.pexels.com/photos/5118570/pexels-photo-5118570.jpeg,liberia/hero/closed-rainforest-canopy-and-a-river-in-sapo-national-park-liberia.avif,2,/tourism/liberia.html,/tourism/index.html,"the provider calls it ""wooden pathway and tall trees""",pexels,Quang Nguyen Vinh,https://www.pexels.com/photo/wooden-pathway-and-tall-trees-5118570/
356,"W5 commission, remainder",SIGNATURE,pexels:7744992,4,no price attached,58%,P1,mauritius,,hero,"the mountain of Le Morne rising above the lagoon, Mauritius",4/3 and 16/9,2400,commission an original photograph from an African photographer,commission,D — a commissioned shoot. The most expensive route and the only one that produces something nobody else has.,AKL-000883,https://images.pexels.com/photos/7744992/pexels-photo-7744992.jpeg,mauritius/hero/the-mountain-of-le-morne-rising-above-the-lagoon-mauritius.avif,2,/tourism/mauritius.html,/tourism/index.html,"the provider calls it ""green island in the middle of ocean""",pexels,Dominik Ruhl,https://www.pexels.com/photo/green-island-in-the-middle-of-ocean-7744992/
357,"W5 commission, remainder",SIGNATURE,pexels:16226084,4,no price attached,56%,P1,central-african-republic,,hero,"forest elephants gathered at the Dzanga Bai clearing, Central African Republic",16/9 and 4/3,2400,commission an original photograph from an African photographer,commission,D — a commissioned shoot. The most expensive route and the only one that produces something nobody else has.,AKL-000884,https://images.pexels.com/photos/16226084/pexels-photo-16226084.jpeg,central-african-republic/hero/forest-elephants-gathered-at-the-dzanga-bai-clearing-central-african-r.avif,2,/tourism/central-african-republic.html,/tourism/central-african-republic.html,"relevance 2.5; the provider calls it ""wooden barn in a jungle""",pexels,David Iloba,https://www.pexels.com/photo/wooden-barn-in-a-jungle-16226084/
358,"W5 commission, remainder",SIGNATURE,pexels:34364085,4,no price attached,54%,P1,cabo-verde,,hero,"the cone of Pico do Fogo rising inside its caldera, Cabo Verde",16/9 and 4/3,2400,commission an original photograph from an African photographer,commission,D — a commissioned shoot. The most expensive route and the only one that produces something nobody else has.,AKL-000885,https://images.pexels.com/photos/34364085/pexels-photo-34364085.jpeg,cabo-verde/hero/the-cone-of-pico-do-fogo-rising-inside-its-caldera-cabo-verde.avif,2,/tourism/cabo-verde.html,/tourism/cabo-verde.html,relevance 2.5,pexels,Francesco Ungaro,https://www.pexels.com/photo/sunset-view-of-majestic-pico-mountain-34364085/
359,"W5 commission, remainder",SIGNATURE,pexels:33621869,4,no price attached,54%,P1,eswatini,,hero,"the Ezulwini valley with granite hills on both sides, Eswatini",16/9 and 4/3,2400,commission an original photograph from an African photographer,commission,D — a commissioned shoot. The most expensive route and the only one that produces something nobody else has.,AKL-000886,https://images.pexels.com/photos/33621869/pexels-photo-33621869.jpeg,eswatini/hero/the-ezulwini-valley-with-granite-hills-on-both-sides-eswatini.avif,2,/tourism/eswatini.html,/tourism/eswatini.html,"the provider calls it ""aerial view of phola township mpumalanga""",pexels,K,https://www.pexels.com/photo/aerial-view-of-phola-township-mpumalanga-33621869/
360,"W5 commission, remainder",SIGNATURE,pexels:24864281,4,no price attached,52%,P1,gabon,,hero,"forest elephants on the beach at Loango National Park, Gabon",16/9 and 4/3,2400,commission an original photograph from an African photographer,commission,D — a commissioned shoot. The most expensive route and the only one that produces something nobody else has.,AKL-000887,https://images.pexels.com/photos/24864281/pexels-photo-24864281.jpeg,gabon/hero/forest-elephants-on-the-beach-at-loango-national-park-gabon.avif,2,/tourism/gabon.html,/tourism/gabon.html,relevance 2.4,pexels,Giovana Lhopi,https://www.pexels.com/photo/dirt-road-in-a-forest-at-sunset-24864281/
361,"W5 commission, remainder",SIGNATURE,pexels:6786048,4,no price attached,52%,P1,madagascar,,hero,"the avenue of baobabs at Morondava at sunset, Madagascar",4/3 and 16/9,2400,commission an original photograph from an African photographer,commission,D — a commissioned shoot. The most expensive route and the only one that produces something nobody else has.,AKL-000888,https://images.pexels.com/photos/6786048/pexels-photo-6786048.jpeg,madagascar/hero/the-avenue-of-baobabs-at-morondava-at-sunset-madagascar.avif,2,/tourism/madagascar.html,/tourism/index.html,"relevance 2.5; the provider calls it ""silhouette of a girl walking on water with fish net""",pexels,Ritz John Cao Ortega,https://www.pexels.com/photo/silhouette-of-a-girl-walking-on-water-with-fish-net-6786048/
362,"W5 commission, remainder",SIGNATURE,pexels:18030919,4,no price attached,52%,P1,mauritania,,hero,the iron ore train crossing the Sahara at sunset in Mauritania,4/3 and 16/9,2400,commission an original photograph from an African photographer,commission,D — a commissioned shoot. The most expensive route and the only one that produces something nobody else has.,AKL-000889,https://images.pexels.com/photos/18030919/pexels-photo-18030919.jpeg,mauritania/hero/the-iron-ore-train-crossing-the-sahara-at-sunset-in-mauritania.avif,2,/tourism/mauritania.html,/tourism/index.html,"the provider calls it ""a man riding on a camel on the desert""",pexels,Ben Khatry,https://www.pexels.com/photo/a-man-riding-on-a-camel-on-the-desert-18030919/
363,"W5 commission, remainder",SIGNATURE,pexels:16815582,4,no price attached,52%,P1,south-sudan,,hero,"Mundari herders among long-horned cattle in dung smoke at dawn, South Sudan",4/3 and 16/9,2400,commission an original photograph from an African photographer,commission,D — a commissioned shoot. The most expensive route and the only one that produces something nobody else has.,AKL-000890,https://images.pexels.com/photos/16815582/pexels-photo-16815582.jpeg,south-sudan/hero/mundari-herders-among-long-horned-cattle-in-dung-smoke-at-dawn-south-s.avif,2,/tourism/south-sudan.html,/tourism/index.html,"relevance 2.5; the provider calls it ""closeup of a herd of cows walking on a dirt road""",pexels,mg shotz,https://www.pexels.com/photo/closeup-of-a-herd-of-cows-walking-on-a-dirt-road-16815582/
364,"W5 commission, remainder",SIGNATURE,pexels:12517510,4,no price attached,48%,P1,somalia,,hero,"an empty white sand beach on the Somali Indian Ocean coast, Somalia",4/3 and 16/9,2400,commission an original photograph from an African photographer,commission,D — a commissioned shoot. The most expensive route and the only one that produces something nobody else has.,AKL-000891,https://images.pexels.com/photos/12517510/pexels-photo-12517510.jpeg,somalia/hero/an-empty-white-sand-beach-on-the-somali-indian-ocean-coast-somalia.avif,2,/tourism/somalia.html,/tourism/index.html,"the provider calls it ""calm water in the sea""",pexels,Atlantic Ambience,https://www.pexels.com/photo/calm-water-in-the-sea-12517510/
365,"W5 commission, remainder",SIGNATURE,pexels:8890586,4,no price attached,46%,P1,libya,,hero,"the colonnaded forum and basilica of Leptis Magna, Libya",4/3 and 16/9,2400,commission an original photograph from an African photographer,commission,D — a commissioned shoot. The most expensive route and the only one that produces something nobody else has.,AKL-000892,https://images.pexels.com/photos/8890586/pexels-photo-8890586.jpeg,libya/hero/the-colonnaded-forum-and-basilica-of-leptis-magna-libya.avif,2,/tourism/libya.html,/tourism/index.html,"relevance 2.0; the provider calls it ""arch of trajan timgad ancient thamugadi near batna a""",pexels,Djamel Ramdani,https://www.pexels.com/photo/arch-of-trajan-timgad-ancient-thamugadi-near-batna-algeria-8890586/
366,"W5 commission, remainder",SIGNATURE,unsplash:W39f1D5hKes,4,no price attached,41%,P1,nigeria,,hero,"the Lagos skyline across the lagoon at dusk, Nigeria",4/3 and 16/9,2400,commission an original photograph from an African photographer,commission,D — a commissioned shoot. The most expensive route and the only one that produces something nobody else has.,AKL-000893,https://images.unsplash.com/photo-1708674282655-3637d492dc74,nigeria/hero/the-lagos-skyline-across-the-lagoon-at-dusk-nigeria.avif,2,/tourism/nigeria.html,/tourism/index.html,"the provider calls it ""an aerial view of a stadium with a bus on the road""",unsplash,Vitalis Nwenyi,https://unsplash.com/photos/an-aerial-view-of-a-stadium-with-a-bus-on-the-road-W39f1D5hKes
367,"W5 commission, remainder",SIGNATURE,pexels:4105573,4,no price attached,31%,P1,ethiopia,,hero,"From below of high dry bristly mountains with uneven surface and sharp edges under cloudy sky in daytime, Ethiopia",16/9 and 4/3,2400,commission an original photograph from an African photographer,commission,D — a commissioned shoot. The most expensive route and the only one that produces something nobody else has.,AKL-000894,https://images.pexels.com/photos/4105573/pexels-photo-4105573.jpeg,ethiopia/hero/from-below-of-high-dry-bristly-mountains-with-uneven-surface-and-sharp.avif,2,/tourism/ethiopia.html,/tourism/ethiopia.html,relevance 2.5,pexels,Brett Sayles,https://www.pexels.com/photo/rough-rocks-under-cloudy-sky-in-daylight-4105573/
368,"W5 commission, remainder",SIGNATURE,pexels:3689859,4,no price attached,22%,P1,egypt,,hero,"the Giza pyramids at first light across the desert, Egypt",16/9 and 4/3,2400,commission an original photograph from an African photographer,commission,D — a commissioned shoot. The most expensive route and the only one that produces something nobody else has.,AKL-000895,https://images.pexels.com/photos/3689859/pexels-photo-3689859.jpeg,egypt/hero/the-giza-pyramids-at-first-light-across-the-desert-egypt.avif,2,/tourism/egypt.html,/tourism/egypt.html,"the provider calls it ""people riding a camel near pyramid under blue sky""",pexels,Mouad Mabrouk,https://www.pexels.com/photo/people-riding-a-camel-near-pyramid-under-blue-sky-3689859/
369,"W6 licence, long tail",REPLACE,pexels:39004741,4,no price attached,78%,P3,sierra-leone,krio board houses,architecture,"Scenic landscape of Jos with lush greenery, hills, and scattered houses., Sierra Leone",16/9 and 3/2 and 4/3,1600,licence a photograph that actually shows the subject,licence,B — one stock or agency licence at the going rate.,AKL-000896,https://images.pexels.com/photos/39004741/pexels-photo-39004741.jpeg,sierra-leone/architecture/scenic-landscape-of-jos-with-lush-greenery-hills-and-scattered-houses-.avif,3,/places/sierra-leone/krio-board-houses.html,/places/sierra-leone/krio-board-houses.html,"relevance 2.7; the provider calls it ""stunning aerial view of jos plateau nigeria""",pexels,Barnabas Sani,https://www.pexels.com/photo/stunning-aerial-view-of-jos-plateau-nigeria-39004741/
370,"W6 licence, long tail",REPLACE,unsplash:RbI3m7aE1LM,4,no price attached,78%,P3,sierra-leone,river no 2 and the banana islands,beaches,"the white sand and green forest of River No. 2 beach, Sierra Leone",16/9 and 4/3,1800,licence a photograph that actually shows the subject,licence,B — one stock or agency licence at the going rate.,AKL-000897,https://images.unsplash.com/photo-1582617327918-4a9f2d286fda,sierra-leone/beaches/the-white-sand-and-green-forest-of-river-no-2-beach-sierra-leone.avif,4,/places/sierra-leone/river-no-2-and-the-banana-islands.html,/sierra-leone.html,"the provider calls it ""green trees and brown buildings during daytime""",unsplash,Random Institute,https://unsplash.com/photos/green-trees-and-brown-buildings-during-daytime-RbI3m7aE1LM
371,"W6 licence, long tail",REPLACE,pexels:17658839,4,no price attached,78%,P3,sierra-leone,freetown,cities,"Plastic waste and debris on Freetown's beach in Sierra Leone, highlighting environmental pollution.",16/9 and 4/3,1600,licence a photograph that actually shows the subject,licence,B — one stock or agency licence at the going rate.,AKL-000898,https://images.pexels.com/photos/17658839/pexels-photo-17658839.jpeg,sierra-leone/cities/plastic-waste-and-debris-on-freetown-s-beach-in-sierra-leone-highlight.avif,2,/places/sierra-leone/freetown.html,/places/sierra-leone/freetown.html,relevance 2.8,pexels,BabijaPhoto JB,https://www.pexels.com/photo/rubbish-on-beach-17658839/
372,"W6 licence, long tail",REPLACE,unsplash:af41dO9TnBY,4,no price attached,78%,P3,sierra-leone,country cloth and gara,crafts,"gara tie-dyed cloth drying in a Freetown yard, Sierra Leone",16/9 and 4/3,1600,licence a photograph that actually shows the subject,licence,B — one stock or agency licence at the going rate.,AKL-000899,https://images.unsplash.com/photo-1582617328222-c32305878dc0,sierra-leone/crafts/gara-tie-dyed-cloth-drying-in-a-freetown-yard-sierra-leone.avif,2,/places/sierra-leone/country-cloth-and-gara.html,/places/sierra-leone/country-cloth-and-gara.html,"the provider calls it ""man in white shirt and black pants sitting on yellow""",unsplash,Random Institute,https://unsplash.com/photos/man-in-white-shirt-and-black-pants-sitting-on-yellow-van-af41dO9TnBY
373,"W6 licence, long tail",REPLACE,unsplash:00GKTfFdjK8,4,no price attached,78%,P3,sierra-leone,krio and sixteen others,culture,"a Krio board house with fretwork balconies in Freetown, Sierra Leone",16/9,1800,licence a photograph that actually shows the subject,licence,B — one stock or agency licence at the going rate.,AKL-000900,https://images.unsplash.com/photo-1582617327915-38767d80638c,sierra-leone/culture/a-krio-board-house-with-fretwork-balconies-in-freetown-sierra-leone.avif,4,/places/sierra-leone/krio-and-sixteen-others.html,/sierra-leone.html,"the provider calls it ""blue and yellow bus on road during daytime""",unsplash,Random Institute,https://unsplash.com/photos/blue-and-yellow-bus-on-road-during-daytime-00GKTfFdjK8
374,"W6 licence, long tail",REPLACE,unsplash:VXxYTECKpkw,4,no price attached,78%,P3,sierra-leone,lantern parade,festivals,"illuminated lantern floats moving through Freetown at night, Sierra Leone",16/9 and 3/2 and 4/3,1600,licence a photograph that actually shows the subject,licence,B — one stock or agency licence at the going rate.,AKL-000901,https://images.unsplash.com/photo-1582617327865-ec9aba71af8e,sierra-leone/festivals/illuminated-lantern-floats-moving-through-freetown-at-night-sierra-leo.avif,3,/places/sierra-leone/lantern-parade.html,/places/sierra-leone/lantern-parade.html,"relevance 3.4; the provider calls it ""woman in blue and black car""",unsplash,Random Institute,https://unsplash.com/photos/woman-in-blue-and-black-car-VXxYTECKpkw
375,"W6 licence, long tail",REPLACE,pexels:12174137,4,no price attached,78%,P3,sierra-leone,gola rainforest,forests,"the closed canopy of Gola rainforest from above, Sierra Leone",16/9 and 4/3,1600,licence a photograph that actually shows the subject,licence,B — one stock or agency licence at the going rate.,AKL-000902,https://images.pexels.com/photos/12174137/pexels-photo-12174137.jpeg,sierra-leone/forests/the-closed-canopy-of-gola-rainforest-from-above-sierra-leone.avif,4,/places/sierra-leone/gola-rainforest.html,/sierra-leone.html,"relevance 2.7; the provider calls it ""closeup to branches of the tree""",pexels,Alexey Demidov,https://www.pexels.com/photo/closeup-to-branches-of-the-tree-12174137/
376,"W6 licence, long tail",REPLACE,unsplash:ONpJpMv6xUM,4,no price attached,78%,P3,sierra-leone,the cotton tree and what followed,heritage,"the historic Cotton Tree standing in central Freetown, Sierra Leone",16/9 and 4/3,1600,licence a photograph that actually shows the subject,licence,B — one stock or agency licence at the going rate.,AKL-000903,https://images.unsplash.com/photo-1761666508145-c6d865defe65,sierra-leone/heritage/the-historic-cotton-tree-standing-in-central-freetown-sierra-leone.avif,3,/places/sierra-leone/the-cotton-tree-and-what-followed.html,/places/sierra-leone/the-cotton-tree-and-what-followed.html,relevance 2.5,unsplash,Random Institute,https://unsplash.com/photos/blue-auto-rickshaw-parked-near-a-large-tree-ONpJpMv6xUM
377,"W6 licence, long tail",REPLACE,unsplash:MdfqwCfUPB0,4,no price attached,78%,P3,sierra-leone,bunce island,historic-sites,Historic Sites in Sierra Leone,16/9 and 4/3,1600,licence a photograph that actually shows the subject,licence,B — one stock or agency licence at the going rate.,AKL-000904,https://images.unsplash.com/photo-1582617012854-7a083c0fa865,sierra-leone/historic-sites/historic-sites-in-sierra-leone.avif,2,/places/sierra-leone/bunce-island.html,/places/sierra-leone/bunce-island.html,"relevance 2.7; query broadened to category; the provider calls it ""brown wooden house near palm trees during daytime""",unsplash,Random Institute,https://unsplash.com/photos/brown-wooden-house-near-palm-trees-during-daytime-MdfqwCfUPB0
378,"W6 licence, long tail",REPLACE,unsplash:mwJBLHQCerw,4,no price attached,78%,P3,sierra-leone,the moa and the rokel,lakes-rivers,"the wide Moa river running past forested banks at Tiwai, Sierra Leone",16/9 and 4/5 and 4/3,1600,licence a photograph that actually shows the subject,licence,B — one stock or agency licence at the going rate.,AKL-000905,https://images.unsplash.com/photo-1676190761881-863f026c5d8e,sierra-leone/lakes-rivers/the-wide-moa-river-running-past-forested-banks-at-tiwai-sierra-leone.avif,3,/places/sierra-leone/the-moa-and-the-rokel.html,/places/sierra-leone/the-moa-and-the-rokel.html,"the provider calls it ""a blue boat sitting on top of a sandy beach""",unsplash,Daniel Camejo Rodríguez,https://unsplash.com/photos/a-blue-boat-sitting-on-top-of-a-sandy-beach-mwJBLHQCerw
379,"W6 licence, long tail",REPLACE,unsplash:9LyOQWyLm0I,4,no price attached,78%,P3,sierra-leone,sunday at lumley,local-life,"crowds and beach bars at Lumley beach on a Sunday, Sierra Leone",16/9 and 3/2 and 4/3,1600,licence a photograph that actually shows the subject,licence,B — one stock or agency licence at the going rate.,AKL-000906,https://images.unsplash.com/photo-1649486116210-69085e3f164a,sierra-leone/local-life/crowds-and-beach-bars-at-lumley-beach-on-a-sunday-sierra-leone.avif,3,/places/sierra-leone/sunday-at-lumley.html,/places/sierra-leone/sunday-at-lumley.html,"relevance 3.0; the provider calls it ""a large group of people standing in a line""",unsplash,Random Institute,https://unsplash.com/photos/a-large-group-of-people-standing-in-a-line-9LyOQWyLm0I
380,"W6 licence, long tail",REPLACE,unsplash:VCsLRRvKE1c,4,no price attached,78%,P3,sierra-leone,growing,luxury,"a beach lodge among palms at Tokeh, Sierra Leone",16/9 and 4/3,1600,licence a photograph that actually shows the subject,licence,B — one stock or agency licence at the going rate.,AKL-000907,https://images.unsplash.com/photo-1611395813517-41f9be5e292d,sierra-leone/luxury/a-beach-lodge-among-palms-at-tokeh-sierra-leone.avif,2,/places/sierra-leone/growing.html,/places/sierra-leone/growing.html,"relevance 2.9; the provider calls it ""aerial view of body of water during daytime""",unsplash,radwan skeiky,https://unsplash.com/photos/aerial-view-of-body-of-water-during-daytime-VCsLRRvKE1c
381,"W6 licence, long tail",REPLACE,pexels:6254527,4,no price attached,78%,P3,sierra-leone,bintumani,mountains,"the grassy summit ridge of Mount Bintumani above cloud, Sierra Leone",16/9 and 4/3,1800,licence a photograph that actually shows the subject,licence,B — one stock or agency licence at the going rate.,AKL-000908,https://images.pexels.com/photos/6254527/pexels-photo-6254527.jpeg,sierra-leone/mountains/the-grassy-summit-ridge-of-mount-bintumani-above-cloud-sierra-leone.avif,4,/places/sierra-leone/bintumani.html,/sierra-leone.html,relevance 2.0,pexels,Akshay  Nayak,https://www.pexels.com/photo/a-pond-near-a-forest-and-mountains-6254527/
382,"W6 licence, long tail",REPLACE,pexels:38123586,4,no price attached,78%,P3,sierra-leone,the loma mountains,nature,"Breathtaking view of the mountains around Monterrey, México in black and white., Sierra Leone",16/9 and 21/9 and 4/3,2100,licence a photograph that actually shows the subject,licence,B — one stock or agency licence at the going rate.,AKL-000909,https://images.pexels.com/photos/38123586/pexels-photo-38123586.jpeg,sierra-leone/nature/breathtaking-view-of-the-mountains-around-monterrey-m-xico-in-black-an.avif,4,/places/sierra-leone/the-loma-mountains.html,/sierra-leone.html,relevance 2.5,pexels,Verónica  Trejo,https://www.pexels.com/photo/dramatic-mountain-landscape-of-monterrey-38123586/
383,"W6 licence, long tail",REPLACE,pexels:38825026,4,no price attached,78%,P3,sierra-leone,climbing bintumani,outdoor,"a walker crossing montane grassland on Bintumani, Sierra Leone",16/9 and 4/3,1600,licence a photograph that actually shows the subject,licence,B — one stock or agency licence at the going rate.,AKL-000910,https://images.pexels.com/photos/38825026/pexels-photo-38825026.jpeg,sierra-leone/outdoor/a-walker-crossing-montane-grassland-on-bintumani-sierra-leone.avif,2,/places/sierra-leone/climbing-bintumani.html,/places/sierra-leone/climbing-bintumani.html,"relevance 2.5; the provider calls it ""adventurous walk on a rope bridge in the forest""",pexels,Manass Rex,https://www.pexels.com/photo/adventurous-walk-on-a-rope-bridge-in-the-forest-38825026/
384,"W6 licence, long tail",REPLACE,pexels:7017175,4,no price attached,78%,P3,sierra-leone,forest meeting sand,photography,"forested hills behind a beach in late afternoon light, Sierra Leone",16/9 and 21/9 and 4/3,2100,licence a photograph that actually shows the subject,licence,B — one stock or agency licence at the going rate.,AKL-000911,https://images.pexels.com/photos/7017175/pexels-photo-7017175.jpeg,sierra-leone/photography/forested-hills-behind-a-beach-in-late-afternoon-light-sierra-leone.avif,3,/places/sierra-leone/forest-meeting-sand.html,/places/sierra-leone/forest-meeting-sand.html,relevance 3.9,pexels,Ludvig Hedenborg,https://www.pexels.com/photo/green-tropical-trees-growing-on-hills-in-sundown-7017175/
385,"W6 licence, long tail",REPLACE,pexels:30512432,4,no price attached,78%,P3,sierra-leone,mende temne and krio,traditional-people,"Close-up portrait of woman holding a traditional red patterned fan outdoors., Sierra Leone",16/9 and 4/5 and 4/3,1600,licence a photograph that actually shows the subject,licence,B — one stock or agency licence at the going rate.,AKL-000912,https://images.pexels.com/photos/30512432/pexels-photo-30512432.jpeg,sierra-leone/traditional-people/close-up-portrait-of-woman-holding-a-traditional-red-patterned-fan-out.avif,3,/places/sierra-leone/mende-temne-and-krio.html,/places/sierra-leone/mende-temne-and-krio.html,relevance 3.7,pexels,Mukhtar Shuaib Mukhtar,https://www.pexels.com/photo/artistic-portrait-with-traditional-fan-30512432/
386,"W6 licence, long tail",REPLACE,unsplash:bHSGyeDCSwk,4,no price attached,78%,P3,sierra-leone,charlotte and bumbuna,waterfalls,"the Charlotte waterfall falling through forest near Freetown, Sierra Leone",16/9 and 4/3,1600,licence a photograph that actually shows the subject,licence,B — one stock or agency licence at the going rate.,AKL-000913,https://images.unsplash.com/photo-1582588498376-48c11c0d90b2,sierra-leone/waterfalls/the-charlotte-waterfall-falling-through-forest-near-freetown-sierra-le.avif,3,/places/sierra-leone/charlotte-and-bumbuna.html,/places/sierra-leone/charlotte-and-bumbuna.html,"the provider calls it ""girl in purple and blue floral dress wearing helmet""",unsplash,Random Institute,https://unsplash.com/photos/girl-in-purple-and-blue-floral-dress-wearing-helmet-bHSGyeDCSwk
387,"W6 licence, long tail",REPLACE,unsplash:k33898qkqxE,4,no price attached,78%,P3,sierra-leone,why sierra leone,why-visit,"an empty white beach below forested hills at dusk, Sierra Leone",16/9 and 21/9,2400,licence a photograph that actually shows the subject,licence,B — one stock or agency licence at the going rate.,AKL-000914,https://images.unsplash.com/photo-1630510590530-ffe042121ca7,sierra-leone/why-visit/an-empty-white-beach-below-forested-hills-at-dusk-sierra-leone.avif,2,/places/sierra-leone/why-sierra-leone.html,/places/sierra-leone/why-sierra-leone.html,"the provider calls it ""brown canoe on brown sand during daytime""",unsplash,Random Institute,https://unsplash.com/photos/brown-canoe-on-brown-sand-during-daytime-k33898qkqxE
388,"W6 licence, long tail",REPLACE,pexels:34439548,4,no price attached,78%,P3,sierra-leone,eleven primates at tiwai,wildlife,"a Diana monkey in the canopy on Tiwai island, Sierra Leone",16/9,1800,licence a photograph that actually shows the subject,licence,B — one stock or agency licence at the going rate.,AKL-000915,https://images.pexels.com/photos/34439548/pexels-photo-34439548.jpeg,sierra-leone/wildlife/a-diana-monkey-in-the-canopy-on-tiwai-island-sierra-leone.avif,4,/places/sierra-leone/eleven-primates-at-tiwai.html,/sierra-leone.html,relevance 2.5,pexels,Renjith Tomy Pkm,https://www.pexels.com/photo/majestic-monkey-in-sunlit-forest-canopy-34439548/
389,"W6 licence, long tail",REPLACE,pexels:4581173,4,no price attached,77%,P3,comoros,climbing karthala,adventure,"walkers camping on the crater rim of Karthala, Comoros",16/9,1800,licence a photograph that actually shows the subject,licence,B — one stock or agency licence at the going rate.,AKL-000916,https://images.pexels.com/photos/4581173/pexels-photo-4581173.jpeg,comoros/adventure/walkers-camping-on-the-crater-rim-of-karthala-comoros.avif,2,/places/comoros/climbing-karthala.html,/places/comoros/climbing-karthala.html,"relevance 2.7; the provider calls it ""mountains around lake""",pexels,ArtHouse Studio,https://www.pexels.com/photo/mountains-around-lake-4581173/
390,"W6 licence, long tail",REPLACE,pexels:39014654,4,no price attached,77%,P3,comoros,swahili stone,architecture,"a carved wooden Swahili door in a coral-stone wall, Comoros",16/9 and 3/2 and 4/3,1600,licence a photograph that actually shows the subject,licence,B — one stock or agency licence at the going rate.,AKL-000917,https://images.pexels.com/photos/39014654/pexels-photo-39014654.jpeg,comoros/architecture/a-carved-wooden-swahili-door-in-a-coral-stone-wall-comoros.avif,3,/places/comoros/swahili-stone.html,/places/comoros/swahili-stone.html,relevance 3.0,pexels,K0uTo@sTeik,https://www.pexels.com/photo/pristine-coral-reef-in-shallow-coastal-waters-39014654/
391,"W6 licence, long tail",REPLACE,pexels:7292744,4,no price attached,77%,P3,comoros,moroni and mutsamudu,cities,"Paved narrow street between aged stone residential houses with shabby facade in city, Comoros",16/9 and 4/3,1600,licence a photograph that actually shows the subject,licence,B — one stock or agency licence at the going rate.,AKL-000918,https://images.pexels.com/photos/7292744/pexels-photo-7292744.jpeg,comoros/cities/paved-narrow-street-between-aged-stone-residential-houses-with-shabby-.avif,2,/places/comoros/moroni-and-mutsamudu.html,/places/comoros/moroni-and-mutsamudu.html,relevance 3.4,pexels,Julia Volk,https://www.pexels.com/photo/old-narrow-street-in-city-7292744/
392,"W6 licence, long tail",REPLACE,pexels:11326480,4,no price attached,77%,P3,comoros,woodwork gold and embroidery,crafts,"an embroidered Comorian kofia cap and carved door detail, Comoros",16/9 and 4/3,1600,licence a photograph that actually shows the subject,licence,B — one stock or agency licence at the going rate.,AKL-000919,https://images.pexels.com/photos/11326480/pexels-photo-11326480.jpeg,comoros/crafts/an-embroidered-comorian-kofia-cap-and-carved-door-detail-comoros.avif,2,/places/comoros/woodwork-gold-and-embroidery.html,/places/comoros/woodwork-gold-and-embroidery.html,"the provider calls it ""a woman in white and red floral long sleeve shirt st""",pexels,Asal Hoseini,https://www.pexels.com/photo/a-woman-in-white-and-red-floral-long-sleeve-shirt-standing-on-brown-grass-field-11326480/
393,"W6 licence, long tail",REPLACE,pexels:9733797,4,no price attached,77%,P3,comoros,mohelis community park,eco-tourism,"a community ranger recording turtle nests on Moheli, Comoros",16/9 and 4/3,1600,licence a photograph that actually shows the subject,licence,B — one stock or agency licence at the going rate.,AKL-000920,https://images.pexels.com/photos/9733797/pexels-photo-9733797.jpeg,comoros/eco-tourism/a-community-ranger-recording-turtle-nests-on-moheli-comoros.avif,2,/places/comoros/mohelis-community-park.html,/places/comoros/mohelis-community-park.html,"the provider calls it ""camera man shooting a local person""",pexels,Brian kimotho,https://www.pexels.com/photo/camera-man-shooting-a-local-person-9733797/
394,"W6 licence, long tail",REPLACE,pexels:20794404,4,no price attached,77%,P3,comoros,the grand mariage season,festivals,"Peaceful town square with benches, art murals, trees, and historic buildings on a sunny day., Comoros",16/9 and 3/2 and 4/3,1600,licence a photograph that actually shows the subject,licence,B — one stock or agency licence at the going rate.,AKL-000921,https://images.pexels.com/photos/20794404/pexels-photo-20794404.jpeg,comoros/festivals/peaceful-town-square-with-benches-art-murals-trees-and-historic-buildi.avif,3,/places/comoros/the-grand-mariage-season.html,/places/comoros/the-grand-mariage-season.html,relevance 2.5,pexels,Andrius La Rotta,https://www.pexels.com/photo/small-park-with-a-bench-and-trees-in-a-town-by-the-mountain-20794404/
395,"W6 licence, long tail",REPLACE,pexels:24246112,4,no price attached,77%,P3,comoros,langouste and pilao,food,"grilled lobster with rice and coconut sauce, Comoros",16/9 and 4/3,1600,licence a photograph that actually shows the subject,licence,B — one stock or agency licence at the going rate.,AKL-000922,https://images.pexels.com/photos/24246112/pexels-photo-24246112.jpeg,comoros/food/grilled-lobster-with-rice-and-coconut-sauce-comoros.avif,2,/places/comoros/langouste-and-pilao.html,/places/comoros/langouste-and-pilao.html,"the provider calls it ""seafood with salad on plate""",pexels,Change C.C,https://www.pexels.com/photo/seafood-with-salad-on-plate-24246112/
396,"W6 licence, long tail",REPLACE,pexels:33894791,4,no price attached,77%,P3,comoros,the last forest,forests,"cloud forest on the slopes of Mount Karthala, Comoros",16/9 and 4/3,1600,licence a photograph that actually shows the subject,licence,B — one stock or agency licence at the going rate.,AKL-000923,https://images.pexels.com/photos/33894791/pexels-photo-33894791.jpeg,comoros/forests/cloud-forest-on-the-slopes-of-mount-karthala-comoros.avif,4,/places/comoros/the-last-forest.html,/comoros.html,relevance 2.7,pexels,hartono subagio,https://www.pexels.com/photo/scenic-view-of-a-mount-inerie-volcano-33894791/
397,"W6 licence, long tail",REPLACE,pexels:7292900,4,no price attached,77%,P3,comoros,nothing listed much standing,heritage,"narrow stone alleys in the medina of Moroni, Comoros",16/9 and 4/3,1600,licence a photograph that actually shows the subject,licence,B — one stock or agency licence at the going rate.,AKL-000924,https://images.pexels.com/photos/7292900/pexels-photo-7292900.jpeg,comoros/heritage/narrow-stone-alleys-in-the-medina-of-moroni-comoros.avif,3,/places/comoros/nothing-listed-much-standing.html,/places/comoros/nothing-listed-much-standing.html,"relevance 2.5; the provider calls it ""unrecognizable muslim woman in traditional headscarf""",pexels,Julia Volk,https://www.pexels.com/photo/unrecognizable-muslim-woman-in-traditional-headscarf-walking-on-street-7292900/
398,"W6 licence, long tail",REPLACE,pexels:19143037,4,no price attached,77%,P3,comoros,the coelacanth,hidden-gems,"Close-up of a historic sculpture showcasing art and history in a museum setting., Comoros",16/9 and 4/3,1600,licence a photograph that actually shows the subject,licence,B — one stock or agency licence at the going rate.,AKL-000925,https://images.pexels.com/photos/19143037/pexels-photo-19143037.jpeg,comoros/hidden-gems/close-up-of-a-historic-sculpture-showcasing-art-and-history-in-a-museu.avif,2,/places/comoros/the-coelacanth.html,/places/comoros/the-coelacanth.html,relevance 2.7,pexels,K,https://www.pexels.com/photo/close-up-of-sculpture-of-person-lying-down-19143037/
399,"W6 licence, long tail",REPLACE,pexels:37301322,4,no price attached,77%,P3,comoros,no rivers on grande comore,lakes-rivers,"the crater lake of Lac Sale beside the sea on Grande Comore, Comoros",16/9 and 4/5 and 4/3,1600,licence a photograph that actually shows the subject,licence,B — one stock or agency licence at the going rate.,AKL-000926,https://images.pexels.com/photos/37301322/pexels-photo-37301322.jpeg,comoros/lakes-rivers/the-crater-lake-of-lac-sale-beside-the-sea-on-grande-comore-comoros.avif,3,/places/comoros/no-rivers-on-grande-comore.html,/places/comoros/no-rivers-on-grande-comore.html,relevance 3.4,pexels,Alejandra Guzman,https://www.pexels.com/photo/traditional-salt-harvesting-on-pink-lake-37301322/
400,"W6 licence, long tail",REPLACE,pexels:33980601,4,no price attached,77%,P3,comoros,the harbour at moroni,local-life,"Stunning mosque with green domes and intricate arches under a clear blue sky., Comoros",16/9 and 3/2 and 4/3,1600,licence a photograph that actually shows the subject,licence,B — one stock or agency licence at the going rate.,AKL-000927,https://images.pexels.com/photos/33980601/pexels-photo-33980601.jpeg,comoros/local-life/stunning-mosque-with-green-domes-and-intricate-arches-under-a-clear-bl.avif,3,/places/comoros/the-harbour-at-moroni.html,/places/comoros/the-harbour-at-moroni.html,relevance 2.7,pexels,Zoel Khoiri,https://www.pexels.com/photo/beautiful-islamic-architecture-with-green-domes-33980601/
401,"W6 licence, long tail",REPLACE,pexels:27925563,4,no price attached,77%,P3,comoros,the volcanic interior,mountains,"An expansive view of volcanic terrain in La Réunion, showcasing rugged hills and sparse vegetation., Comoros",16/9 and 4/3,1800,licence a photograph that actually shows the subject,licence,B — one stock or agency licence at the going rate.,AKL-000928,https://images.pexels.com/photos/27925563/pexels-photo-27925563.jpeg,comoros/mountains/an-expansive-view-of-volcanic-terrain-in-la-r-union-showcasing-rugged-.avif,4,/places/comoros/the-volcanic-interior.html,/comoros.html,"relevance 2.5; the provider calls it ""a person standing on top of a hill with a mountain i""",pexels,Balázs Gábor,https://www.pexels.com/photo/a-person-standing-on-top-of-a-hill-with-a-mountain-in-the-background-27925563/
402,"W6 licence, long tail",REPLACE,pexels:32116697,4,no price attached,77%,P3,comoros,three islands and a claim,nature,"the volcanic coastline and black rock of Grande Comore, Comoros",16/9 and 21/9 and 4/3,2100,licence a photograph that actually shows the subject,licence,B — one stock or agency licence at the going rate.,AKL-000929,https://images.pexels.com/photos/32116697/pexels-photo-32116697.jpeg,comoros/nature/the-volcanic-coastline-and-black-rock-of-grande-comore-comoros.avif,4,/places/comoros/three-islands-and-a-claim.html,/comoros.html,"the provider calls it ""charming european architecture in strasbourg""",pexels,Ramon Karolan,https://www.pexels.com/photo/charming-european-architecture-in-strasbourg-32116697/
403,"W6 licence, long tail",REPLACE,pexels:4961417,4,no price attached,77%,P3,comoros,volcano and reef,outdoor,"a diver over a coral drop-off in Comorian water, Comoros",16/9 and 4/3,1600,licence a photograph that actually shows the subject,licence,B — one stock or agency licence at the going rate.,AKL-000930,https://images.pexels.com/photos/4961417/pexels-photo-4961417.jpeg,comoros/outdoor/a-diver-over-a-coral-drop-off-in-comorian-water-comoros.avif,2,/places/comoros/volcano-and-reef.html,/places/comoros/volcano-and-reef.html,"the provider calls it ""unrecognizable person diving above rocks""",pexels,Daniel Torobekov,https://www.pexels.com/photo/unrecognizable-person-diving-above-rocks-4961417/
404,"W6 licence, long tail",REPLACE,pexels:14109894,4,no price attached,77%,P3,comoros,volcano and ocean,photography,"Captivating view of the smoky crater at Masaya Volcano in Nicaragua with rich textures., Comoros",16/9 and 21/9 and 4/3,2100,licence a photograph that actually shows the subject,licence,B — one stock or agency licence at the going rate.,AKL-000931,https://images.pexels.com/photos/14109894/pexels-photo-14109894.jpeg,comoros/photography/captivating-view-of-the-smoky-crater-at-masaya-volcano-in-nicaragua-wi.avif,3,/places/comoros/volcano-and-ocean.html,/places/comoros/volcano-and-ocean.html,"relevance 3.9; the provider calls it ""clouds over mountain peak""",pexels,HECTOR  GARCIA,https://www.pexels.com/photo/clouds-over-mountain-peak-14109894/
405,"W6 licence, long tail",REPLACE,pexels:11331485,4,no price attached,77%,P3,comoros,moheli marine park,safari,"A tranquil beach setting with rocky formations and lush forests under a cloudy sky., Comoros",16/9 and 4/3,1600,licence a photograph that actually shows the subject,licence,B — one stock or agency licence at the going rate.,AKL-000932,https://images.pexels.com/photos/11331485/pexels-photo-11331485.jpeg,comoros/safari/a-tranquil-beach-setting-with-rocky-formations-and-lush-forests-under-.avif,2,/places/comoros/moheli-marine-park.html,/places/comoros/moheli-marine-park.html,"relevance 2.7; the provider calls it ""boulders on sea shore""",pexels,Quang Nguyen Vinh,https://www.pexels.com/photo/boulders-on-sea-shore-11331485/
406,"W6 licence, long tail",REPLACE,pexels:13156489,4,no price attached,77%,P3,comoros,the grand mariage,traditional-people,"a Grand Mariage procession with drummers and gold jewellery, Comoros",16/9 and 4/5 and 4/3,1600,licence a photograph that actually shows the subject,licence,B — one stock or agency licence at the going rate.,AKL-000933,https://images.pexels.com/photos/13156489/pexels-photo-13156489.jpeg,comoros/traditional-people/a-grand-mariage-procession-with-drummers-and-gold-jewellery-comoros.avif,3,/places/comoros/the-grand-mariage.html,/places/comoros/the-grand-mariage.html,"relevance 3.7; the provider calls it ""woman in lace dress""",pexels,Adera Abdoulaye Dolo,https://www.pexels.com/photo/woman-in-lace-dress-13156489/
407,"W6 licence, long tail",REPLACE,pexels:12551336,4,no price attached,77%,P3,comoros,livingstones fruit bat,wildlife,"a Livingstone's fruit bat hanging in forest canopy on Anjouan, Comoros",16/9,1800,licence a photograph that actually shows the subject,licence,B — one stock or agency licence at the going rate.,AKL-000934,https://images.pexels.com/photos/12551336/pexels-photo-12551336.jpeg,comoros/wildlife/a-livingstone-s-fruit-bat-hanging-in-forest-canopy-on-anjouan-comoros.avif,4,/places/comoros/livingstones-fruit-bat.html,/comoros.html,relevance 2.5,pexels,Alexey Demidov,https://www.pexels.com/photo/coconut-trees-on-a-forest-12551336/
408,"W6 licence, long tail",REPLACE,pexels:34669734,4,no price attached,73%,P3,djibouti,snorkelling and rift walking,adventure,"Close-up of a person holding a snorkel mask in green water, outdoor activity., Djibouti",16/9,1800,licence a photograph that actually shows the subject,licence,B — one stock or agency licence at the going rate.,AKL-000935,https://images.pexels.com/photos/34669734/pexels-photo-34669734.jpeg,djibouti/adventure/close-up-of-a-person-holding-a-snorkel-mask-in-green-water-outdoor-act.avif,2,/places/djibouti/snorkelling-and-rift-walking.html,/places/djibouti/snorkelling-and-rift-walking.html,relevance 2.7,pexels,sofia comasetto,https://www.pexels.com/photo/person-holding-snorkel-mask-in-water-34669734/
409,"W6 licence, long tail",REPLACE,pexels:10462587,4,no price attached,73%,P3,djibouti,arcades and coral,architecture,colonnaded arcades in the European quarter of Djibouti City,16/9 and 3/2 and 4/3,1600,licence a photograph that actually shows the subject,licence,B — one stock or agency licence at the going rate.,AKL-000936,https://images.pexels.com/photos/10462587/pexels-photo-10462587.jpeg,djibouti/architecture/colonnaded-arcades-in-the-european-quarter-of-djibouti-city.avif,3,/places/djibouti/arcades-and-coral.html,/places/djibouti/arcades-and-coral.html,"the provider calls it ""yachts docked on the side of the sea""",pexels,Lord Over Makers,https://www.pexels.com/photo/yachts-docked-on-the-side-of-the-sea-10462587/
410,"W6 licence, long tail",REPLACE,pexels:15215649,4,no price attached,73%,P3,djibouti,the gulf of tadjoura,beaches,"the white sand and clear water of Sable Blanc beach, Djibouti",16/9 and 4/3,1800,licence a photograph that actually shows the subject,licence,B — one stock or agency licence at the going rate.,AKL-000937,https://images.pexels.com/photos/15215649/pexels-photo-15215649.jpeg,djibouti/beaches/the-white-sand-and-clear-water-of-sable-blanc-beach-djibouti.avif,4,/places/djibouti/the-gulf-of-tadjoura.html,/djibouti.html,"the provider calls it ""view of a sea""",pexels,정규송 Nui MALAMA,https://www.pexels.com/photo/view-of-a-sea-15215649/
411,"W6 licence, long tail",REPLACE,pexels:32063196,4,no price attached,73%,P3,djibouti,salt cut by hand,eco-tourism,"salt slabs being cut by hand from the crust at Lake Assal, Djibouti",16/9 and 4/3,1600,licence a photograph that actually shows the subject,licence,B — one stock or agency licence at the going rate.,AKL-000938,https://images.pexels.com/photos/32063196/pexels-photo-32063196.jpeg,djibouti/eco-tourism/salt-slabs-being-cut-by-hand-from-the-crust-at-lake-assal-djibouti.avif,2,/places/djibouti/salt-cut-by-hand.html,/places/djibouti/salt-cut-by-hand.html,"relevance 2.7; the provider calls it ""silhouette of people enjoying dock at sunset""",pexels,笑 邵,https://www.pexels.com/photo/silhouette-of-people-enjoying-dock-at-sunset-32063196/
412,"W6 licence, long tail",REPLACE,pexels:17743312,4,no price attached,73%,P3,djibouti,skoudehkaris and yemeni fish,food,"a whole fish baked Yemeni-style served on flatbread, Djibouti",16/9 and 4/3,1600,licence a photograph that actually shows the subject,licence,B — one stock or agency licence at the going rate.,AKL-000939,https://images.pexels.com/photos/17743312/pexels-photo-17743312.jpeg,djibouti/food/a-whole-fish-baked-yemeni-style-served-on-flatbread-djibouti.avif,2,/places/djibouti/skoudehkaris-and-yemeni-fish.html,/places/djibouti/skoudehkaris-and-yemeni-fish.html,"relevance 2.7; the provider calls it ""traditionally dressed model in a beige turban and ba""",pexels,اماز لتصاميم الزفاف,https://www.pexels.com/photo/traditionally-dressed-model-in-a-beige-turban-and-bandolier-posing-with-a-rifle-on-his-shoulder-and-a-jambiya-dagger-on-his-belt-17743312/
413,"W6 licence, long tail",REPLACE,pexels:32289539,4,no price attached,73%,P3,djibouti,the last juniper,forests,"Explore the vibrant red rock desert landscape with a lone juniper tree at sunset under dramatic skies., Djibouti",16/9 and 4/3,1600,licence a photograph that actually shows the subject,licence,B — one stock or agency licence at the going rate.,AKL-000940,https://images.pexels.com/photos/32289539/pexels-photo-32289539.jpeg,djibouti/forests/explore-the-vibrant-red-rock-desert-landscape-with-a-lone-juniper-tree.avif,4,/places/djibouti/the-last-juniper.html,/djibouti.html,relevance 2.7,pexels,Robert Hacker,https://www.pexels.com/photo/stunning-red-rock-desert-landscape-at-sunset-32289539/
414,"W6 licence, long tail",REPLACE,pexels:27689514,4,no price attached,73%,P3,djibouti,the lake abbe landscape,heritage,"Silhouetted figures at sunset on a serene lake with a reflective surface creating a peaceful atmosphere., Djibouti",16/9 and 4/3,1600,licence a photograph that actually shows the subject,licence,B — one stock or agency licence at the going rate.,AKL-000941,https://images.pexels.com/photos/27689514/pexels-photo-27689514.jpeg,djibouti/heritage/silhouetted-figures-at-sunset-on-a-serene-lake-with-a-reflective-surfa.avif,3,/places/djibouti/the-lake-abbe-landscape.html,/places/djibouti/the-lake-abbe-landscape.html,relevance 2.1,pexels,Sayefotograf,https://www.pexels.com/photo/a-sunset-over-a-body-of-water-with-wooden-posts-27689514/
415,"W6 licence, long tail",REPLACE,pexels:36755959,4,no price attached,73%,P3,djibouti,ottoman tadjoura,historic-sites,"the white mosques and low houses of Tadjoura on the gulf, Djibouti",16/9 and 4/3,1600,licence a photograph that actually shows the subject,licence,B — one stock or agency licence at the going rate.,AKL-000942,https://images.pexels.com/photos/36755959/pexels-photo-36755959.jpeg,djibouti/historic-sites/the-white-mosques-and-low-houses-of-tadjoura-on-the-gulf-djibouti.avif,2,/places/djibouti/ottoman-tadjoura.html,/places/djibouti/ottoman-tadjoura.html,"relevance 2.2; the provider calls it ""boy herding sheep among ancient ruins""",pexels,mori dad,https://www.pexels.com/photo/boy-herding-sheep-among-ancient-ruins-36755959/
416,"W6 licence, long tail",REPLACE,pexels:22086480,4,no price attached,73%,P3,djibouti,lake abbe,lakes-rivers,"limestone chimneys venting steam on the flats of Lake Abbe, Djibouti",16/9 and 4/5 and 4/3,1600,licence a photograph that actually shows the subject,licence,B — one stock or agency licence at the going rate.,AKL-000943,https://images.pexels.com/photos/22086480/pexels-photo-22086480.jpeg,djibouti/lakes-rivers/limestone-chimneys-venting-steam-on-the-flats-of-lake-abbe-djibouti.avif,3,/places/djibouti/lake-abbe.html,/places/djibouti/lake-abbe.html,"relevance 3.4; the provider calls it ""rock in a sea""",pexels,Channel Iskatel,https://www.pexels.com/photo/rock-in-a-sea-22086480/
417,"W6 licence, long tail",REPLACE,pexels:12387363,4,no price attached,73%,P3,djibouti,khat at four,local-life,"men sorting bundles of khat at a street stall in the afternoon, Djibouti",16/9 and 3/2 and 4/3,1600,licence a photograph that actually shows the subject,licence,B — one stock or agency licence at the going rate.,AKL-000944,https://images.pexels.com/photos/12387363/pexels-photo-12387363.jpeg,djibouti/local-life/men-sorting-bundles-of-khat-at-a-street-stall-in-the-afternoon-djibout.avif,3,/places/djibouti/khat-at-four.html,/places/djibouti/khat-at-four.html,"the provider calls it ""people working on a farm""",pexels,Quang Nguyen Vinh,https://www.pexels.com/photo/people-working-on-a-farm-12387363/
418,"W6 licence, long tail",REPLACE,pexels:27288785,4,no price attached,73%,P3,djibouti,small and getting better,luxury,"Capture the mesmerizing sunset over Muscat's rocky shoreline with waves crashing softly., Djibouti",16/9 and 4/3,1600,licence a photograph that actually shows the subject,licence,B — one stock or agency licence at the going rate.,AKL-000945,https://images.pexels.com/photos/27288785/pexels-photo-27288785.jpeg,djibouti/luxury/capture-the-mesmerizing-sunset-over-muscat-s-rocky-shoreline-with-wave.avif,2,/places/djibouti/small-and-getting-better.html,/places/djibouti/small-and-getting-better.html,relevance 2.5,pexels,Asaad Alabri,https://www.pexels.com/photo/a-sunset-over-the-ocean-with-waves-crashing-27288785/
419,"W6 licence, long tail",REPLACE,pexels:28901209,4,no price attached,73%,P3,djibouti,the goda and mabla,mountains,"the Goda mountains rising above the arid coastal plain, Djibouti",16/9 and 4/3,1800,licence a photograph that actually shows the subject,licence,B — one stock or agency licence at the going rate.,AKL-000946,https://images.pexels.com/photos/28901209/pexels-photo-28901209.jpeg,djibouti/mountains/the-goda-mountains-rising-above-the-arid-coastal-plain-djibouti.avif,4,/places/djibouti/the-goda-and-mabla.html,/djibouti.html,"the provider calls it ""stunning desert landscape with mountain background""",pexels,Henrik Le-Botos,https://www.pexels.com/photo/stunning-desert-landscape-with-mountain-background-28901209/
420,"W6 licence, long tail",REPLACE,pexels:37764958,4,no price attached,73%,P3,djibouti,the afar triangle,nature,"Black and white texture of cracked earth surface, showcasing natural patterns and geological details., Djibouti",16/9 and 21/9 and 4/3,2100,licence a photograph that actually shows the subject,licence,B — one stock or agency licence at the going rate.,AKL-000947,https://images.pexels.com/photos/37764958/pexels-photo-37764958.jpeg,djibouti/nature/black-and-white-texture-of-cracked-earth-surface-showcasing-natural-pa.avif,4,/places/djibouti/the-afar-triangle.html,/djibouti.html,relevance 2.5,pexels,wal_ 172619,https://www.pexels.com/photo/abstract-cracked-earth-surface-texture-37764958/
421,"W6 licence, long tail",REPLACE,pexels:30645989,4,no price attached,73%,P3,djibouti,white on turquoise,photography,"the salt crust and impossibly blue water of Lake Assal at midday, Djibouti",16/9 and 21/9 and 4/3,2100,licence a photograph that actually shows the subject,licence,B — one stock or agency licence at the going rate.,AKL-000948,https://images.pexels.com/photos/30645989/pexels-photo-30645989.jpeg,djibouti/photography/the-salt-crust-and-impossibly-blue-water-of-lake-assal-at-midday-djibo.avif,3,/places/djibouti/white-on-turquoise.html,/places/djibouti/white-on-turquoise.html,"relevance 3.9; the provider calls it ""aerial view of the dead sea shoreline""",pexels,u h,https://www.pexels.com/photo/aerial-view-of-the-dead-sea-shoreline-30645989/
422,"W6 licence, long tail",REPLACE,pexels:10364447,4,no price attached,73%,P3,djibouti,day forest,safari,"juniper forest on the slopes of the Goda mountains at Day, Djibouti",16/9 and 4/3,1600,licence a photograph that actually shows the subject,licence,B — one stock or agency licence at the going rate.,AKL-000949,https://images.pexels.com/photos/10364447/pexels-photo-10364447.jpeg,djibouti/safari/juniper-forest-on-the-slopes-of-the-goda-mountains-at-day-djibouti.avif,2,/places/djibouti/day-forest.html,/places/djibouti/day-forest.html,relevance 2.7,pexels,Engin Akyurt,https://www.pexels.com/photo/drone-shot-of-green-trees-in-the-forest-10364447/
423,"W6 licence, long tail",REPLACE,pexels:18283935,4,no price attached,73%,P3,djibouti,the afar,traditional-people,"an Afar man leading camels loaded with salt slabs from Lake Assal, Djibouti",16/9 and 4/5 and 4/3,1600,licence a photograph that actually shows the subject,licence,B — one stock or agency licence at the going rate.,AKL-000950,https://images.pexels.com/photos/18283935/pexels-photo-18283935.jpeg,djibouti/traditional-people/an-afar-man-leading-camels-loaded-with-salt-slabs-from-lake-assal-djib.avif,3,/places/djibouti/the-afar.html,/places/djibouti/the-afar.html,"the provider calls it ""man standing on eroded seashore""",pexels,Plastic Lines,https://www.pexels.com/photo/man-standing-on-eroded-seashore-18283935/
424,"W6 licence, long tail",REPLACE,pexels:36549158,4,no price attached,73%,P3,djibouti,nothing permanent,waterfalls,a palm-shaded spring pool in a Djiboutian wadi,16/9 and 4/3,1600,licence a photograph that actually shows the subject,licence,B — one stock or agency licence at the going rate.,AKL-000951,https://images.pexels.com/photos/36549158/pexels-photo-36549158.jpeg,djibouti/waterfalls/a-palm-shaded-spring-pool-in-a-djiboutian-wadi.avif,3,/places/djibouti/nothing-permanent.html,/places/djibouti/nothing-permanent.html,relevance 2.8,pexels,Tobias,https://www.pexels.com/photo/sunny-oasis-cafe-in-desert-palm-grove-36549158/
425,"W6 licence, long tail",REPLACE,pexels:18895926,4,no price attached,73%,P3,djibouti,why djibouti,why-visit,"a swimmer in clear water beside a whale shark, Djibouti",16/9 and 21/9,2400,licence a photograph that actually shows the subject,licence,B — one stock or agency licence at the going rate.,AKL-000952,https://images.pexels.com/photos/18895926/pexels-photo-18895926.jpeg,djibouti/why-visit/a-swimmer-in-clear-water-beside-a-whale-shark-djibouti.avif,2,/places/djibouti/why-djibouti.html,/places/djibouti/why-djibouti.html,"relevance 3.9; the provider calls it ""woman standing in sea on shore""",pexels,Vika Glitter,https://www.pexels.com/photo/woman-standing-in-sea-on-shore-18895926/
426,"W6 licence, long tail",REPLACE,pexels:28963260,4,no price attached,73%,P3,djibouti,whale sharks,wildlife,"a whale shark swimming near the surface in the Gulf of Tadjoura, Djibouti",16/9,1800,licence a photograph that actually shows the subject,licence,B — one stock or agency licence at the going rate.,AKL-000953,https://images.pexels.com/photos/28963260/pexels-photo-28963260.jpeg,djibouti/wildlife/a-whale-shark-swimming-near-the-surface-in-the-gulf-of-tadjoura-djibou.avif,4,/places/djibouti/whale-sharks.html,/djibouti.html,relevance 2.8,pexels,Doğan Alpaslan  Demir,https://www.pexels.com/photo/tranquil-ferry-on-izmir-gulf-turkiye-waters-28963260/
427,"W6 licence, long tail",REPLACE,pexels:32187360,4,no price attached,72%,P3,congo,forest and river,adventure,"A fisherman paddles a wooden canoe on the calm waters of the Kaduna River in Nigeria., Congo",16/9,1800,licence a photograph that actually shows the subject,licence,B — one stock or agency licence at the going rate.,AKL-000954,https://images.pexels.com/photos/32187360/pexels-photo-32187360.jpeg,congo/adventure/a-fisherman-paddles-a-wooden-canoe-on-the-calm-waters-of-the-kaduna-ri.avif,2,/places/congo/forest-and-river.html,/places/congo/forest-and-river.html,relevance 3.0,pexels,Abdulrahman Abubakar,https://www.pexels.com/photo/fisherman-canoeing-on-kaduna-river-nigeria-32187360/
428,"W6 licence, long tail",REPLACE,pexels:4554335,4,no price attached,72%,P3,congo,raffia masks and nkisi,crafts,"A simple and elegant round woven placemat on a white background., Congo",16/9 and 4/3,1600,licence a photograph that actually shows the subject,licence,B — one stock or agency licence at the going rate.,AKL-000955,https://images.pexels.com/photos/4554335/pexels-photo-4554335.jpeg,congo/crafts/a-simple-and-elegant-round-woven-placemat-on-a-white-background-congo.avif,2,/places/congo/raffia-masks-and-nkisi.html,/places/congo/raffia-masks-and-nkisi.html,relevance 2.7,pexels,Engin Akyurt,https://www.pexels.com/photo/brown-woven-mat-on-white-background-4554335/
429,"W6 licence, long tail",REPLACE,pexels:10033973,4,no price attached,72%,P3,congo,congolese rumba,culture,"a rumba band performing at a bar in Brazzaville, Congo",16/9,1800,licence a photograph that actually shows the subject,licence,B — one stock or agency licence at the going rate.,AKL-000956,https://images.pexels.com/photos/10033973/pexels-photo-10033973.jpeg,congo/culture/a-rumba-band-performing-at-a-bar-in-brazzaville-congo.avif,4,/places/congo/congolese-rumba.html,/congo.html,"relevance 2.5; the provider calls it ""woman in her orange dress sitting on sofa""",pexels,Rimiscky Tayuna,https://www.pexels.com/photo/woman-in-her-orange-dress-sitting-on-sofa-10033973/
430,"W6 licence, long tail",REPLACE,pexels:4314209,4,no price attached,72%,P3,congo,odzalas model,eco-tourism,a Congolese tracker pointing out gorilla sign in forest,16/9 and 4/3,1600,licence a photograph that actually shows the subject,licence,B — one stock or agency licence at the going rate.,AKL-000957,https://images.pexels.com/photos/4314209/pexels-photo-4314209.jpeg,congo/eco-tourism/a-congolese-tracker-pointing-out-gorilla-sign-in-forest.avif,2,/places/congo/odzalas-model.html,/places/congo/odzalas-model.html,relevance 2.7,pexels,Baihaki Hine,https://www.pexels.com/photo/male-tourists-with-map-standing-in-forest-4314209/
431,"W6 licence, long tail",REPLACE,pexels:5584834,4,no price attached,72%,P3,congo,not really,family-community,"a light aircraft on a grass strip beside forest, Congo",16/9 and 4/3,1600,licence a photograph that actually shows the subject,licence,B — one stock or agency licence at the going rate.,AKL-000958,https://images.pexels.com/photos/5584834/pexels-photo-5584834.jpeg,congo/family-community/a-light-aircraft-on-a-grass-strip-beside-forest-congo.avif,2,/places/congo/not-really.html,/places/congo/not-really.html,"the provider calls it ""white airplane landing on the airport""",pexels,Alexandra May,https://www.pexels.com/photo/white-airplane-landing-on-the-airport-5584834/
432,"W6 licence, long tail",REPLACE,pexels:34463121,4,no price attached,72%,P3,congo,saka saka and poulet moambe,food,"a plate of poulet moambe with cassava and rice, Congo",16/9 and 4/3,1600,licence a photograph that actually shows the subject,licence,B — one stock or agency licence at the going rate.,AKL-000959,https://images.pexels.com/photos/34463121/pexels-photo-34463121.jpeg,congo/food/a-plate-of-poulet-moambe-with-cassava-and-rice-congo.avif,2,/places/congo/saka-saka-and-poulet-moambe.html,/places/congo/saka-saka-and-poulet-moambe.html,"the provider calls it ""fresh tomatoes with a healthy meal setting""",pexels,Nascimento Jr.,https://www.pexels.com/photo/fresh-tomatoes-with-a-healthy-meal-setting-34463121/
433,"W6 licence, long tail",REPLACE,pexels:32181432,4,no price attached,72%,P3,congo,nouabale ndoki,forests,"old-growth rainforest with enormous buttressed trees at Ndoki, Congo",16/9 and 4/3,1600,licence a photograph that actually shows the subject,licence,B — one stock or agency licence at the going rate.,AKL-000960,https://images.pexels.com/photos/32181432/pexels-photo-32181432.jpeg,congo/forests/old-growth-rainforest-with-enormous-buttressed-trees-at-ndoki-congo.avif,4,/places/congo/nouabale-ndoki.html,/congo.html,"relevance 2.8; the provider calls it ""majestic gorilla in lush green forest habitat""",pexels,Jay Brand,https://www.pexels.com/photo/majestic-gorilla-in-lush-green-forest-habitat-32181432/
434,"W6 licence, long tail",REPLACE,pexels:28154519,4,no price attached,72%,P3,congo,sangha trinational,heritage,"old-growth forest and a river in the Sangha Trinational park, Congo",16/9 and 4/3,1600,licence a photograph that actually shows the subject,licence,B — one stock or agency licence at the going rate.,AKL-000961,https://images.pexels.com/photos/28154519/pexels-photo-28154519.jpeg,congo/heritage/old-growth-forest-and-a-river-in-the-sangha-trinational-park-congo.avif,3,/places/congo/sangha-trinational.html,/places/congo/sangha-trinational.html,"relevance 2.5; the provider calls it ""bosque""",pexels,Juan Felipe Ramírez,https://www.pexels.com/photo/bosque-28154519/
435,"W6 licence, long tail",REPLACE,pexels:32181422,4,no price attached,72%,P3,congo,lesio louna,hidden-gems,"Two gorillas in a natural, green setting engaging with each other, showcasing wildlife behavior., Congo",16/9 and 4/3,1600,licence a photograph that actually shows the subject,licence,B — one stock or agency licence at the going rate.,AKL-000962,https://images.pexels.com/photos/32181422/pexels-photo-32181422.jpeg,congo/hidden-gems/two-gorillas-in-a-natural-green-setting-engaging-with-each-other-showc.avif,2,/places/congo/lesio-louna.html,/places/congo/lesio-louna.html,relevance 2.8,pexels,Jay Brand,https://www.pexels.com/photo/two-gorillas-interacting-in-lush-greenery-32181422/
436,"W6 licence, long tail",REPLACE,pexels:37237544,4,no price attached,72%,P3,congo,brazzavilles colonial core,historic-sites,"the pointed roof of the Basilique Sainte-Anne in Brazzaville, Congo",16/9 and 4/3,1600,licence a photograph that actually shows the subject,licence,B — one stock or agency licence at the going rate.,AKL-000963,https://images.pexels.com/photos/37237544/pexels-photo-37237544.jpeg,congo/historic-sites/the-pointed-roof-of-the-basilique-sainte-anne-in-brazzaville-congo.avif,2,/places/congo/brazzavilles-colonial-core.html,/places/congo/brazzavilles-colonial-core.html,relevance 2.7,pexels,Reinis Brūzītis,https://www.pexels.com/photo/church-spire-with-red-roof-against-clear-blue-sky-37237544/
437,"W6 licence, long tail",REPLACE,pexels:9216687,4,no price attached,72%,P3,congo,the congo river,lakes-rivers,the vast brown Congo river with forest on the far bank,16/9 and 4/5 and 4/3,1600,licence a photograph that actually shows the subject,licence,B — one stock or agency licence at the going rate.,AKL-000964,https://images.pexels.com/photos/9216687/pexels-photo-9216687.jpeg,congo/lakes-rivers/the-vast-brown-congo-river-with-forest-on-the-far-bank.avif,3,/places/congo/the-congo-river.html,/places/congo/the-congo-river.html,"relevance 3.9; the provider calls it ""green trees on brown mountains under a blue sky with""",pexels,Leonardo Martins,https://www.pexels.com/photo/green-trees-on-brown-mountains-under-a-blue-sky-with-white-clouds-9216687/
438,"W6 licence, long tail",REPLACE,pexels:30175005,4,no price attached,72%,P3,congo,small and excellent,luxury,"A scenic mountain valley with rustic camp tents. Ideal for nature and travel imagery., Congo",16/9 and 4/3,1600,licence a photograph that actually shows the subject,licence,B — one stock or agency licence at the going rate.,AKL-000965,https://images.pexels.com/photos/30175005/pexels-photo-30175005.jpeg,congo/luxury/a-scenic-mountain-valley-with-rustic-camp-tents-ideal-for-nature-and-t.avif,2,/places/congo/small-and-excellent.html,/places/congo/small-and-excellent.html,relevance 2.6,pexels,Quang Nguyen Vinh,https://www.pexels.com/photo/scenic-mountain-valley-with-rustic-camp-tents-30175005/
439,"W6 licence, long tail",REPLACE,pexels:17316642,4,no price attached,72%,P3,congo,mount berongou,mountains,"the forested Mayombe hills under low cloud, Congo",16/9 and 4/3,1800,licence a photograph that actually shows the subject,licence,B — one stock or agency licence at the going rate.,AKL-000966,https://images.pexels.com/photos/17316642/pexels-photo-17316642.jpeg,congo/mountains/the-forested-mayombe-hills-under-low-cloud-congo.avif,4,/places/congo/mount-berongou.html,/congo.html,"the provider calls it ""mist covering sun over woodland""",pexels,Serg Alesenko,https://www.pexels.com/photo/mist-covering-sun-over-woodland-17316642/
440,"W6 licence, long tail",REPLACE,pexels:38329440,4,no price attached,72%,P3,congo,tracking and pirogue,outdoor,"trackers wading a shallow forest stream, Congo",16/9 and 4/3,1600,licence a photograph that actually shows the subject,licence,B — one stock or agency licence at the going rate.,AKL-000967,https://images.pexels.com/photos/38329440/pexels-photo-38329440.jpeg,congo/outdoor/trackers-wading-a-shallow-forest-stream-congo.avif,2,/places/congo/tracking-and-pirogue.html,/places/congo/tracking-and-pirogue.html,"the provider calls it ""feet immersed in clear water with sunlight reflectio""",pexels,ommy,https://www.pexels.com/photo/feet-immersed-in-clear-water-with-sunlight-reflections-38329440/
441,"W6 licence, long tail",REPLACE,pexels:25489548,4,no price attached,72%,P3,congo,green and steam,photography,"mist over a forest bai at dawn with elephants in it, Congo",16/9 and 21/9 and 4/3,2100,licence a photograph that actually shows the subject,licence,B — one stock or agency licence at the going rate.,AKL-000968,https://images.pexels.com/photos/25489548/pexels-photo-25489548.jpeg,congo/photography/mist-over-a-forest-bai-at-dawn-with-elephants-in-it-congo.avif,3,/places/congo/green-and-steam.html,/places/congo/green-and-steam.html,"relevance 3.9; the provider calls it ""mountain peak in fog""",pexels,Abdullah K,https://www.pexels.com/photo/mountain-peak-in-fog-25489548/
442,"W6 licence, long tail",REPLACE,pexels:36484158,4,no price attached,72%,P3,congo,kongo teke mbochi and the aka,traditional-people,"Portrait of a man wearing a vibrant blue outfit, posing against an urban wall background., Congo",16/9 and 4/5 and 4/3,1600,licence a photograph that actually shows the subject,licence,B — one stock or agency licence at the going rate.,AKL-000969,https://images.pexels.com/photos/36484158/pexels-photo-36484158.jpeg,congo/traditional-people/portrait-of-a-man-wearing-a-vibrant-blue-outfit-posing-against-an-urba.avif,3,/places/congo/kongo-teke-mbochi-and-the-aka.html,/places/congo/kongo-teke-mbochi-and-the-aka.html,relevance 2.2,pexels,Kalz📸🇺🇬 Michael,https://www.pexels.com/photo/man-posing-in-vibrant-blue-traditional-outfit-36484158/
443,"W6 licence, long tail",REPLACE,pexels:7072071,4,no price attached,72%,P3,congo,the loufoulakari,waterfalls,"A powerful waterfall cascading down a cliff surrounded by dense forest foliage., Congo",16/9 and 4/3,1600,licence a photograph that actually shows the subject,licence,B — one stock or agency licence at the going rate.,AKL-000970,https://images.pexels.com/photos/7072071/pexels-photo-7072071.jpeg,congo/waterfalls/a-powerful-waterfall-cascading-down-a-cliff-surrounded-by-dense-forest.avif,3,/places/congo/the-loufoulakari.html,/places/congo/the-loufoulakari.html,relevance 2.4,pexels,Movoyagee,https://www.pexels.com/photo/a-beautiful-waterfalls-in-the-forest-7072071/
444,"W6 licence, long tail",REPLACE,pexels:17290975,4,no price attached,72%,P3,dr-congo,belgian colonial and cite,architecture,"a 1930s art deco building in central Kinshasa, DR Congo",16/9 and 3/2 and 4/3,1600,licence a photograph that actually shows the subject,licence,B — one stock or agency licence at the going rate.,AKL-000971,https://images.pexels.com/photos/17290975/pexels-photo-17290975.jpeg,dr-congo/architecture/a-1930s-art-deco-building-in-central-kinshasa-dr-congo.avif,3,/places/dr-congo/belgian-colonial-and-cite.html,/places/dr-congo/belgian-colonial-and-cite.html,"the provider calls it ""cars on roundabout in yaounde""",pexels,K,https://www.pexels.com/photo/cars-on-roundabout-in-yaounde-17290975/
445,"W6 licence, long tail",REPLACE,pexels:36713681,4,no price attached,72%,P3,dr-congo,muanda and the lakes,beaches,"the shore and clear water of Lake Kivu at Goma, DR Congo",16/9 and 4/3,1800,licence a photograph that actually shows the subject,licence,B — one stock or agency licence at the going rate.,AKL-000972,https://images.pexels.com/photos/36713681/pexels-photo-36713681.jpeg,dr-congo/beaches/the-shore-and-clear-water-of-lake-kivu-at-goma-dr-congo.avif,4,/places/dr-congo/muanda-and-the-lakes.html,/dr-congo.html,"the provider calls it ""coastal cityscape with modern building and waterfron""",pexels,Abenezer Muluken,https://www.pexels.com/photo/coastal-cityscape-with-modern-building-and-waterfront-36713681/
446,"W6 licence, long tail",REPLACE,pexels:7399360,4,no price attached,72%,P3,dr-congo,masks raffia and copper,crafts,"An elderly artisan weaving natural fibers by hand, showing detailed craftsmanship and skill., DR Congo",16/9 and 4/3,1600,licence a photograph that actually shows the subject,licence,B — one stock or agency licence at the going rate.,AKL-000973,https://images.pexels.com/photos/7399360/pexels-photo-7399360.jpeg,dr-congo/crafts/an-elderly-artisan-weaving-natural-fibers-by-hand-showing-detailed-cra.avif,2,/places/dr-congo/masks-raffia-and-copper.html,/places/dr-congo/masks-raffia-and-copper.html,relevance 2.2,pexels,Los Muertos Crew,https://www.pexels.com/photo/close-up-of-artisan-working-with-hair-7399360/
447,"W6 licence, long tail",REPLACE,pexels:35870484,4,no price attached,72%,P3,dr-congo,virungas rangers,eco-tourism,"Virunga rangers on patrol at the forest edge, DR Congo",16/9 and 4/3,1600,licence a photograph that actually shows the subject,licence,B — one stock or agency licence at the going rate.,AKL-000974,https://images.pexels.com/photos/35870484/pexels-photo-35870484.jpeg,dr-congo/eco-tourism/virunga-rangers-on-patrol-at-the-forest-edge-dr-congo.avif,2,/places/dr-congo/virungas-rangers.html,/places/dr-congo/virungas-rangers.html,relevance 2.7,pexels,james Hassan,https://www.pexels.com/photo/safari-vehicle-on-winding-forest-road-35870484/
448,"W6 licence, long tail",REPLACE,pexels:28344265,4,no price attached,72%,P3,dr-congo,not for families,family-community,a school class in a village in eastern DR Congo,16/9 and 4/3,1600,licence a photograph that actually shows the subject,licence,B — one stock or agency licence at the going rate.,AKL-000975,https://images.pexels.com/photos/28344265/pexels-photo-28344265.jpeg,dr-congo/family-community/a-school-class-in-a-village-in-eastern-dr-congo.avif,2,/places/dr-congo/not-for-families.html,/places/dr-congo/not-for-families.html,"the provider calls it ""outdoor education scene in monrovia liberia""",pexels,B. Aristotlè Guweh Jr,https://www.pexels.com/photo/outdoor-education-scene-in-monrovia-liberia-28344265/
449,"W6 licence, long tail",REPLACE,pexels:15526973,4,no price attached,72%,P3,dr-congo,the ituri and the salonga,forests,"A dense forest canopy bathed in daylight showcasing vibrant green foliage., DR Congo",16/9 and 4/3,1600,licence a photograph that actually shows the subject,licence,B — one stock or agency licence at the going rate.,AKL-000976,https://images.pexels.com/photos/15526973/pexels-photo-15526973.jpeg,dr-congo/forests/a-dense-forest-canopy-bathed-in-daylight-showcasing-vibrant-green-foli.avif,4,/places/dr-congo/the-ituri-and-the-salonga.html,/dr-congo.html,"the provider calls it ""green trees growing against blue sky""",pexels,Soulful Pizza,https://www.pexels.com/photo/green-trees-growing-against-blue-sky-15526973/
450,"W6 licence, long tail",REPLACE,pexels:32843675,4,no price attached,72%,P3,dr-congo,five world heritage sites,heritage,Heritage in DR Congo,16/9 and 4/3,1600,licence a photograph that actually shows the subject,licence,B — one stock or agency licence at the going rate.,AKL-000977,https://images.pexels.com/photos/32843675/pexels-photo-32843675.jpeg,dr-congo/heritage/heritage-in-dr-congo.avif,3,/places/dr-congo/five-world-heritage-sites.html,/places/dr-congo/five-world-heritage-sites.html,"relevance 2.5; query broadened to category; the provider calls it ""statue monument in public park with steps""",pexels,Tuan Vy,https://www.pexels.com/photo/statue-monument-in-public-park-with-steps-32843675/
451,"W6 licence, long tail",REPLACE,pexels:36846170,4,no price attached,72%,P3,dr-congo,the congo river,lakes-rivers,"Tranquil scene of a traditional canoe on a calm Nigerian river under a cloudy sky., DR Congo",16/9 and 4/5 and 4/3,1600,licence a photograph that actually shows the subject,licence,B — one stock or agency licence at the going rate.,AKL-000978,https://images.pexels.com/photos/36846170/pexels-photo-36846170.jpeg,dr-congo/lakes-rivers/tranquil-scene-of-a-traditional-canoe-on-a-calm-nigerian-river-under-a.avif,3,/places/dr-congo/the-congo-river.html,/places/dr-congo/the-congo-river.html,relevance 3.4,pexels,Victor Chijioke,https://www.pexels.com/photo/serene-landscape-with-traditional-canoe-on-nigerian-river-36846170/
452,"W6 licence, long tail",REPLACE,pexels:35841083,4,no price attached,72%,P3,dr-congo,sape,local-life,"a sapeur in a bright tailored suit on a Kinshasa street, DR Congo",16/9 and 3/2 and 4/3,1600,licence a photograph that actually shows the subject,licence,B — one stock or agency licence at the going rate.,AKL-000979,https://images.pexels.com/photos/35841083/pexels-photo-35841083.jpeg,dr-congo/local-life/a-sapeur-in-a-bright-tailored-suit-on-a-kinshasa-street-dr-congo.avif,3,/places/dr-congo/sape.html,/places/dr-congo/sape.html,"relevance 2.7; the provider calls it ""panoramic view of cityscape with blue sky""",pexels,Vika Glitter,https://www.pexels.com/photo/panoramic-view-of-cityscape-with-blue-sky-35841083/
453,"W6 licence, long tail",REPLACE,pexels:17316583,4,no price attached,72%,P3,dr-congo,virungas lodges,luxury,"a lodge terrace looking towards the Virunga volcanoes, DR Congo",16/9 and 4/3,1600,licence a photograph that actually shows the subject,licence,B — one stock or agency licence at the going rate.,AKL-000980,https://images.pexels.com/photos/17316583/pexels-photo-17316583.jpeg,dr-congo/luxury/a-lodge-terrace-looking-towards-the-virunga-volcanoes-dr-congo.avif,2,/places/dr-congo/virungas-lodges.html,/places/dr-congo/virungas-lodges.html,relevance 2.5,pexels,Serg Alesenko,https://www.pexels.com/photo/men-sitting-on-terrace-over-forest-and-playing-music-17316583/
454,"W6 licence, long tail",REPLACE,pexels:25309510,4,no price attached,72%,P3,dr-congo,the rwenzori,mountains,"A tranquil misty mountain forest enveloped in fog, capturing the essence of mystery and nature., DR Congo",16/9 and 4/3,1800,licence a photograph that actually shows the subject,licence,B — one stock or agency licence at the going rate.,AKL-000981,https://images.pexels.com/photos/25309510/pexels-photo-25309510.jpeg,dr-congo/mountains/a-tranquil-misty-mountain-forest-enveloped-in-fog-capturing-the-essenc.avif,4,/places/dr-congo/the-rwenzori.html,/dr-congo.html,"relevance 2.0; the provider calls it ""shrubs in valley in sunlight""",pexels,Gia,https://www.pexels.com/photo/shrubs-in-valley-in-sunlight-25309510/
455,"W6 licence, long tail",REPLACE,pexels:28154648,4,no price attached,72%,P3,dr-congo,the albertine rift,nature,"Lush green forest and mountains in Choachí, Colombia, showcasing serene natural beauty., DR Congo",16/9 and 21/9 and 4/3,2100,licence a photograph that actually shows the subject,licence,B — one stock or agency licence at the going rate.,AKL-000982,https://images.pexels.com/photos/28154648/pexels-photo-28154648.jpeg,dr-congo/nature/lush-green-forest-and-mountains-in-choach-colombia-showcasing-serene-n.avif,4,/places/dr-congo/the-albertine-rift.html,/dr-congo.html,"relevance 2.5; the provider calls it ""montana""",pexels,Juan Felipe Ramírez,https://www.pexels.com/photo/montana-28154648/
456,"W6 licence, long tail",REPLACE,pexels:36477951,4,no price attached,72%,P3,dr-congo,volcano and gorilla,outdoor,"Young mountain gorilla sitting amidst green foliage in Kinigi, Rwanda, displaying natural beauty., DR Congo",16/9 and 4/3,1600,licence a photograph that actually shows the subject,licence,B — one stock or agency licence at the going rate.,AKL-000983,https://images.pexels.com/photos/36477951/pexels-photo-36477951.jpeg,dr-congo/outdoor/young-mountain-gorilla-sitting-amidst-green-foliage-in-kinigi-rwanda-d.avif,2,/places/dr-congo/volcano-and-gorilla.html,/places/dr-congo/volcano-and-gorilla.html,relevance 2.5,pexels,Ana Kenk,https://www.pexels.com/photo/mountain-gorilla-in-kinigi-rwanda-s-lush-foliage-36477951/
457,"W6 licence, long tail",REPLACE,pexels:11258468,4,no price attached,72%,P3,dr-congo,lava at night,photography,"the orange glow of Nyiragongo's lava lake at night, DR Congo",16/9 and 21/9 and 4/3,2100,licence a photograph that actually shows the subject,licence,B — one stock or agency licence at the going rate.,AKL-000984,https://images.pexels.com/photos/11258468/pexels-photo-11258468.jpeg,dr-congo/photography/the-orange-glow-of-nyiragongo-s-lava-lake-at-night-dr-congo.avif,3,/places/dr-congo/lava-at-night.html,/places/dr-congo/lava-at-night.html,relevance 3.9,pexels,Daniel Torobekov,https://www.pexels.com/photo/lava-from-volcano-11258468/
458,"W6 licence, long tail",REPLACE,pexels:29506188,4,no price attached,72%,P3,dr-congo,garamba and upemba,safari,"A rhinoceros grazing in an open grassy field surrounded by lush greenery., DR Congo",16/9 and 4/3,1600,licence a photograph that actually shows the subject,licence,B — one stock or agency licence at the going rate.,AKL-000985,https://images.pexels.com/photos/29506188/pexels-photo-29506188.jpeg,dr-congo/safari/a-rhinoceros-grazing-in-an-open-grassy-field-surrounded-by-lush-greene.avif,2,/places/dr-congo/garamba-and-upemba.html,/places/dr-congo/garamba-and-upemba.html,relevance 2.7,pexels,Kyama Kilonzo,https://www.pexels.com/photo/close-up-of-rhinoceros-in-natural-habitat-29506188/
459,"W6 licence, long tail",REPLACE,pexels:30582419,4,no price attached,72%,P3,dr-congo,the mbuti,traditional-people,"Mbuti hunters with nets in the Ituri forest, DR Congo",16/9 and 4/5 and 4/3,1600,licence a photograph that actually shows the subject,licence,B — one stock or agency licence at the going rate.,AKL-000986,https://images.pexels.com/photos/30582419/pexels-photo-30582419.jpeg,dr-congo/traditional-people/mbuti-hunters-with-nets-in-the-ituri-forest-dr-congo.avif,3,/places/dr-congo/the-mbuti.html,/places/dr-congo/the-mbuti.html,relevance 3.7,pexels,Şeyhmus Kino,https://www.pexels.com/photo/african-woman-carrying-sack-in-traditional-attire-30582419/
460,"W6 licence, long tail",REPLACE,pexels:37090649,4,no price attached,72%,P3,dr-congo,mountain gorillas and okapi,wildlife,"A dense urban area climbing hillside with lush greenery, captured during the day., DR Congo",16/9,1800,licence a photograph that actually shows the subject,licence,B — one stock or agency licence at the going rate.,AKL-000987,https://images.pexels.com/photos/37090649/pexels-photo-37090649.jpeg,dr-congo/wildlife/a-dense-urban-area-climbing-hillside-with-lush-greenery-captured-durin.avif,4,/places/dr-congo/mountain-gorillas-and-okapi.html,/dr-congo.html,relevance 2.5,pexels,Isaac Naph,https://www.pexels.com/photo/hillside-view-with-dense-urban-housing-37090649/
461,"W6 licence, long tail",REPLACE,pexels:10911649,4,no price attached,70%,P3,angola,the southern desert,adventure,Adventure in Angola,16/9,1800,licence a photograph that actually shows the subject,licence,B — one stock or agency licence at the going rate.,AKL-000988,https://images.pexels.com/photos/10911649/pexels-photo-10911649.jpeg,angola/adventure/adventure-in-angola.avif,2,/places/angola/the-southern-desert.html,/places/angola/the-southern-desert.html,"relevance 2.7; query broadened to category; the provider calls it ""hill of sand by the sea""",pexels,Eden Constantino,https://www.pexels.com/photo/hill-of-sand-by-the-sea-10911649/
462,"W6 licence, long tail",REPLACE,pexels:37796587,4,no price attached,70%,P3,angola,portuguese colonial and modernist,architecture,"the yellow walls of the Fortaleza de Sao Miguel above Luanda, Angola",16/9 and 3/2 and 4/3,1600,licence a photograph that actually shows the subject,licence,B — one stock or agency licence at the going rate.,AKL-000989,https://images.pexels.com/photos/37796587/pexels-photo-37796587.jpeg,angola/architecture/the-yellow-walls-of-the-fortaleza-de-sao-miguel-above-luanda-angola.avif,3,/places/angola/portuguese-colonial-and-modernist.html,/places/angola/portuguese-colonial-and-modernist.html,"the provider calls it ""lush greenery and creek in azorean forest""",pexels,Guillaume Kremer,https://www.pexels.com/photo/lush-greenery-and-creek-in-azorean-forest-37796587/
463,"W6 licence, long tail",REPLACE,pexels:36873980,4,no price attached,70%,P3,angola,luanda and benguela,cities,"Luanda's high-rise skyline curving round the bay, Angola",16/9 and 4/3,1600,licence a photograph that actually shows the subject,licence,B — one stock or agency licence at the going rate.,AKL-000990,https://images.pexels.com/photos/36873980/pexels-photo-36873980.jpeg,angola/cities/luanda-s-high-rise-skyline-curving-round-the-bay-angola.avif,2,/places/angola/luanda-and-benguela.html,/places/angola/luanda-and-benguela.html,relevance 3.4,pexels,basunga visual,https://www.pexels.com/photo/celebratory-toast-with-champagne-in-luanda-36873980/
464,"W6 licence, long tail",REPLACE,pexels:33322108,4,no price attached,70%,P3,angola,the pensador and basketry,crafts,"Profile of a woman with long dark hair standing against a textured concrete wall., Angola",16/9 and 4/3,1600,licence a photograph that actually shows the subject,licence,B — one stock or agency licence at the going rate.,AKL-000991,https://images.pexels.com/photos/33322108/pexels-photo-33322108.jpeg,angola/crafts/profile-of-a-woman-with-long-dark-hair-standing-against-a-textured-con.avif,2,/places/angola/the-pensador-and-basketry.html,/places/angola/the-pensador-and-basketry.html,relevance 2.7,pexels,Tam Nguyen,https://www.pexels.com/photo/contemplative-woman-against-concrete-wall-33322108/
465,"W6 licence, long tail",REPLACE,pexels:38585616,4,no price attached,70%,P3,angola,semba kizomba and kuduro,culture,"dancers and a sound system at a kuduro party in Luanda, Angola",16/9,1800,licence a photograph that actually shows the subject,licence,B — one stock or agency licence at the going rate.,AKL-000992,https://images.pexels.com/photos/38585616/pexels-photo-38585616.jpeg,angola/culture/dancers-and-a-sound-system-at-a-kuduro-party-in-luanda-angola.avif,4,/places/angola/semba-kizomba-and-kuduro.html,/angola.html,"the provider calls it ""elegant dinner table setting with glassware""",pexels,basunga visual,https://www.pexels.com/photo/elegant-dinner-table-setting-with-glassware-38585616/
466,"W6 licence, long tail",REPLACE,pexels:27984876,4,no price attached,70%,P3,angola,bringing the sable back,eco-tourism,"Back view of a man hiking outdoors wearing a vest with paw prints, depicting nature exploration., Angola",16/9 and 4/3,1600,licence a photograph that actually shows the subject,licence,B — one stock or agency licence at the going rate.,AKL-000993,https://images.pexels.com/photos/27984876/pexels-photo-27984876.jpeg,angola/eco-tourism/back-view-of-a-man-hiking-outdoors-wearing-a-vest-with-paw-prints-depi.avif,2,/places/angola/bringing-the-sable-back.html,/places/angola/bringing-the-sable-back.html,"relevance 2.7; the provider calls it ""a man walking on a dirt road with a backpack""",pexels,Chris John,https://www.pexels.com/photo/a-man-walking-on-a-dirt-road-with-a-backpack-27984876/
467,"W6 licence, long tail",REPLACE,pexels:38627012,4,no price attached,70%,P3,angola,the mussulo,family-community,"families in shallow lagoon water at the Mussulo, Angola",16/9 and 4/3,1600,licence a photograph that actually shows the subject,licence,B — one stock or agency licence at the going rate.,AKL-000994,https://images.pexels.com/photos/38627012/pexels-photo-38627012.jpeg,angola/family-community/families-in-shallow-lagoon-water-at-the-mussulo-angola.avif,2,/places/angola/the-mussulo.html,/places/angola/the-mussulo.html,relevance 3.7,pexels,basunga visual,https://www.pexels.com/photo/joyful-wedding-celebration-in-luanda-angola-38627012/
468,"W6 licence, long tail",REPLACE,pexels:28184033,4,no price attached,70%,P3,angola,carnaval da vitoria,festivals,"carnival dancers in costume on Luanda's Marginal, Angola",16/9 and 3/2 and 4/3,1600,licence a photograph that actually shows the subject,licence,B — one stock or agency licence at the going rate.,AKL-000995,https://images.pexels.com/photos/28184033/pexels-photo-28184033.jpeg,angola/festivals/carnival-dancers-in-costume-on-luanda-s-marginal-angola.avif,3,/places/angola/carnaval-da-vitoria.html,/places/angola/carnaval-da-vitoria.html,"the provider calls it ""grand gala parade 2024 en limon""",pexels,Mario Spencer,https://www.pexels.com/photo/grand-gala-parade-2024-en-limon-28184033/
469,"W6 licence, long tail",REPLACE,pexels:23858571,4,no price attached,70%,P3,angola,tundavala,hidden-gems,"a figure at the edge of the Tundavala gap looking down, Angola",16/9 and 4/3,1600,licence a photograph that actually shows the subject,licence,B — one stock or agency licence at the going rate.,AKL-000996,https://images.pexels.com/photos/23858571/pexels-photo-23858571.jpeg,angola/hidden-gems/a-figure-at-the-edge-of-the-tundavala-gap-looking-down-angola.avif,2,/places/angola/tundavala.html,/places/angola/tundavala.html,relevance 2.2,pexels,Barnabas Sani,https://www.pexels.com/photo/person-sitting-on-cliff-at-looking-at-rural-view-23858571/
470,"W6 licence, long tail",REPLACE,pexels:8918179,4,no price attached,70%,P3,angola,mbanza kongo,historic-sites,"the ruined stone cathedral walls at Mbanza Kongo, Angola",16/9 and 4/3,1600,licence a photograph that actually shows the subject,licence,B — one stock or agency licence at the going rate.,AKL-000997,https://images.pexels.com/photos/8918179/pexels-photo-8918179.jpeg,angola/historic-sites/the-ruined-stone-cathedral-walls-at-mbanza-kongo-angola.avif,2,/places/angola/mbanza-kongo.html,/places/angola/mbanza-kongo.html,"relevance 2.7; the provider calls it ""a man holding a smartphone while using a laptop""",pexels,Rimiscky Tayuna,https://www.pexels.com/photo/a-man-holding-a-smartphone-while-using-a-laptop-8918179/
471,"W6 licence, long tail",REPLACE,pexels:11191605,4,no price attached,70%,P3,angola,the kwanza and the cunene,lakes-rivers,"Breathtaking view of green hills with clouds overhead in Kwanza-Norte, Angola.",16/9 and 4/5 and 4/3,1600,licence a photograph that actually shows the subject,licence,B — one stock or agency licence at the going rate.,AKL-000998,https://images.pexels.com/photos/11191605/pexels-photo-11191605.jpeg,angola/lakes-rivers/breathtaking-view-of-green-hills-with-clouds-overhead-in-kwanza-norte-.avif,3,/places/angola/the-kwanza-and-the-cunene.html,/places/angola/the-kwanza-and-the-cunene.html,relevance 3.4,pexels,Lord Over Makers,https://www.pexels.com/photo/green-mountains-under-white-clouds-11191605/
472,"W6 licence, long tail",REPLACE,pexels:38540894,4,no price attached,70%,P3,angola,the marginal at six,local-life,"people walking and running the Marginal in Luanda at dusk, Angola",16/9 and 3/2 and 4/3,1600,licence a photograph that actually shows the subject,licence,B — one stock or agency licence at the going rate.,AKL-000999,https://images.pexels.com/photos/38540894/pexels-photo-38540894.jpeg,angola/local-life/people-walking-and-running-the-marginal-in-luanda-at-dusk-angola.avif,3,/places/angola/the-marginal-at-six.html,/places/angola/the-marginal-at-six.html,"the provider calls it ""sunset view of durres iconic suspension bridge""",pexels,Semih Başaran,https://www.pexels.com/photo/sunset-view-of-durres-iconic-suspension-bridge-38540894/
473,"W6 licence, long tail",REPLACE,pexels:17291230,4,no price attached,70%,P3,angola,luanda and little else,luxury,"a hotel terrace looking over Luanda bay at sunset, Angola",16/9 and 4/3,1600,licence a photograph that actually shows the subject,licence,B — one stock or agency licence at the going rate.,AKL-001000,https://images.pexels.com/photos/17291230/pexels-photo-17291230.jpeg,angola/luxury/a-hotel-terrace-looking-over-luanda-bay-at-sunset-angola.avif,2,/places/angola/luanda-and-little-else.html,/places/angola/luanda-and-little-else.html,"the provider calls it ""skyscrapers in modern city near water""",pexels,K,https://www.pexels.com/photo/skyscrapers-in-modern-city-near-water-17291230/
474,"W6 licence, long tail",REPLACE,pexels:4982998,4,no price attached,70%,P3,angola,mount moco,mountains,"the grassy summit of Mount Moco above patches of forest, Angola",16/9 and 4/3,1800,licence a photograph that actually shows the subject,licence,B — one stock or agency licence at the going rate.,AKL-001001,https://images.pexels.com/photos/4982998/pexels-photo-4982998.jpeg,angola/mountains/the-grassy-summit-of-mount-moco-above-patches-of-forest-angola.avif,4,/places/angola/mount-moco.html,/angola.html,"relevance 2.0; the provider calls it ""view of a mountain at sunset""",pexels,Lucas Vinícius Pontes,https://www.pexels.com/photo/view-of-a-mountain-at-sunset-4982998/
475,"W6 licence, long tail",REPLACE,pexels:29529951,4,no price attached,70%,P3,angola,the black rocks and the namib,nature,"Black and white landscape capturing rugged mountain peaks under a cloudy sky., Angola",16/9 and 21/9 and 4/3,2100,licence a photograph that actually shows the subject,licence,B — one stock or agency licence at the going rate.,AKL-001002,https://images.pexels.com/photos/29529951/pexels-photo-29529951.jpeg,angola/nature/black-and-white-landscape-capturing-rugged-mountain-peaks-under-a-clou.avif,4,/places/angola/the-black-rocks-and-the-namib.html,/angola.html,relevance 2.5,pexels,Kevyn Costa,https://www.pexels.com/photo/stunning-black-and-white-mountain-landscape-29529951/
476,"W6 licence, long tail",REPLACE,pexels:34985213,4,no price attached,70%,P3,angola,the escarpment roads,outdoor,"Winding mountain road with hairpin turns in rocky desert landscape, ideal for travel inspiration., Angola",16/9 and 4/3,1600,licence a photograph that actually shows the subject,licence,B — one stock or agency licence at the going rate.,AKL-001003,https://images.pexels.com/photos/34985213/pexels-photo-34985213.jpeg,angola/outdoor/winding-mountain-road-with-hairpin-turns-in-rocky-desert-landscape-ide.avif,2,/places/angola/the-escarpment-roads.html,/places/angola/the-escarpment-roads.html,relevance 2.5,pexels,Kirandeep Singh Walia,https://www.pexels.com/photo/scenic-mountain-road-with-hairpin-turns-34985213/
477,"W6 licence, long tail",REPLACE,pexels:15851540,4,no price attached,70%,P3,angola,water and rock,photography,"spray rising from the Kalandula falls in full flow, Angola",16/9 and 21/9 and 4/3,2100,licence a photograph that actually shows the subject,licence,B — one stock or agency licence at the going rate.,AKL-001004,https://images.pexels.com/photos/15851540/pexels-photo-15851540.jpeg,angola/photography/spray-rising-from-the-kalandula-falls-in-full-flow-angola.avif,3,/places/angola/water-and-rock.html,/places/angola/water-and-rock.html,"the provider calls it ""african boy lying on stones""",pexels,TUBARONES PHOTOGRAPHY,https://www.pexels.com/photo/african-boy-lying-on-stones-15851540/
478,"W6 licence, long tail",REPLACE,pexels:9670693,4,no price attached,70%,P3,angola,why angola,why-visit,"the Kalandula falls with nobody at the viewpoint, Angola",16/9 and 21/9,2400,licence a photograph that actually shows the subject,licence,B — one stock or agency licence at the going rate.,AKL-001005,https://images.pexels.com/photos/9670693/pexels-photo-9670693.jpeg,angola/why-visit/the-kalandula-falls-with-nobody-at-the-viewpoint-angola.avif,2,/places/angola/why-angola.html,/places/angola/why-angola.html,"relevance 3.4; the provider calls it ""person slicing meat""",pexels,TUBARONES PHOTOGRAPHY,https://www.pexels.com/photo/person-slicing-meat-9670693/
479,"W6 licence, long tail",REPLACE,unsplash:KS8c0RcWzZo,4,no price attached,67%,P3,algeria,crossing the tassili,adventure,"hikers among the sandstone towers of Tassili n'Ajjer, Algeria",16/9,1800,licence a photograph that actually shows the subject,licence,B — one stock or agency licence at the going rate.,AKL-001006,https://images.unsplash.com/photo-1714312994016-462a8f6d215d,algeria/adventure/hikers-among-the-sandstone-towers-of-tassili-n-ajjer-algeria.avif,2,/places/algeria/crossing-the-tassili.html,/places/algeria/crossing-the-tassili.html,"the provider calls it ""a desert landscape with rocks and sand in the foregr""",unsplash,Azzedine Rouichi,https://unsplash.com/photos/a-desert-landscape-with-rocks-and-sand-in-the-foreground-KS8c0RcWzZo
480,"W6 licence, long tail",REPLACE,unsplash:iRJwakbqriY,4,no price attached,67%,P3,algeria,the casbah and the mzab,architecture,"the tiered houses and minaret of Ghardaia in the M'zab valley, Algeria",16/9 and 3/2 and 4/3,1600,licence a photograph that actually shows the subject,licence,B — one stock or agency licence at the going rate.,AKL-001007,https://images.unsplash.com/photo-1681445714444-123678aa1220,algeria/architecture/the-tiered-houses-and-minaret-of-ghardaia-in-the-m-zab-valley-algeria.avif,3,/places/algeria/the-casbah-and-the-mzab.html,/places/algeria/the-casbah-and-the-mzab.html,"the provider calls it ""an empty street with a bench in the middle""",unsplash,Ãbdøû Mâïstrø,https://unsplash.com/photos/an-empty-street-with-a-bench-in-the-middle-iRJwakbqriY
481,"W6 licence, long tail",REPLACE,unsplash:jHo1miI-ZJE,4,no price attached,67%,P3,algeria,algiers white on the bay,cities,"the white terraces of the Casbah of Algiers above the bay, Algeria",16/9 and 4/3,1600,licence a photograph that actually shows the subject,licence,B — one stock or agency licence at the going rate.,AKL-001008,https://images.unsplash.com/photo-1610133290889-0ed892ce5157,algeria/cities/the-white-terraces-of-the-casbah-of-algiers-above-the-bay-algeria.avif,2,/places/algeria/algiers-white-on-the-bay.html,/places/algeria/algiers-white-on-the-bay.html,"relevance 3.9; the provider calls it ""white and brown concrete building near body of water""",unsplash,Azzedine Rouichi,https://unsplash.com/photos/white-and-brown-concrete-building-near-body-of-water-during-daytime-jHo1miI-ZJE
482,"W6 licence, long tail",REPLACE,unsplash:afmAgONxaMk,4,no price attached,67%,P3,algeria,three languages before lunch,culture,"a busy street in the Casbah of Algiers with people talking, Algeria",16/9,1800,licence a photograph that actually shows the subject,licence,B — one stock or agency licence at the going rate.,AKL-001009,https://images.unsplash.com/photo-1631995872935-d964797502e0,algeria/culture/a-busy-street-in-the-casbah-of-algiers-with-people-talking-algeria.avif,4,/places/algeria/three-languages-before-lunch.html,/algeria.html,"the provider calls it ""a white building with a painting on the side of it""",unsplash,Azzedine Rouichi,https://unsplash.com/photos/a-white-building-with-a-painting-on-the-side-of-it-afmAgONxaMk
483,"W6 licence, long tail",REPLACE,unsplash:42s4e23-2t8,4,no price attached,67%,P3,algeria,beaches and roman stones,family-community,"Roman columns at Tipaza with the Mediterranean behind, Algeria",16/9 and 4/3,1600,licence a photograph that actually shows the subject,licence,B — one stock or agency licence at the going rate.,AKL-001010,https://images.unsplash.com/photo-1673738559014-0d038fa41ec1,algeria/family-community/roman-columns-at-tipaza-with-the-mediterranean-behind-algeria.avif,2,/places/algeria/beaches-and-roman-stones.html,/places/algeria/beaches-and-roman-stones.html,"the provider calls it ""a very tall brick building with a sky in the backgro""",unsplash,Azzedine Rouichi,https://unsplash.com/photos/a-very-tall-brick-building-with-a-sky-in-the-background-42s4e23-2t8
484,"W6 licence, long tail",REPLACE,pexels:37919476,4,no price attached,67%,P3,algeria,yennayer and the sufi moussems,festivals,"Group of men in vibrant traditional costumes at a cultural festival, outdoors., Algeria",16/9 and 3/2 and 4/3,1600,licence a photograph that actually shows the subject,licence,B — one stock or agency licence at the going rate.,AKL-001011,https://images.pexels.com/photos/37919476/pexels-photo-37919476.jpeg,algeria/festivals/group-of-men-in-vibrant-traditional-costumes-at-a-cultural-festival-ou.avif,3,/places/algeria/yennayer-and-the-sufi-moussems.html,/places/algeria/yennayer-and-the-sufi-moussems.html,relevance 2.0,pexels,Yetkin Ağaç,https://www.pexels.com/photo/traditional-festival-performers-in-colorful-costumes-37919476/
485,"W6 licence, long tail",REPLACE,unsplash:niP2ckJWGHM,4,no price attached,67%,P3,algeria,ghardaia,hidden-gems,"the pyramid-stacked town of Ghardaia rising to its mosque, Algeria",16/9 and 4/3,1600,licence a photograph that actually shows the subject,licence,B — one stock or agency licence at the going rate.,AKL-001012,https://images.unsplash.com/photo-1599373527966-9a2c9e33ea9d,algeria/hidden-gems/the-pyramid-stacked-town-of-ghardaia-rising-to-its-mosque-algeria.avif,2,/places/algeria/ghardaia.html,/places/algeria/ghardaia.html,"relevance 3.8; the provider calls it ""brown and white concrete houses during daytime""",unsplash,mido art,https://unsplash.com/photos/brown-and-white-concrete-houses-during-daytime-niP2ckJWGHM
486,"W6 licence, long tail",REPLACE,unsplash:q6Xq7OwK95c,4,no price attached,67%,P3,algeria,timgad and djemila,historic-sites,"the Roman ruins and triumphal arch of Timgad on the high plateau, Algeria",16/9 and 4/3,1600,licence a photograph that actually shows the subject,licence,B — one stock or agency licence at the going rate.,AKL-001013,https://images.unsplash.com/photo-1669356771785-3af414591b4a,algeria/historic-sites/the-roman-ruins-and-triumphal-arch-of-timgad-on-the-high-plateau-alger.avif,2,/places/algeria/timgad-and-djemila.html,/places/algeria/timgad-and-djemila.html,"the provider calls it ""a stone building with arched windows""",unsplash,Yamine Kettal,https://unsplash.com/photos/a-stone-building-with-arched-windows-q6Xq7OwK95c
487,"W6 licence, long tail",REPLACE,unsplash:blLny60Ph8Q,4,no price attached,67%,P3,algeria,chotts and oases,lakes-rivers,"the palm oasis and red ksar walls of Timimoun in the Gourara, Algeria",16/9 and 4/5 and 4/3,1600,licence a photograph that actually shows the subject,licence,B — one stock or agency licence at the going rate.,AKL-001014,https://images.unsplash.com/photo-1647471005035-4061d6b6902b,algeria/lakes-rivers/the-palm-oasis-and-red-ksar-walls-of-timimoun-in-the-gourara-algeria.avif,3,/places/algeria/chotts-and-oases.html,/places/algeria/chotts-and-oases.html,relevance 2.3,unsplash,Fati Ma,https://unsplash.com/photos/a-palm-tree-in-front-of-a-building-blLny60Ph8Q
488,"W6 licence, long tail",REPLACE,pexels:18314362,4,no price attached,67%,P3,algeria,coffee and argument,local-life,"men at a pavement cafe table in Algiers talking, Algeria",16/9 and 3/2 and 4/3,1600,licence a photograph that actually shows the subject,licence,B — one stock or agency licence at the going rate.,AKL-001015,https://images.pexels.com/photos/18314362/pexels-photo-18314362.jpeg,algeria/local-life/men-at-a-pavement-cafe-table-in-algiers-talking-algeria.avif,3,/places/algeria/coffee-and-argument.html,/places/algeria/coffee-and-argument.html,"the provider calls it ""greenery in city""",pexels,DigitalByNADAS Photography,https://www.pexels.com/photo/greenery-in-city-18314362/
489,"W6 licence, long tail",REPLACE,unsplash:kUtGunEfgdw,4,no price attached,67%,P3,algeria,hoggar and tassili,nature,"the volcanic pinnacles of the Hoggar massif near Tamanrasset, Algeria",16/9 and 21/9 and 4/3,2100,licence a photograph that actually shows the subject,licence,B — one stock or agency licence at the going rate.,AKL-001016,https://images.unsplash.com/photo-1673295377269-5ace32036add,algeria/nature/the-volcanic-pinnacles-of-the-hoggar-massif-near-tamanrasset-algeria.avif,4,/places/algeria/hoggar-and-tassili.html,/algeria.html,"the provider calls it ""a lone tree in the middle of a desert""",unsplash,Azzedine Rouichi,https://unsplash.com/photos/a-lone-tree-in-the-middle-of-a-desert-kUtGunEfgdw
490,"W6 licence, long tail",REPLACE,pexels:13026497,4,no price attached,67%,P3,algeria,walking the north,outdoor,"A solitary building nestled between dramatic coastal cliffs and vibrant sea waves., Algeria",16/9 and 4/3,1600,licence a photograph that actually shows the subject,licence,B — one stock or agency licence at the going rate.,AKL-001017,https://images.pexels.com/photos/13026497/pexels-photo-13026497.jpeg,algeria/outdoor/a-solitary-building-nestled-between-dramatic-coastal-cliffs-and-vibran.avif,2,/places/algeria/walking-the-north.html,/places/algeria/walking-the-north.html,"relevance 2.5; the provider calls it ""mountains along sea""",pexels,Nandakumar R,https://www.pexels.com/photo/mountains-along-sea-13026497/
491,"W6 licence, long tail",REPLACE,unsplash:MIqej8J3UCU,4,no price attached,67%,P3,algeria,light on sandstone,photography,"sandstone formations at Tassili n'Ajjer in late afternoon light, Algeria",16/9 and 21/9 and 4/3,2100,licence a photograph that actually shows the subject,licence,B — one stock or agency licence at the going rate.,AKL-001018,https://images.unsplash.com/photo-1714313164992-4c33788bd6f7,algeria/photography/sandstone-formations-at-tassili-n-ajjer-in-late-afternoon-light-algeri.avif,3,/places/algeria/light-on-sandstone.html,/places/algeria/light-on-sandstone.html,"the provider calls it ""a desert landscape with sand dunes and mountains""",unsplash,Azzedine Rouichi,https://unsplash.com/photos/a-desert-landscape-with-sand-dunes-and-mountains-MIqej8J3UCU
492,"W6 licence, long tail",REPLACE,unsplash:UCY2kuWl3n8,4,no price attached,67%,P3,algeria,desert watching not game driving,safari,a guide reading animal tracks in sand in the Algerian Sahara,16/9 and 4/3,1600,licence a photograph that actually shows the subject,licence,B — one stock or agency licence at the going rate.,AKL-001019,https://images.unsplash.com/photo-1666984496557-08a3102eb61c,algeria/safari/a-guide-reading-animal-tracks-in-sand-in-the-algerian-sahara.avif,2,/places/algeria/desert-watching-not-game-driving.html,/places/algeria/desert-watching-not-game-driving.html,"the provider calls it ""a mountain in the distance""",unsplash,Azzedine Rouichi,https://unsplash.com/photos/a-mountain-in-the-distance-UCY2kuWl3n8
493,"W6 licence, long tail",REPLACE,pexels:2228863,4,no price attached,67%,P3,algeria,the kabyles and the tuareg,traditional-people,"a Tuareg man in indigo tagelmust in the Hoggar, Algeria",16/9 and 4/5 and 4/3,1600,licence a photograph that actually shows the subject,licence,B — one stock or agency licence at the going rate.,AKL-001020,https://images.pexels.com/photos/2228863/pexels-photo-2228863.jpeg,algeria/traditional-people/a-tuareg-man-in-indigo-tagelmust-in-the-hoggar-algeria.avif,3,/places/algeria/the-kabyles-and-the-tuareg.html,/places/algeria/the-kabyles-and-the-tuareg.html,"the provider calls it ""photo of a man sitting""",pexels,Mohamed elamine  M'siouri,https://www.pexels.com/photo/photo-of-a-man-sitting-2228863/
494,"W6 licence, long tail",REPLACE,unsplash:IRfHObL_SWM,4,no price attached,67%,P3,algeria,water in a dry country,waterfalls,"the Kefrida waterfall falling through green forest in Bejaia province, Algeria",16/9 and 4/3,1600,licence a photograph that actually shows the subject,licence,B — one stock or agency licence at the going rate.,AKL-001021,https://images.unsplash.com/photo-1630838791660-28178a2d9f9f,algeria/waterfalls/the-kefrida-waterfall-falling-through-green-forest-in-bejaia-province-.avif,3,/places/algeria/water-in-a-dry-country.html,/places/algeria/water-in-a-dry-country.html,relevance 3.8,unsplash,Halima Bouchouicha,https://unsplash.com/photos/green-and-brown-mountain-beside-blue-body-of-water-during-daytime-IRfHObL_SWM
495,"W6 licence, long tail",REPLACE,pexels:10390494,4,no price attached,67%,P3,algeria,why algeria,why-visit,"a lone traveller looking out over the Grand Erg from a dune, Algeria",16/9 and 21/9,2400,licence a photograph that actually shows the subject,licence,B — one stock or agency licence at the going rate.,AKL-001022,https://images.pexels.com/photos/10390494/pexels-photo-10390494.jpeg,algeria/why-visit/a-lone-traveller-looking-out-over-the-grand-erg-from-a-dune-algeria.avif,2,/places/algeria/why-algeria.html,/places/algeria/why-algeria.html,"relevance 3.4; the provider calls it ""view on a dunes in a desert""",pexels,Djamel Ramdani,https://www.pexels.com/photo/view-on-a-dunes-in-a-desert-10390494/
496,"W6 licence, long tail",REPLACE,pexels:38339188,4,no price attached,67%,P3,mali,walking the dogon country,adventure,"Tranquil garden path under a canopy of trees, surrounded by lush greenery and spring blooms., Mali",16/9,1800,licence a photograph that actually shows the subject,licence,B — one stock or agency licence at the going rate.,AKL-001023,https://images.pexels.com/photos/38339188/pexels-photo-38339188.jpeg,mali/adventure/tranquil-garden-path-under-a-canopy-of-trees-surrounded-by-lush-greene.avif,2,/places/mali/walking-the-dogon-country.html,/places/mali/walking-the-dogon-country.html,relevance 2.7,pexels,Magda Ehlers,https://www.pexels.com/photo/serene-botanical-garden-pathway-in-spring-38339188/
497,"W6 licence, long tail",REPLACE,pexels:5777159,4,no price attached,67%,P3,mali,river sand not sea,beaches,"a sandbar and shallow water on the Niger river at low season, Mali",16/9 and 4/3,1800,licence a photograph that actually shows the subject,licence,B — one stock or agency licence at the going rate.,AKL-001024,https://images.pexels.com/photos/5777159/pexels-photo-5777159.jpeg,mali/beaches/a-sandbar-and-shallow-water-on-the-niger-river-at-low-season-mali.avif,4,/places/mali/river-sand-not-sea.html,/mali.html,"the provider calls it ""a dry tree on the beach under the sky""",pexels,Domenico Bandiera,https://www.pexels.com/photo/a-dry-tree-on-the-beach-under-the-sky-5777159/
498,"W6 licence, long tail",REPLACE,pexels:37349560,4,no price attached,67%,P3,mali,bamako and mopti,cities,"the Niger riverfront and pirogues at Mopti, Mali",16/9 and 4/3,1600,licence a photograph that actually shows the subject,licence,B — one stock or agency licence at the going rate.,AKL-001025,https://images.pexels.com/photos/37349560/pexels-photo-37349560.jpeg,mali/cities/the-niger-riverfront-and-pirogues-at-mopti-mali.avif,2,/places/mali/bamako-and-mopti.html,/places/mali/bamako-and-mopti.html,"relevance 2.8; the provider calls it ""bustling street market scene in urban africa""",pexels,LekePOV,https://www.pexels.com/photo/bustling-street-market-scene-in-urban-africa-37349560/
499,"W6 licence, long tail",REPLACE,pexels:16907736,4,no price attached,67%,P3,mali,bogolan and bamana sculpture,crafts,"An elephant uses its trunk to splash mud on itself while in the wild, showcasing natural behavior., Mali",16/9 and 4/3,1600,licence a photograph that actually shows the subject,licence,B — one stock or agency licence at the going rate.,AKL-001026,https://images.pexels.com/photos/16907736/pexels-photo-16907736.jpeg,mali/crafts/an-elephant-uses-its-trunk-to-splash-mud-on-itself-while-in-the-wild-s.avif,2,/places/mali/bogolan-and-bamana-sculpture.html,/places/mali/bogolan-and-bamana-sculpture.html,relevance 2.7,pexels,Diego F. Parra,https://www.pexels.com/photo/an-elephant-splashing-water-with-its-trunk-16907736/
500,"W6 licence, long tail",REPLACE,pexels:12585023,4,no price attached,67%,P3,mali,where the blues came from,culture,"A traditional Moroccan instrument being played by a musician in Khemliya., Mali",16/9,1800,licence a photograph that actually shows the subject,licence,B — one stock or agency licence at the going rate.,AKL-001027,https://images.pexels.com/photos/12585023/pexels-photo-12585023.jpeg,mali/culture/a-traditional-moroccan-instrument-being-played-by-a-musician-in-khemli.avif,4,/places/mali/where-the-blues-came-from.html,/mali.html,"relevance 2.0; the provider calls it ""a man holding a handmade guitar""",pexels,Zakaria HANIF,https://www.pexels.com/photo/a-man-holding-a-handmade-guitar-12585023/
501,"W6 licence, long tail",REPLACE,pexels:31619955,4,no price attached,67%,P3,mali,re plastering djenne,eco-tourism,"the whole town plastering the Great Mosque of Djenne by hand, Mali",16/9 and 4/3,1600,licence a photograph that actually shows the subject,licence,B — one stock or agency licence at the going rate.,AKL-001028,https://images.pexels.com/photos/31619955/pexels-photo-31619955.jpeg,mali/eco-tourism/the-whole-town-plastering-the-great-mosque-of-djenne-by-hand-mali.avif,2,/places/mali/re-plastering-djenne.html,/places/mali/re-plastering-djenne.html,relevance 2.7,pexels,Abdulrahman Abubakar,https://www.pexels.com/photo/aerial-view-of-a-mosque-in-kaduna-nigeria-31619955/
502,"W6 licence, long tail",REPLACE,pexels:36825404,4,no price attached,67%,P3,mali,the gallery forest,forests,"a large baobab standing alone on Sahelian grassland, Mali",16/9 and 4/3,1600,licence a photograph that actually shows the subject,licence,B — one stock or agency licence at the going rate.,AKL-001029,https://images.pexels.com/photos/36825404/pexels-photo-36825404.jpeg,mali/forests/a-large-baobab-standing-alone-on-sahelian-grassland-mali.avif,4,/places/mali/the-gallery-forest.html,/mali.html,"relevance 2.7; the provider calls it ""vibrant traditional musicians with horns""",pexels,alameen .ng,https://www.pexels.com/photo/vibrant-traditional-musicians-with-horns-36825404/
503,"W6 licence, long tail",REPLACE,pexels:34728323,4,no price attached,67%,P3,mali,four sites all at risk,heritage,"the stepped pyramid tomb of Askia at Gao, Mali",16/9 and 4/3,1600,licence a photograph that actually shows the subject,licence,B — one stock or agency licence at the going rate.,AKL-001030,https://images.pexels.com/photos/34728323/pexels-photo-34728323.jpeg,mali/heritage/the-stepped-pyramid-tomb-of-askia-at-gao-mali.avif,3,/places/mali/four-sites-all-at-risk.html,/places/mali/four-sites-all-at-risk.html,"relevance 2.0; the provider calls it ""vibrant cultural parade with traditional attire""",pexels,Skylight Views,https://www.pexels.com/photo/vibrant-cultural-parade-with-traditional-attire-34728323/
504,"W6 licence, long tail",REPLACE,pexels:18314418,4,no price attached,67%,P3,mali,monday market at djenne,local-life,"the Monday market crowd in front of the Great Mosque of Djenne, Mali",16/9 and 3/2 and 4/3,1600,licence a photograph that actually shows the subject,licence,B — one stock or agency licence at the going rate.,AKL-001031,https://images.pexels.com/photos/18314418/pexels-photo-18314418.jpeg,mali/local-life/the-monday-market-crowd-in-front-of-the-great-mosque-of-djenne-mali.avif,3,/places/mali/monday-market-at-djenne.html,/places/mali/monday-market-at-djenne.html,relevance 2.7,pexels,DigitalByNADAS Photography,https://www.pexels.com/photo/minaret-of-great-mosque-of-testour-seen-behind-a-building-wall-18314418/
505,"W6 licence, long tail",REPLACE,pexels:8484840,4,no price attached,67%,P3,mali,almost none,luxury,"a courtyard hotel with mud walls in Bamako, Mali",16/9 and 4/3,1600,licence a photograph that actually shows the subject,licence,B — one stock or agency licence at the going rate.,AKL-001032,https://images.pexels.com/photos/8484840/pexels-photo-8484840.jpeg,mali/luxury/a-courtyard-hotel-with-mud-walls-in-bamako-mali.avif,2,/places/mali/almost-none.html,/places/mali/almost-none.html,"relevance 3.5; the provider calls it ""brown concrete building near the swimming pool""",pexels,Denys Gromov,https://www.pexels.com/photo/brown-concrete-building-near-the-swimming-pool-8484840/
506,"W6 licence, long tail",REPLACE,pexels:17973964,4,no price attached,67%,P3,mali,the bandiagara escarpment,mountains,Mountains in Mali,16/9 and 4/3,1800,licence a photograph that actually shows the subject,licence,B — one stock or agency licence at the going rate.,AKL-001033,https://images.pexels.com/photos/17973964/pexels-photo-17973964.jpeg,mali/mountains/mountains-in-mali.avif,4,/places/mali/the-bandiagara-escarpment.html,/mali.html,"relevance 2.0; query broadened to category; the provider calls it ""mountain reflecting on a lake""",pexels,Elman Huseynov,https://www.pexels.com/photo/mountain-reflecting-on-a-lake-17973964/
507,"W6 licence, long tail",REPLACE,pexels:38109497,4,no price attached,67%,P3,mali,the niger bend,nature,"the Niger river curving broad and brown through Sahelian scrub, Mali",16/9 and 21/9 and 4/3,2100,licence a photograph that actually shows the subject,licence,B — one stock or agency licence at the going rate.,AKL-001034,https://images.pexels.com/photos/38109497/pexels-photo-38109497.jpeg,mali/nature/the-niger-river-curving-broad-and-brown-through-sahelian-scrub-mali.avif,4,/places/mali/the-niger-bend.html,/mali.html,relevance 2.6,pexels,Sani Maikatanga,https://www.pexels.com/photo/traditional-festival-in-agadez-niger-38109497/
508,"W6 licence, long tail",REPLACE,pexels:14920948,4,no price attached,67%,P3,mali,not the business here,safari,"acacia and dry grassland in the Gourma with a waterhole, Mali",16/9 and 4/3,1600,licence a photograph that actually shows the subject,licence,B — one stock or agency licence at the going rate.,AKL-001035,https://images.pexels.com/photos/14920948/pexels-photo-14920948.jpeg,mali/safari/acacia-and-dry-grassland-in-the-gourma-with-a-waterhole-mali.avif,2,/places/mali/not-the-business-here.html,/places/mali/not-the-business-here.html,"the provider calls it ""a tree on brown grass field""",pexels,Harsh,https://www.pexels.com/photo/a-tree-on-brown-grass-field-14920948/
509,"W6 licence, long tail",REPLACE,pexels:38125808,4,no price attached,67%,P3,mali,dogon bambara tuareg fulani,traditional-people,"a Dogon elder outside a granary with a carved door, Mali",16/9 and 4/5 and 4/3,1600,licence a photograph that actually shows the subject,licence,B — one stock or agency licence at the going rate.,AKL-001036,https://images.pexels.com/photos/38125808/pexels-photo-38125808.jpeg,mali/traditional-people/a-dogon-elder-outside-a-granary-with-a-carved-door-mali.avif,3,/places/mali/dogon-bambara-tuareg-fulani.html,/places/mali/dogon-bambara-tuareg-fulani.html,relevance 2.4,pexels,LekePOV,https://www.pexels.com/photo/traditional-african-horseman-in-vibrant-attire-38125808/
510,"W6 licence, long tail",REPLACE,pexels:10390401,4,no price attached,67%,P3,mali,elephants in the gourma,wildlife,"desert-adapted elephants crossing dry Sahelian scrub in the Gourma, Mali",16/9,1800,licence a photograph that actually shows the subject,licence,B — one stock or agency licence at the going rate.,AKL-001037,https://images.pexels.com/photos/10390401/pexels-photo-10390401.jpeg,mali/wildlife/desert-adapted-elephants-crossing-dry-sahelian-scrub-in-the-gourma-mal.avif,4,/places/mali/elephants-in-the-gourma.html,/mali.html,"the provider calls it ""group of people sitting on sand""",pexels,Djamel Ramdani,https://www.pexels.com/photo/group-of-people-sitting-on-sand-10390401/
511,"W6 licence, long tail",REPLACE,pexels:38087806,4,no price attached,67%,P3,mozambique,maputo,cities,"the Maputo waterfront and the Indian Ocean, Mozambique",16/9 and 4/3,1600,licence a photograph that actually shows the subject,licence,B — one stock or agency licence at the going rate.,AKL-001038,https://images.pexels.com/photos/38087806/pexels-photo-38087806.jpeg,mozambique/cities/the-maputo-waterfront-and-the-indian-ocean-mozambique.avif,2,/places/mozambique/maputo.html,/places/mozambique/maputo.html,"relevance 2.9; the provider calls it ""ferry on the aegean sea with izmir skyline""",pexels,Doğan Alpaslan  Demir,https://www.pexels.com/photo/ferry-on-the-aegean-sea-with-izmir-skyline-38087806/
512,"W6 licence, long tail",REPLACE,pexels:30637865,4,no price attached,67%,P3,mozambique,carving and basketry,crafts,"Two children push a handmade wooden cart down a dirt path in a sunny outdoor setting., Mozambique",16/9 and 4/3,1600,licence a photograph that actually shows the subject,licence,B — one stock or agency licence at the going rate.,AKL-001039,https://images.pexels.com/photos/30637865/pexels-photo-30637865.jpeg,mozambique/crafts/two-children-push-a-handmade-wooden-cart-down-a-dirt-path-in-a-sunny-o.avif,2,/places/mozambique/carving-and-basketry.html,/places/mozambique/carving-and-basketry.html,relevance 2.2,pexels,Edouard MIHIGO,https://www.pexels.com/photo/children-pushing-wooden-cart-on-dirt-path-30637865/
513,"W6 licence, long tail",REPLACE,pexels:7959474,4,no price attached,67%,P3,mozambique,portuguese and swahili,culture,"Beautiful coral reef underwater, vibrant marine life ecosystem., Mozambique",16/9,1800,licence a photograph that actually shows the subject,licence,B — one stock or agency licence at the going rate.,AKL-001040,https://images.pexels.com/photos/7959474/pexels-photo-7959474.jpeg,mozambique/culture/beautiful-coral-reef-underwater-vibrant-marine-life-ecosystem-mozambiq.avif,4,/places/mozambique/portuguese-and-swahili.html,/mozambique.html,relevance 2.6,pexels,Trung Nguyen,https://www.pexels.com/photo/brown-and-black-coral-reef-7959474/
514,"W6 licence, long tail",REPLACE,pexels:8539456,4,no price attached,67%,P3,mozambique,gorongosas restoration,eco-tourism,"a park scientist at work in Gorongosa, Mozambique",16/9 and 4/3,1600,licence a photograph that actually shows the subject,licence,B — one stock or agency licence at the going rate.,AKL-001041,https://images.pexels.com/photos/8539456/pexels-photo-8539456.jpeg,mozambique/eco-tourism/a-park-scientist-at-work-in-gorongosa-mozambique.avif,2,/places/mozambique/gorongosas-restoration.html,/places/mozambique/gorongosas-restoration.html,"relevance 2.7; the provider calls it ""a person assisting an elderly woman in using a micro""",pexels,https://kaboompics.com/,https://www.pexels.com/photo/a-person-assisting-an-elderly-woman-in-using-a-microscope-8539456/
515,"W6 licence, long tail",REPLACE,pexels:31624893,4,no price attached,67%,P3,mozambique,marrabenta and timbila,festivals,"Music band in ceremonial uniforms performing outdoors with brass instruments. Vibrant and festive atmosphere., Mozambique",16/9 and 3/2 and 4/3,1600,licence a photograph that actually shows the subject,licence,B — one stock or agency licence at the going rate.,AKL-001042,https://images.pexels.com/photos/31624893/pexels-photo-31624893.jpeg,mozambique/festivals/music-band-in-ceremonial-uniforms-performing-outdoors-with-brass-instr.avif,3,/places/mozambique/marrabenta-and-timbila.html,/places/mozambique/marrabenta-and-timbila.html,relevance 2.5,pexels,Faustin NKURUNZIZA,https://www.pexels.com/photo/ceremonial-band-performance-at-outdoor-event-31624893/
516,"W6 licence, long tail",REPLACE,pexels:10844816,4,no price attached,67%,P3,mozambique,the swahili coast,heritage,"the crumbling colonial buildings of Ibo island, Mozambique",16/9 and 4/3,1600,licence a photograph that actually shows the subject,licence,B — one stock or agency licence at the going rate.,AKL-001043,https://images.pexels.com/photos/10844816/pexels-photo-10844816.jpeg,mozambique/heritage/the-crumbling-colonial-buildings-of-ibo-island-mozambique.avif,3,/places/mozambique/the-swahili-coast.html,/places/mozambique/the-swahili-coast.html,"the provider calls it ""boats docked on the side of the sea""",pexels,Natan Machado Fotografia  Gastronômica,https://www.pexels.com/photo/boats-docked-on-the-side-of-the-sea-10844816/
517,"W6 licence, long tail",REPLACE,pexels:37732684,4,no price attached,67%,P3,mozambique,ibo island,hidden-gems,"a silversmith working inside the fort on Ibo island, Mozambique",16/9 and 4/3,1600,licence a photograph that actually shows the subject,licence,B — one stock or agency licence at the going rate.,AKL-001044,https://images.pexels.com/photos/37732684/pexels-photo-37732684.jpeg,mozambique/hidden-gems/a-silversmith-working-inside-the-fort-on-ibo-island-mozambique.avif,2,/places/mozambique/ibo-island.html,/places/mozambique/ibo-island.html,"relevance 2.5; the provider calls it ""aerial view of bagamoyo coastline tanzania""",pexels,I am DullyGrapher,https://www.pexels.com/photo/aerial-view-of-bagamoyo-coastline-tanzania-37732684/
518,"W6 licence, long tail",REPLACE,pexels:5419425,4,no price attached,67%,P3,mozambique,ilha de mo ambique,historic-sites,"the fortress of São Sebastião on Ilha de Moçambique, Mozambique",16/9 and 4/3,1600,licence a photograph that actually shows the subject,licence,B — one stock or agency licence at the going rate.,AKL-001045,https://images.pexels.com/photos/5419425/pexels-photo-5419425.jpeg,mozambique/historic-sites/the-fortress-of-s-o-sebasti-o-on-ilha-de-mo-ambique-mozambique.avif,2,/places/mozambique/ilha-de-mo-ambique.html,/places/mozambique/ilha-de-mo-ambique.html,"relevance 2.7; the provider calls it ""a couple walking on a wet shore holding hands""",pexels,Danilo Barbosa,https://www.pexels.com/photo/a-couple-walking-on-a-wet-shore-holding-hands-5419425/
519,"W6 licence, long tail",REPLACE,pexels:3871784,4,no price attached,67%,P3,mozambique,the beach market,local-life,"fish being sold on the sand beside a dhow, Mozambique",16/9 and 3/2 and 4/3,1600,licence a photograph that actually shows the subject,licence,B — one stock or agency licence at the going rate.,AKL-001046,https://images.pexels.com/photos/3871784/pexels-photo-3871784.jpeg,mozambique/local-life/fish-being-sold-on-the-sand-beside-a-dhow-mozambique.avif,3,/places/mozambique/the-beach-market.html,/places/mozambique/the-beach-market.html,"the provider calls it ""photo of person holding wooden tray""",pexels,Quang Nguyen Vinh,https://www.pexels.com/photo/photo-of-person-holding-wooden-tray-3871784/
520,"W6 licence, long tail",REPLACE,pexels:30165023,4,no price attached,67%,P3,mozambique,island lodges,luxury,"an island lodge among palms above a white beach, Mozambique",16/9 and 4/3,1600,licence a photograph that actually shows the subject,licence,B — one stock or agency licence at the going rate.,AKL-001047,https://images.pexels.com/photos/30165023/pexels-photo-30165023.jpeg,mozambique/luxury/an-island-lodge-among-palms-above-a-white-beach-mozambique.avif,2,/places/mozambique/island-lodges.html,/places/mozambique/island-lodges.html,relevance 3.5,pexels,Keegan Checks,https://www.pexels.com/photo/luxury-beach-resort-in-jambiani-tanzania-30165023/
521,"W6 licence, long tail",REPLACE,pexels:37808448,4,no price attached,67%,P3,mozambique,mount namuli and gorongosa,mountains,"the granite dome of Mount Namuli rising from farmland, Mozambique",16/9 and 4/3,1800,licence a photograph that actually shows the subject,licence,B — one stock or agency licence at the going rate.,AKL-001048,https://images.pexels.com/photos/37808448/pexels-photo-37808448.jpeg,mozambique/mountains/the-granite-dome-of-mount-namuli-rising-from-farmland-mozambique.avif,4,/places/mozambique/mount-namuli-and-gorongosa.html,/mozambique.html,"the provider calls it ""hikers with flags at kilimanjaro cave entrance""",pexels,Penfran Tanzania,https://www.pexels.com/photo/hikers-with-flags-at-kilimanjaro-cave-entrance-37808448/
522,"W6 licence, long tail",REPLACE,pexels:16444298,4,no price attached,67%,P3,mozambique,reef and miombo,nature,"A carabao wandering through a vibrant, green, wooded landscape, showcasing nature's tranquility., Mozambique",16/9 and 21/9 and 4/3,2100,licence a photograph that actually shows the subject,licence,B — one stock or agency licence at the going rate.,AKL-001049,https://images.pexels.com/photos/16444298/pexels-photo-16444298.jpeg,mozambique/nature/a-carabao-wandering-through-a-vibrant-green-wooded-landscape-showcasin.avif,4,/places/mozambique/reef-and-miombo.html,/mozambique.html,relevance 2.5,pexels,Keegan Checks,https://www.pexels.com/photo/carabao-in-nature-16444298/
523,"W6 licence, long tail",REPLACE,pexels:7959477,4,no price attached,67%,P3,mozambique,dive and sail,outdoor,"a dhow under sail between coral islands, Mozambique",16/9 and 4/3,1600,licence a photograph that actually shows the subject,licence,B — one stock or agency licence at the going rate.,AKL-001050,https://images.pexels.com/photos/7959477/pexels-photo-7959477.jpeg,mozambique/outdoor/a-dhow-under-sail-between-coral-islands-mozambique.avif,2,/places/mozambique/dive-and-sail.html,/places/mozambique/dive-and-sail.html,"relevance 2.7; the provider calls it ""sea shell over corals""",pexels,Trung Nguyen,https://www.pexels.com/photo/sea-shell-over-corals-7959477/
524,"W6 licence, long tail",REPLACE,pexels:34354250,4,no price attached,67%,P3,mozambique,dhow light,photography,"dhows silhouetted against a Mozambican sunrise, Mozambique",16/9 and 21/9 and 4/3,2100,licence a photograph that actually shows the subject,licence,B — one stock or agency licence at the going rate.,AKL-001051,https://images.pexels.com/photos/34354250/pexels-photo-34354250.jpeg,mozambique/photography/dhows-silhouetted-against-a-mozambican-sunrise-mozambique.avif,3,/places/mozambique/dhow-light.html,/places/mozambique/dhow-light.html,relevance 3.9,pexels,Akarsh Chandran,https://www.pexels.com/photo/silhouetted-fishing-boats-against-vibrant-sunset-34354250/
525,"W6 licence, long tail",REPLACE,pexels:16444274,4,no price attached,67%,P3,mozambique,niassa and gorongosa,safari,"A safari vehicle travels through a scenic savannah landscape on a sunny day., Mozambique",16/9 and 4/3,1600,licence a photograph that actually shows the subject,licence,B — one stock or agency licence at the going rate.,AKL-001052,https://images.pexels.com/photos/16444274/pexels-photo-16444274.jpeg,mozambique/safari/a-safari-vehicle-travels-through-a-scenic-savannah-landscape-on-a-sunn.avif,2,/places/mozambique/niassa-and-gorongosa.html,/places/mozambique/niassa-and-gorongosa.html,relevance 2.2,pexels,Keegan Checks,https://www.pexels.com/photo/a-safari-vehicle-on-an-unpaved-road-16444274/
526,"W6 licence, long tail",REPLACE,pexels:36766618,4,no price attached,67%,P3,mozambique,makonde and makua,traditional-people,"Close-up of a traditional black African sculpture in an outdoor setting., Mozambique",16/9 and 4/5 and 4/3,1600,licence a photograph that actually shows the subject,licence,B — one stock or agency licence at the going rate.,AKL-001053,https://images.pexels.com/photos/36766618/pexels-photo-36766618.jpeg,mozambique/traditional-people/close-up-of-a-traditional-black-african-sculpture-in-an-outdoor-settin.avif,3,/places/mozambique/makonde-and-makua.html,/places/mozambique/makonde-and-makua.html,relevance 2.2,pexels,Alírio Luís,https://www.pexels.com/photo/traditional-african-sculpture-on-display-36766618/
527,"W6 licence, long tail",REPLACE,pexels:28157155,4,no price attached,67%,P3,mozambique,gorongosa,wildlife,"waterbuck on the Gorongosa floodplain, Mozambique",16/9,1800,licence a photograph that actually shows the subject,licence,B — one stock or agency licence at the going rate.,AKL-001054,https://images.pexels.com/photos/28157155/pexels-photo-28157155.jpeg,mozambique/wildlife/waterbuck-on-the-gorongosa-floodplain-mozambique.avif,4,/places/mozambique/gorongosa.html,/mozambique.html,relevance 2.4,pexels,伟达 严,https://www.pexels.com/photo/28157155/
528,"W6 licence, long tail",REPLACE,pexels:10658174,4,no price attached,67%,P3,niger,crossing the tenere,adventure,"SUVs navigating vast orange sand dunes in a bright desert landscape., Niger",16/9,1800,licence a photograph that actually shows the subject,licence,B — one stock or agency licence at the going rate.,AKL-001055,https://images.pexels.com/photos/10658174/pexels-photo-10658174.jpeg,niger/adventure/suvs-navigating-vast-orange-sand-dunes-in-a-bright-desert-landscape-ni.avif,2,/places/niger/crossing-the-tenere.html,/places/niger/crossing-the-tenere.html,relevance 2.7,pexels,光曦 刘,https://www.pexels.com/photo/motor-vehicles-on-the-desert-10658174/
529,"W6 licence, long tail",REPLACE,pexels:31719004,4,no price attached,67%,P3,niger,sandbars on the river,beaches,a wide sandbar in the Niger river with people on it,16/9 and 4/3,1800,licence a photograph that actually shows the subject,licence,B — one stock or agency licence at the going rate.,AKL-001056,https://images.pexels.com/photos/31719004/pexels-photo-31719004.jpeg,niger/beaches/a-wide-sandbar-in-the-niger-river-with-people-on-it.avif,4,/places/niger/sandbars-on-the-river.html,/niger.html,relevance 2.5,pexels,Abdulrahman Abubakar,https://www.pexels.com/photo/fishermen-navigating-river-in-port-harcourt-nigeria-31719004/
530,"W6 licence, long tail",REPLACE,pexels:14145503,4,no price attached,67%,P3,niger,niamey and agadez,cities,"An ancient mud-brick village showcasing traditional architecture., Niger",16/9 and 4/3,1600,licence a photograph that actually shows the subject,licence,B — one stock or agency licence at the going rate.,AKL-001057,https://images.pexels.com/photos/14145503/pexels-photo-14145503.jpeg,niger/cities/an-ancient-mud-brick-village-showcasing-traditional-architecture-niger.avif,2,/places/niger/niamey-and-agadez.html,/places/niger/niamey-and-agadez.html,relevance 3.9,pexels,Marcia Salido,https://www.pexels.com/photo/buildings-in-ancient-town-14145503/
531,"W6 licence, long tail",REPLACE,pexels:20155327,4,no price attached,67%,P3,niger,giraffes beside farms,eco-tourism,"giraffe walking past millet fields and a farmer at Kouré, Niger",16/9 and 4/3,1600,licence a photograph that actually shows the subject,licence,B — one stock or agency licence at the going rate.,AKL-001058,https://images.pexels.com/photos/20155327/pexels-photo-20155327.jpeg,niger/eco-tourism/giraffe-walking-past-millet-fields-and-a-farmer-at-kour-niger.avif,2,/places/niger/giraffes-beside-farms.html,/places/niger/giraffes-beside-farms.html,relevance 2.7,pexels,alameen .ng,https://www.pexels.com/photo/men-walking-in-traditional-clothing-on-street-in-village-20155327/
532,"W6 licence, long tail",REPLACE,pexels:31704102,4,no price attached,67%,P3,niger,giraffes an hour away,family-community,"a family on foot watching giraffe browse at Kouré, Niger",16/9 and 4/3,1600,licence a photograph that actually shows the subject,licence,B — one stock or agency licence at the going rate.,AKL-001059,https://images.pexels.com/photos/31704102/pexels-photo-31704102.jpeg,niger/family-community/a-family-on-foot-watching-giraffe-browse-at-kour-niger.avif,2,/places/niger/giraffes-an-hour-away.html,/places/niger/giraffes-an-hour-away.html,"relevance 2.2; the provider calls it ""traditional cultural parade with horses""",pexels,alameen .ng,https://www.pexels.com/photo/traditional-cultural-parade-with-horses-31704102/
533,"W6 licence, long tail",REPLACE,pexels:10024478,4,no price attached,67%,P3,niger,the cure salee,festivals,"camels and tents gathered at the Cure Salee festival at In-Gall, Niger",16/9 and 3/2 and 4/3,1600,licence a photograph that actually shows the subject,licence,B — one stock or agency licence at the going rate.,AKL-001060,https://images.pexels.com/photos/10024478/pexels-photo-10024478.jpeg,niger/festivals/camels-and-tents-gathered-at-the-cure-salee-festival-at-in-gall-niger.avif,3,/places/niger/the-cure-salee.html,/places/niger/the-cure-salee.html,"relevance 2.0; the provider calls it ""parade of men in traditional clothes""",pexels,Ila Bappa Ibrahim,https://www.pexels.com/photo/parade-of-men-in-traditional-clothes-10024478/
534,"W6 licence, long tail",REPLACE,pexels:19687409,4,no price attached,67%,P3,niger,millet djerma rice and kilishi,food,"strips of spiced kilishi dried beef on a rack, Niger",16/9 and 4/3,1600,licence a photograph that actually shows the subject,licence,B — one stock or agency licence at the going rate.,AKL-001061,https://images.pexels.com/photos/19687409/pexels-photo-19687409.jpeg,niger/food/strips-of-spiced-kilishi-dried-beef-on-a-rack-niger.avif,2,/places/niger/millet-djerma-rice-and-kilishi.html,/places/niger/millet-djerma-rice-and-kilishi.html,"the provider calls it ""meat hanging off a bar""",pexels,Tito Zzzz,https://www.pexels.com/photo/meat-hanging-off-a-bar-19687409/
535,"W6 licence, long tail",REPLACE,pexels:11498742,4,no price attached,67%,P3,niger,the doum palm valleys,forests,"Vibrant tropical palm trees with dried leaves set against a clear blue sky., Niger",16/9 and 4/3,1600,licence a photograph that actually shows the subject,licence,B — one stock or agency licence at the going rate.,AKL-001062,https://images.pexels.com/photos/11498742/pexels-photo-11498742.jpeg,niger/forests/vibrant-tropical-palm-trees-with-dried-leaves-set-against-a-clear-blue.avif,4,/places/niger/the-doum-palm-valleys.html,/niger.html,relevance 3.0,pexels,Engin Akyurt,https://www.pexels.com/photo/dry-palm-trees-under-blue-sky-11498742/
536,"W6 licence, long tail",REPLACE,pexels:32161118,4,no price attached,67%,P3,niger,three sites,heritage,"prehistoric rock engravings of cattle in the Air mountains, Niger",16/9 and 4/3,1600,licence a photograph that actually shows the subject,licence,B — one stock or agency licence at the going rate.,AKL-001063,https://images.pexels.com/photos/32161118/pexels-photo-32161118.jpeg,niger/heritage/prehistoric-rock-engravings-of-cattle-in-the-air-mountains-niger.avif,3,/places/niger/three-sites.html,/places/niger/three-sites.html,"relevance 2.5; the provider calls it ""aegean airlines aircraft in clear blue sky""",pexels,Drinu Cutajar,https://www.pexels.com/photo/aegean-airlines-aircraft-in-clear-blue-sky-32161118/
537,"W6 licence, long tail",REPLACE,pexels:8328884,4,no price attached,67%,P3,niger,the niger at niamey,lakes-rivers,pirogues on the Niger river at Niamey at sunset,16/9 and 4/5 and 4/3,1600,licence a photograph that actually shows the subject,licence,B — one stock or agency licence at the going rate.,AKL-001064,https://images.pexels.com/photos/8328884/pexels-photo-8328884.jpeg,niger/lakes-rivers/pirogues-on-the-niger-river-at-niamey-at-sunset.avif,3,/places/niger/the-niger-at-niamey.html,/places/niger/the-niger-at-niamey.html,"the provider calls it ""man in casual clothing and sunglasses leaning agains""",pexels,Sagar Thapa,https://www.pexels.com/photo/man-in-casual-clothing-and-sunglasses-leaning-against-a-concrete-pole-8328884/
538,"W6 licence, long tail",REPLACE,pexels:37606675,4,no price attached,67%,P3,niger,the niamey grand marche,local-life,"A bustling outdoor market with colorful tents and people in a rural setting., Niger",16/9 and 3/2 and 4/3,1600,licence a photograph that actually shows the subject,licence,B — one stock or agency licence at the going rate.,AKL-001065,https://images.pexels.com/photos/37606675/pexels-photo-37606675.jpeg,niger/local-life/a-bustling-outdoor-market-with-colorful-tents-and-people-in-a-rural-se.avif,3,/places/niger/the-niamey-grand-marche.html,/places/niger/the-niamey-grand-marche.html,relevance 2.5,pexels,Ghufran Visuals,https://www.pexels.com/photo/aerial-view-of-vibrant-outdoor-market-in-rural-area-37606675/
539,"W6 licence, long tail",REPLACE,pexels:36022167,4,no price attached,67%,P3,niger,mont idoukal n taghes,mountains,"a granite peak in the Air massif with a palm-filled valley below, Niger",16/9 and 4/3,1800,licence a photograph that actually shows the subject,licence,B — one stock or agency licence at the going rate.,AKL-001066,https://images.pexels.com/photos/36022167/pexels-photo-36022167.jpeg,niger/mountains/a-granite-peak-in-the-air-massif-with-a-palm-filled-valley-below-niger.avif,4,/places/niger/mont-idoukal-n-taghes.html,/niger.html,"relevance 2.5; the provider calls it ""air niugini boeing 737 700 in flight closeup""",pexels,Jeffry Surianto,https://www.pexels.com/photo/air-niugini-boeing-737-700-in-flight-closeup-36022167/
540,"W6 licence, long tail",REPLACE,pexels:35523354,4,no price attached,67%,P3,niger,the air massif,nature,"Majestic snow-covered mountain peaks create a serene winter landscape., Niger",16/9 and 21/9 and 4/3,2100,licence a photograph that actually shows the subject,licence,B — one stock or agency licence at the going rate.,AKL-001067,https://images.pexels.com/photos/35523354/pexels-photo-35523354.jpeg,niger/nature/majestic-snow-covered-mountain-peaks-create-a-serene-winter-landscape-.avif,4,/places/niger/the-air-massif.html,/niger.html,relevance 2.5,pexels,SERHAT  TUĞ,https://www.pexels.com/photo/snow-covered-mountain-peaks-in-winter-landscape-35523354/
541,"W6 licence, long tail",REPLACE,pexels:9409257,4,no price attached,67%,P3,niger,dunes and nothing,photography,"Long shadows cast on vibrant green grass, capturing the beauty of a sunny day outdoors., Niger",16/9 and 21/9 and 4/3,2100,licence a photograph that actually shows the subject,licence,B — one stock or agency licence at the going rate.,AKL-001068,https://images.pexels.com/photos/9409257/pexels-photo-9409257.jpeg,niger/photography/long-shadows-cast-on-vibrant-green-grass-capturing-the-beauty-of-a-sun.avif,3,/places/niger/dunes-and-nothing.html,/places/niger/dunes-and-nothing.html,relevance 3.9,pexels,Luis Quintero,https://www.pexels.com/photo/green-grass-field-9409257/
542,"W6 licence, long tail",REPLACE,pexels:6983512,4,no price attached,67%,P3,niger,w national park,safari,"elephants in tall grass in W National Park, Niger",16/9 and 4/3,1600,licence a photograph that actually shows the subject,licence,B — one stock or agency licence at the going rate.,AKL-001069,https://images.pexels.com/photos/6983512/pexels-photo-6983512.jpeg,niger/safari/elephants-in-tall-grass-in-w-national-park-niger.avif,2,/places/niger/w-national-park.html,/places/niger/w-national-park.html,relevance 2.7,pexels,Camille Cox,https://www.pexels.com/photo/close-up-of-a-squirrel-on-grass-6983512/
543,"W6 licence, long tail",REPLACE,pexels:38545734,4,no price attached,67%,P3,niger,guelta pools,waterfalls,"a permanent rock pool with palms in the Air mountains, Niger",16/9 and 4/3,1600,licence a photograph that actually shows the subject,licence,B — one stock or agency licence at the going rate.,AKL-001070,https://images.pexels.com/photos/38545734/pexels-photo-38545734.jpeg,niger/waterfalls/a-permanent-rock-pool-with-palms-in-the-air-mountains-niger.avif,3,/places/niger/guelta-pools.html,/places/niger/guelta-pools.html,"relevance 2.7; the provider calls it ""paraglider with multicolored parachute mid flight""",pexels,Isaac Naph,https://www.pexels.com/photo/paraglider-with-multicolored-parachute-mid-flight-38545734/
544,"W6 licence, long tail",REPLACE,pexels:26727928,4,no price attached,67%,P3,niger,why niger,why-visit,"a giraffe standing against open Sahelian sky at Kouré, Niger",16/9 and 21/9,2400,licence a photograph that actually shows the subject,licence,B — one stock or agency licence at the going rate.,AKL-001071,https://images.pexels.com/photos/26727928/pexels-photo-26727928.jpeg,niger/why-visit/a-giraffe-standing-against-open-sahelian-sky-at-kour-niger.avif,2,/places/niger/why-niger.html,/places/niger/why-niger.html,relevance 3.9,pexels,Francesco Ungaro,https://www.pexels.com/photo/pattern-on-the-side-of-the-giraffe-26727928/
545,"W6 licence, long tail",REPLACE,pexels:13660326,4,no price attached,65%,P3,benin,pirogue and pendjari,adventure,Adventure in Benin,16/9,1800,licence a photograph that actually shows the subject,licence,B — one stock or agency licence at the going rate.,AKL-001072,https://images.pexels.com/photos/13660326/pexels-photo-13660326.jpeg,benin/adventure/adventure-in-benin.avif,2,/places/benin/pirogue-and-pendjari.html,/places/benin/pirogue-and-pendjari.html,"relevance 3.7; query broadened to category; the provider calls it ""back view of people walking on trail""",pexels,Xuân Thống Trần,https://www.pexels.com/photo/back-view-of-people-walking-on-trail-13660326/
546,"W6 licence, long tail",REPLACE,pexels:36547342,4,no price attached,65%,P3,benin,earth and afro brazilian,architecture,"Black and white photo of a local merchant sitting on a rock in Jos market, Nigeria., Benin",16/9 and 3/2 and 4/3,1600,licence a photograph that actually shows the subject,licence,B — one stock or agency licence at the going rate.,AKL-001073,https://images.pexels.com/photos/36547342/pexels-photo-36547342.jpeg,benin/architecture/black-and-white-photo-of-a-local-merchant-sitting-on-a-rock-in-jos-mar.avif,3,/places/benin/earth-and-afro-brazilian.html,/places/benin/earth-and-afro-brazilian.html,relevance 2.7,pexels,Jagaba Denis,https://www.pexels.com/photo/portrait-of-a-merchant-in-jos-nigeria-36547342/
547,"W6 licence, long tail",REPLACE,pexels:36606755,4,no price attached,65%,P3,benin,a hundred kilometres of atlantic,beaches,"Peaceful seaside view with ocean waves and green foliage under a blue sky., Benin",16/9 and 4/3,1800,licence a photograph that actually shows the subject,licence,B — one stock or agency licence at the going rate.,AKL-001074,https://images.pexels.com/photos/36606755/pexels-photo-36606755.jpeg,benin/beaches/peaceful-seaside-view-with-ocean-waves-and-green-foliage-under-a-blue-.avif,4,/places/benin/a-hundred-kilometres-of-atlantic.html,/benin.html,relevance 2.0,pexels,Tuấn Vũ,https://www.pexels.com/photo/scenic-coastal-landscape-with-ocean-view-36606755/
548,"W6 licence, long tail",REPLACE,pexels:17240764,4,no price attached,65%,P3,benin,pendjari community run,eco-tourism,"a ranger scanning grassland from a vehicle in Pendjari, Benin",16/9 and 4/3,1600,licence a photograph that actually shows the subject,licence,B — one stock or agency licence at the going rate.,AKL-001075,https://images.pexels.com/photos/17240764/pexels-photo-17240764.jpeg,benin/eco-tourism/a-ranger-scanning-grassland-from-a-vehicle-in-pendjari-benin.avif,2,/places/benin/pendjari-community-run.html,/places/benin/pendjari-community-run.html,"relevance 2.7; the provider calls it ""deer in nature""",pexels,Kenneth Mulindwa,https://www.pexels.com/photo/deer-in-nature-17240764/
549,"W6 licence, long tail",REPLACE,pexels:25228166,4,no price attached,65%,P3,benin,ganvie by pirogue,family-community,"children in a pirogue among the stilt houses of Ganvie, Benin",16/9 and 4/3,1600,licence a photograph that actually shows the subject,licence,B — one stock or agency licence at the going rate.,AKL-001076,https://images.pexels.com/photos/25228166/pexels-photo-25228166.jpeg,benin/family-community/children-in-a-pirogue-among-the-stilt-houses-of-ganvie-benin.avif,2,/places/benin/ganvie-by-pirogue.html,/places/benin/ganvie-by-pirogue.html,"relevance 2.2; the provider calls it ""back view of fisherman on boat in village""",pexels,Safari  Consoler,https://www.pexels.com/photo/back-view-of-fisherman-on-boat-in-village-25228166/
550,"W6 licence, long tail",REPLACE,pexels:13799473,4,no price attached,65%,P3,benin,the vodun festival,festivals,"crowds and dancers on the beach at the Ouidah vodun festival, Benin",16/9 and 3/2 and 4/3,1600,licence a photograph that actually shows the subject,licence,B — one stock or agency licence at the going rate.,AKL-001077,https://images.pexels.com/photos/13799473/pexels-photo-13799473.jpeg,benin/festivals/crowds-and-dancers-on-the-beach-at-the-ouidah-vodun-festival-benin.avif,3,/places/benin/the-vodun-festival.html,/places/benin/the-vodun-festival.html,"the provider calls it ""silhouette of a person standing barefoot on sand""",pexels,Ankit Bhattacharjee,https://www.pexels.com/photo/silhouette-of-a-person-standing-barefoot-on-sand-13799473/
551,"W6 licence, long tail",REPLACE,pexels:37211572,4,no price attached,65%,P3,benin,amiwo and grilled fish,food,"a plate of amiwo with grilled chicken and pepper sauce, Benin",16/9 and 4/3,1600,licence a photograph that actually shows the subject,licence,B — one stock or agency licence at the going rate.,AKL-001078,https://images.pexels.com/photos/37211572/pexels-photo-37211572.jpeg,benin/food/a-plate-of-amiwo-with-grilled-chicken-and-pepper-sauce-benin.avif,3,/places/benin/amiwo-and-grilled-fish.html,/index.html,"the provider calls it ""indonesian fusion cuisine plated elegantly""",pexels,kevin yung,https://www.pexels.com/photo/indonesian-fusion-cuisine-plated-elegantly-37211572/
552,"W6 licence, long tail",REPLACE,pexels:27328538,4,no price attached,65%,P3,benin,the sacred forests,forests,"A tranquil forest scene filled with tall trees and lush greenery under soft daylight., Benin",16/9 and 4/3,1600,licence a photograph that actually shows the subject,licence,B — one stock or agency licence at the going rate.,AKL-001079,https://images.pexels.com/photos/27328538/pexels-photo-27328538.jpeg,benin/forests/a-tranquil-forest-scene-filled-with-tall-trees-and-lush-greenery-under.avif,4,/places/benin/the-sacred-forests.html,/benin.html,"the provider calls it ""a person is riding a kite in the woods""",pexels,Shovan Datta,https://www.pexels.com/photo/a-person-is-riding-a-kite-in-the-woods-27328538/
553,"W6 licence, long tail",REPLACE,pexels:33924914,4,no price attached,65%,P3,benin,the royal palaces of abomey,historic-sites,"Close-up of a detailed architectural wall adorned with diverse carvings and patterns., Benin",16/9 and 4/3,1600,licence a photograph that actually shows the subject,licence,B — one stock or agency licence at the going rate.,AKL-001080,https://images.pexels.com/photos/33924914/pexels-photo-33924914.jpeg,benin/historic-sites/close-up-of-a-detailed-architectural-wall-adorned-with-diverse-carving.avif,2,/places/benin/the-royal-palaces-of-abomey.html,/places/benin/the-royal-palaces-of-abomey.html,relevance 3.0,pexels,Tahir Xəlfəquliyev,https://www.pexels.com/photo/intricate-architectural-wall-with-carvings-33924914/
554,"W6 licence, long tail",REPLACE,pexels:6729842,4,no price attached,65%,P3,benin,lake nokoue and the oueme,lakes-rivers,"fishing nets and stakes across Lake Nokoue at dawn, Benin",16/9 and 4/5 and 4/3,1600,licence a photograph that actually shows the subject,licence,B — one stock or agency licence at the going rate.,AKL-001081,https://images.pexels.com/photos/6729842/pexels-photo-6729842.jpeg,benin/lakes-rivers/fishing-nets-and-stakes-across-lake-nokoue-at-dawn-benin.avif,3,/places/benin/lake-nokoue-and-the-oueme.html,/places/benin/lake-nokoue-and-the-oueme.html,"the provider calls it ""a woman riding a boat""",pexels,Kenza Loussouarn,https://www.pexels.com/photo/a-woman-riding-a-boat-6729842/
555,"W6 licence, long tail",REPLACE,pexels:33225354,4,no price attached,65%,P3,benin,zemidjan,local-life,"yellow-shirted zemidjan motorcycle taxi riders waiting at a junction, Benin",16/9 and 3/2 and 4/3,1600,licence a photograph that actually shows the subject,licence,B — one stock or agency licence at the going rate.,AKL-001082,https://images.pexels.com/photos/33225354/pexels-photo-33225354.jpeg,benin/local-life/yellow-shirted-zemidjan-motorcycle-taxi-riders-waiting-at-a-junction-b.avif,3,/places/benin/zemidjan.html,/places/benin/zemidjan.html,relevance 2.7,pexels,Lam N,https://www.pexels.com/photo/young-man-in-yellow-shirt-against-dark-backdrop-33225354/
556,"W6 licence, long tail",REPLACE,pexels:36262105,4,no price attached,65%,P3,benin,a few good ones,luxury,"a beach lodge terrace among palms at Grand-Popo, Benin",16/9 and 4/3,1600,licence a photograph that actually shows the subject,licence,B — one stock or agency licence at the going rate.,AKL-001083,https://images.pexels.com/photos/36262105/pexels-photo-36262105.jpeg,benin/luxury/a-beach-lodge-terrace-among-palms-at-grand-popo-benin.avif,2,/places/benin/a-few-good-ones.html,/places/benin/a-few-good-ones.html,relevance 2.5,pexels,Omar Tapia,https://www.pexels.com/photo/hiker-at-izta-popo-zoquiapan-national-park-36262105/
557,"W6 licence, long tail",REPLACE,pexels:25945408,4,no price attached,65%,P3,benin,the atakora range,mountains,the quartzite ridges of the Atakora range in northern Benin,16/9 and 4/3,1800,licence a photograph that actually shows the subject,licence,B — one stock or agency licence at the going rate.,AKL-001084,https://images.pexels.com/photos/25945408/pexels-photo-25945408.jpeg,benin/mountains/the-quartzite-ridges-of-the-atakora-range-in-northern-benin.avif,4,/places/benin/the-atakora-range.html,/benin.html,"the provider calls it ""group of people in traditional tribal clothing and s""",pexels,Abdias GBETOKPANOU,https://www.pexels.com/photo/group-of-people-in-traditional-tribal-clothing-and-sunglasses-25945408/
558,"W6 licence, long tail",REPLACE,pexels:20653690,4,no price attached,65%,P3,benin,pendjari and the atakora,nature,"Two boys by a river, engaging with nature, sitting on rocks and holding a log., Benin",16/9 and 21/9 and 4/3,2100,licence a photograph that actually shows the subject,licence,B — one stock or agency licence at the going rate.,AKL-001085,https://images.pexels.com/photos/20653690/pexels-photo-20653690.jpeg,benin/nature/two-boys-by-a-river-engaging-with-nature-sitting-on-rocks-and-holding-.avif,4,/places/benin/pendjari-and-the-atakora.html,/benin.html,relevance 2.5,pexels,Louisette BEHOU,https://www.pexels.com/photo/people-at-the-river-20653690/
559,"W6 licence, long tail",REPLACE,pexels:28345470,4,no price attached,65%,P3,benin,why benin,why-visit,"a vodun devotee in white before a shrine at Ouidah, Benin",16/9 and 21/9,2400,licence a photograph that actually shows the subject,licence,B — one stock or agency licence at the going rate.,AKL-001086,https://images.pexels.com/photos/28345470/pexels-photo-28345470.jpeg,benin/why-visit/a-vodun-devotee-in-white-before-a-shrine-at-ouidah-benin.avif,2,/places/benin/why-benin.html,/places/benin/why-benin.html,"relevance 3.4; the provider calls it ""palm sunday""",pexels,David Iloba,https://www.pexels.com/photo/palm-sunday-28345470/
560,"W6 licence, long tail",REPLACE,pexels:15341662,4,no price attached,65%,P3,benin,pendjari,wildlife,"a West African lion in tall grass in Pendjari National Park, Benin",16/9,1800,licence a photograph that actually shows the subject,licence,B — one stock or agency licence at the going rate.,AKL-001087,https://images.pexels.com/photos/15341662/pexels-photo-15341662.jpeg,benin/wildlife/a-west-african-lion-in-tall-grass-in-pendjari-national-park-benin.avif,4,/places/benin/pendjari.html,/benin.html,"the provider calls it ""zebras on savannah""",pexels,Alex Levis,https://www.pexels.com/photo/zebras-on-savannah-15341662/
561,"W6 licence, long tail",REPLACE,pexels:16237947,4,no price attached,63%,P3,chad,mud and banco,architecture,"Old adobe buildings in Argungu, Nigeria showcasing traditional architecture., Chad",16/9 and 3/2 and 4/3,1600,licence a photograph that actually shows the subject,licence,B — one stock or agency licence at the going rate.,AKL-001088,https://images.pexels.com/photos/16237947/pexels-photo-16237947.jpeg,chad/architecture/old-adobe-buildings-in-argungu-nigeria-showcasing-traditional-architec.avif,3,/places/chad/mud-and-banco.html,/places/chad/mud-and-banco.html,relevance 2.2,pexels,Stuffedbox NG,https://www.pexels.com/photo/historic-stone-buildings-with-bas-relief-above-the-door-16237947/
562,"W6 licence, long tail",REPLACE,pexels:18056071,4,no price attached,63%,P3,chad,leatherwork and silver,crafts,tooled leather camel gear and silver at a Chadian market,16/9 and 4/3,1600,licence a photograph that actually shows the subject,licence,B — one stock or agency licence at the going rate.,AKL-001089,https://images.pexels.com/photos/18056071/pexels-photo-18056071.jpeg,chad/crafts/tooled-leather-camel-gear-and-silver-at-a-chadian-market.avif,2,/places/chad/leatherwork-and-silver.html,/places/chad/leatherwork-and-silver.html,"the provider calls it ""man sitting next to his donkey""",pexels,Ahmet Yüksek ✪,https://www.pexels.com/photo/man-sitting-next-to-his-donkey-18056071/
563,"W6 licence, long tail",REPLACE,pexels:32455458,4,no price attached,63%,P3,chad,two hundred groups,culture,"A man in traditional attire praying outdoors on a sunny day., Chad",16/9,1800,licence a photograph that actually shows the subject,licence,B — one stock or agency licence at the going rate.,AKL-001090,https://images.pexels.com/photos/32455458/pexels-photo-32455458.jpeg,chad/culture/a-man-in-traditional-attire-praying-outdoors-on-a-sunny-day-chad.avif,4,/places/chad/two-hundred-groups.html,/chad.html,relevance 2.0,pexels,Alee Abdullahi (DC__SHOT),https://www.pexels.com/photo/man-in-traditional-dress-praying-outdoors-32455458/
564,"W6 licence, long tail",REPLACE,pexels:5483516,4,no price attached,63%,P3,chad,the turnaround at zakouma,eco-tourism,"a ranger patrol vehicle at dawn in Zakouma, Chad",16/9 and 4/3,1600,licence a photograph that actually shows the subject,licence,B — one stock or agency licence at the going rate.,AKL-001091,https://images.pexels.com/photos/5483516/pexels-photo-5483516.jpeg,chad/eco-tourism/a-ranger-patrol-vehicle-at-dawn-in-zakouma-chad.avif,2,/places/chad/the-turnaround-at-zakouma.html,/places/chad/the-turnaround-at-zakouma.html,"relevance 2.7; the provider calls it ""army officer standing by car in desert""",pexels,112 Uttar Pradesh,https://www.pexels.com/photo/army-officer-standing-by-car-in-desert-5483516/
565,"W6 licence, long tail",REPLACE,pexels:33290862,4,no price attached,63%,P3,chad,serious country,family-community,a vehicle on a long empty track across Chadian savanna,16/9 and 4/3,1600,licence a photograph that actually shows the subject,licence,B — one stock or agency licence at the going rate.,AKL-001092,https://images.pexels.com/photos/33290862/pexels-photo-33290862.jpeg,chad/family-community/a-vehicle-on-a-long-empty-track-across-chadian-savanna.avif,2,/places/chad/serious-country.html,/places/chad/serious-country.html,"relevance 2.7; the provider calls it ""abandoned truck on a lonely buenos aires road""",pexels,Alex Dos Santos,https://www.pexels.com/photo/abandoned-truck-on-a-lonely-buenos-aires-road-33290862/
566,"W6 licence, long tail",REPLACE,pexels:31703730,4,no price attached,63%,P3,chad,the gerewol and the camel races,festivals,"A man in vibrant traditional clothing rides a camel decorated with colorful textiles., Chad",16/9 and 3/2 and 4/3,1600,licence a photograph that actually shows the subject,licence,B — one stock or agency licence at the going rate.,AKL-001093,https://images.pexels.com/photos/31703730/pexels-photo-31703730.jpeg,chad/festivals/a-man-in-vibrant-traditional-clothing-rides-a-camel-decorated-with-col.avif,3,/places/chad/the-gerewol-and-the-camel-races.html,/places/chad/the-gerewol-and-the-camel-races.html,relevance 2.1,pexels,alameen .ng,https://www.pexels.com/photo/traditional-camel-ride-with-colorful-attire-31703730/
567,"W6 licence, long tail",REPLACE,pexels:9180225,4,no price attached,63%,P3,chad,two sites in the sahara,heritage,"the layered sandstone towers of the Ennedi at sunset, Chad",16/9 and 4/3,1600,licence a photograph that actually shows the subject,licence,B — one stock or agency licence at the going rate.,AKL-001094,https://images.pexels.com/photos/9180225/pexels-photo-9180225.jpeg,chad/heritage/the-layered-sandstone-towers-of-the-ennedi-at-sunset-chad.avif,3,/places/chad/two-sites-in-the-sahara.html,/places/chad/two-sites-in-the-sahara.html,"the provider calls it ""brown rock formations under white clouds""",pexels,Djamel Ramdani,https://www.pexels.com/photo/brown-rock-formations-under-white-clouds-9180225/
568,"W6 licence, long tail",REPLACE,pexels:11944566,4,no price attached,63%,P3,chad,ennedi rock art,historic-sites,"painted rock art figures of cattle on Ennedi sandstone, Chad",16/9 and 4/3,1600,licence a photograph that actually shows the subject,licence,B — one stock or agency licence at the going rate.,AKL-001095,https://images.pexels.com/photos/11944566/pexels-photo-11944566.jpeg,chad/historic-sites/painted-rock-art-figures-of-cattle-on-ennedi-sandstone-chad.avif,2,/places/chad/ennedi-rock-art.html,/places/chad/ennedi-rock-art.html,"relevance 2.7; the provider calls it ""rocks on the desert""",pexels,raouf bedrani,https://www.pexels.com/photo/rocks-on-the-desert-11944566/
569,"W6 licence, long tail",REPLACE,pexels:12774034,4,no price attached,63%,P3,chad,lake chad and the ounianga lakes,lakes-rivers,"Expansive view of a serene mountain lake with lush green fields and distant peaks in spring., Chad",16/9 and 4/5 and 4/3,1600,licence a photograph that actually shows the subject,licence,B — one stock or agency licence at the going rate.,AKL-001096,https://images.pexels.com/photos/12774034/pexels-photo-12774034.jpeg,chad/lakes-rivers/expansive-view-of-a-serene-mountain-lake-with-lush-green-fields-and-di.avif,3,/places/chad/lake-chad-and-the-ounianga-lakes.html,/places/chad/lake-chad-and-the-ounianga-lakes.html,"the provider calls it ""river between green mountains""",pexels,Leyla Helvaci,https://www.pexels.com/photo/river-between-green-mountains-12774034/
570,"W6 licence, long tail",REPLACE,pexels:17527846,4,no price attached,63%,P3,chad,tea in the shade,local-life,"A group of men in traditional African clothing gather outdoors, viewed from a car window., Chad",16/9 and 3/2 and 4/3,1600,licence a photograph that actually shows the subject,licence,B — one stock or agency licence at the going rate.,AKL-001097,https://images.pexels.com/photos/17527846/pexels-photo-17527846.jpeg,chad/local-life/a-group-of-men-in-traditional-african-clothing-gather-outdoors-viewed-.avif,3,/places/chad/tea-in-the-shade.html,/places/chad/tea-in-the-shade.html,relevance 2.7,pexels,Faruk Tokluoğlu,https://www.pexels.com/photo/crowd-in-traditional-clothing-standing-behind-car-window-17527846/
571,"W6 licence, long tail",REPLACE,pexels:27407233,4,no price attached,63%,P3,chad,one camp and it is good,luxury,"A group enjoys a peaceful night in a traditional desert camp at Faiyum, Egypt., Chad",16/9 and 4/3,1600,licence a photograph that actually shows the subject,licence,B — one stock or agency licence at the going rate.,AKL-001098,https://images.pexels.com/photos/27407233/pexels-photo-27407233.jpeg,chad/luxury/a-group-enjoys-a-peaceful-night-in-a-traditional-desert-camp-at-faiyum.avif,2,/places/chad/one-camp-and-it-is-good.html,/places/chad/one-camp-and-it-is-good.html,relevance 2.5,pexels,Eslam Mohammed Abdelmaksoud,https://www.pexels.com/photo/faiyum-night-27407233/
572,"W6 licence, long tail",REPLACE,pexels:30867629,4,no price attached,63%,P3,chad,walking zakouma,outdoor,"a walking group with a ranger among trees in Zakouma, Chad",16/9 and 4/3,1600,licence a photograph that actually shows the subject,licence,B — one stock or agency licence at the going rate.,AKL-001099,https://images.pexels.com/photos/30867629/pexels-photo-30867629.jpeg,chad/outdoor/a-walking-group-with-a-ranger-among-trees-in-zakouma-chad.avif,2,/places/chad/walking-zakouma.html,/places/chad/walking-zakouma.html,relevance 2.5,pexels,Ankit Rainloure,https://www.pexels.com/photo/serene-lake-with-dry-trees-in-gujarat-30867629/
573,"W6 licence, long tail",REPLACE,pexels:32289527,4,no price attached,63%,P3,chad,sandstone and shadow,photography,"Stunning red rock arch in the desert with sun rays and dramatic clouds creating a breathtaking scene., Chad",16/9 and 21/9 and 4/3,2100,licence a photograph that actually shows the subject,licence,B — one stock or agency licence at the going rate.,AKL-001100,https://images.pexels.com/photos/32289527/pexels-photo-32289527.jpeg,chad/photography/stunning-red-rock-arch-in-the-desert-with-sun-rays-and-dramatic-clouds.avif,3,/places/chad/sandstone-and-shadow.html,/places/chad/sandstone-and-shadow.html,relevance 3.9,pexels,Robert Hacker,https://www.pexels.com/photo/majestic-desert-arch-formations-at-sunrise-32289527/
574,"W6 licence, long tail",REPLACE,pexels:34000946,4,no price attached,63%,P3,chad,none and guelta instead,waterfalls,"A herd of camels walking across a barren desert road under a clear sky., Chad",16/9 and 4/3,1600,licence a photograph that actually shows the subject,licence,B — one stock or agency licence at the going rate.,AKL-001101,https://images.pexels.com/photos/34000946/pexels-photo-34000946.jpeg,chad/waterfalls/a-herd-of-camels-walking-across-a-barren-desert-road-under-a-clear-sky.avif,3,/places/chad/none-and-guelta-instead.html,/places/chad/none-and-guelta-instead.html,relevance 3.0,pexels,Ines Diaz Cervantes,https://www.pexels.com/photo/camels-crossing-a-desert-road-in-daylight-34000946/
575,"W6 licence, long tail",REPLACE,pexels:38599730,4,no price attached,63%,P3,chad,why chad,why-visit,"a lone vehicle beneath the vast sandstone towers of the Ennedi, Chad",16/9 and 21/9,2400,licence a photograph that actually shows the subject,licence,B — one stock or agency licence at the going rate.,AKL-001102,https://images.pexels.com/photos/38599730/pexels-photo-38599730.jpeg,chad/why-visit/a-lone-vehicle-beneath-the-vast-sandstone-towers-of-the-ennedi-chad.avif,2,/places/chad/why-chad.html,/places/chad/why-chad.html,"relevance 3.9; the provider calls it ""man exploring natural arch formation in desert""",pexels,Moha Sheikh,https://www.pexels.com/photo/man-exploring-natural-arch-formation-in-desert-38599730/
576,"W6 licence, long tail",REPLACE,pexels:4913603,4,no price attached,63%,P3,chad,buffalo in thousands,wildlife,"a dense herd of buffalo raising dust in Zakouma, Chad",16/9,1800,licence a photograph that actually shows the subject,licence,B — one stock or agency licence at the going rate.,AKL-001103,https://images.pexels.com/photos/4913603/pexels-photo-4913603.jpeg,chad/wildlife/a-dense-herd-of-buffalo-raising-dust-in-zakouma-chad.avif,4,/places/chad/buffalo-in-thousands.html,/chad.html,"relevance 2.0; the provider calls it ""close up shot of a lioness sitting on a grassy field""",pexels,Vishva Patel,https://www.pexels.com/photo/close-up-shot-of-a-lioness-sitting-on-a-grassy-field-4913603/
577,"W6 licence, long tail",REPLACE,pexels:20500286,4,no price attached,62%,P3,equatorial-guinea,trekking the caldera,adventure,"walkers on a forest trail towards the Gran Caldera, Equatorial Guinea",16/9,1800,licence a photograph that actually shows the subject,licence,B — one stock or agency licence at the going rate.,AKL-001104,https://images.pexels.com/photos/20500286/pexels-photo-20500286.jpeg,equatorial-guinea/adventure/walkers-on-a-forest-trail-towards-the-gran-caldera-equatorial-guinea.avif,2,/places/equatorial-guinea/trekking-the-caldera.html,/places/equatorial-guinea/trekking-the-caldera.html,"the provider calls it ""mountain valley by the shore""",pexels,Erwan Grey,https://www.pexels.com/photo/mountain-valley-by-the-shore-20500286/
578,"W6 licence, long tail",REPLACE,pexels:17290982,4,no price attached,62%,P3,equatorial-guinea,malabo and bata,cities,"The bustling traffic circle in Yaoundé, showcasing urban architecture and city life., Equatorial Guinea",16/9 and 4/3,1600,licence a photograph that actually shows the subject,licence,B — one stock or agency licence at the going rate.,AKL-001105,https://images.pexels.com/photos/17290982/pexels-photo-17290982.jpeg,equatorial-guinea/cities/the-bustling-traffic-circle-in-yaound-showcasing-urban-architecture-an.avif,2,/places/equatorial-guinea/malabo-and-bata.html,/places/equatorial-guinea/malabo-and-bata.html,relevance 2.7,pexels,K,https://www.pexels.com/photo/traffic-circle-in-capital-city-of-cameroon-17290982/
579,"W6 licence, long tail",REPLACE,pexels:26770537,4,no price attached,62%,P3,equatorial-guinea,spanish fang and bubi,culture,"a street of Spanish colonial buildings in Malabo, Equatorial Guinea",16/9,1800,licence a photograph that actually shows the subject,licence,B — one stock or agency licence at the going rate.,AKL-001106,https://images.pexels.com/photos/26770537/pexels-photo-26770537.jpeg,equatorial-guinea/culture/a-street-of-spanish-colonial-buildings-in-malabo-equatorial-guinea.avif,4,/places/equatorial-guinea/spanish-fang-and-bubi.html,/equatorial-guinea.html,"the provider calls it ""beach in bay on sea shore in city""",pexels,Vika Glitter,https://www.pexels.com/photo/beach-in-bay-on-sea-shore-in-city-26770537/
580,"W6 licence, long tail",REPLACE,pexels:28154647,4,no price attached,62%,P3,equatorial-guinea,cloud forest and lowland,forests,"moss-covered cloud forest on the slopes of Pico Basile, Equatorial Guinea",16/9 and 4/3,1600,licence a photograph that actually shows the subject,licence,B — one stock or agency licence at the going rate.,AKL-001107,https://images.pexels.com/photos/28154647/pexels-photo-28154647.jpeg,equatorial-guinea/forests/moss-covered-cloud-forest-on-the-slopes-of-pico-basile-equatorial-guin.avif,4,/places/equatorial-guinea/cloud-forest-and-lowland.html,/equatorial-guinea.html,"the provider calls it ""montana""",pexels,Juan Felipe Ramírez,https://www.pexels.com/photo/montana-28154647/
581,"W6 licence, long tail",REPLACE,pexels:37075473,4,no price attached,62%,P3,equatorial-guinea,nothing listed yet,heritage,"a decaying Spanish colonial verandah building in Malabo, Equatorial Guinea",16/9 and 4/3,1600,licence a photograph that actually shows the subject,licence,B — one stock or agency licence at the going rate.,AKL-001108,https://images.pexels.com/photos/37075473/pexels-photo-37075473.jpeg,equatorial-guinea/heritage/a-decaying-spanish-colonial-verandah-building-in-malabo-equatorial-gui.avif,3,/places/equatorial-guinea/nothing-listed-yet.html,/places/equatorial-guinea/nothing-listed-yet.html,relevance 2.5,pexels,Ivett M,https://www.pexels.com/photo/urban-road-curve-with-modern-building-in-natal-37075473/
582,"W6 licence, long tail",REPLACE,pexels:3030308,4,no price attached,62%,P3,equatorial-guinea,annobon,hidden-gems,"the crater lake and volcanic slopes of Annobon island, Equatorial Guinea",16/9 and 4/3,1600,licence a photograph that actually shows the subject,licence,B — one stock or agency licence at the going rate.,AKL-001109,https://images.pexels.com/photos/3030308/pexels-photo-3030308.jpeg,equatorial-guinea/hidden-gems/the-crater-lake-and-volcanic-slopes-of-annobon-island-equatorial-guine.avif,2,/places/equatorial-guinea/annobon.html,/places/equatorial-guinea/annobon.html,relevance 2.9,pexels,K,https://www.pexels.com/photo/aerial-photo-of-island-surrounded-by-sea-3030308/
583,"W6 licence, long tail",REPLACE,pexels:11883275,4,no price attached,62%,P3,equatorial-guinea,colonial malabo,historic-sites,"Edificio Coltabaco, a historic landmark in Cali, showcases rich architectural heritage., Equatorial Guinea",16/9 and 4/3,1600,licence a photograph that actually shows the subject,licence,B — one stock or agency licence at the going rate.,AKL-001110,https://images.pexels.com/photos/11883275/pexels-photo-11883275.jpeg,equatorial-guinea/historic-sites/edificio-coltabaco-a-historic-landmark-in-cali-showcases-rich-architec.avif,2,/places/equatorial-guinea/colonial-malabo.html,/places/equatorial-guinea/colonial-malabo.html,relevance 2.2,pexels,Andres Agredo,https://www.pexels.com/photo/the-coltabaco-building-in-cali-columbia-11883275/
584,"W6 licence, long tail",REPLACE,pexels:17344654,4,no price attached,62%,P3,equatorial-guinea,the wele and the muni,lakes-rivers,"Peaceful view of a tropical mangrove forest with lush greenery and water reflections., Equatorial Guinea",16/9 and 4/5 and 4/3,1600,licence a photograph that actually shows the subject,licence,B — one stock or agency licence at the going rate.,AKL-001111,https://images.pexels.com/photos/17344654/pexels-photo-17344654.jpeg,equatorial-guinea/lakes-rivers/peaceful-view-of-a-tropical-mangrove-forest-with-lush-greenery-and-wat.avif,3,/places/equatorial-guinea/the-wele-and-the-muni.html,/places/equatorial-guinea/the-wele-and-the-muni.html,relevance 3.4,pexels,Jazmin Morales,https://www.pexels.com/photo/a-river-in-a-forest-17344654/
585,"W6 licence, long tail",REPLACE,pexels:10404248,4,no price attached,62%,P3,equatorial-guinea,sunday after mass,local-life,"people gathered outside the cathedral in Malabo after mass, Equatorial Guinea",16/9 and 3/2 and 4/3,1600,licence a photograph that actually shows the subject,licence,B — one stock or agency licence at the going rate.,AKL-001112,https://images.pexels.com/photos/10404248/pexels-photo-10404248.png,equatorial-guinea/local-life/people-gathered-outside-the-cathedral-in-malabo-after-mass-equatorial-.avif,3,/places/equatorial-guinea/sunday-after-mass.html,/places/equatorial-guinea/sunday-after-mass.html,"the provider calls it ""man in gray polo shirt standing in front of children""",pexels,Elias Alex,https://www.pexels.com/photo/man-in-gray-polo-shirt-standing-in-front-of-children-10404248/
586,"W6 licence, long tail",REPLACE,pexels:6015206,4,no price attached,62%,P3,equatorial-guinea,walking bioko,outdoor,"a forest path descending towards the sea on southern Bioko, Equatorial Guinea",16/9 and 4/3,1600,licence a photograph that actually shows the subject,licence,B — one stock or agency licence at the going rate.,AKL-001113,https://images.pexels.com/photos/6015206/pexels-photo-6015206.jpeg,equatorial-guinea/outdoor/a-forest-path-descending-towards-the-sea-on-southern-bioko-equatorial-.avif,2,/places/equatorial-guinea/walking-bioko.html,/places/equatorial-guinea/walking-bioko.html,"relevance 2.5; the provider calls it ""drone view of treetops""",pexels,Alesia  Kozik,https://www.pexels.com/photo/drone-view-of-treetops-6015206/
587,"W6 licence, long tail",REPLACE,pexels:17845822,4,no price attached,62%,P3,equatorial-guinea,black sand and green,photography,"rain over black sand and rainforest at Ureca on Bioko, Equatorial Guinea",16/9 and 21/9 and 4/3,2100,licence a photograph that actually shows the subject,licence,B — one stock or agency licence at the going rate.,AKL-001114,https://images.pexels.com/photos/17845822/pexels-photo-17845822.jpeg,equatorial-guinea/photography/rain-over-black-sand-and-rainforest-at-ureca-on-bioko-equatorial-guine.avif,3,/places/equatorial-guinea/black-sand-and-green.html,/places/equatorial-guinea/black-sand-and-green.html,"relevance 3.9; the provider calls it ""breeze on a sandy beach and mountain landscape""",pexels,Fernando  Vega,https://www.pexels.com/photo/breeze-on-a-sandy-beach-and-mountain-landscape-17845822/
588,"W6 licence, long tail",REPLACE,pexels:10362442,4,no price attached,62%,P3,equatorial-guinea,monte alen,safari,"rainforest and a river valley in Monte Alen National Park, Equatorial Guinea",16/9 and 4/3,1600,licence a photograph that actually shows the subject,licence,B — one stock or agency licence at the going rate.,AKL-001115,https://images.pexels.com/photos/10362442/pexels-photo-10362442.jpeg,equatorial-guinea/safari/rainforest-and-a-river-valley-in-monte-alen-national-park-equatorial-g.avif,2,/places/equatorial-guinea/monte-alen.html,/places/equatorial-guinea/monte-alen.html,relevance 2.7,pexels,ali burhan,https://www.pexels.com/photo/green-moss-on-rocks-in-river-10362442/
589,"W6 licence, long tail",REPLACE,pexels:38197485,4,no price attached,62%,P3,equatorial-guinea,the bubi,traditional-people,"Aerial landscape of a lush green valley with a small village surrounded by dense forests., Equatorial Guinea",16/9 and 4/5 and 4/3,1600,licence a photograph that actually shows the subject,licence,B — one stock or agency licence at the going rate.,AKL-001116,https://images.pexels.com/photos/38197485/pexels-photo-38197485.jpeg,equatorial-guinea/traditional-people/aerial-landscape-of-a-lush-green-valley-with-a-small-village-surrounde.avif,3,/places/equatorial-guinea/the-bubi.html,/places/equatorial-guinea/the-bubi.html,relevance 3.0,pexels,Yunus Tuğ,https://www.pexels.com/photo/aerial-view-of-rural-village-in-verdant-valley-38197485/
590,"W6 licence, long tail",REPLACE,pexels:14055689,4,no price attached,62%,P3,equatorial-guinea,iladyi,waterfalls,"the Iladyi cascade falling from the caldera rim on Bioko, Equatorial Guinea",16/9 and 4/3,1600,licence a photograph that actually shows the subject,licence,B — one stock or agency licence at the going rate.,AKL-001117,https://images.pexels.com/photos/14055689/pexels-photo-14055689.jpeg,equatorial-guinea/waterfalls/the-iladyi-cascade-falling-from-the-caldera-rim-on-bioko-equatorial-gu.avif,3,/places/equatorial-guinea/iladyi.html,/places/equatorial-guinea/iladyi.html,"relevance 2.3; the provider calls it ""waterfall in green forest""",pexels,Osmany Mederos,https://www.pexels.com/photo/waterfall-in-green-forest-14055689/
591,"W6 licence, long tail",REPLACE,pexels:37877712,4,no price attached,62%,P3,equatorial-guinea,seven primates on one island,wildlife,"a Bioko drill monkey in the island's cloud forest, Equatorial Guinea",16/9,1800,licence a photograph that actually shows the subject,licence,B — one stock or agency licence at the going rate.,AKL-001118,https://images.pexels.com/photos/37877712/pexels-photo-37877712.jpeg,equatorial-guinea/wildlife/a-bioko-drill-monkey-in-the-island-s-cloud-forest-equatorial-guinea.avif,4,/places/equatorial-guinea/seven-primates-on-one-island.html,/equatorial-guinea.html,relevance 2.5,pexels,kevin yung,https://www.pexels.com/photo/stunning-waterfalls-in-lush-indonesian-forest-37877712/
592,"W6 licence, long tail",REPLACE,pexels:5118521,4,no price attached,62%,P3,sao-tome-and-principe,walking and diving,adventure,"High angle back view of faceless hikers with backpacks walking on pathway in lush rainforest, Sao Tome and Principe",16/9,1800,licence a photograph that actually shows the subject,licence,B — one stock or agency licence at the going rate.,AKL-001119,https://images.pexels.com/photos/5118521/pexels-photo-5118521.jpeg,sao-tome-and-principe/adventure/high-angle-back-view-of-faceless-hikers-with-backpacks-walking-on-path.avif,2,/places/sao-tome-and-principe/walking-and-diving.html,/places/sao-tome-and-principe/walking-and-diving.html,relevance 2.7,pexels,Quang Nguyen Vinh,https://www.pexels.com/photo/group-of-tourists-walking-through-tropical-forest-5118521/
593,"W6 licence, long tail",REPLACE,pexels:36014513,4,no price attached,62%,P3,sao-tome-and-principe,portuguese colonial and roca,architecture,"Relaxing indoor scene of a person reading Santo Agostinho book., Sao Tome and Principe",16/9 and 3/2 and 4/3,1600,licence a photograph that actually shows the subject,licence,B — one stock or agency licence at the going rate.,AKL-001120,https://images.pexels.com/photos/36014513/pexels-photo-36014513.png,sao-tome-and-principe/architecture/relaxing-indoor-scene-of-a-person-reading-santo-agostinho-book-sao-tom.avif,3,/places/sao-tome-and-principe/portuguese-colonial-and-roca.html,/places/sao-tome-and-principe/portuguese-colonial-and-roca.html,relevance 2.7,pexels,Mayara Caroline  Mombelli,https://www.pexels.com/photo/cozy-reading-nook-with-santo-agostinho-book-36014513/
594,"W6 licence, long tail",REPLACE,pexels:8617664,4,no price attached,62%,P3,sao-tome-and-principe,praia jale and banana beach,beaches,"the curved palm-backed sand of Banana Beach on Principe, Sao Tome and Principe",16/9 and 4/3,1800,licence a photograph that actually shows the subject,licence,B — one stock or agency licence at the going rate.,AKL-001121,https://images.pexels.com/photos/8617664/pexels-photo-8617664.jpeg,sao-tome-and-principe/beaches/the-curved-palm-backed-sand-of-banana-beach-on-principe-sao-tome-and-p.avif,4,/places/sao-tome-and-principe/praia-jale-and-banana-beach.html,/sao-tome-and-principe.html,"the provider calls it ""gray rock formations on sea""",pexels,Jade Orhville,https://www.pexels.com/photo/gray-rock-formations-on-sea-8617664/
595,"W6 licence, long tail",REPLACE,pexels:8900912,4,no price attached,62%,P3,sao-tome-and-principe,cocoa coffee and carving,crafts,"cocoa beans drying on a wooden rack in the sun, Sao Tome and Principe",16/9 and 4/3,1600,licence a photograph that actually shows the subject,licence,B — one stock or agency licence at the going rate.,AKL-001122,https://images.pexels.com/photos/8900912/pexels-photo-8900912.jpeg,sao-tome-and-principe/crafts/cocoa-beans-drying-on-a-wooden-rack-in-the-sun-sao-tome-and-principe.avif,2,/places/sao-tome-and-principe/cocoa-coffee-and-carving.html,/places/sao-tome-and-principe/cocoa-coffee-and-carving.html,"the provider calls it ""yellow cacao fruit""",pexels,Ákos Helgert,https://www.pexels.com/photo/yellow-cacao-fruit-8900912/
596,"W6 licence, long tail",REPLACE,pexels:6416320,4,no price attached,62%,P3,sao-tome-and-principe,auto de floripes,festivals,"costumed performers in the Auto de Floripes on Principe, Sao Tome and Principe",16/9 and 3/2 and 4/3,1600,licence a photograph that actually shows the subject,licence,B — one stock or agency licence at the going rate.,AKL-001123,https://images.pexels.com/photos/6416320/pexels-photo-6416320.jpeg,sao-tome-and-principe/festivals/costumed-performers-in-the-auto-de-floripes-on-principe-sao-tome-and-p.avif,3,/places/sao-tome-and-principe/auto-de-floripes.html,/places/sao-tome-and-principe/auto-de-floripes.html,"relevance 2.5; the provider calls it ""automobile driving on road against exotic trees on r""",pexels,Quang Nguyen Vinh,https://www.pexels.com/photo/automobile-driving-on-road-against-exotic-trees-on-ridge-6416320/
597,"W6 licence, long tail",REPLACE,pexels:4078086,4,no price attached,62%,P3,sao-tome-and-principe,calulu and chocolate,food,"a plate of calulu with breadfruit and rice, Sao Tome and Principe",16/9 and 4/3,1600,licence a photograph that actually shows the subject,licence,B — one stock or agency licence at the going rate.,AKL-001124,https://images.pexels.com/photos/4078086/pexels-photo-4078086.jpeg,sao-tome-and-principe/food/a-plate-of-calulu-with-breadfruit-and-rice-sao-tome-and-principe.avif,2,/places/sao-tome-and-principe/calulu-and-chocolate.html,/places/sao-tome-and-principe/calulu-and-chocolate.html,"the provider calls it ""green fruit on tree""",pexels,Quang Nguyen Vinh,https://www.pexels.com/photo/green-fruit-on-tree-4078086/
598,"W6 licence, long tail",REPLACE,pexels:36928200,4,no price attached,62%,P3,sao-tome-and-principe,principe biosphere,heritage,"forested peaks and coastline on Principe island, Sao Tome and Principe",16/9 and 4/3,1600,licence a photograph that actually shows the subject,licence,B — one stock or agency licence at the going rate.,AKL-001125,https://images.pexels.com/photos/36928200/pexels-photo-36928200.jpeg,sao-tome-and-principe/heritage/forested-peaks-and-coastline-on-principe-island-sao-tome-and-principe.avif,3,/places/sao-tome-and-principe/principe-biosphere.html,/places/sao-tome-and-principe/principe-biosphere.html,"the provider calls it ""scenic tropical coastal view with palm trees""",pexels,Atharv Ingle,https://www.pexels.com/photo/scenic-tropical-coastal-view-with-palm-trees-36928200/
599,"W6 licence, long tail",REPLACE,unsplash:dTa1LJAJvhI,4,no price attached,62%,P3,sao-tome-and-principe,roca agostinho neto,hidden-gems,Hidden Gems in Sao Tome and Principe,16/9 and 4/3,1600,licence a photograph that actually shows the subject,licence,B — one stock or agency licence at the going rate.,AKL-001126,https://images.unsplash.com/photo-1621703455854-050a995b6d10,sao-tome-and-principe/hidden-gems/hidden-gems-in-sao-tome-and-principe.avif,2,/places/sao-tome-and-principe/roca-agostinho-neto.html,/places/sao-tome-and-principe/roca-agostinho-neto.html,"query broadened to category; the provider calls it ""white and black remote control""",unsplash,James Yarema,https://unsplash.com/photos/white-and-black-remote-control-dTa1LJAJvhI
600,"W6 licence, long tail",REPLACE,pexels:11648300,4,no price attached,62%,P3,sao-tome-and-principe,the rocas,historic-sites,"the arcaded courtyard of an abandoned roca plantation house, Sao Tome and Principe",16/9 and 4/3,1600,licence a photograph that actually shows the subject,licence,B — one stock or agency licence at the going rate.,AKL-001127,https://images.pexels.com/photos/11648300/pexels-photo-11648300.jpeg,sao-tome-and-principe/historic-sites/the-arcaded-courtyard-of-an-abandoned-roca-plantation-house-sao-tome-a.avif,2,/places/sao-tome-and-principe/the-rocas.html,/places/sao-tome-and-principe/the-rocas.html,"the provider calls it ""the facade of a church""",pexels,Sami  Aksu,https://www.pexels.com/photo/the-facade-of-a-church-11648300/
601,"W6 licence, long tail",REPLACE,pexels:27674619,4,no price attached,62%,P3,sao-tome-and-principe,the fish landing,local-life,"fishermen landing dugout canoes through surf on a black beach, Sao Tome and Principe",16/9 and 3/2 and 4/3,1600,licence a photograph that actually shows the subject,licence,B — one stock or agency licence at the going rate.,AKL-001128,https://images.pexels.com/photos/27674619/pexels-photo-27674619.jpeg,sao-tome-and-principe/local-life/fishermen-landing-dugout-canoes-through-surf-on-a-black-beach-sao-tome.avif,3,/places/sao-tome-and-principe/the-fish-landing.html,/places/sao-tome-and-principe/the-fish-landing.html,"the provider calls it ""two people in a boat""",pexels,B. Aristotlè Guweh Jr,https://www.pexels.com/photo/two-people-in-a-boat-27674619/
602,"W6 licence, long tail",REPLACE,pexels:18077634,4,no price attached,62%,P3,sao-tome-and-principe,pico de sao tome,mountains,"the cloud-covered summit of Pico de Sao Tome above forest, Sao Tome and Principe",16/9 and 4/3,1800,licence a photograph that actually shows the subject,licence,B — one stock or agency licence at the going rate.,AKL-001129,https://images.pexels.com/photos/18077634/pexels-photo-18077634.jpeg,sao-tome-and-principe/mountains/the-cloud-covered-summit-of-pico-de-sao-tome-above-forest-sao-tome-and.avif,4,/places/sao-tome-and-principe/pico-de-sao-tome.html,/sao-tome-and-principe.html,"the provider calls it ""mountain peak in a valley""",pexels,ByChelo,https://www.pexels.com/photo/mountain-peak-in-a-valley-18077634/
603,"W6 licence, long tail",REPLACE,pexels:4557416,4,no price attached,62%,P3,sao-tome-and-principe,obo,nature,"dense Obo rainforest running down to the sea, Sao Tome and Principe",16/9 and 21/9 and 4/3,2100,licence a photograph that actually shows the subject,licence,B — one stock or agency licence at the going rate.,AKL-001130,https://images.pexels.com/photos/4557416/pexels-photo-4557416.jpeg,sao-tome-and-principe/nature/dense-obo-rainforest-running-down-to-the-sea-sao-tome-and-principe.avif,4,/places/sao-tome-and-principe/obo.html,/sao-tome-and-principe.html,"the provider calls it ""green trees in the forest""",pexels,Henrique Prado,https://www.pexels.com/photo/green-trees-in-the-forest-4557416/
604,"W6 licence, long tail",REPLACE,pexels:18781491,4,no price attached,62%,P3,sao-tome-and-principe,climbing the pico,outdoor,"a muddy trail through mossy cloud forest on the Pico, Sao Tome and Principe",16/9 and 4/3,1600,licence a photograph that actually shows the subject,licence,B — one stock or agency licence at the going rate.,AKL-001131,https://images.pexels.com/photos/18781491/pexels-photo-18781491.jpeg,sao-tome-and-principe/outdoor/a-muddy-trail-through-mossy-cloud-forest-on-the-pico-sao-tome-and-prin.avif,2,/places/sao-tome-and-principe/climbing-the-pico.html,/places/sao-tome-and-principe/climbing-the-pico.html,"the provider calls it ""view of sea and a distant mountain covered by clouds""",pexels,Ramon Perucho,https://www.pexels.com/photo/view-of-sea-and-a-distant-mountain-covered-by-clouds-18781491/
605,"W6 licence, long tail",REPLACE,pexels:4616831,4,no price attached,62%,P3,sao-tome-and-principe,sea not savanna,safari,"a humpback whale off the coast of Principe, Sao Tome and Principe",16/9 and 4/3,1600,licence a photograph that actually shows the subject,licence,B — one stock or agency licence at the going rate.,AKL-001132,https://images.pexels.com/photos/4616831/pexels-photo-4616831.jpeg,sao-tome-and-principe/safari/a-humpback-whale-off-the-coast-of-principe-sao-tome-and-principe.avif,2,/places/sao-tome-and-principe/sea-not-savanna.html,/places/sao-tome-and-principe/sea-not-savanna.html,"the provider calls it ""sea water washing sandy beach in sunny day""",pexels,Keith Lobo,https://www.pexels.com/photo/sea-water-washing-sandy-beach-in-sunny-day-4616831/
606,"W6 licence, long tail",REPLACE,pexels:20559357,4,no price attached,62%,P3,sao-tome-and-principe,sao nicolau,waterfalls,"the Sao Nicolau waterfall falling through dense forest, Sao Tome and Principe",16/9 and 4/3,1600,licence a photograph that actually shows the subject,licence,B — one stock or agency licence at the going rate.,AKL-001133,https://images.pexels.com/photos/20559357/pexels-photo-20559357.jpeg,sao-tome-and-principe/waterfalls/the-sao-nicolau-waterfall-falling-through-dense-forest-sao-tome-and-pr.avif,3,/places/sao-tome-and-principe/sao-nicolau.html,/places/sao-tome-and-principe/sao-nicolau.html,"the provider calls it ""moss on a rock""",pexels,Eduardo Gorghetto,https://www.pexels.com/photo/moss-on-a-rock-20559357/
607,"W6 licence, long tail",REPLACE,pexels:29558160,4,no price attached,59%,P3,sudan,mud brick and painted doors,architecture,"a vaulted Nubian mud-brick house with a painted gateway, Sudan",16/9 and 3/2 and 4/3,1600,licence a photograph that actually shows the subject,licence,B — one stock or agency licence at the going rate.,AKL-001134,https://images.pexels.com/photos/29558160/pexels-photo-29558160.jpeg,sudan/architecture/a-vaulted-nubian-mud-brick-house-with-a-painted-gateway-sudan.avif,3,/places/sudan/mud-brick-and-painted-doors.html,/places/sudan/mud-brick-and-painted-doors.html,relevance 2.7,pexels,Dr Photographer,https://www.pexels.com/photo/close-up-of-brown-nubian-goat-resting-outdoors-29558160/
608,"W6 licence, long tail",REPLACE,pexels:32293259,4,no price attached,59%,P3,sudan,reefs nobody dives,beaches,"a coral wall and reef fish at Sanganeb atoll in the Red Sea, Sudan",16/9 and 4/3,1800,licence a photograph that actually shows the subject,licence,B — one stock or agency licence at the going rate.,AKL-001135,https://images.pexels.com/photos/32293259/pexels-photo-32293259.jpeg,sudan/beaches/a-coral-wall-and-reef-fish-at-sanganeb-atoll-in-the-red-sea-sudan.avif,4,/places/sudan/reefs-nobody-dives.html,/sudan.html,"the provider calls it ""diving adventure in the red sea depths""",pexels,Daniel Shipilov,https://www.pexels.com/photo/diving-adventure-in-the-red-sea-depths-32293259/
609,"W6 licence, long tail",REPLACE,pexels:20895317,4,no price attached,59%,P3,sudan,khartoum and omdurman,cities,"Lively evening marketplace in Marrakech, filled with people and vibrant stalls., Sudan",16/9 and 4/3,1600,licence a photograph that actually shows the subject,licence,B — one stock or agency licence at the going rate.,AKL-001136,https://images.pexels.com/photos/20895317/pexels-photo-20895317.jpeg,sudan/cities/lively-evening-marketplace-in-marrakech-filled-with-people-and-vibrant.avif,2,/places/sudan/khartoum-and-omdurman.html,/places/sudan/khartoum-and-omdurman.html,relevance 3.9,pexels,Mathias Dargnat,https://www.pexels.com/photo/bazaar-in-city-in-evening-20895317/
610,"W6 licence, long tail",REPLACE,pexels:36198451,4,no price attached,59%,P3,sudan,basketry and silver,crafts,"Artistic close-up of palm leaf creating diagonal abstract patterns., Sudan",16/9 and 4/3,1600,licence a photograph that actually shows the subject,licence,B — one stock or agency licence at the going rate.,AKL-001137,https://images.pexels.com/photos/36198451/pexels-photo-36198451.jpeg,sudan/crafts/artistic-close-up-of-palm-leaf-creating-diagonal-abstract-patterns-sud.avif,2,/places/sudan/basketry-and-silver.html,/places/sudan/basketry-and-silver.html,relevance 2.7,pexels,Magda Ehlers,https://www.pexels.com/photo/close-up-abstract-of-palm-leaf-patterns-36198451/
611,"W6 licence, long tail",REPLACE,pexels:11825299,4,no price attached,59%,P3,sudan,gum arabic and the acacia belt,eco-tourism,"a tapped acacia trunk with gum arabic crystals on the bark, Sudan",16/9 and 4/3,1600,licence a photograph that actually shows the subject,licence,B — one stock or agency licence at the going rate.,AKL-001138,https://images.pexels.com/photos/11825299/pexels-photo-11825299.jpeg,sudan/eco-tourism/a-tapped-acacia-trunk-with-gum-arabic-crystals-on-the-bark-sudan.avif,2,/places/sudan/gum-arabic-and-the-acacia-belt.html,/places/sudan/gum-arabic-and-the-acacia-belt.html,"the provider calls it ""close up shot of tree log""",pexels,Engin Akyurt,https://www.pexels.com/photo/close-up-shot-of-tree-log-11825299/
612,"W6 licence, long tail",REPLACE,pexels:15131486,4,no price attached,59%,P3,sudan,the nile at tuti,family-community,"small farms and palms on Tuti island in the Nile at Khartoum, Sudan",16/9 and 4/3,1600,licence a photograph that actually shows the subject,licence,B — one stock or agency licence at the going rate.,AKL-001139,https://images.pexels.com/photos/15131486/pexels-photo-15131486.jpeg,sudan/family-community/small-farms-and-palms-on-tuti-island-in-the-nile-at-khartoum-sudan.avif,2,/places/sudan/the-nile-at-tuti.html,/places/sudan/the-nile-at-tuti.html,"the provider calls it ""boats in sea""",pexels,Diego F. Parra,https://www.pexels.com/photo/boats-in-sea-15131486/
613,"W6 licence, long tail",REPLACE,pexels:6252676,4,no price attached,59%,P3,sudan,ful and kisra,food,"a bowl of ful medames with bread and tea on a table, Sudan",16/9 and 4/3,1600,licence a photograph that actually shows the subject,licence,B — one stock or agency licence at the going rate.,AKL-001140,https://images.pexels.com/photos/6252676/pexels-photo-6252676.jpeg,sudan/food/a-bowl-of-ful-medames-with-bread-and-tea-on-a-table-sudan.avif,2,/places/sudan/ful-and-kisra.html,/places/sudan/ful-and-kisra.html,"the provider calls it ""close up shot of hummus on bowls""",pexels,Nataliya Vaitkevich,https://www.pexels.com/photo/close-up-shot-of-hummus-on-bowls-6252676/
614,"W6 licence, long tail",REPLACE,pexels:27572146,4,no price attached,59%,P3,sudan,acacia and doum palm,forests,an acacia woodland tapped for gum arabic in central Sudan,16/9 and 4/3,1600,licence a photograph that actually shows the subject,licence,B — one stock or agency licence at the going rate.,AKL-001141,https://images.pexels.com/photos/27572146/pexels-photo-27572146.jpeg,sudan/forests/an-acacia-woodland-tapped-for-gum-arabic-in-central-sudan.avif,4,/places/sudan/acacia-and-doum-palm.html,/sudan.html,"the provider calls it ""a close up of a tree with small fruits""",pexels,哲聖 林,https://www.pexels.com/photo/a-close-up-of-a-tree-with-small-fruits-27572146/
615,"W6 licence, long tail",REPLACE,pexels:32706048,4,no price attached,59%,P3,sudan,kush,heritage,"the flat-topped Gebel Barkal with the temple ruins at its base, Sudan",16/9 and 4/3,1600,licence a photograph that actually shows the subject,licence,B — one stock or agency licence at the going rate.,AKL-001142,https://images.pexels.com/photos/32706048/pexels-photo-32706048.jpeg,sudan/heritage/the-flat-topped-gebel-barkal-with-the-temple-ruins-at-its-base-sudan.avif,3,/places/sudan/kush.html,/places/sudan/kush.html,relevance 2.5,pexels,Michelle Chadwick,https://www.pexels.com/photo/ancient-egyptian-relief-of-gods-in-temple-32706048/
616,"W6 licence, long tail",REPLACE,pexels:18934583,4,no price attached,59%,P3,sudan,meroe nuri and el kurru,historic-sites,"the pyramid field at Nuri with the Nile beyond, Sudan",16/9 and 4/3,1600,licence a photograph that actually shows the subject,licence,B — one stock or agency licence at the going rate.,AKL-001143,https://images.pexels.com/photos/18934583/pexels-photo-18934583.jpeg,sudan/historic-sites/the-pyramid-field-at-nuri-with-the-nile-beyond-sudan.avif,2,/places/sudan/meroe-nuri-and-el-kurru.html,/places/sudan/meroe-nuri-and-el-kurru.html,"the provider calls it ""ancient temple in egypt""",pexels,AXP Photography,https://www.pexels.com/photo/ancient-temple-in-egypt-18934583/
617,"W6 licence, long tail",REPLACE,pexels:9386245,4,no price attached,59%,P3,sudan,very little,luxury,"a tented camp on sand within sight of the Meroe pyramids, Sudan",16/9 and 4/3,1600,licence a photograph that actually shows the subject,licence,B — one stock or agency licence at the going rate.,AKL-001144,https://images.pexels.com/photos/9386245/pexels-photo-9386245.jpeg,sudan/luxury/a-tented-camp-on-sand-within-sight-of-the-meroe-pyramids-sudan.avif,2,/places/sudan/very-little.html,/places/sudan/very-little.html,"relevance 2.5; the provider calls it ""a tent and desert in the distance""",pexels,Hani ryad,https://www.pexels.com/photo/a-tent-and-desert-in-the-distance-9386245/
618,"W6 licence, long tail",REPLACE,pexels:9335683,4,no price attached,59%,P3,sudan,the red sea hills and jebel marra,mountains,"A breathtaking view of a mountain range under a vivid blue sky with scattered clouds., Sudan",16/9 and 4/3,1800,licence a photograph that actually shows the subject,licence,B — one stock or agency licence at the going rate.,AKL-001145,https://images.pexels.com/photos/9335683/pexels-photo-9335683.jpeg,sudan/mountains/a-breathtaking-view-of-a-mountain-range-under-a-vivid-blue-sky-with-sc.avif,4,/places/sudan/the-red-sea-hills-and-jebel-marra.html,/sudan.html,relevance 2.4,pexels,Djamel Ramdani,https://www.pexels.com/photo/rocky-mountains-under-white-clouds-9335683/
619,"W6 licence, long tail",REPLACE,pexels:35962897,4,no price attached,59%,P3,sudan,pyramids and dunes,photography,"Textured sand dunes with intricate wave patterns captured at sunset, creating shadows and depth., Sudan",16/9 and 21/9 and 4/3,2100,licence a photograph that actually shows the subject,licence,B — one stock or agency licence at the going rate.,AKL-001146,https://images.pexels.com/photos/35962897/pexels-photo-35962897.jpeg,sudan/photography/textured-sand-dunes-with-intricate-wave-patterns-captured-at-sunset-cr.avif,3,/places/sudan/pyramids-and-dunes.html,/places/sudan/pyramids-and-dunes.html,relevance 3.9,pexels,Stephen Leonardi,https://www.pexels.com/photo/rippling-sand-dunes-at-sunset-35962897/
620,"W6 licence, long tail",REPLACE,pexels:15994213,4,no price attached,59%,P3,sudan,dinder,safari,"acacia woodland and a waterhole in Dinder National Park, Sudan",16/9 and 4/3,1600,licence a photograph that actually shows the subject,licence,B — one stock or agency licence at the going rate.,AKL-001147,https://images.pexels.com/photos/15994213/pexels-photo-15994213.jpeg,sudan/safari/acacia-woodland-and-a-waterhole-in-dinder-national-park-sudan.avif,2,/places/sudan/dinder.html,/places/sudan/dinder.html,"relevance 2.7; the provider calls it ""zebra drinking water from river""",pexels,Balazs Simon,https://www.pexels.com/photo/zebra-drinking-water-from-river-15994213/
621,"W6 licence, long tail",REPLACE,pexels:5339794,4,no price attached,59%,P3,sudan,why sudan,why-visit,"a lone figure walking among the pyramids of Meroe, Sudan",16/9 and 21/9,2400,licence a photograph that actually shows the subject,licence,B — one stock or agency licence at the going rate.,AKL-001148,https://images.pexels.com/photos/5339794/pexels-photo-5339794.jpeg,sudan/why-visit/a-lone-figure-walking-among-the-pyramids-of-meroe-sudan.avif,2,/places/sudan/why-sudan.html,/places/sudan/why-sudan.html,"relevance 3.4; the provider calls it ""girl with afro hair smiling""",pexels,Aladdin Mustafa,https://www.pexels.com/photo/girl-with-afro-hair-smiling-5339794/
622,"W6 licence, long tail",REPLACE,pexels:37250999,4,no price attached,59%,P3,togo,towers of mud,architecture,"the sculpted mud tower and granary of a takienta house, Togo",16/9 and 3/2 and 4/3,1600,licence a photograph that actually shows the subject,licence,B — one stock or agency licence at the going rate.,AKL-001149,https://images.pexels.com/photos/37250999/pexels-photo-37250999.jpeg,togo/architecture/the-sculpted-mud-tower-and-granary-of-a-takienta-house-togo.avif,3,/places/togo/towers-of-mud.html,/places/togo/towers-of-mud.html,"the provider calls it ""traditional mud hut with thatched roof""",pexels,Bobby Dimas,https://www.pexels.com/photo/traditional-mud-hut-with-thatched-roof-37250999/
623,"W6 licence, long tail",REPLACE,pexels:10190477,4,no price attached,59%,P3,togo,batik and pottery,crafts,"Neatly arranged white fabrics drying under the sun, held by colorful clothespins against a rustic wall., Togo",16/9 and 4/3,1600,licence a photograph that actually shows the subject,licence,B — one stock or agency licence at the going rate.,AKL-001150,https://images.pexels.com/photos/10190477/pexels-photo-10190477.jpeg,togo/crafts/neatly-arranged-white-fabrics-drying-under-the-sun-held-by-colorful-cl.avif,2,/places/togo/batik-and-pottery.html,/places/togo/batik-and-pottery.html,relevance 2.7,pexels,Maria Tsegelnik,https://www.pexels.com/photo/washed-rags-drying-on-a-clothesline-10190477/
624,"W6 licence, long tail",REPLACE,pexels:35931231,4,no price attached,59%,P3,togo,ewe kabye tem batammariba,culture,"an Ewe drumming group performing in a village, Togo",16/9,1800,licence a photograph that actually shows the subject,licence,B — one stock or agency licence at the going rate.,AKL-001151,https://images.pexels.com/photos/35931231/pexels-photo-35931231.jpeg,togo/culture/an-ewe-drumming-group-performing-in-a-village-togo.avif,4,/places/togo/ewe-kabye-tem-batammariba.html,/togo.html,"relevance 2.5; the provider calls it ""close up of sheep with colorful beads in outdoor set""",pexels,Kadir Altıntaş,https://www.pexels.com/photo/close-up-of-sheep-with-colorful-beads-in-outdoor-setting-35931231/
625,"W6 licence, long tail",REPLACE,pexels:11669252,4,no price attached,59%,P3,togo,butterflies at kloto,eco-tourism,"a guide showing butterflies in the Kloto forest, Togo",16/9 and 4/3,1600,licence a photograph that actually shows the subject,licence,B — one stock or agency licence at the going rate.,AKL-001152,https://images.pexels.com/photos/11669252/pexels-photo-11669252.jpeg,togo/eco-tourism/a-guide-showing-butterflies-in-the-kloto-forest-togo.avif,2,/places/togo/butterflies-at-kloto.html,/places/togo/butterflies-at-kloto.html,"the provider calls it ""close up of a butterfly""",pexels,Quang Nguyen Vinh,https://www.pexels.com/photo/close-up-of-a-butterfly-11669252/
626,"W6 licence, long tail",REPLACE,pexels:16025968,4,no price attached,59%,P3,togo,beach and waterfall in a day,family-community,"a family swimming in a pool below a waterfall near Kpalime, Togo",16/9 and 4/3,1600,licence a photograph that actually shows the subject,licence,B — one stock or agency licence at the going rate.,AKL-001153,https://images.pexels.com/photos/16025968/pexels-photo-16025968.jpeg,togo/family-community/a-family-swimming-in-a-pool-below-a-waterfall-near-kpalime-togo.avif,2,/places/togo/beach-and-waterfall-in-a-day.html,/places/togo/beach-and-waterfall-in-a-day.html,"relevance 3.5; the provider calls it ""man in shirt standing by group of people""",pexels,AFRIQUE  AYELE-Y,https://www.pexels.com/photo/man-in-shirt-standing-by-group-of-people-16025968/
627,"W6 licence, long tail",REPLACE,pexels:37786278,4,no price attached,59%,P3,togo,evala and the voodoo market,festivals,"young men wrestling at the Evala festival in Kabye country, Togo",16/9 and 3/2 and 4/3,1600,licence a photograph that actually shows the subject,licence,B — one stock or agency licence at the going rate.,AKL-001154,https://images.pexels.com/photos/37786278/pexels-photo-37786278.jpeg,togo/festivals/young-men-wrestling-at-the-evala-festival-in-kabye-country-togo.avif,3,/places/togo/evala-and-the-voodoo-market.html,/places/togo/evala-and-the-voodoo-market.html,"the provider calls it ""three stylish individuals in urban setting""",pexels,The Chongaiman Ace,https://www.pexels.com/photo/three-stylish-individuals-in-urban-setting-37786278/
628,"W6 licence, long tail",REPLACE,pexels:5051299,4,no price attached,59%,P3,togo,the kloto forest,forests,"butterflies on a forest path in the Kloto hills, Togo",16/9 and 4/3,1600,licence a photograph that actually shows the subject,licence,B — one stock or agency licence at the going rate.,AKL-001155,https://images.pexels.com/photos/5051299/pexels-photo-5051299.jpeg,togo/forests/butterflies-on-a-forest-path-in-the-kloto-hills-togo.avif,4,/places/togo/the-kloto-forest.html,/togo.html,"the provider calls it ""butterfly on a leaf""",pexels,Valeriia Miller,https://www.pexels.com/photo/butterfly-on-a-leaf-5051299/
629,"W6 licence, long tail",REPLACE,pexels:29565251,4,no price attached,59%,P3,togo,koutammakou listed,heritage,"a cluster of takienta tower houses among fields at Koutammakou, Togo",16/9 and 4/3,1600,licence a photograph that actually shows the subject,licence,B — one stock or agency licence at the going rate.,AKL-001156,https://images.pexels.com/photos/29565251/pexels-photo-29565251.jpeg,togo/heritage/a-cluster-of-takienta-tower-houses-among-fields-at-koutammakou-togo.avif,3,/places/togo/koutammakou-listed.html,/places/togo/koutammakou-listed.html,relevance 2.5,pexels,İrfan Simsar,https://www.pexels.com/photo/modern-architectural-tower-against-blue-sky-29565251/
630,"W6 licence, long tail",REPLACE,pexels:16026516,4,no price attached,59%,P3,togo,aneho and lake togo,hidden-gems,"a quiet street of faded colonial houses at Aneho, Togo",16/9 and 4/3,1600,licence a photograph that actually shows the subject,licence,B — one stock or agency licence at the going rate.,AKL-001157,https://images.pexels.com/photos/16026516/pexels-photo-16026516.jpeg,togo/hidden-gems/a-quiet-street-of-faded-colonial-houses-at-aneho-togo.avif,2,/places/togo/aneho-and-lake-togo.html,/places/togo/aneho-and-lake-togo.html,"the provider calls it ""portrait of man with short hair""",pexels,AFRIQUE  AYELE-Y,https://www.pexels.com/photo/portrait-of-man-with-short-hair-16026516/
631,"W6 licence, long tail",REPLACE,pexels:35602815,4,no price attached,59%,P3,togo,lake togo and the mono,lakes-rivers,pirogues on the shallow water of Lake Togo,16/9 and 4/5 and 4/3,1600,licence a photograph that actually shows the subject,licence,B — one stock or agency licence at the going rate.,AKL-001158,https://images.pexels.com/photos/35602815/pexels-photo-35602815.jpeg,togo/lakes-rivers/pirogues-on-the-shallow-water-of-lake-togo.avif,3,/places/togo/lake-togo-and-the-mono.html,/places/togo/lake-togo-and-the-mono.html,"the provider calls it ""scenic canoe by rocky lakeside shoreline""",pexels,David Kwewum,https://www.pexels.com/photo/scenic-canoe-by-rocky-lakeside-shoreline-35602815/
632,"W6 licence, long tail",REPLACE,pexels:25559796,4,no price attached,59%,P3,togo,a handful,luxury,"a beach hotel terrace under palms near Lome, Togo",16/9 and 4/3,1600,licence a photograph that actually shows the subject,licence,B — one stock or agency licence at the going rate.,AKL-001159,https://images.pexels.com/photos/25559796/pexels-photo-25559796.jpeg,togo/luxury/a-beach-hotel-terrace-under-palms-near-lome-togo.avif,2,/places/togo/a-handful.html,/places/togo/a-handful.html,relevance 2.5,pexels,Ambareesh Sridhar Photography,https://www.pexels.com/photo/lifeguard-on-a-cloudy-beach-25559796/
633,"W6 licence, long tail",REPLACE,pexels:32186167,4,no price attached,59%,P3,togo,mont agou,mountains,"the forested cone of Mont Agou above villages and farms, Togo",16/9 and 4/3,1800,licence a photograph that actually shows the subject,licence,B — one stock or agency licence at the going rate.,AKL-001160,https://images.pexels.com/photos/32186167/pexels-photo-32186167.jpeg,togo/mountains/the-forested-cone-of-mont-agou-above-villages-and-farms-togo.avif,4,/places/togo/mont-agou.html,/togo.html,relevance 2.5,pexels,Emre Gokceoglu,https://www.pexels.com/photo/pine-branch-with-cone-in-forest-setting-32186167/
634,"W6 licence, long tail",REPLACE,pexels:13282612,4,no price attached,59%,P3,togo,mont agou at dawn,outdoor,"the view from Mont Agou across valleys at first light, Togo",16/9 and 4/3,1600,licence a photograph that actually shows the subject,licence,B — one stock or agency licence at the going rate.,AKL-001161,https://images.pexels.com/photos/13282612/pexels-photo-13282612.jpeg,togo/outdoor/the-view-from-mont-agou-across-valleys-at-first-light-togo.avif,2,/places/togo/mont-agou-at-dawn.html,/places/togo/mont-agou-at-dawn.html,relevance 2.5,pexels,Gérard PITOIS,https://www.pexels.com/photo/view-of-the-mont-saint-michel-abbey-and-surrounding-houses-13282612/
635,"W6 licence, long tail",REPLACE,pexels:37911378,4,no price attached,59%,P3,togo,earth architecture,photography,"late sun on the sculpted walls of takienta houses, Togo",16/9 and 21/9 and 4/3,2100,licence a photograph that actually shows the subject,licence,B — one stock or agency licence at the going rate.,AKL-001162,https://images.pexels.com/photos/37911378/pexels-photo-37911378.jpeg,togo/photography/late-sun-on-the-sculpted-walls-of-takienta-houses-togo.avif,3,/places/togo/earth-architecture.html,/places/togo/earth-architecture.html,relevance 3.8,pexels,Shubham Dhage,https://www.pexels.com/photo/wind-sculpted-sand-dunes-in-golden-hue-37911378/
636,"W6 licence, long tail",REPLACE,pexels:35311560,4,no price attached,59%,P3,togo,small and recovering,safari,a waterhole and buffalo tracks in a Togolese reserve,16/9 and 4/3,1600,licence a photograph that actually shows the subject,licence,B — one stock or agency licence at the going rate.,AKL-001163,https://images.pexels.com/photos/35311560/pexels-photo-35311560.jpeg,togo/safari/a-waterhole-and-buffalo-tracks-in-a-togolese-reserve.avif,2,/places/togo/small-and-recovering.html,/places/togo/small-and-recovering.html,relevance 3.0,pexels,Derek Keats,https://www.pexels.com/photo/cape-buffalo-with-red-billed-oxpeckers-in-africa-35311560/
637,"W6 licence, long tail",REPLACE,pexels:17979480,4,no price attached,59%,P3,togo,why togo,why-visit,a road running north through changing country in Togo,16/9 and 21/9,2400,licence a photograph that actually shows the subject,licence,B — one stock or agency licence at the going rate.,AKL-001164,https://images.pexels.com/photos/17979480/pexels-photo-17979480.jpeg,togo/why-visit/a-road-running-north-through-changing-country-in-togo.avif,2,/places/togo/why-togo.html,/places/togo/why-togo.html,relevance 3.9,pexels,Pexels LATAM,https://www.pexels.com/photo/boys-running-down-a-rural-road-17979480/
638,"W6 licence, long tail",REPLACE,pexels:36713806,4,no price attached,58%,P3,eritrea,the massawa road,adventure,"a steam locomotive on the mountain railway above Asmara, Eritrea",16/9,1800,licence a photograph that actually shows the subject,licence,B — one stock or agency licence at the going rate.,AKL-001165,https://images.pexels.com/photos/36713806/pexels-photo-36713806.jpeg,eritrea/adventure/a-steam-locomotive-on-the-mountain-railway-above-asmara-eritrea.avif,2,/places/eritrea/the-massawa-road.html,/places/eritrea/the-massawa-road.html,"the provider calls it ""street view with auto rickshaws in gondar ethiopia""",pexels,Abenezer Muluken,https://www.pexels.com/photo/street-view-with-auto-rickshaws-in-gondar-ethiopia-36713806/
639,"W6 licence, long tail",REPLACE,pexels:11728021,4,no price attached,58%,P3,eritrea,futurist and coral,architecture,"the arched coral-stone facade of an old Massawa merchant house, Eritrea",16/9 and 3/2 and 4/3,1600,licence a photograph that actually shows the subject,licence,B — one stock or agency licence at the going rate.,AKL-001166,https://images.pexels.com/photos/11728021/pexels-photo-11728021.jpeg,eritrea/architecture/the-arched-coral-stone-facade-of-an-old-massawa-merchant-house-eritrea.avif,3,/places/eritrea/futurist-and-coral.html,/places/eritrea/futurist-and-coral.html,"the provider calls it ""low angle shot of an abandoned building under the bl""",pexels,Yasser Mutwakil ياسر متوكل,https://www.pexels.com/photo/low-angle-shot-of-an-abandoned-building-under-the-blue-sky-11728021/
640,"W6 licence, long tail",REPLACE,pexels:28574904,4,no price attached,58%,P3,eritrea,asmara and massawa,cities,"coral-block Ottoman buildings on the waterfront at Massawa, Eritrea",16/9 and 4/3,1600,licence a photograph that actually shows the subject,licence,B — one stock or agency licence at the going rate.,AKL-001167,https://images.pexels.com/photos/28574904/pexels-photo-28574904.jpeg,eritrea/cities/coral-block-ottoman-buildings-on-the-waterfront-at-massawa-eritrea.avif,2,/places/eritrea/asmara-and-massawa.html,/places/eritrea/asmara-and-massawa.html,relevance 3.9,pexels,Helin Gezer,https://www.pexels.com/photo/elegant-ottoman-style-historic-living-room-interior-28574904/
641,"W6 licence, long tail",REPLACE,pexels:10082801,4,no price attached,58%,P3,eritrea,filigree and basketry,crafts,"Close-up of a hand adorned with silver rings resting on flowing white fabric, showcasing elegance and style., Eritrea",16/9 and 4/3,1600,licence a photograph that actually shows the subject,licence,B — one stock or agency licence at the going rate.,AKL-001168,https://images.pexels.com/photos/10082801/pexels-photo-10082801.jpeg,eritrea/crafts/close-up-of-a-hand-adorned-with-silver-rings-resting-on-flowing-white-.avif,2,/places/eritrea/filigree-and-basketry.html,/places/eritrea/filigree-and-basketry.html,relevance 2.7,pexels,zaid  mohammed,https://www.pexels.com/photo/hand-with-silver-rings-10082801/
642,"W6 licence, long tail",REPLACE,pexels:37090477,4,no price attached,58%,P3,eritrea,nine groups two faiths,culture,"people at an outdoor cafe on Harnet Avenue in Asmara, Eritrea",16/9,1800,licence a photograph that actually shows the subject,licence,B — one stock or agency licence at the going rate.,AKL-001169,https://images.pexels.com/photos/37090477/pexels-photo-37090477.jpeg,eritrea/culture/people-at-an-outdoor-cafe-on-harnet-avenue-in-asmara-eritrea.avif,4,/places/eritrea/nine-groups-two-faiths.html,/eritrea.html,"relevance 2.5; the provider calls it ""bustling roadway in african town with mountains""",pexels,Isaac Naph,https://www.pexels.com/photo/bustling-roadway-in-african-town-with-mountains-37090477/
643,"W6 licence, long tail",REPLACE,pexels:20177680,4,no price attached,58%,P3,eritrea,the safest capital around,family-community,"Dynamic street scene capturing a lively city market with people engaging in daily activities., Eritrea",16/9 and 4/3,1600,licence a photograph that actually shows the subject,licence,B — one stock or agency licence at the going rate.,AKL-001170,https://images.pexels.com/photos/20177680/pexels-photo-20177680.jpeg,eritrea/family-community/dynamic-street-scene-capturing-a-lively-city-market-with-people-engagi.avif,2,/places/eritrea/the-safest-capital-around.html,/places/eritrea/the-safest-capital-around.html,relevance 2.2,pexels,Mwakapila Victor,https://www.pexels.com/photo/men-and-bazaar-on-street-in-town-20177680/
644,"W6 licence, long tail",REPLACE,pexels:28645144,4,no price attached,58%,P3,eritrea,meskel and eid,festivals,a Meskel bonfire and crowd in an Eritrean town square,16/9 and 3/2 and 4/3,1600,licence a photograph that actually shows the subject,licence,B — one stock or agency licence at the going rate.,AKL-001171,https://images.pexels.com/photos/28645144/pexels-photo-28645144.jpeg,eritrea/festivals/a-meskel-bonfire-and-crowd-in-an-eritrean-town-square.avif,3,/places/eritrea/meskel-and-eid.html,/places/eritrea/meskel-and-eid.html,"relevance 2.5; the provider calls it ""vibrant night candlelight ceremony gathering""",pexels,Christian  Alemu,https://www.pexels.com/photo/vibrant-night-candlelight-ceremony-gathering-28645144/
645,"W6 licence, long tail",REPLACE,pexels:12921038,4,no price attached,58%,P3,eritrea,asmara listed whole,heritage,"the modernist facade of the Cinema Impero on Harnet Avenue, Eritrea",16/9 and 4/3,1600,licence a photograph that actually shows the subject,licence,B — one stock or agency licence at the going rate.,AKL-001172,https://images.pexels.com/photos/12921038/pexels-photo-12921038.jpeg,eritrea/heritage/the-modernist-facade-of-the-cinema-impero-on-harnet-avenue-eritrea.avif,3,/places/eritrea/asmara-listed-whole.html,/places/eritrea/asmara-listed-whole.html,"relevance 2.5; the provider calls it ""people walking on street near buildings""",pexels,Amar  Preciado,https://www.pexels.com/photo/people-walking-on-street-near-buildings-12921038/
646,"W6 licence, long tail",REPLACE,pexels:7912257,4,no price attached,58%,P3,eritrea,the tank graveyard,hidden-gems,"Old rusty battle tank parked in dense green forest, highlighting history and nature contrast., Eritrea",16/9 and 4/3,1600,licence a photograph that actually shows the subject,licence,B — one stock or agency licence at the going rate.,AKL-001173,https://images.pexels.com/photos/7912257/pexels-photo-7912257.jpeg,eritrea/hidden-gems/old-rusty-battle-tank-parked-in-dense-green-forest-highlighting-histor.avif,2,/places/eritrea/the-tank-graveyard.html,/places/eritrea/the-tank-graveyard.html,relevance 2.7,pexels,bigworldinalens,https://www.pexels.com/photo/battle-tank-parked-under-the-trees-7912257/
647,"W6 licence, long tail",REPLACE,pexels:21622413,4,no price attached,58%,P3,eritrea,the red sea coast,lakes-rivers,clear shallow water over coral off the Eritrean Red Sea coast,16/9 and 4/5 and 4/3,1600,licence a photograph that actually shows the subject,licence,B — one stock or agency licence at the going rate.,AKL-001174,https://images.pexels.com/photos/21622413/pexels-photo-21622413.jpeg,eritrea/lakes-rivers/clear-shallow-water-over-coral-off-the-eritrean-red-sea-coast.avif,3,/places/eritrea/the-red-sea-coast.html,/places/eritrea/the-red-sea-coast.html,"the provider calls it ""silhouette of motorboat on sea at dusk""",pexels,Re pour,https://www.pexels.com/photo/silhouette-of-motorboat-on-sea-at-dusk-21622413/
648,"W6 licence, long tail",REPLACE,pexels:37401861,4,no price attached,58%,P3,eritrea,the passeggiata,local-life,"A serene street scene in a Moroccan market with closed shops and locals present., Eritrea",16/9 and 3/2 and 4/3,1600,licence a photograph that actually shows the subject,licence,B — one stock or agency licence at the going rate.,AKL-001175,https://images.pexels.com/photos/37401861/pexels-photo-37401861.jpeg,eritrea/local-life/a-serene-street-scene-in-a-moroccan-market-with-closed-shops-and-local.avif,3,/places/eritrea/the-passeggiata.html,/places/eritrea/the-passeggiata.html,relevance 3.9,pexels,pierre matile,https://www.pexels.com/photo/quiet-morning-in-a-moroccan-marketplace-37401861/
649,"W6 licence, long tail",REPLACE,pexels:38808768,4,no price attached,58%,P3,eritrea,the escarpment,nature,"Close-up of a person holding coiled rope against Ecuadorian highland landscape., Eritrea",16/9 and 21/9 and 4/3,2100,licence a photograph that actually shows the subject,licence,B — one stock or agency licence at the going rate.,AKL-001176,https://images.pexels.com/photos/38808768/pexels-photo-38808768.jpeg,eritrea/nature/close-up-of-a-person-holding-coiled-rope-against-ecuadorian-highland-l.avif,4,/places/eritrea/the-escarpment.html,/eritrea.html,relevance 2.5,pexels,DΛVΞ GΛRCIΛ,https://www.pexels.com/photo/person-holding-rope-in-ecuadorian-highlands-38808768/
650,"W6 licence, long tail",REPLACE,pexels:30709732,4,no price attached,58%,P3,eritrea,the afar and the rashaida,traditional-people,"a Rashaida woman in an embroidered veil near the Red Sea coast, Eritrea",16/9 and 4/5 and 4/3,1600,licence a photograph that actually shows the subject,licence,B — one stock or agency licence at the going rate.,AKL-001177,https://images.pexels.com/photos/30709732/pexels-photo-30709732.jpeg,eritrea/traditional-people/a-rashaida-woman-in-an-embroidered-veil-near-the-red-sea-coast-eritrea.avif,3,/places/eritrea/the-afar-and-the-rashaida.html,/places/eritrea/the-afar-and-the-rashaida.html,"the provider calls it ""scenic coastal view of egyptian mountain""",pexels,Mido Makasardi ©️,https://www.pexels.com/photo/scenic-coastal-view-of-egyptian-mountain-30709732/
651,"W6 licence, long tail",REPLACE,pexels:16010378,4,no price attached,58%,P3,eritrea,why eritrea,why-visit,"a vintage Fiat parked outside an art deco cinema in Asmara, Eritrea",16/9 and 21/9,2400,licence a photograph that actually shows the subject,licence,B — one stock or agency licence at the going rate.,AKL-001178,https://images.pexels.com/photos/16010378/pexels-photo-16010378.jpeg,eritrea/why-visit/a-vintage-fiat-parked-outside-an-art-deco-cinema-in-asmara-eritrea.avif,2,/places/eritrea/why-eritrea.html,/places/eritrea/why-eritrea.html,relevance 3.9,pexels,Vika Glitter,https://www.pexels.com/photo/close-up-of-red-fiat-126p-16010378/
652,"W6 licence, long tail",REPLACE,pexels:28298538,4,no price attached,58%,P3,eritrea,danakil and dahlak,wildlife,"A wild horse peacefully grazing in an open pasture with distant trees in the background., Eritrea",16/9,1800,licence a photograph that actually shows the subject,licence,B — one stock or agency licence at the going rate.,AKL-001179,https://images.pexels.com/photos/28298538/pexels-photo-28298538.jpeg,eritrea/wildlife/a-wild-horse-peacefully-grazing-in-an-open-pasture-with-distant-trees-.avif,4,/places/eritrea/danakil-and-dahlak.html,/eritrea.html,relevance 2.5,pexels,Pranav Chaugule,https://www.pexels.com/photo/a-horse-is-grazing-on-the-ground-28298538/
653,"W6 licence, long tail",REPLACE,pexels:32126038,4,no price attached,58%,P3,liberia,monrovia,cities,"the waterfront and low skyline of Monrovia, Liberia",16/9 and 4/3,1600,licence a photograph that actually shows the subject,licence,B — one stock or agency licence at the going rate.,AKL-001180,https://images.pexels.com/photos/32126038/pexels-photo-32126038.jpeg,liberia/cities/the-waterfront-and-low-skyline-of-monrovia-liberia.avif,2,/places/liberia/monrovia.html,/places/liberia/monrovia.html,relevance 3.4,pexels,B. Aristotlè Guweh Jr,https://www.pexels.com/photo/young-girl-preparing-fruits-at-monrovia-market-32126038/
654,"W6 licence, long tail",REPLACE,pexels:27832719,4,no price attached,58%,P3,liberia,masks and country cloth,crafts,"a carved wooden Dan mask with a smooth blackened surface, Liberia",16/9 and 4/3,1600,licence a photograph that actually shows the subject,licence,B — one stock or agency licence at the going rate.,AKL-001181,https://images.pexels.com/photos/27832719/pexels-photo-27832719.jpeg,liberia/crafts/a-carved-wooden-dan-mask-with-a-smooth-blackened-surface-liberia.avif,2,/places/liberia/masks-and-country-cloth.html,/places/liberia/masks-and-country-cloth.html,"the provider calls it ""canoe""",pexels,B. Aristotlè Guweh Jr,https://www.pexels.com/photo/canoe-27832719/
655,"W6 licence, long tail",REPLACE,pexels:27848721,4,no price attached,58%,P3,liberia,americo liberian and sixteen others,culture,"a nineteenth-century settler house with a verandah in Monrovia, Liberia",16/9,1800,licence a photograph that actually shows the subject,licence,B — one stock or agency licence at the going rate.,AKL-001182,https://images.pexels.com/photos/27848721/pexels-photo-27848721.jpeg,liberia/culture/a-nineteenth-century-settler-house-with-a-verandah-in-monrovia-liberia.avif,4,/places/liberia/americo-liberian-and-sixteen-others.html,/liberia.html,"the provider calls it ""pile of boat""",pexels,B. Aristotlè Guweh Jr,https://www.pexels.com/photo/pile-of-boat-27848721/
656,"W6 licence, long tail",REPLACE,pexels:28397919,4,no price attached,58%,P3,liberia,kpatawee and the coast,family-community,"children swimming in the pool below Kpatawee falls, Liberia",16/9 and 4/3,1600,licence a photograph that actually shows the subject,licence,B — one stock or agency licence at the going rate.,AKL-001183,https://images.pexels.com/photos/28397919/pexels-photo-28397919.jpeg,liberia/family-community/children-swimming-in-the-pool-below-kpatawee-falls-liberia.avif,2,/places/liberia/kpatawee-and-the-coast.html,/places/liberia/kpatawee-and-the-coast.html,"the provider calls it ""patriotic struggle""",pexels,Isiaka D. Massalay,https://www.pexels.com/photo/patriotic-struggle-28397919/
657,"W6 licence, long tail",REPLACE,pexels:27673639,4,no price attached,58%,P3,liberia,independence day,festivals,"an Independence Day parade in the streets of Monrovia, Liberia",16/9 and 3/2 and 4/3,1600,licence a photograph that actually shows the subject,licence,B — one stock or agency licence at the going rate.,AKL-001184,https://images.pexels.com/photos/27673639/pexels-photo-27673639.jpeg,liberia/festivals/an-independence-day-parade-in-the-streets-of-monrovia-liberia.avif,3,/places/liberia/independence-day.html,/places/liberia/independence-day.html,"the provider calls it ""two boys on their bike cycle""",pexels,B. Aristotlè Guweh Jr,https://www.pexels.com/photo/two-boys-on-their-bike-cycle-27673639/
658,"W6 licence, long tail",REPLACE,pexels:2518891,4,no price attached,58%,P3,liberia,sapo and gola,forests,"A breathtaking view of a lush tropical rainforest shrouded in mist and clouds., Liberia",16/9 and 4/3,1600,licence a photograph that actually shows the subject,licence,B — one stock or agency licence at the going rate.,AKL-001185,https://images.pexels.com/photos/2518891/pexels-photo-2518891.jpeg,liberia/forests/a-breathtaking-view-of-a-lush-tropical-rainforest-shrouded-in-mist-and.avif,4,/places/liberia/sapo-and-gola.html,/liberia.html,"the provider calls it ""mountain covered with trees under blue sky""",pexels,Quang Nguyen Vinh,https://www.pexels.com/photo/mountain-covered-with-trees-under-blue-sky-2518891/
659,"W6 licence, long tail",REPLACE,pexels:11230646,4,no price attached,58%,P3,liberia,lake piso,hidden-gems,"fishing canoes on the still water of Lake Piso, Liberia",16/9 and 4/3,1600,licence a photograph that actually shows the subject,licence,B — one stock or agency licence at the going rate.,AKL-001186,https://images.pexels.com/photos/11230646/pexels-photo-11230646.jpeg,liberia/hidden-gems/fishing-canoes-on-the-still-water-of-lake-piso-liberia.avif,2,/places/liberia/lake-piso.html,/places/liberia/lake-piso.html,"the provider calls it ""green trees beside sea under white sky""",pexels,Victor Ralda,https://www.pexels.com/photo/green-trees-beside-sea-under-white-sky-11230646/
660,"W6 licence, long tail",REPLACE,pexels:5118524,4,no price attached,58%,P3,liberia,providence island,historic-sites,"the old cotton tree and monument on Providence Island, Liberia",16/9 and 4/3,1600,licence a photograph that actually shows the subject,licence,B — one stock or agency licence at the going rate.,AKL-001187,https://images.pexels.com/photos/5118524/pexels-photo-5118524.jpeg,liberia/historic-sites/the-old-cotton-tree-and-monument-on-providence-island-liberia.avif,2,/places/liberia/providence-island.html,/places/liberia/providence-island.html,relevance 2.7,pexels,Quang Nguyen Vinh,https://www.pexels.com/photo/travelers-exploring-forest-with-huge-tall-tree-5118524/
661,"W6 licence, long tail",REPLACE,pexels:12203412,4,no price attached,58%,P3,liberia,the saint paul and the cavalla,lakes-rivers,Lakes in Liberia,16/9 and 4/5 and 4/3,1600,licence a photograph that actually shows the subject,licence,B — one stock or agency licence at the going rate.,AKL-001188,https://images.pexels.com/photos/12203412/pexels-photo-12203412.jpeg,liberia/lakes-rivers/lakes-in-liberia.avif,3,/places/liberia/the-saint-paul-and-the-cavalla.html,/places/liberia/the-saint-paul-and-the-cavalla.html,"relevance 3.4; query broadened to category; the provider calls it ""trees near a foggy lake""",pexels,Keith Lobo,https://www.pexels.com/photo/trees-near-a-foggy-lake-12203412/
662,"W6 licence, long tail",REPLACE,pexels:27848720,4,no price attached,58%,P3,liberia,the beach at sinkor,local-life,"beach bars and crowds along the shore at Sinkor, Monrovia, Liberia",16/9 and 3/2 and 4/3,1600,licence a photograph that actually shows the subject,licence,B — one stock or agency licence at the going rate.,AKL-001189,https://images.pexels.com/photos/27848720/pexels-photo-27848720.jpeg,liberia/local-life/beach-bars-and-crowds-along-the-shore-at-sinkor-monrovia-liberia.avif,3,/places/liberia/the-beach-at-sinkor.html,/places/liberia/the-beach-at-sinkor.html,"the provider calls it ""old lady""",pexels,B. Aristotlè Guweh Jr,https://www.pexels.com/photo/old-lady-27848720/
663,"W6 licence, long tail",REPLACE,pexels:6416336,4,no price attached,58%,P3,liberia,the upper guinean forest,nature,buttressed rainforest trees and lianas in Liberian forest,16/9 and 21/9 and 4/3,2100,licence a photograph that actually shows the subject,licence,B — one stock or agency licence at the going rate.,AKL-001190,https://images.pexels.com/photos/6416336/pexels-photo-6416336.jpeg,liberia/nature/buttressed-rainforest-trees-and-lianas-in-liberian-forest.avif,4,/places/liberia/the-upper-guinean-forest.html,/liberia.html,relevance 2.5,pexels,Quang Nguyen Vinh,https://www.pexels.com/photo/tree-ferns-with-large-foliage-growing-in-rainforest-6416336/
664,"W6 licence, long tail",REPLACE,pexels:33444184,4,no price attached,58%,P3,liberia,sapo on foot,outdoor,"a ranger camp under tarpaulins in Sapo rainforest, Liberia",16/9 and 4/3,1600,licence a photograph that actually shows the subject,licence,B — one stock or agency licence at the going rate.,AKL-001191,https://images.pexels.com/photos/33444184/pexels-photo-33444184.jpeg,liberia/outdoor/a-ranger-camp-under-tarpaulins-in-sapo-rainforest-liberia.avif,2,/places/liberia/sapo-on-foot.html,/places/liberia/sapo-on-foot.html,relevance 2.5,pexels,Leonard StahI,https://www.pexels.com/photo/piel-de-sapo-melon-on-earthy-ground-33444184/
665,"W6 licence, long tail",REPLACE,pexels:32795456,4,no price attached,58%,P3,liberia,green and water,photography,"A vibrant close-up of lush green rainforest leaves with a rich natural texture ideal for nature and environmental themes., Liberia",16/9 and 21/9 and 4/3,2100,licence a photograph that actually shows the subject,licence,B — one stock or agency licence at the going rate.,AKL-001192,https://images.pexels.com/photos/32795456/pexels-photo-32795456.jpeg,liberia/photography/a-vibrant-close-up-of-lush-green-rainforest-leaves-with-a-rich-natural.avif,3,/places/liberia/green-and-water.html,/places/liberia/green-and-water.html,relevance 3.9,pexels,Nothing Ahead,https://www.pexels.com/photo/lush-green-rainforest-foliage-close-up-view-32795456/
666,"W6 licence, long tail",REPLACE,pexels:36508840,4,no price attached,58%,P3,liberia,kpelle bassa grebo vai,traditional-people,"carved Vai script characters on a wooden board, Liberia",16/9 and 4/5 and 4/3,1600,licence a photograph that actually shows the subject,licence,B — one stock or agency licence at the going rate.,AKL-001193,https://images.pexels.com/photos/36508840/pexels-photo-36508840.jpeg,liberia/traditional-people/carved-vai-script-characters-on-a-wooden-board-liberia.avif,3,/places/liberia/kpelle-bassa-grebo-vai.html,/places/liberia/kpelle-bassa-grebo-vai.html,relevance 3.7,pexels,Muhammad Fullah,https://www.pexels.com/photo/colorful-traditional-dress-in-monrovia-harbor-36508840/
667,"W6 licence, long tail",REPLACE,pexels:6416393,4,no price attached,58%,P3,mauritius,kite dive hike,adventure,"kitesurfers on the lagoon below Le Morne, Mauritius",16/9,1800,licence a photograph that actually shows the subject,licence,B — one stock or agency licence at the going rate.,AKL-001194,https://images.pexels.com/photos/6416393/pexels-photo-6416393.jpeg,mauritius/adventure/kitesurfers-on-the-lagoon-below-le-morne-mauritius.avif,2,/places/mauritius/kite-dive-hike.html,/places/mauritius/kite-dive-hike.html,"relevance 2.7; the provider calls it ""kiteboarders practicing kitesurfing on stormy sea wi""",pexels,Quang Nguyen Vinh,https://www.pexels.com/photo/kiteboarders-practicing-kitesurfing-on-stormy-sea-with-horizon-6416393/
668,"W6 licence, long tail",REPLACE,pexels:7449072,4,no price attached,58%,P3,mauritius,the lagoon,beaches,"turquoise lagoon and reef break off a Mauritian beach, Mauritius",16/9 and 4/3,1800,licence a photograph that actually shows the subject,licence,B — one stock or agency licence at the going rate.,AKL-001195,https://images.pexels.com/photos/7449072/pexels-photo-7449072.jpeg,mauritius/beaches/turquoise-lagoon-and-reef-break-off-a-mauritian-beach-mauritius.avif,4,/places/mauritius/the-lagoon.html,/mauritius.html,"the provider calls it ""top view of rock formation near the sea""",pexels,Dominik Ruhl,https://www.pexels.com/photo/top-view-of-rock-formation-near-the-sea-7449072/
669,"W6 licence, long tail",REPLACE,pexels:19576738,4,no price attached,58%,P3,mauritius,four continents,culture,"a Hindu temple and a church on the same Mauritian street, Mauritius",16/9,1800,licence a photograph that actually shows the subject,licence,B — one stock or agency licence at the going rate.,AKL-001196,https://images.pexels.com/photos/19576738/pexels-photo-19576738.jpeg,mauritius/culture/a-hindu-temple-and-a-church-on-the-same-mauritian-street-mauritius.avif,4,/places/mauritius/four-continents.html,/mauritius.html,"the provider calls it ""golden figure of goddess""",pexels,pipop kunachon,https://www.pexels.com/photo/golden-figure-of-goddess-19576738/
670,"W6 licence, long tail",REPLACE,pexels:15314596,4,no price attached,58%,P3,mauritius,bringing back the birds,eco-tourism,"a pink pigeon in Mauritian native forest, Mauritius",16/9 and 4/3,1600,licence a photograph that actually shows the subject,licence,B — one stock or agency licence at the going rate.,AKL-001197,https://images.pexels.com/photos/15314596/pexels-photo-15314596.jpeg,mauritius/eco-tourism/a-pink-pigeon-in-mauritian-native-forest-mauritius.avif,2,/places/mauritius/bringing-back-the-birds.html,/places/mauritius/bringing-back-the-birds.html,"the provider calls it ""close up of bird""",pexels,Cyrill,https://www.pexels.com/photo/close-up-of-bird-15314596/
671,"W6 licence, long tail",REPLACE,pexels:32866461,4,no price attached,58%,P3,mauritius,maha shivaratri and cavadee,festivals,"pilgrims walking to Grand Bassin at Maha Shivaratri, Mauritius",16/9 and 3/2 and 4/3,1600,licence a photograph that actually shows the subject,licence,B — one stock or agency licence at the going rate.,AKL-001198,https://images.pexels.com/photos/32866461/pexels-photo-32866461.jpeg,mauritius/festivals/pilgrims-walking-to-grand-bassin-at-maha-shivaratri-mauritius.avif,3,/places/mauritius/maha-shivaratri-and-cavadee.html,/places/mauritius/maha-shivaratri-and-cavadee.html,relevance 3.8,pexels,Jyoti  Pur,https://www.pexels.com/photo/stunning-blue-bay-beach-in-mauritius-32866461/
672,"W6 licence, long tail",REPLACE,unsplash:-5UEyBFp-fE,4,no price attached,58%,P3,mauritius,le morne,heritage,"Le Morne Brabant seen from the lagoon, Mauritius",16/9 and 4/3,1600,licence a photograph that actually shows the subject,licence,B — one stock or agency licence at the going rate.,AKL-001199,https://images.unsplash.com/photo-1540966531224-dfb02d2f5967,mauritius/heritage/le-morne-brabant-seen-from-the-lagoon-mauritius.avif,3,/places/mauritius/le-morne.html,/places/mauritius/le-morne.html,"relevance 3.2; the provider calls it ""green trees near beach overlooking horizon at daytim""",unsplash,Colours of Mauritius,https://unsplash.com/photos/green-trees-near-beach-overlooking-horizon-at-daytime--5UEyBFp-fE
673,"W6 licence, long tail",REPLACE,pexels:7415730,4,no price attached,58%,P3,mauritius,rodrigues,hidden-gems,"the hills and lagoon of Rodrigues island, Mauritius",16/9 and 4/3,1600,licence a photograph that actually shows the subject,licence,B — one stock or agency licence at the going rate.,AKL-001200,https://images.pexels.com/photos/7415730/pexels-photo-7415730.jpeg,mauritius/hidden-gems/the-hills-and-lagoon-of-rodrigues-island-mauritius.avif,2,/places/mauritius/rodrigues.html,/places/mauritius/rodrigues.html,"the provider calls it ""an aerial photography of green trees on mountains un""",pexels,Dominik Ruhl,https://www.pexels.com/photo/an-aerial-photography-of-green-trees-on-mountains-under-the-blue-sky-and-white-clouds-7415730/
674,"W6 licence, long tail",REPLACE,pexels:38857186,4,no price attached,58%,P3,mauritius,aapravasi ghat,historic-sites,"A serene boat ride along the Ganges River with a backdrop of Varanasi's historic ghats., Mauritius",16/9 and 4/3,1600,licence a photograph that actually shows the subject,licence,B — one stock or agency licence at the going rate.,AKL-001201,https://images.pexels.com/photos/38857186/pexels-photo-38857186.jpeg,mauritius/historic-sites/a-serene-boat-ride-along-the-ganges-river-with-a-backdrop-of-varanasi-.avif,2,/places/mauritius/aapravasi-ghat.html,/places/mauritius/aapravasi-ghat.html,relevance 2.2,pexels,Chandi Saha,https://www.pexels.com/photo/cultural-boat-ride-on-the-ganges-varanasi-38857186/
675,"W6 licence, long tail",REPLACE,pexels:38964610,4,no price attached,58%,P3,mauritius,grand bassin,lakes-rivers,"the temple and statues at Grand Bassin crater lake, Mauritius",16/9 and 4/5 and 4/3,1600,licence a photograph that actually shows the subject,licence,B — one stock or agency licence at the going rate.,AKL-001202,https://images.pexels.com/photos/38964610/pexels-photo-38964610.jpeg,mauritius/lakes-rivers/the-temple-and-statues-at-grand-bassin-crater-lake-mauritius.avif,3,/places/mauritius/grand-bassin.html,/places/mauritius/grand-bassin.html,relevance 3.9,pexels,Nitish Kumar,https://www.pexels.com/photo/majestic-hindu-deities-sculptures-in-temple-38964610/
676,"W6 licence, long tail",REPLACE,pexels:38569010,4,no price attached,58%,P3,mauritius,the central market,local-life,"A busy port scene featuring shipping containers and cranes under a clear sky., Mauritius",16/9 and 3/2 and 4/3,1600,licence a photograph that actually shows the subject,licence,B — one stock or agency licence at the going rate.,AKL-001203,https://images.pexels.com/photos/38569010/pexels-photo-38569010.jpeg,mauritius/local-life/a-busy-port-scene-featuring-shipping-containers-and-cranes-under-a-cle.avif,3,/places/mauritius/the-central-market.html,/places/mauritius/the-central-market.html,relevance 2.7,pexels,Nothing Ahead,https://www.pexels.com/photo/bustling-port-with-shipping-containers-and-cranes-38569010/
677,"W6 licence, long tail",REPLACE,pexels:7425282,4,no price attached,58%,P3,mauritius,lagoon colour,photography,"aerial view of a Mauritian lagoon and reef, Mauritius",16/9 and 21/9 and 4/3,2100,licence a photograph that actually shows the subject,licence,B — one stock or agency licence at the going rate.,AKL-001204,https://images.pexels.com/photos/7425282/pexels-photo-7425282.jpeg,mauritius/photography/aerial-view-of-a-mauritian-lagoon-and-reef-mauritius.avif,3,/places/mauritius/lagoon-colour.html,/places/mauritius/lagoon-colour.html,relevance 3.2,pexels,Dominik Ruhl,https://www.pexels.com/photo/aerial-view-of-a-tropical-island-7425282/
678,"W6 licence, long tail",REPLACE,pexels:29591833,4,no price attached,58%,P3,mauritius,reef not savanna,safari,"fruit bats leaving a roost at dusk, Mauritius",16/9 and 4/3,1600,licence a photograph that actually shows the subject,licence,B — one stock or agency licence at the going rate.,AKL-001205,https://images.pexels.com/photos/29591833/pexels-photo-29591833.jpeg,mauritius/safari/fruit-bats-leaving-a-roost-at-dusk-mauritius.avif,2,/places/mauritius/reef-not-savanna.html,/places/mauritius/reef-not-savanna.html,relevance 2.7,pexels,Talha Resitoglu,https://www.pexels.com/photo/cluster-of-bats-hanging-from-trees-in-nature-29591833/
679,"W6 licence, long tail",REPLACE,pexels:2884745,4,no price attached,58%,P3,mauritius,creole and bhojpuri,traditional-people,"Woman in red waving to a bus on a picturesque country road lined with tall trees., Mauritius",16/9 and 4/5 and 4/3,1600,licence a photograph that actually shows the subject,licence,B — one stock or agency licence at the going rate.,AKL-001206,https://images.pexels.com/photos/2884745/pexels-photo-2884745.jpeg,mauritius/traditional-people/woman-in-red-waving-to-a-bus-on-a-picturesque-country-road-lined-with-.avif,3,/places/mauritius/creole-and-bhojpuri.html,/places/mauritius/creole-and-bhojpuri.html,relevance 2.7,pexels,Quang Nguyen Vinh,https://www.pexels.com/photo/a-woman-catching-a-bus-2884745/
680,"W6 licence, long tail",REPLACE,pexels:37211263,4,no price attached,58%,P3,mauritius,four cultures one lagoon,why-visit,"a busy multicultural street scene in Port Louis, Mauritius",16/9 and 21/9,2400,licence a photograph that actually shows the subject,licence,B — one stock or agency licence at the going rate.,AKL-001207,https://images.pexels.com/photos/37211263/pexels-photo-37211263.jpeg,mauritius/why-visit/a-busy-multicultural-street-scene-in-port-louis-mauritius.avif,2,/places/mauritius/four-cultures-one-lagoon.html,/places/mauritius/four-cultures-one-lagoon.html,relevance 3.9,pexels,basunga visual,https://www.pexels.com/photo/street-scene-in-downtown-luanda-angola-37211263/
681,"W6 licence, long tail",REPLACE,pexels:15382786,4,no price attached,56%,P3,central-african-republic,tracking on foot,adventure,"trackers moving quietly through dense forest undergrowth, Central African Republic",16/9,1800,licence a photograph that actually shows the subject,licence,B — one stock or agency licence at the going rate.,AKL-001208,https://images.pexels.com/photos/15382786/pexels-photo-15382786.jpeg,central-african-republic/adventure/trackers-moving-quietly-through-dense-forest-undergrowth-central-afric.avif,2,/places/central-african-republic/tracking-on-foot.html,/places/central-african-republic/tracking-on-foot.html,"the provider calls it ""two men holding a rifle in the jungle""",pexels,Seun Adeniyi,https://www.pexels.com/photo/two-men-holding-a-rifle-in-the-jungle-15382786/
682,"W6 licence, long tail",REPLACE,pexels:38545694,4,no price attached,56%,P3,central-african-republic,colonial and forest camp,architecture,"a domed leaf mongulu shelter in a BaAka forest camp, Central African Republic",16/9 and 3/2 and 4/3,1600,licence a photograph that actually shows the subject,licence,B — one stock or agency licence at the going rate.,AKL-001209,https://images.pexels.com/photos/38545694/pexels-photo-38545694.jpeg,central-african-republic/architecture/a-domed-leaf-mongulu-shelter-in-a-baaka-forest-camp-central-african-re.avif,3,/places/central-african-republic/colonial-and-forest-camp.html,/places/central-african-republic/colonial-and-forest-camp.html,relevance 3.7,pexels,Manass Rex,https://www.pexels.com/photo/stylish-african-fashion-in-kinshasa-outdoors-38545694/
683,"W6 licence, long tail",REPLACE,pexels:13705586,4,no price attached,56%,P3,central-african-republic,river sand,beaches,"a wide sandbank on the Sangha river in the dry season, Central African Republic",16/9 and 4/3,1800,licence a photograph that actually shows the subject,licence,B — one stock or agency licence at the going rate.,AKL-001210,https://images.pexels.com/photos/13705586/pexels-photo-13705586.jpeg,central-african-republic/beaches/a-wide-sandbank-on-the-sangha-river-in-the-dry-season-central-african-.avif,4,/places/central-african-republic/river-sand.html,/central-african-republic.html,"relevance 2.5; the provider calls it ""scenic view of white clouds above the green mountain""",pexels,Fatin Rifat,https://www.pexels.com/photo/scenic-view-of-white-clouds-above-the-green-mountains-13705586/
684,"W6 licence, long tail",REPLACE,pexels:17290972,4,no price attached,56%,P3,central-african-republic,bangui,cities,"the Ubangi riverfront and market at Bangui, Central African Republic",16/9 and 4/3,1600,licence a photograph that actually shows the subject,licence,B — one stock or agency licence at the going rate.,AKL-001211,https://images.pexels.com/photos/17290972/pexels-photo-17290972.jpeg,central-african-republic/cities/the-ubangi-riverfront-and-market-at-bangui-central-african-republic.avif,2,/places/central-african-republic/bangui.html,/places/central-african-republic/bangui.html,"relevance 3.2; the provider calls it ""bazaar in town""",pexels,K,https://www.pexels.com/photo/bazaar-in-town-17290972/
685,"W6 licence, long tail",REPLACE,pexels:32163534,4,no price attached,56%,P3,central-african-republic,the baaka,culture,"BaAka women singing in polyphony in a forest camp, Central African Republic",16/9,1800,licence a photograph that actually shows the subject,licence,B — one stock or agency licence at the going rate.,AKL-001212,https://images.pexels.com/photos/32163534/pexels-photo-32163534.jpeg,central-african-republic/culture/baaka-women-singing-in-polyphony-in-a-forest-camp-central-african-repu.avif,4,/places/central-african-republic/the-baaka.html,/central-african-republic.html,relevance 3.2,pexels,Najim Kurfi,https://www.pexels.com/photo/african-woman-in-traditional-attire-outdoors-32163534/
686,"W6 licence, long tail",REPLACE,pexels:29795333,4,no price attached,56%,P3,central-african-republic,dzanga sanghas model,eco-tourism,Eco Tourism in Central African Republic,16/9 and 4/3,1600,licence a photograph that actually shows the subject,licence,B — one stock or agency licence at the going rate.,AKL-001213,https://images.pexels.com/photos/29795333/pexels-photo-29795333.jpeg,central-african-republic/eco-tourism/eco-tourism-in-central-african-republic.avif,2,/places/central-african-republic/dzanga-sanghas-model.html,/places/central-african-republic/dzanga-sanghas-model.html,query broadened to category,pexels,Caleb Falkenhagen,https://www.pexels.com/photo/majestic-african-elephant-in-natural-habitat-29795333/
687,"W6 licence, long tail",REPLACE,pexels:17291028,4,no price attached,56%,P3,central-african-republic,dzanga sangha,forests,"buttressed rainforest giants in Dzanga-Sangha, Central African Republic",16/9 and 4/3,1600,licence a photograph that actually shows the subject,licence,B — one stock or agency licence at the going rate.,AKL-001214,https://images.pexels.com/photos/17291028/pexels-photo-17291028.jpeg,central-african-republic/forests/buttressed-rainforest-giants-in-dzanga-sangha-central-african-republic.avif,4,/places/central-african-republic/dzanga-sangha.html,/central-african-republic.html,"the provider calls it ""clouds over forest on plains""",pexels,K,https://www.pexels.com/photo/clouds-over-forest-on-plains-17291028/
688,"W6 licence, long tail",REPLACE,pexels:37350765,4,no price attached,56%,P3,central-african-republic,two sites,heritage,"open savanna and gallery forest in northern CAR, Central African Republic",16/9 and 4/3,1600,licence a photograph that actually shows the subject,licence,B — one stock or agency licence at the going rate.,AKL-001215,https://images.pexels.com/photos/37350765/pexels-photo-37350765.jpeg,central-african-republic/heritage/open-savanna-and-gallery-forest-in-northern-car-central-african-republ.avif,3,/places/central-african-republic/two-sites.html,/places/central-african-republic/two-sites.html,"the provider calls it ""mechanics repairing car on a dirt road in nigeria""",pexels,mk_photoz,https://www.pexels.com/photo/mechanics-repairing-car-on-a-dirt-road-in-nigeria-37350765/
689,"W6 licence, long tail",REPLACE,pexels:6872641,4,no price attached,56%,P3,central-african-republic,chimpanzees at bai hokou,hidden-gems,"a chimpanzee resting in a forest tree at Bai Hokou, Central African Republic",16/9 and 4/3,1600,licence a photograph that actually shows the subject,licence,B — one stock or agency licence at the going rate.,AKL-001216,https://images.pexels.com/photos/6872641/pexels-photo-6872641.jpeg,central-african-republic/hidden-gems/a-chimpanzee-resting-in-a-forest-tree-at-bai-hokou-central-african-rep.avif,2,/places/central-african-republic/chimpanzees-at-bai-hokou.html,/places/central-african-republic/chimpanzees-at-bai-hokou.html,"relevance 3.0; the provider calls it ""brown rock formation surrounded by green trees""",pexels,Quang Nguyen Vinh,https://www.pexels.com/photo/brown-rock-formation-surrounded-by-green-trees-6872641/
690,"W6 licence, long tail",REPLACE,pexels:35668043,4,no price attached,56%,P3,central-african-republic,the sangha and the ubangi,lakes-rivers,"Beautiful tropical hills with lush greenery by a tranquil river, under an overcast sky., Central African Republic",16/9 and 4/5 and 4/3,1600,licence a photograph that actually shows the subject,licence,B — one stock or agency licence at the going rate.,AKL-001217,https://images.pexels.com/photos/35668043/pexels-photo-35668043.jpeg,central-african-republic/lakes-rivers/beautiful-tropical-hills-with-lush-greenery-by-a-tranquil-river-under-.avif,3,/places/central-african-republic/the-sangha-and-the-ubangi.html,/places/central-african-republic/the-sangha-and-the-ubangi.html,relevance 3.4,pexels,Lucie Burlet,https://www.pexels.com/photo/lush-tropical-hills-by-a-serene-river-35668043/
691,"W6 licence, long tail",REPLACE,pexels:28146858,4,no price attached,56%,P3,central-african-republic,the fertit hills and mont ngaoui,mountains,"Drone captures a picturesque village surrounded by farmland and rolling hills in Petrovice II, Česko., Central African Republic",16/9 and 4/3,1800,licence a photograph that actually shows the subject,licence,B — one stock or agency licence at the going rate.,AKL-001218,https://images.pexels.com/photos/28146858/pexels-photo-28146858.jpeg,central-african-republic/mountains/drone-captures-a-picturesque-village-surrounded-by-farmland-and-rollin.avif,4,/places/central-african-republic/the-fertit-hills-and-mont-ngaoui.html,/central-african-republic.html,relevance 3.0,pexels,Stepan Vrany,https://www.pexels.com/photo/aerial-view-of-a-village-in-the-countryside-28146858/
692,"W6 licence, long tail",REPLACE,pexels:32391849,4,no price attached,56%,P3,central-african-republic,the congo basin forest,nature,"unbroken rainforest canopy in the Dzanga-Sangha reserve, Central African Republic",16/9 and 21/9 and 4/3,2100,licence a photograph that actually shows the subject,licence,B — one stock or agency licence at the going rate.,AKL-001219,https://images.pexels.com/photos/32391849/pexels-photo-32391849.jpeg,central-african-republic/nature/unbroken-rainforest-canopy-in-the-dzanga-sangha-reserve-central-africa.avif,4,/places/central-african-republic/the-congo-basin-forest.html,/central-african-republic.html,"the provider calls it ""aerial view of lush greenery and water bodies""",pexels,Ness'arts Prod,https://www.pexels.com/photo/aerial-view-of-lush-greenery-and-water-bodies-32391849/
693,"W6 licence, long tail",REPLACE,pexels:25945407,4,no price attached,56%,P3,central-african-republic,baaka and sangha sangha,traditional-people,"African men in traditional clothing performing a cultural dance in Abomey Calavi, Benin., Central African Republic",16/9 and 4/5 and 4/3,1600,licence a photograph that actually shows the subject,licence,B — one stock or agency licence at the going rate.,AKL-001220,https://images.pexels.com/photos/25945407/pexels-photo-25945407.jpeg,central-african-republic/traditional-people/african-men-in-traditional-clothing-performing-a-cultural-dance-in-abo.avif,3,/places/central-african-republic/baaka-and-sangha-sangha.html,/places/central-african-republic/baaka-and-sangha-sangha.html,relevance 3.7,pexels,Abdias GBETOKPANOU,https://www.pexels.com/photo/people-dancing-wearing-tribal-traditional-clothing-25945407/
694,"W6 licence, long tail",REPLACE,pexels:17316730,4,no price attached,56%,P3,central-african-republic,why the central african republic,why-visit,"a viewing platform overlooking elephants at a forest bai, Central African Republic",16/9 and 21/9,2400,licence a photograph that actually shows the subject,licence,B — one stock or agency licence at the going rate.,AKL-001221,https://images.pexels.com/photos/17316730/pexels-photo-17316730.jpeg,central-african-republic/why-visit/a-viewing-platform-overlooking-elephants-at-a-forest-bai-central-afric.avif,2,/places/central-african-republic/why-the-central-african-republic.html,/places/central-african-republic/why-the-central-african-republic.html,relevance 3.9,pexels,Serg Alesenko,https://www.pexels.com/photo/wooden-terrace-over-forest-17316730/
695,"W6 licence, long tail",REPLACE,pexels:21365275,4,no price attached,54%,P3,cabo-verde,kitesurfing and ridge walking,adventure,"a kitesurfer in strong wind off Sal, Cabo Verde",16/9,1800,licence a photograph that actually shows the subject,licence,B — one stock or agency licence at the going rate.,AKL-001222,https://images.pexels.com/photos/21365275/pexels-photo-21365275.jpeg,cabo-verde/adventure/a-kitesurfer-in-strong-wind-off-sal-cabo-verde.avif,2,/places/cabo-verde/kitesurfing-and-ridge-walking.html,/places/cabo-verde/kitesurfing-and-ridge-walking.html,"the provider calls it ""destroyed building in a ghost town""",pexels,Rob Mowe,https://www.pexels.com/photo/destroyed-building-in-a-ghost-town-21365275/
696,"W6 licence, long tail",REPLACE,pexels:28271655,4,no price attached,54%,P3,cabo-verde,portuguese colonial and volcanic stone,architecture,"black volcanic stone houses inside the Fogo caldera, Cabo Verde",16/9 and 3/2 and 4/3,1600,licence a photograph that actually shows the subject,licence,B — one stock or agency licence at the going rate.,AKL-001223,https://images.pexels.com/photos/28271655/pexels-photo-28271655.jpeg,cabo-verde/architecture/black-volcanic-stone-houses-inside-the-fogo-caldera-cabo-verde.avif,3,/places/cabo-verde/portuguese-colonial-and-volcanic-stone.html,/places/cabo-verde/portuguese-colonial-and-volcanic-stone.html,"the provider calls it ""a mountain with a black cloud in the background""",pexels,Mathias Reding,https://www.pexels.com/photo/a-mountain-with-a-black-cloud-in-the-background-28271655/
697,"W6 licence, long tail",REPLACE,pexels:6160223,4,no price attached,54%,P3,cabo-verde,praia and mindelo,cities,"the harbour and colonial buildings of Mindelo, Cabo Verde",16/9 and 4/3,1600,licence a photograph that actually shows the subject,licence,B — one stock or agency licence at the going rate.,AKL-001224,https://images.pexels.com/photos/6160223/pexels-photo-6160223.jpeg,cabo-verde/cities/the-harbour-and-colonial-buildings-of-mindelo-cabo-verde.avif,2,/places/cabo-verde/praia-and-mindelo.html,/places/cabo-verde/praia-and-mindelo.html,"relevance 3.9; the provider calls it ""city skyline under blue sky and white clouds""",pexels,Gabriela Veronika,https://www.pexels.com/photo/city-skyline-under-blue-sky-and-white-clouds-6160223/
698,"W6 licence, long tail",REPLACE,pexels:28389982,4,no price attached,54%,P3,cabo-verde,pottery panu and grogue,crafts,a woven panu cloth on a narrow Cabo Verdean loom,16/9 and 4/3,1600,licence a photograph that actually shows the subject,licence,B — one stock or agency licence at the going rate.,AKL-001225,https://images.pexels.com/photos/28389982/pexels-photo-28389982.jpeg,cabo-verde/crafts/a-woven-panu-cloth-on-a-narrow-cabo-verdean-loom.avif,2,/places/cabo-verde/pottery-panu-and-grogue.html,/places/cabo-verde/pottery-panu-and-grogue.html,"the provider calls it ""texture of a beautiful carpet""",pexels,Engin Akyurt,https://www.pexels.com/photo/texture-of-a-beautiful-carpet-28389982/
699,"W6 licence, long tail",REPLACE,pexels:27937890,4,no price attached,54%,P3,cabo-verde,mindelo carnival and baia das gatas,festivals,"carnival costumes and crowds in the streets of Mindelo, Cabo Verde",16/9 and 3/2 and 4/3,1600,licence a photograph that actually shows the subject,licence,B — one stock or agency licence at the going rate.,AKL-001226,https://images.pexels.com/photos/27937890/pexels-photo-27937890.jpeg,cabo-verde/festivals/carnival-costumes-and-crowds-in-the-streets-of-mindelo-cabo-verde.avif,3,/places/cabo-verde/mindelo-carnival-and-baia-das-gatas.html,/places/cabo-verde/mindelo-carnival-and-baia-das-gatas.html,"the provider calls it ""a narrow alley with a lot of shops and people""",pexels,Zülfü Demir📸,https://www.pexels.com/photo/a-narrow-alley-with-a-lot-of-shops-and-people-27937890/
700,"W6 licence, long tail",REPLACE,pexels:29218534,4,no price attached,54%,P3,cabo-verde,cidade velha listed,heritage,"Close-up of an ancient stone wall with a circular protruding knob in Idlib, Syria., Cabo Verde",16/9 and 4/3,1600,licence a photograph that actually shows the subject,licence,B — one stock or agency licence at the going rate.,AKL-001227,https://images.pexels.com/photos/29218534/pexels-photo-29218534.jpeg,cabo-verde/heritage/close-up-of-an-ancient-stone-wall-with-a-circular-protruding-knob-in-i.avif,3,/places/cabo-verde/cidade-velha-listed.html,/places/cabo-verde/cidade-velha-listed.html,relevance 2.5,pexels,khaled damlakhi,https://www.pexels.com/photo/ancient-stone-wall-with-circular-knob-29218534/
701,"W6 licence, long tail",REPLACE,pexels:15327357,4,no price attached,54%,P3,cabo-verde,brava,hidden-gems,"the green terraced slopes and village of Brava island, Cabo Verde",16/9 and 4/3,1600,licence a photograph that actually shows the subject,licence,B — one stock or agency licence at the going rate.,AKL-001228,https://images.pexels.com/photos/15327357/pexels-photo-15327357.jpeg,cabo-verde/hidden-gems/the-green-terraced-slopes-and-village-of-brava-island-cabo-verde.avif,2,/places/cabo-verde/brava.html,/places/cabo-verde/brava.html,"the provider calls it ""seaside town with marina""",pexels,Abdulmomen Bsruki,https://www.pexels.com/photo/seaside-town-with-marina-15327357/
702,"W6 licence, long tail",REPLACE,pexels:36482221,4,no price attached,54%,P3,cabo-verde,cidade velha,historic-sites,"Colorful historic courtyard in El Puerto de Santa María showcasing vibrant architecture., Cabo Verde",16/9 and 4/3,1600,licence a photograph that actually shows the subject,licence,B — one stock or agency licence at the going rate.,AKL-001229,https://images.pexels.com/photos/36482221/pexels-photo-36482221.jpeg,cabo-verde/historic-sites/colorful-historic-courtyard-in-el-puerto-de-santa-mar-a-showcasing-vib.avif,2,/places/cabo-verde/cidade-velha.html,/places/cabo-verde/cidade-velha.html,relevance 2.2,pexels,Fotografías de El Puerto  de Santa María,https://www.pexels.com/photo/historic-building-courtyard-in-el-puerto-de-santa-maria-36482221/
703,"W6 licence, long tail",REPLACE,pexels:27869189,4,no price attached,54%,P3,cabo-verde,ribeiras,lakes-rivers,"Workers harvesting sugarcane on a sunny day, showcasing traditional agriculture., Cabo Verde",16/9 and 4/5 and 4/3,1600,licence a photograph that actually shows the subject,licence,B — one stock or agency licence at the going rate.,AKL-001230,https://images.pexels.com/photos/27869189/pexels-photo-27869189.jpeg,cabo-verde/lakes-rivers/workers-harvesting-sugarcane-on-a-sunny-day-showcasing-traditional-agr.avif,3,/places/cabo-verde/ribeiras.html,/places/cabo-verde/ribeiras.html,"relevance 2.1; the provider calls it ""tanzanian sugar cane field 01""",pexels,Karl Ahnee,https://www.pexels.com/photo/tanzanian-sugar-cane-field-01-27869189/
704,"W6 licence, long tail",REPLACE,pexels:14464346,4,no price attached,54%,P3,cabo-verde,well established,luxury,"a small hotel terrace above the sea on Santo Antao, Cabo Verde",16/9 and 4/3,1600,licence a photograph that actually shows the subject,licence,B — one stock or agency licence at the going rate.,AKL-001231,https://images.pexels.com/photos/14464346/pexels-photo-14464346.jpeg,cabo-verde/luxury/a-small-hotel-terrace-above-the-sea-on-santo-antao-cabo-verde.avif,2,/places/cabo-verde/well-established.html,/places/cabo-verde/well-established.html,relevance 2.5,pexels,Serg Alesenko,https://www.pexels.com/photo/hotel-poolside-with-lounge-chairs-14464346/
705,"W6 licence, long tail",REPLACE,pexels:14764499,4,no price attached,54%,P3,cabo-verde,pico do fogo and santo antao,mountains,"A breathtaking view of a rocky mountain range under a clear blue sky, capturing the essence of nature's beauty., Cabo Verde",16/9 and 4/3,1800,licence a photograph that actually shows the subject,licence,B — one stock or agency licence at the going rate.,AKL-001232,https://images.pexels.com/photos/14764499/pexels-photo-14764499.jpeg,cabo-verde/mountains/a-breathtaking-view-of-a-rocky-mountain-range-under-a-clear-blue-sky-c.avif,4,/places/cabo-verde/pico-do-fogo-and-santo-antao.html,/cabo-verde.html,relevance 2.0,pexels,Annelies Brouw,https://www.pexels.com/photo/view-of-mountains-under-blue-sky-14764499/
706,"W6 licence, long tail",REPLACE,pexels:27429864,4,no price attached,54%,P3,cabo-verde,walking santo antao,outdoor,"walkers descending a cobbled path towards the sea on Santo Antao, Cabo Verde",16/9 and 4/3,1600,licence a photograph that actually shows the subject,licence,B — one stock or agency licence at the going rate.,AKL-001233,https://images.pexels.com/photos/27429864/pexels-photo-27429864.jpeg,cabo-verde/outdoor/walkers-descending-a-cobbled-path-towards-the-sea-on-santo-antao-cabo-.avif,2,/places/cabo-verde/walking-santo-antao.html,/places/cabo-verde/walking-santo-antao.html,"relevance 3.0; the provider calls it ""sea city landscape nature""",pexels,Ryan Klaus,https://www.pexels.com/photo/sea-city-landscape-nature-27429864/
707,"W6 licence, long tail",REPLACE,pexels:27814129,4,no price attached,54%,P3,cabo-verde,why cabo verde,why-visit,"the cone of Fogo above black lava and white houses, Cabo Verde",16/9 and 21/9,2400,licence a photograph that actually shows the subject,licence,B — one stock or agency licence at the going rate.,AKL-001234,https://images.pexels.com/photos/27814129/pexels-photo-27814129.jpeg,cabo-verde/why-visit/the-cone-of-fogo-above-black-lava-and-white-houses-cabo-verde.avif,2,/places/cabo-verde/why-cabo-verde.html,/places/cabo-verde/why-cabo-verde.html,"relevance 3.4; the provider calls it ""a person standing on top of a rocky hill""",pexels,Diogo Miranda,https://www.pexels.com/photo/a-person-standing-on-top-of-a-rocky-hill-27814129/
708,"W6 licence, long tail",REPLACE,pexels:15621422,4,no price attached,54%,P3,eswatini,canopy tours and whitewater,adventure,"Children zipping across a breathtaking river gorge, capturing the thrill of outdoor adventure., Eswatini",16/9,1800,licence a photograph that actually shows the subject,licence,B — one stock or agency licence at the going rate.,AKL-001235,https://images.pexels.com/photos/15621422/pexels-photo-15621422.jpeg,eswatini/adventure/children-zipping-across-a-breathtaking-river-gorge-capturing-the-thril.avif,2,/places/eswatini/canopy-tours-and-whitewater.html,/places/eswatini/canopy-tours-and-whitewater.html,"the provider calls it ""people on zipline platform""",pexels,Quang Nguyen Vinh,https://www.pexels.com/photo/people-on-zipline-platform-15621422/
709,"W6 licence, long tail",REPLACE,pexels:38423811,4,no price attached,54%,P3,eswatini,beehive and colonial,architecture,"a woven grass beehive hut at a Swazi homestead, Eswatini",16/9 and 3/2 and 4/3,1600,licence a photograph that actually shows the subject,licence,B — one stock or agency licence at the going rate.,AKL-001236,https://images.pexels.com/photos/38423811/pexels-photo-38423811.jpeg,eswatini/architecture/a-woven-grass-beehive-hut-at-a-swazi-homestead-eswatini.avif,3,/places/eswatini/beehive-and-colonial.html,/places/eswatini/beehive-and-colonial.html,"the provider calls it ""black and white bohemian decor scene""",pexels,Ayşegül  Aytören,https://www.pexels.com/photo/black-and-white-bohemian-decor-scene-38423811/
710,"W6 licence, long tail",REPLACE,pexels:32405949,4,no price attached,54%,P3,eswatini,candles glass and weaving,crafts,"Close-up of a person creating vibrant beaded art with intricate patterns., Eswatini",16/9 and 4/3,1600,licence a photograph that actually shows the subject,licence,B — one stock or agency licence at the going rate.,AKL-001237,https://images.pexels.com/photos/32405949/pexels-photo-32405949.jpeg,eswatini/crafts/close-up-of-a-person-creating-vibrant-beaded-art-with-intricate-patter.avif,2,/places/eswatini/candles-glass-and-weaving.html,/places/eswatini/candles-glass-and-weaving.html,relevance 2.7,pexels,Magda Ehlers,https://www.pexels.com/photo/colorful-handcrafted-beaded-art-in-progress-32405949/
711,"W6 licence, long tail",REPLACE,pexels:30239042,4,no price attached,54%,P3,eswatini,big game parks,eco-tourism,"a ranger tracking rhino on foot at Mkhaya, Eswatini",16/9 and 4/3,1600,licence a photograph that actually shows the subject,licence,B — one stock or agency licence at the going rate.,AKL-001238,https://images.pexels.com/photos/30239042/pexels-photo-30239042.jpeg,eswatini/eco-tourism/a-ranger-tracking-rhino-on-foot-at-mkhaya-eswatini.avif,2,/places/eswatini/big-game-parks.html,/places/eswatini/big-game-parks.html,relevance 2.7,pexels,Chané Bruwer,https://www.pexels.com/photo/majestic-rhino-in-kruger-national-park-safari-30239042/
712,"W6 licence, long tail",REPLACE,pexels:18925400,4,no price attached,54%,P3,eswatini,nothing listed everything living,heritage,"a Swazi homestead of beehive huts within a reed fence, Eswatini",16/9 and 4/3,1600,licence a photograph that actually shows the subject,licence,B — one stock or agency licence at the going rate.,AKL-001239,https://images.pexels.com/photos/18925400/pexels-photo-18925400.jpeg,eswatini/heritage/a-swazi-homestead-of-beehive-huts-within-a-reed-fence-eswatini.avif,3,/places/eswatini/nothing-listed-everything-living.html,/places/eswatini/nothing-listed-everything-living.html,"relevance 2.5; the provider calls it ""beekeper in yellow suit opening a hive at a bee yard""",pexels,Kawê  Rodrigues,https://www.pexels.com/photo/beekeper-in-yellow-suit-opening-a-hive-at-a-bee-yard-shed-18925400/
713,"W6 licence, long tail",REPLACE,pexels:4641901,4,no price attached,54%,P3,eswatini,ngwenya mine,historic-sites,"the red iron ore workings of the ancient Ngwenya mine, Eswatini",16/9 and 4/3,1600,licence a photograph that actually shows the subject,licence,B — one stock or agency licence at the going rate.,AKL-001240,https://images.pexels.com/photos/4641901/pexels-photo-4641901.jpeg,eswatini/historic-sites/the-red-iron-ore-workings-of-the-ancient-ngwenya-mine-eswatini.avif,2,/places/eswatini/ngwenya-mine.html,/places/eswatini/ngwenya-mine.html,"relevance 2.7; the provider calls it ""portrait of a girl raising her arm""",pexels,BonusBrownie Photography,https://www.pexels.com/photo/portrait-of-a-girl-raising-her-arm-4641901/
714,"W6 licence, long tail",REPLACE,pexels:34395745,4,no price attached,54%,P3,eswatini,the great usutu,lakes-rivers,"A serene river meanders through lush wetlands under a bright sky, capturing natural beauty., Eswatini",16/9 and 4/5 and 4/3,1600,licence a photograph that actually shows the subject,licence,B — one stock or agency licence at the going rate.,AKL-001241,https://images.pexels.com/photos/34395745/pexels-photo-34395745.jpeg,eswatini/lakes-rivers/a-serene-river-meanders-through-lush-wetlands-under-a-bright-sky-captu.avif,3,/places/eswatini/the-great-usutu.html,/places/eswatini/the-great-usutu.html,relevance 3.4,pexels,Kevyn Costa,https://www.pexels.com/photo/scenic-river-bend-in-lush-wetlands-landscape-34395745/
715,"W6 licence, long tail",REPLACE,pexels:18561234,4,no price attached,54%,P3,eswatini,small and good,luxury,"an open-sided stone and thatch camp in the bush at Mkhaya, Eswatini",16/9 and 4/3,1600,licence a photograph that actually shows the subject,licence,B — one stock or agency licence at the going rate.,AKL-001242,https://images.pexels.com/photos/18561234/pexels-photo-18561234.jpeg,eswatini/luxury/an-open-sided-stone-and-thatch-camp-in-the-bush-at-mkhaya-eswatini.avif,2,/places/eswatini/small-and-good.html,/places/eswatini/small-and-good.html,"the provider calls it ""a grill with meat and vegetables on it""",pexels,Boris Hamer,https://www.pexels.com/photo/a-grill-with-meat-and-vegetables-on-it-18561234/
716,"W6 licence, long tail",REPLACE,pexels:33962544,4,no price attached,54%,P3,eswatini,granite and grass,photography,"late sun on the granite dome of Sibebe, Eswatini",16/9 and 21/9 and 4/3,2100,licence a photograph that actually shows the subject,licence,B — one stock or agency licence at the going rate.,AKL-001243,https://images.pexels.com/photos/33962544/pexels-photo-33962544.jpeg,eswatini/photography/late-sun-on-the-granite-dome-of-sibebe-eswatini.avif,3,/places/eswatini/granite-and-grass.html,/places/eswatini/granite-and-grass.html,relevance 3.9,pexels,Patrick,https://www.pexels.com/photo/granite-texture-close-up-in-black-and-white-33962544/
717,"W6 licence, long tail",REPLACE,pexels:16448672,4,no price attached,54%,P3,eswatini,hlane and mkhaya,safari,"An African elephant walks across a road during a safari in South African wilderness., Eswatini",16/9 and 4/3,1600,licence a photograph that actually shows the subject,licence,B — one stock or agency licence at the going rate.,AKL-001244,https://images.pexels.com/photos/16448672/pexels-photo-16448672.jpeg,eswatini/safari/an-african-elephant-walks-across-a-road-during-a-safari-in-south-afric.avif,2,/places/eswatini/hlane-and-mkhaya.html,/places/eswatini/hlane-and-mkhaya.html,relevance 2.2,pexels,Theo Topolevsky,https://www.pexels.com/photo/view-of-an-elephant-crossing-the-road-in-front-of-a-car-16448672/
718,"W6 licence, long tail",REPLACE,pexels:13113055,4,no price attached,54%,P3,eswatini,mantenga,waterfalls,"the Mantenga falls spreading over rock in the Ezulwini valley, Eswatini",16/9 and 4/3,1600,licence a photograph that actually shows the subject,licence,B — one stock or agency licence at the going rate.,AKL-001245,https://images.pexels.com/photos/13113055/pexels-photo-13113055.jpeg,eswatini/waterfalls/the-mantenga-falls-spreading-over-rock-in-the-ezulwini-valley-eswatini.avif,3,/places/eswatini/mantenga.html,/places/eswatini/mantenga.html,"relevance 2.2; the provider calls it ""photo of a waterfall""",pexels,Mark Napier,https://www.pexels.com/photo/photo-of-a-waterfall-13113055/
719,"W6 licence, long tail",REPLACE,pexels:33621927,4,no price attached,54%,P3,eswatini,why eswatini,why-visit,"a rhino at close range from a walking trail at Mkhaya, Eswatini",16/9 and 21/9,2400,licence a photograph that actually shows the subject,licence,B — one stock or agency licence at the going rate.,AKL-001246,https://images.pexels.com/photos/33621927/pexels-photo-33621927.jpeg,eswatini/why-visit/a-rhino-at-close-range-from-a-walking-trail-at-mkhaya-eswatini.avif,2,/places/eswatini/why-eswatini.html,/places/eswatini/why-eswatini.html,"relevance 3.8; the provider calls it ""aerial view of rural landscape in south africa""",pexels,K,https://www.pexels.com/photo/aerial-view-of-rural-landscape-in-south-africa-33621927/
720,"W6 licence, long tail",REPLACE,pexels:18000468,4,no price attached,54%,P3,eswatini,rhino at mkhaya,wildlife,"a black rhino among thorn scrub at Mkhaya, Eswatini",16/9,1800,licence a photograph that actually shows the subject,licence,B — one stock or agency licence at the going rate.,AKL-001247,https://images.pexels.com/photos/18000468/pexels-photo-18000468.jpeg,eswatini/wildlife/a-black-rhino-among-thorn-scrub-at-mkhaya-eswatini.avif,4,/places/eswatini/rhino-at-mkhaya.html,/eswatini.html,"the provider calls it ""rhinos in reserve in kenya""",pexels,Twilight Kenya,https://www.pexels.com/photo/rhinos-in-reserve-in-kenya-18000468/
721,"W6 licence, long tail",REPLACE,pexels:19833705,4,no price attached,52%,P3,gabon,masks and ngombi harps,crafts,"Young artisan skillfully carving wood in an open-air workshop setting., Gabon",16/9 and 4/3,1600,licence a photograph that actually shows the subject,licence,B — one stock or agency licence at the going rate.,AKL-001248,https://images.pexels.com/photos/19833705/pexels-photo-19833705.jpeg,gabon/crafts/young-artisan-skillfully-carving-wood-in-an-open-air-workshop-setting-.avif,2,/places/gabon/masks-and-ngombi-harps.html,/places/gabon/masks-and-ngombi-harps.html,"relevance 2.2; the provider calls it ""a man sitting on a bench making wooden objects""",pexels,Musa Ajit,https://www.pexels.com/photo/a-man-sitting-on-a-bench-making-wooden-objects-19833705/
722,"W6 licence, long tail",REPLACE,pexels:38823268,4,no price attached,52%,P3,gabon,bwiti,culture,"a Bwiti ceremony at night with harp and torches, Gabon",16/9,1800,licence a photograph that actually shows the subject,licence,B — one stock or agency licence at the going rate.,AKL-001249,https://images.pexels.com/photos/38823268/pexels-photo-38823268.jpeg,gabon/culture/a-bwiti-ceremony-at-night-with-harp-and-torches-gabon.avif,4,/places/gabon/bwiti.html,/gabon.html,"relevance 2.0; the provider calls it ""community gathering at a village fishing port""",pexels,Isiaka D. Massalay,https://www.pexels.com/photo/community-gathering-at-a-village-fishing-port-38823268/
723,"W6 licence, long tail",REPLACE,pexels:18458054,4,no price attached,52%,P3,gabon,congo basin forest,forests,"buttressed rainforest trees and understorey at Lope, Gabon",16/9 and 4/3,1600,licence a photograph that actually shows the subject,licence,B — one stock or agency licence at the going rate.,AKL-001250,https://images.pexels.com/photos/18458054/pexels-photo-18458054.jpeg,gabon/forests/buttressed-rainforest-trees-and-understorey-at-lope-gabon.avif,4,/places/gabon/congo-basin-forest.html,/gabon.html,"relevance 2.7; the provider calls it ""man walking among horses""",pexels,Shalom Osezua,https://www.pexels.com/photo/man-walking-among-horses-18458054/
724,"W6 licence, long tail",REPLACE,pexels:37270093,4,no price attached,52%,P3,gabon,the trans gabonais,hidden-gems,"A picturesque railway surrounded by lush green hills, conveying tranquility., Gabon",16/9 and 4/3,1600,licence a photograph that actually shows the subject,licence,B — one stock or agency licence at the going rate.,AKL-001251,https://images.pexels.com/photos/37270093/pexels-photo-37270093.jpeg,gabon/hidden-gems/a-picturesque-railway-surrounded-by-lush-green-hills-conveying-tranqui.avif,2,/places/gabon/the-trans-gabonais.html,/places/gabon/the-trans-gabonais.html,relevance 3.0,pexels,Wesley  Novais,https://www.pexels.com/photo/aerial-view-of-a-scenic-railway-crossing-37270093/
725,"W6 licence, long tail",REPLACE,pexels:26617833,4,no price attached,52%,P3,gabon,the ogooue and the ivindo,lakes-rivers,"A group of horses gallop near a river with a rider in a rural setting at sunset., Gabon",16/9 and 4/5 and 4/3,1600,licence a photograph that actually shows the subject,licence,B — one stock or agency licence at the going rate.,AKL-001252,https://images.pexels.com/photos/26617833/pexels-photo-26617833.jpeg,gabon/lakes-rivers/a-group-of-horses-gallop-near-a-river-with-a-rider-in-a-rural-setting-.avif,3,/places/gabon/the-ogooue-and-the-ivindo.html,/places/gabon/the-ogooue-and-the-ivindo.html,relevance 3.4,pexels,Zeynep Sude  Emek,https://www.pexels.com/photo/shepherd-on-horse-looking-at-running-herd-of-horses-26617833/
726,"W6 licence, long tail",REPLACE,pexels:38722178,4,no price attached,52%,P3,gabon,grilled fish on the sand,local-life,"grilled fish being served at a beach restaurant in Libreville, Gabon",16/9 and 3/2 and 4/3,1600,licence a photograph that actually shows the subject,licence,B — one stock or agency licence at the going rate.,AKL-001253,https://images.pexels.com/photos/38722178/pexels-photo-38722178.jpeg,gabon/local-life/grilled-fish-being-served-at-a-beach-restaurant-in-libreville-gabon.avif,3,/places/gabon/grilled-fish-on-the-sand.html,/places/gabon/grilled-fish-on-the-sand.html,relevance 2.7,pexels,Manass Rex,https://www.pexels.com/photo/elegant-woman-in-flowing-red-gown-on-beach-38722178/
727,"W6 licence, long tail",REPLACE,pexels:37782846,4,no price attached,52%,P3,gabon,the chaillu massif,mountains,"Stunning landscape of Ceahlău Massif with lush forests and blue sky in Neamț, Romania., Gabon",16/9 and 4/3,1800,licence a photograph that actually shows the subject,licence,B — one stock or agency licence at the going rate.,AKL-001254,https://images.pexels.com/photos/37782846/pexels-photo-37782846.jpeg,gabon/mountains/stunning-landscape-of-ceahl-u-massif-with-lush-forests-and-blue-sky-in.avif,4,/places/gabon/the-chaillu-massif.html,/gabon.html,relevance 2.5,pexels,Yana Oleksiuk,https://www.pexels.com/photo/scenic-view-of-ceahlau-massif-in-romania-s-neam-37782846/
728,"W6 licence, long tail",REPLACE,pexels:35206081,4,no price attached,52%,P3,gabon,eighty eight per cent forest,nature,unbroken rainforest running down to a lagoon in Gabon,16/9 and 21/9 and 4/3,2100,licence a photograph that actually shows the subject,licence,B — one stock or agency licence at the going rate.,AKL-001255,https://images.pexels.com/photos/35206081/pexels-photo-35206081.jpeg,gabon/nature/unbroken-rainforest-running-down-to-a-lagoon-in-gabon.avif,4,/places/gabon/eighty-eight-per-cent-forest.html,/gabon.html,"relevance 2.5; the provider calls it ""mud covered legs during a trail run adventure""",pexels,Ilarawan Photography,https://www.pexels.com/photo/mud-covered-legs-during-a-trail-run-adventure-35206081/
729,"W6 licence, long tail",REPLACE,pexels:13516979,4,no price attached,52%,P3,gabon,kayak trek and boat,outdoor,"Silhouetted kayakers paddling on the ocean in a black and white composition, emphasizing solitude., Gabon",16/9 and 4/3,1600,licence a photograph that actually shows the subject,licence,B — one stock or agency licence at the going rate.,AKL-001256,https://images.pexels.com/photos/13516979/pexels-photo-13516979.jpeg,gabon/outdoor/silhouetted-kayakers-paddling-on-the-ocean-in-a-black-and-white-compos.avif,2,/places/gabon/kayak-trek-and-boat.html,/places/gabon/kayak-trek-and-boat.html,relevance 2.7,pexels,The Humantra,https://www.pexels.com/photo/grayscale-photo-of-people-riding-a-boat-in-water-13516979/
730,"W6 licence, long tail",REPLACE,pexels:3551497,4,no price attached,52%,P3,gabon,forest meeting ocean,photography,"elephants crossing an empty beach with forest behind at sunset, Gabon",16/9 and 21/9 and 4/3,2100,licence a photograph that actually shows the subject,licence,B — one stock or agency licence at the going rate.,AKL-001257,https://images.pexels.com/photos/3551497/pexels-photo-3551497.jpeg,gabon/photography/elephants-crossing-an-empty-beach-with-forest-behind-at-sunset-gabon.avif,3,/places/gabon/forest-meeting-ocean.html,/places/gabon/forest-meeting-ocean.html,relevance 3.9,pexels,FUTUREKIIID .JPEG,https://www.pexels.com/photo/photo-of-elephants-walking-outdoors-3551497/
731,"W6 licence, long tail",REPLACE,pexels:30669664,4,no price attached,52%,P3,gabon,forest and savanna at lope,safari,"A diverse group of people enjoying a hike in a lush, green forest., Gabon",16/9 and 4/3,1600,licence a photograph that actually shows the subject,licence,B — one stock or agency licence at the going rate.,AKL-001258,https://images.pexels.com/photos/30669664/pexels-photo-30669664.jpeg,gabon/safari/a-diverse-group-of-people-enjoying-a-hike-in-a-lush-green-forest-gabon.avif,2,/places/gabon/forest-and-savanna-at-lope.html,/places/gabon/forest-and-savanna-at-lope.html,relevance 2.7,pexels,Chukwuemeka Joel,https://www.pexels.com/photo/group-hiking-adventure-through-lush-green-forest-30669664/
732,"W6 licence, long tail",REPLACE,pexels:29973777,4,no price attached,52%,P3,gabon,lowland gorillas and mandrills,wildlife,"Close-up of a majestic antelope resting in the grasslands of Africa, showcasing wildlife beauty., Gabon",16/9,1800,licence a photograph that actually shows the subject,licence,B — one stock or agency licence at the going rate.,AKL-001259,https://images.pexels.com/photos/29973777/pexels-photo-29973777.jpeg,gabon/wildlife/close-up-of-a-majestic-antelope-resting-in-the-grasslands-of-africa-sh.avif,4,/places/gabon/lowland-gorillas-and-mandrills.html,/gabon.html,relevance 2.0,pexels,Caleb Falkenhagen,https://www.pexels.com/photo/majestic-antelope-resting-in-african-grasslands-29973777/
733,"W6 licence, long tail",REPLACE,pexels:37052244,4,no price attached,52%,P3,madagascar,the rn7 and the tsingy,adventure,"a walker crossing the tsingy on a rope bridge, Madagascar",16/9,1800,licence a photograph that actually shows the subject,licence,B — one stock or agency licence at the going rate.,AKL-001260,https://images.pexels.com/photos/37052244/pexels-photo-37052244.jpeg,madagascar/adventure/a-walker-crossing-the-tsingy-on-a-rope-bridge-madagascar.avif,2,/places/madagascar/the-rn7-and-the-tsingy.html,/places/madagascar/the-rn7-and-the-tsingy.html,"the provider calls it ""person walking along lush green forest edge""",pexels,HONG SON,https://www.pexels.com/photo/person-walking-along-lush-green-forest-edge-37052244/
734,"W6 licence, long tail",REPLACE,pexels:37090650,4,no price attached,52%,P3,madagascar,antananarivo,cities,"the stepped hillside houses of Antananarivo, Madagascar",16/9 and 4/3,1600,licence a photograph that actually shows the subject,licence,B — one stock or agency licence at the going rate.,AKL-001261,https://images.pexels.com/photos/37090650/pexels-photo-37090650.jpeg,madagascar/cities/the-stepped-hillside-houses-of-antananarivo-madagascar.avif,2,/places/madagascar/antananarivo.html,/places/madagascar/antananarivo.html,relevance 3.9,pexels,Isaac Naph,https://www.pexels.com/photo/scenic-hillside-view-with-densely-packed-housing-37090650/
735,"W6 licence, long tail",REPLACE,pexels:9552186,4,no price attached,52%,P3,madagascar,silk raffia and zafimaniry,crafts,"a woman weaving a silk lamba on a wooden loom, Madagascar",16/9 and 4/3,1600,licence a photograph that actually shows the subject,licence,B — one stock or agency licence at the going rate.,AKL-001262,https://images.pexels.com/photos/9552186/pexels-photo-9552186.jpeg,madagascar/crafts/a-woman-weaving-a-silk-lamba-on-a-wooden-loom-madagascar.avif,2,/places/madagascar/silk-raffia-and-zafimaniry.html,/places/madagascar/silk-raffia-and-zafimaniry.html,"the provider calls it ""spinning mill in morocco""",pexels,Moussa Idrissi,https://www.pexels.com/photo/spinning-mill-in-morocco-9552186/
736,"W6 licence, long tail",REPLACE,pexels:5629430,4,no price attached,52%,P3,madagascar,the reason to come carefully,eco-tourism,a reforestation nursery beside a Madagascar rainforest park,16/9 and 4/3,1600,licence a photograph that actually shows the subject,licence,B — one stock or agency licence at the going rate.,AKL-001263,https://images.pexels.com/photos/5629430/pexels-photo-5629430.jpeg,madagascar/eco-tourism/a-reforestation-nursery-beside-a-madagascar-rainforest-park.avif,2,/places/madagascar/the-reason-to-come-carefully.html,/places/madagascar/the-reason-to-come-carefully.html,"relevance 2.7; the provider calls it ""woman holding sapling""",pexels,Denis Ngai,https://www.pexels.com/photo/woman-holding-sapling-5629430/
737,"W6 licence, long tail",REPLACE,pexels:446461,4,no price attached,52%,P3,madagascar,pirates and kingdoms,heritage,"A moss-covered cross stands in an overgrown, ancient cemetery, evoking a mysterious atmosphere., Madagascar",16/9 and 4/3,1600,licence a photograph that actually shows the subject,licence,B — one stock or agency licence at the going rate.,AKL-001264,https://images.pexels.com/photos/446461/pexels-photo-446461.jpeg,madagascar/heritage/a-moss-covered-cross-stands-in-an-overgrown-ancient-cemetery-evoking-a.avif,3,/places/madagascar/pirates-and-kingdoms.html,/places/madagascar/pirates-and-kingdoms.html,relevance 2.5,pexels,Miguel Á. Padriñán,https://www.pexels.com/photo/brown-cross-stand-on-grass-446461/
738,"W6 licence, long tail",REPLACE,pexels:53971,4,no price attached,52%,P3,madagascar,masoala,hidden-gems,"the rainforest of Masoala coming down to the sea, Madagascar",16/9 and 4/3,1600,licence a photograph that actually shows the subject,licence,B — one stock or agency licence at the going rate.,AKL-001265,https://images.pexels.com/photos/53971/chameleon-parduckameleon-furcifer-pardalis-reptile-53971.jpeg,madagascar/hidden-gems/the-rainforest-of-masoala-coming-down-to-the-sea-madagascar.avif,2,/places/madagascar/masoala.html,/places/madagascar/masoala.html,"relevance 2.2; the provider calls it ""green reptile on green leaf""",pexels,Pixabay,https://www.pexels.com/photo/green-reptile-on-green-leaf-53971/
739,"W6 licence, long tail",REPLACE,pexels:18783416,4,no price attached,52%,P3,madagascar,the rova and the royal hills,historic-sites,"Beautiful rural landscape of Taunggyi, Myanmar with misty hills during dusk., Madagascar",16/9 and 4/3,1600,licence a photograph that actually shows the subject,licence,B — one stock or agency licence at the going rate.,AKL-001266,https://images.pexels.com/photos/18783416/pexels-photo-18783416.jpeg,madagascar/historic-sites/beautiful-rural-landscape-of-taunggyi-myanmar-with-misty-hills-during-.avif,2,/places/madagascar/the-rova-and-the-royal-hills.html,/places/madagascar/the-rova-and-the-royal-hills.html,relevance 2.7,pexels,Zaonar Saizainalin,https://www.pexels.com/photo/town-surrounded-by-mountains-and-hills-at-dusk-18783416/
740,"W6 licence, long tail",REPLACE,pexels:30135596,4,no price attached,52%,P3,madagascar,the tsiribihina,lakes-rivers,"a pirogue on the Tsiribihina river at dawn, Madagascar",16/9 and 4/5 and 4/3,1600,licence a photograph that actually shows the subject,licence,B — one stock or agency licence at the going rate.,AKL-001267,https://images.pexels.com/photos/30135596/pexels-photo-30135596.jpeg,madagascar/lakes-rivers/a-pirogue-on-the-tsiribihina-river-at-dawn-madagascar.avif,3,/places/madagascar/the-tsiribihina.html,/places/madagascar/the-tsiribihina.html,relevance 3.4,pexels,Paulo gustavo Modesto,https://www.pexels.com/photo/lush-green-canyon-with-winding-river-30135596/
741,"W6 licence, long tail",REPLACE,pexels:9056704,4,no price attached,52%,P3,madagascar,small lodges,luxury,a small lodge among trees at a Madagascar park gate,16/9 and 4/3,1600,licence a photograph that actually shows the subject,licence,B — one stock or agency licence at the going rate.,AKL-001268,https://images.pexels.com/photos/9056704/pexels-photo-9056704.jpeg,madagascar/luxury/a-small-lodge-among-trees-at-a-madagascar-park-gate.avif,2,/places/madagascar/small-lodges.html,/places/madagascar/small-lodges.html,relevance 3.0,pexels,Matheus Bertelli,https://www.pexels.com/photo/an-aerial-photography-of-a-wooden-house-near-the-green-trees-9056704/
742,"W6 licence, long tail",REPLACE,pexels:28260229,4,no price attached,52%,P3,madagascar,six ecosystems on one island,nature,"the tsingy limestone pinnacles of Bemaraha, Madagascar",16/9 and 21/9 and 4/3,2100,licence a photograph that actually shows the subject,licence,B — one stock or agency licence at the going rate.,AKL-001269,https://images.pexels.com/photos/28260229/pexels-photo-28260229.jpeg,madagascar/nature/the-tsingy-limestone-pinnacles-of-bemaraha-madagascar.avif,4,/places/madagascar/six-ecosystems-on-one-island.html,/madagascar.html,"relevance 2.5; the provider calls it ""caves in puglia""",pexels,Max Kladitin,https://www.pexels.com/photo/caves-in-puglia-28260229/
743,"W6 licence, long tail",REPLACE,pexels:14024766,4,no price attached,52%,P3,madagascar,baobabs at six,photography,"baobabs silhouetted against the sky at Morondava, Madagascar",16/9 and 21/9 and 4/3,2100,licence a photograph that actually shows the subject,licence,B — one stock or agency licence at the going rate.,AKL-001270,https://images.pexels.com/photos/14024766/pexels-photo-14024766.jpeg,madagascar/photography/baobabs-silhouetted-against-the-sky-at-morondava-madagascar.avif,3,/places/madagascar/baobabs-at-six.html,/places/madagascar/baobabs-at-six.html,"relevance 2.4; the provider calls it ""men sitting in boat on a wide river""",pexels,Quang Nguyen Vinh,https://www.pexels.com/photo/men-sitting-in-boat-on-a-wide-river-14024766/
744,"W6 licence, long tail",REPLACE,pexels:8865068,4,no price attached,52%,P3,madagascar,famadihana and the ancestors,traditional-people,"Woman dressed in black standing by a tombstone in a graveyard, surrounded by trees., Madagascar",16/9 and 4/5 and 4/3,1600,licence a photograph that actually shows the subject,licence,B — one stock or agency licence at the going rate.,AKL-001271,https://images.pexels.com/photos/8865068/pexels-photo-8865068.jpeg,madagascar/traditional-people/woman-dressed-in-black-standing-by-a-tombstone-in-a-graveyard-surround.avif,3,/places/madagascar/famadihana-and-the-ancestors.html,/places/madagascar/famadihana-and-the-ancestors.html,relevance 2.7,pexels,RDNE Stock project,https://www.pexels.com/photo/woman-in-black-long-sleeves-and-pants-standing-near-tomb-8865068/
745,"W6 licence, long tail",REPLACE,pexels:37828860,4,no price attached,52%,P3,madagascar,a hundred kinds of lemur,wildlife,"an indri lemur in the rainforest canopy at Andasibe, Madagascar",16/9,1800,licence a photograph that actually shows the subject,licence,B — one stock or agency licence at the going rate.,AKL-001272,https://images.pexels.com/photos/37828860/pexels-photo-37828860.jpeg,madagascar/wildlife/an-indri-lemur-in-the-rainforest-canopy-at-andasibe-madagascar.avif,4,/places/madagascar/a-hundred-kinds-of-lemur.html,/madagascar.html,relevance 2.5,pexels,Ann-Marie Hardy,https://www.pexels.com/photo/playful-brown-lemur-eating-in-natural-habitat-37828860/
746,"W6 licence, long tail",REPLACE,pexels:31633697,4,no price attached,52%,P3,mauritania,dry stone and sand,architecture,"A person enters a decorated African doorway with traditional symbols, wearing a white garment., Mauritania",16/9 and 3/2 and 4/3,1600,licence a photograph that actually shows the subject,licence,B — one stock or agency licence at the going rate.,AKL-001273,https://images.pexels.com/photos/31633697/pexels-photo-31633697.jpeg,mauritania/architecture/a-person-enters-a-decorated-african-doorway-with-traditional-symbols-w.avif,3,/places/mauritania/dry-stone-and-sand.html,/places/mauritania/dry-stone-and-sand.html,relevance 2.7,pexels,mg shotz,https://www.pexels.com/photo/traditional-african-doorway-with-unique-symbols-31633697/
747,"W6 licence, long tail",REPLACE,pexels:17244133,4,no price attached,52%,P3,mauritania,nouakchott and nouadhibou,cities,"the fish market and painted pirogues on the beach at Nouakchott, Mauritania",16/9 and 4/3,1600,licence a photograph that actually shows the subject,licence,B — one stock or agency licence at the going rate.,AKL-001274,https://images.pexels.com/photos/17244133/pexels-photo-17244133.jpeg,mauritania/cities/the-fish-market-and-painted-pirogues-on-the-beach-at-nouakchott-maurit.avif,2,/places/mauritania/nouakchott-and-nouadhibou.html,/places/mauritania/nouakchott-and-nouadhibou.html,"relevance 3.8; the provider calls it ""corner of building in town""",pexels,Ben Khatry,https://www.pexels.com/photo/corner-of-building-in-town-17244133/
748,"W6 licence, long tail",REPLACE,pexels:17527836,4,no price attached,52%,P3,mauritania,moor and fulani,culture,"men in blue boubous drinking tea on a mat in the desert, Mauritania",16/9,1800,licence a photograph that actually shows the subject,licence,B — one stock or agency licence at the going rate.,AKL-001275,https://images.pexels.com/photos/17527836/pexels-photo-17527836.jpeg,mauritania/culture/men-in-blue-boubous-drinking-tea-on-a-mat-in-the-desert-mauritania.avif,4,/places/mauritania/moor-and-fulani.html,/mauritania.html,"the provider calls it ""men in traditional clothing""",pexels,Faruk Tokluoğlu,https://www.pexels.com/photo/men-in-traditional-clothing-17527836/
749,"W6 licence, long tail",REPLACE,pexels:7863392,4,no price attached,52%,P3,mauritania,two million birds,eco-tourism,"dense flocks of waders on the mudflats of the Banc d'Arguin, Mauritania",16/9 and 4/3,1600,licence a photograph that actually shows the subject,licence,B — one stock or agency licence at the going rate.,AKL-001276,https://images.pexels.com/photos/7863392/pexels-photo-7863392.jpeg,mauritania/eco-tourism/dense-flocks-of-waders-on-the-mudflats-of-the-banc-d-arguin-mauritania.avif,2,/places/mauritania/two-million-birds.html,/places/mauritania/two-million-birds.html,relevance 2.7,pexels,Juanita Theron,https://www.pexels.com/photo/silhouette-of-birds-flying-over-the-sea-during-sunset-7863392/
750,"W6 licence, long tail",REPLACE,pexels:13337791,4,no price attached,52%,P3,mauritania,big country for small children,family-community,"children playing among date palms in an Adrar oasis, Mauritania",16/9 and 4/3,1600,licence a photograph that actually shows the subject,licence,B — one stock or agency licence at the going rate.,AKL-001277,https://images.pexels.com/photos/13337791/pexels-photo-13337791.jpeg,mauritania/family-community/children-playing-among-date-palms-in-an-adrar-oasis-mauritania.avif,2,/places/mauritania/big-country-for-small-children.html,/places/mauritania/big-country-for-small-children.html,"relevance 2.7; the provider calls it ""sand and rocks forming a hill""",pexels,Moaz Tobok,https://www.pexels.com/photo/sand-and-rocks-forming-a-hill-13337791/
751,"W6 licence, long tail",REPLACE,pexels:7656387,4,no price attached,52%,P3,mauritania,thieboudienne and three teas,food,"Three colorful beverages in glasses placed on a wooden bench, perfect for drinks themed content., Mauritania",16/9 and 4/3,1600,licence a photograph that actually shows the subject,licence,B — one stock or agency licence at the going rate.,AKL-001278,https://images.pexels.com/photos/7656387/pexels-photo-7656387.jpeg,mauritania/food/three-colorful-beverages-in-glasses-placed-on-a-wooden-bench-perfect-f.avif,2,/places/mauritania/thieboudienne-and-three-teas.html,/places/mauritania/thieboudienne-and-three-teas.html,relevance 2.7,pexels,Cup of  Couple,https://www.pexels.com/photo/various-drinks-on-a-wooden-bench-7656387/
752,"W6 licence, long tail",REPLACE,pexels:9254283,4,no price attached,52%,P3,mauritania,terjit,hidden-gems,"a spring pool under dense palms in the Terjit gorge, Mauritania",16/9 and 4/3,1600,licence a photograph that actually shows the subject,licence,B — one stock or agency licence at the going rate.,AKL-001279,https://images.pexels.com/photos/9254283/pexels-photo-9254283.jpeg,mauritania/hidden-gems/a-spring-pool-under-dense-palms-in-the-terjit-gorge-mauritania.avif,2,/places/mauritania/terjit.html,/places/mauritania/terjit.html,"relevance 2.2; the provider calls it ""mzab valley under blue sky""",pexels,Djamel Ramdani,https://www.pexels.com/photo/mzab-valley-under-blue-sky-9254283/
753,"W6 licence, long tail",REPLACE,pexels:9998195,4,no price attached,52%,P3,mauritania,the fish market at sunset,local-life,"crowds buying fish from pirogues on the beach at Nouakchott, Mauritania",16/9 and 3/2 and 4/3,1600,licence a photograph that actually shows the subject,licence,B — one stock or agency licence at the going rate.,AKL-001280,https://images.pexels.com/photos/9998195/pexels-photo-9998195.jpeg,mauritania/local-life/crowds-buying-fish-from-pirogues-on-the-beach-at-nouakchott-mauritania.avif,3,/places/mauritania/the-fish-market-at-sunset.html,/places/mauritania/the-fish-market-at-sunset.html,"the provider calls it ""silhouette of people walking on the hill during gold""",pexels,El moustapha Ivekou,https://www.pexels.com/photo/silhouette-of-people-walking-on-the-hill-during-golden-hour-9998195/
754,"W6 licence, long tail",REPLACE,pexels:27945050,4,no price attached,52%,P3,mauritania,small and serious,luxury,"A sunlit Moroccan hallway with rustic walls opening into a courtyard., Mauritania",16/9 and 4/3,1600,licence a photograph that actually shows the subject,licence,B — one stock or agency licence at the going rate.,AKL-001281,https://images.pexels.com/photos/27945050/pexels-photo-27945050.jpeg,mauritania/luxury/a-sunlit-moroccan-hallway-with-rustic-walls-opening-into-a-courtyard-m.avif,2,/places/mauritania/small-and-serious.html,/places/mauritania/small-and-serious.html,"relevance 2.5; the provider calls it ""the entrance to an old building with a pool""",pexels,Andrea Musto,https://www.pexels.com/photo/the-entrance-to-an-old-building-with-a-pool-27945050/
755,"W6 licence, long tail",REPLACE,pexels:13337790,4,no price attached,52%,P3,mauritania,the adrar,nature,"a palm-filled canyon below sandstone cliffs in the Adrar, Mauritania",16/9 and 21/9 and 4/3,2100,licence a photograph that actually shows the subject,licence,B — one stock or agency licence at the going rate.,AKL-001282,https://images.pexels.com/photos/13337790/pexels-photo-13337790.jpeg,mauritania/nature/a-palm-filled-canyon-below-sandstone-cliffs-in-the-adrar-mauritania.avif,4,/places/mauritania/the-adrar.html,/mauritania.html,"the provider calls it ""dry surface of a desert mountain""",pexels,Moaz Tobok,https://www.pexels.com/photo/dry-surface-of-a-desert-mountain-13337790/
756,"W6 licence, long tail",REPLACE,pexels:13338946,4,no price attached,52%,P3,mauritania,trekking the adrar,outdoor,"Wide view of Timokten's rocky desert in Adrar, Algeria under a clear sky., Mauritania",16/9 and 4/3,1600,licence a photograph that actually shows the subject,licence,B — one stock or agency licence at the going rate.,AKL-001283,https://images.pexels.com/photos/13338946/pexels-photo-13338946.jpeg,mauritania/outdoor/wide-view-of-timokten-s-rocky-desert-in-adrar-algeria-under-a-clear-sk.avif,2,/places/mauritania/trekking-the-adrar.html,/places/mauritania/trekking-the-adrar.html,relevance 2.5,pexels,Moaz Tobok,https://www.pexels.com/photo/rock-and-sand-of-the-sahara-desert-13338946/
757,"W6 licence, long tail",REPLACE,pexels:31619199,4,no price attached,52%,P3,mauritania,the imraguen,traditional-people,"Elderly man in traditional attire walking in a dusty urban area, offering a glimpse into everyday life., Mauritania",16/9 and 4/5 and 4/3,1600,licence a photograph that actually shows the subject,licence,B — one stock or agency licence at the going rate.,AKL-001284,https://images.pexels.com/photos/31619199/pexels-photo-31619199.jpeg,mauritania/traditional-people/elderly-man-in-traditional-attire-walking-in-a-dusty-urban-area-offeri.avif,3,/places/mauritania/the-imraguen.html,/places/mauritania/the-imraguen.html,relevance 2.2,pexels,Kazys Photography,https://www.pexels.com/photo/elderly-man-walking-through-dusty-urban-street-31619199/
758,"W6 licence, long tail",REPLACE,pexels:29090185,4,no price attached,52%,P3,mauritania,why mauritania,why-visit,"a lone figure walking a sand-filled street in Ouadane, Mauritania",16/9 and 21/9,2400,licence a photograph that actually shows the subject,licence,B — one stock or agency licence at the going rate.,AKL-001285,https://images.pexels.com/photos/29090185/pexels-photo-29090185.jpeg,mauritania/why-visit/a-lone-figure-walking-a-sand-filled-street-in-ouadane-mauritania.avif,2,/places/mauritania/why-mauritania.html,/places/mauritania/why-mauritania.html,"the provider calls it ""silhouette of a person on mudflats at twilight""",pexels,YEON JUNG,https://www.pexels.com/photo/silhouette-of-a-person-on-mudflats-at-twilight-29090185/
759,"W6 licence, long tail",REPLACE,pexels:29795351,4,no price attached,52%,P3,south-sudan,no coast plenty of water,beaches,"a sandbar and shallow water on the White Nile near Terekeka, South Sudan",16/9 and 4/3,1800,licence a photograph that actually shows the subject,licence,B — one stock or agency licence at the going rate.,AKL-001286,https://images.pexels.com/photos/29795351/pexels-photo-29795351.jpeg,south-sudan/beaches/a-sandbar-and-shallow-water-on-the-white-nile-near-terekeka-south-suda.avif,4,/places/south-sudan/no-coast-plenty-of-water.html,/south-sudan.html,relevance 2.5,pexels,Caleb Falkenhagen,https://www.pexels.com/photo/nile-crocodile-basking-on-riverbank-in-the-sunlight-29795351/
760,"W6 licence, long tail",REPLACE,pexels:38010063,4,no price attached,52%,P3,south-sudan,beadwork and corsets,crafts,"Vibrant cultural parade with people in red attire, holding sticks, amidst urban construction backdrop., South Sudan",16/9 and 4/3,1600,licence a photograph that actually shows the subject,licence,B — one stock or agency licence at the going rate.,AKL-001287,https://images.pexels.com/photos/38010063/pexels-photo-38010063.jpeg,south-sudan/crafts/vibrant-cultural-parade-with-people-in-red-attire-holding-sticks-amids.avif,2,/places/south-sudan/beadwork-and-corsets.html,/places/south-sudan/beadwork-and-corsets.html,relevance 2.7,pexels,Anchau,https://www.pexels.com/photo/colorful-traditional-parade-with-red-attire-38010063/
761,"W6 licence, long tail",REPLACE,pexels:36200956,4,no price attached,52%,P3,south-sudan,sixty four peoples,culture,"a group of young men at a Mundari cattle camp in the evening, South Sudan",16/9,1800,licence a photograph that actually shows the subject,licence,B — one stock or agency licence at the going rate.,AKL-001288,https://images.pexels.com/photos/36200956/pexels-photo-36200956.jpeg,south-sudan/culture/a-group-of-young-men-at-a-mundari-cattle-camp-in-the-evening-south-sud.avif,4,/places/south-sudan/sixty-four-peoples.html,/south-sudan.html,"the provider calls it ""men participating in traditional fishing festival""",pexels,Aleekhan_photography,https://www.pexels.com/photo/men-participating-in-traditional-fishing-festival-36200956/
762,"W6 licence, long tail",REPLACE,pexels:8404197,4,no price attached,52%,P3,south-sudan,the sudd holds the nile back,eco-tourism,"papyrus swamp and open channels in the Sudd wetland from the air, South Sudan",16/9 and 4/3,1600,licence a photograph that actually shows the subject,licence,B — one stock or agency licence at the going rate.,AKL-001289,https://images.pexels.com/photos/8404197/pexels-photo-8404197.jpeg,south-sudan/eco-tourism/papyrus-swamp-and-open-channels-in-the-sudd-wetland-from-the-air-south.avif,2,/places/south-sudan/the-sudd-holds-the-nile-back.html,/places/south-sudan/the-sudd-holds-the-nile-back.html,"the provider calls it ""mountain view beyond the green marsh""",pexels,Beyza Eren,https://www.pexels.com/photo/mountain-view-beyond-the-green-marsh-8404197/
763,"W6 licence, long tail",REPLACE,pexels:27407536,4,no price attached,52%,P3,south-sudan,kisra asida and fish,food,"grilled Nile perch and flatbread served on a riverbank, South Sudan",16/9 and 4/3,1600,licence a photograph that actually shows the subject,licence,B — one stock or agency licence at the going rate.,AKL-001290,https://images.pexels.com/photos/27407536/pexels-photo-27407536.jpeg,south-sudan/food/grilled-nile-perch-and-flatbread-served-on-a-riverbank-south-sudan.avif,2,/places/south-sudan/kisra-asida-and-fish.html,/places/south-sudan/kisra-asida-and-fish.html,"the provider calls it ""aswan""",pexels,Eslam Mohammed Abdelmaksoud,https://www.pexels.com/photo/aswan-27407536/
764,"W6 licence, long tail",REPLACE,pexels:15131476,4,no price attached,52%,P3,south-sudan,nimule,hidden-gems,"the Nile running through green hills at Nimule, South Sudan",16/9 and 4/3,1600,licence a photograph that actually shows the subject,licence,B — one stock or agency licence at the going rate.,AKL-001291,https://images.pexels.com/photos/15131476/pexels-photo-15131476.jpeg,south-sudan/hidden-gems/the-nile-running-through-green-hills-at-nimule-south-sudan.avif,2,/places/south-sudan/nimule.html,/places/south-sudan/nimule.html,"the provider calls it ""ruins of philae temple""",pexels,Diego F. Parra,https://www.pexels.com/photo/ruins-of-philae-temple-15131476/
765,"W6 licence, long tail",REPLACE,pexels:10544532,4,no price attached,52%,P3,south-sudan,the white nile,lakes-rivers,"Close-up of an African crocodile resting near the water in South Africa, showcasing its textured scales and sharp teeth., South Sudan",16/9 and 4/5 and 4/3,1600,licence a photograph that actually shows the subject,licence,B — one stock or agency licence at the going rate.,AKL-001292,https://images.pexels.com/photos/10544532/pexels-photo-10544532.jpeg,south-sudan/lakes-rivers/close-up-of-an-african-crocodile-resting-near-the-water-in-south-afric.avif,3,/places/south-sudan/the-white-nile.html,/places/south-sudan/the-white-nile.html,relevance 2.9,pexels,Frans van Heerden,https://www.pexels.com/photo/brown-crocodile-on-green-grass-field-10544532/
766,"W6 licence, long tail",REPLACE,pexels:33927038,4,no price attached,52%,P3,south-sudan,market day at terekeka,local-life,"a busy open-air market with cattle and traders at Terekeka, South Sudan",16/9 and 3/2 and 4/3,1600,licence a photograph that actually shows the subject,licence,B — one stock or agency licence at the going rate.,AKL-001293,https://images.pexels.com/photos/33927038/pexels-photo-33927038.jpeg,south-sudan/local-life/a-busy-open-air-market-with-cattle-and-traders-at-terekeka-south-sudan.avif,3,/places/south-sudan/market-day-at-terekeka.html,/places/south-sudan/market-day-at-terekeka.html,"the provider calls it ""pack donkey carrying plastic containers in field""",pexels,Becky  Awo,https://www.pexels.com/photo/pack-donkey-carrying-plastic-containers-in-field-33927038/
767,"W6 licence, long tail",REPLACE,pexels:4268126,4,no price attached,52%,P3,south-sudan,two camps,luxury,"Colorful tents located at camp in mountainous valley near green trees against picturesque sunset sky, South Sudan",16/9 and 4/3,1600,licence a photograph that actually shows the subject,licence,B — one stock or agency licence at the going rate.,AKL-001294,https://images.pexels.com/photos/4268126/pexels-photo-4268126.jpeg,south-sudan/luxury/colorful-tents-located-at-camp-in-mountainous-valley-near-green-trees-.avif,2,/places/south-sudan/two-camps.html,/places/south-sudan/two-camps.html,relevance 2.5,pexels,Quang Nguyen Vinh,https://www.pexels.com/photo/multicolored-camping-tents-on-mountain-peak-during-sundown-4268126/
768,"W6 licence, long tail",REPLACE,pexels:36967887,4,no price attached,52%,P3,south-sudan,the sudd,nature,"A man dives into a tranquil lake, splashing water, surrounded by lush greenery, capturing a moment of pure freedom and nature., South Sudan",16/9 and 21/9 and 4/3,2100,licence a photograph that actually shows the subject,licence,B — one stock or agency licence at the going rate.,AKL-001295,https://images.pexels.com/photos/36967887/pexels-photo-36967887.jpeg,south-sudan/nature/a-man-dives-into-a-tranquil-lake-splashing-water-surrounded-by-lush-gr.avif,4,/places/south-sudan/the-sudd.html,/south-sudan.html,relevance 2.5,pexels,shutter Rwanda,https://www.pexels.com/photo/man-diving-into-a-clear-lake-surrounded-by-nature-36967887/
769,"W6 licence, long tail",REPLACE,pexels:36280662,4,no price attached,52%,P3,south-sudan,smoke and horns,photography,"sunlight through dung smoke over cattle horns at a Mundari camp, South Sudan",16/9 and 21/9 and 4/3,2100,licence a photograph that actually shows the subject,licence,B — one stock or agency licence at the going rate.,AKL-001296,https://images.pexels.com/photos/36280662/pexels-photo-36280662.jpeg,south-sudan/photography/sunlight-through-dung-smoke-over-cattle-horns-at-a-mundari-camp-south-.avif,3,/places/south-sudan/smoke-and-horns.html,/places/south-sudan/smoke-and-horns.html,relevance 3.7,pexels,Harun Makandi,https://www.pexels.com/photo/herd-of-cattle-and-goats-under-a-clear-sky-36280662/
770,"W6 licence, long tail",REPLACE,pexels:33542654,4,no price attached,52%,P3,south-sudan,fula falls,waterfalls,"white water at the Fula rapids on the White Nile, South Sudan",16/9 and 4/3,1600,licence a photograph that actually shows the subject,licence,B — one stock or agency licence at the going rate.,AKL-001297,https://images.pexels.com/photos/33542654/pexels-photo-33542654.jpeg,south-sudan/waterfalls/white-water-at-the-fula-rapids-on-the-white-nile-south-sudan.avif,3,/places/south-sudan/fula-falls.html,/places/south-sudan/fula-falls.html,"the provider calls it ""serene sky over lush green marshland""",pexels,sadness 1225,https://www.pexels.com/photo/serene-sky-over-lush-green-marshland-33542654/
771,"W6 licence, long tail",REPLACE,pexels:16114927,4,no price attached,52%,P3,south-sudan,why south sudan,why-visit,"a single vehicle beside an immense herd of kob on open plain, South Sudan",16/9 and 21/9,2400,licence a photograph that actually shows the subject,licence,B — one stock or agency licence at the going rate.,AKL-001298,https://images.pexels.com/photos/16114927/pexels-photo-16114927.jpeg,south-sudan/why-visit/a-single-vehicle-beside-an-immense-herd-of-kob-on-open-plain-south-sud.avif,2,/places/south-sudan/why-south-sudan.html,/places/south-sudan/why-south-sudan.html,"relevance 3.4; the provider calls it ""cyclist passing by aiwerioba oguigo mansion shopping""",pexels,David Iloba,https://www.pexels.com/photo/cyclist-passing-by-aiwerioba-oguigo-mansion-shopping-mall-in-benin-city-nigeria-16114927/
772,"W6 licence, long tail",REPLACE,pexels:38599211,4,no price attached,50%,P3,burkina-faso,bronze and masks,crafts,"African musicians dressed in traditional attire perform with handmade instruments outdoors., Burkina Faso",16/9 and 4/3,1600,licence a photograph that actually shows the subject,licence,B — one stock or agency licence at the going rate.,AKL-001299,https://images.pexels.com/photos/38599211/pexels-photo-38599211.jpeg,burkina-faso/crafts/african-musicians-dressed-in-traditional-attire-perform-with-handmade-.avif,2,/places/burkina-faso/bronze-and-masks.html,/places/burkina-faso/bronze-and-masks.html,relevance 2.2,pexels,Sani Maikatanga,https://www.pexels.com/photo/traditional-african-musicians-performing-outdoors-38599211/
773,"W6 licence, long tail",REPLACE,pexels:27935638,4,no price attached,50%,P3,burkina-faso,sixty languages one cinema,culture,"a crowd outside a cinema at FESPACO in Ouagadougou, Burkina Faso",16/9,1800,licence a photograph that actually shows the subject,licence,B — one stock or agency licence at the going rate.,AKL-001300,https://images.pexels.com/photos/27935638/pexels-photo-27935638.jpeg,burkina-faso/culture/a-crowd-outside-a-cinema-at-fespaco-in-ouagadougou-burkina-faso.avif,4,/places/burkina-faso/sixty-languages-one-cinema.html,/burkina-faso.html,"relevance 2.0; the provider calls it ""a gate with a pole in front of it""",pexels,Iklima Babangida,https://www.pexels.com/photo/a-gate-with-a-pole-in-front-of-it-27935638/
774,"W6 licence, long tail",REPLACE,pexels:11760859,4,no price attached,50%,P3,burkina-faso,elephants you can walk to,family-community,"a family walking with a guide towards elephants at Nazinga, Burkina Faso",16/9 and 4/3,1600,licence a photograph that actually shows the subject,licence,B — one stock or agency licence at the going rate.,AKL-001301,https://images.pexels.com/photos/11760859/pexels-photo-11760859.jpeg,burkina-faso/family-community/a-family-walking-with-a-guide-towards-elephants-at-nazinga-burkina-fas.avif,2,/places/burkina-faso/elephants-you-can-walk-to.html,/places/burkina-faso/elephants-you-can-walk-to.html,relevance 2.7,pexels,ROMAN ODINTSOV,https://www.pexels.com/photo/elephants-on-a-land-11760859/
775,"W6 licence, long tail",REPLACE,pexels:18872480,4,no price attached,50%,P3,burkina-faso,tiebele,hidden-gems,"women painting geometric patterns on a Kassena wall at Tiebele, Burkina Faso",16/9 and 4/3,1600,licence a photograph that actually shows the subject,licence,B — one stock or agency licence at the going rate.,AKL-001302,https://images.pexels.com/photos/18872480/pexels-photo-18872480.jpeg,burkina-faso/hidden-gems/women-painting-geometric-patterns-on-a-kassena-wall-at-tiebele-burkina.avif,2,/places/burkina-faso/tiebele.html,/places/burkina-faso/tiebele.html,"the provider calls it ""a pattern on a building""",pexels,Huu Huynh,https://www.pexels.com/photo/a-pattern-on-a-building-18872480/
776,"W6 licence, long tail",REPLACE,pexels:2479433,4,no price attached,50%,P3,burkina-faso,the black and white volta,lakes-rivers,"the Black Volta river running between wooded banks, Burkina Faso",16/9 and 4/5 and 4/3,1600,licence a photograph that actually shows the subject,licence,B — one stock or agency licence at the going rate.,AKL-001303,https://images.pexels.com/photos/2479433/pexels-photo-2479433.jpeg,burkina-faso/lakes-rivers/the-black-volta-river-running-between-wooded-banks-burkina-faso.avif,3,/places/burkina-faso/the-black-and-white-volta.html,/places/burkina-faso/the-black-and-white-volta.html,"relevance 3.9; the provider calls it ""man walking near car""",pexels,Alpha Diane,https://www.pexels.com/photo/man-walking-near-car-2479433/
777,"W6 licence, long tail",REPLACE,pexels:33337882,4,no price attached,50%,P3,burkina-faso,the maquis at night,local-life,"an open-air maquis at night with grilled food and a band, Burkina Faso",16/9 and 3/2 and 4/3,1600,licence a photograph that actually shows the subject,licence,B — one stock or agency licence at the going rate.,AKL-001304,https://images.pexels.com/photos/33337882/pexels-photo-33337882.jpeg,burkina-faso/local-life/an-open-air-maquis-at-night-with-grilled-food-and-a-band-burkina-faso.avif,3,/places/burkina-faso/the-maquis-at-night.html,/places/burkina-faso/the-maquis-at-night.html,"relevance 2.2; the provider calls it ""traditional nigerian crafts market in abuja""",pexels,Abdullahi Santuraki,https://www.pexels.com/photo/traditional-nigerian-crafts-market-in-abuja-33337882/
778,"W6 licence, long tail",REPLACE,pexels:1750679,4,no price attached,50%,P3,burkina-faso,the southwest,nature,"A powerful waterfall cascades over rocky cliffs surrounded by lush forest., Burkina Faso",16/9 and 21/9 and 4/3,2100,licence a photograph that actually shows the subject,licence,B — one stock or agency licence at the going rate.,AKL-001305,https://images.pexels.com/photos/1750679/pexels-photo-1750679.jpeg,burkina-faso/nature/a-powerful-waterfall-cascades-over-rocky-cliffs-surrounded-by-lush-for.avif,4,/places/burkina-faso/the-southwest.html,/burkina-faso.html,"relevance 2.5; the provider calls it ""waterfalls""",pexels,Vvek Nishant,https://www.pexels.com/photo/waterfalls-1750679/
779,"W6 licence, long tail",REPLACE,pexels:8112261,4,no price attached,50%,P3,burkina-faso,the sindou ridge,outdoor,"a walker among the sandstone fins of Sindou at sunset, Burkina Faso",16/9 and 4/3,1600,licence a photograph that actually shows the subject,licence,B — one stock or agency licence at the going rate.,AKL-001306,https://images.pexels.com/photos/8112261/pexels-photo-8112261.jpeg,burkina-faso/outdoor/a-walker-among-the-sandstone-fins-of-sindou-at-sunset-burkina-faso.avif,2,/places/burkina-faso/the-sindou-ridge.html,/places/burkina-faso/the-sindou-ridge.html,"the provider calls it ""rock formations""",pexels,Rachel Claire,https://www.pexels.com/photo/rock-formations-8112261/
780,"W6 licence, long tail",REPLACE,pexels:33704008,4,no price attached,50%,P3,burkina-faso,masks in motion,photography,"a masked dancer spinning in dust at a mask festival, Burkina Faso",16/9 and 21/9 and 4/3,2100,licence a photograph that actually shows the subject,licence,B — one stock or agency licence at the going rate.,AKL-001307,https://images.pexels.com/photos/33704008/pexels-photo-33704008.jpeg,burkina-faso/photography/a-masked-dancer-spinning-in-dust-at-a-mask-festival-burkina-faso.avif,3,/places/burkina-faso/masks-in-motion.html,/places/burkina-faso/masks-in-motion.html,"relevance 3.9; the provider calls it ""traditional dance celebration in oaxaca street""",pexels,Miguel González,https://www.pexels.com/photo/traditional-dance-celebration-in-oaxaca-street-33704008/
781,"W6 licence, long tail",REPLACE,pexels:11760799,4,no price attached,50%,P3,burkina-faso,nazinga and arli,safari,"elephants at a waterhole in Nazinga ranch, Burkina Faso",16/9 and 4/3,1600,licence a photograph that actually shows the subject,licence,B — one stock or agency licence at the going rate.,AKL-001308,https://images.pexels.com/photos/11760799/pexels-photo-11760799.jpeg,burkina-faso/safari/elephants-at-a-waterhole-in-nazinga-ranch-burkina-faso.avif,2,/places/burkina-faso/nazinga-and-arli.html,/places/burkina-faso/nazinga-and-arli.html,relevance 2.7,pexels,ROMAN ODINTSOV,https://www.pexels.com/photo/elephants-walking-on-dry-land-11760799/
782,"W6 licence, long tail",REPLACE,pexels:31652387,4,no price attached,50%,P3,burkina-faso,karfiguela,waterfalls,"people swimming below the Karfiguela waterfall, Burkina Faso",16/9 and 4/3,1600,licence a photograph that actually shows the subject,licence,B — one stock or agency licence at the going rate.,AKL-001309,https://images.pexels.com/photos/31652387/pexels-photo-31652387.jpeg,burkina-faso/waterfalls/people-swimming-below-the-karfiguela-waterfall-burkina-faso.avif,3,/places/burkina-faso/karfiguela.html,/places/burkina-faso/karfiguela.html,"relevance 3.0; the provider calls it ""children playing by a riverside with bridge""",pexels,LekePOV,https://www.pexels.com/photo/children-playing-by-a-riverside-with-bridge-31652387/
783,"W6 licence, long tail",REPLACE,pexels:20841385,4,no price attached,50%,P3,burkina-faso,hippos at tengrela,wildlife,"hippos surfacing in Lake Tengrela with a pirogue nearby, Burkina Faso",16/9,1800,licence a photograph that actually shows the subject,licence,B — one stock or agency licence at the going rate.,AKL-001310,https://images.pexels.com/photos/20841385/pexels-photo-20841385.jpeg,burkina-faso/wildlife/hippos-surfacing-in-lake-tengrela-with-a-pirogue-nearby-burkina-faso.avif,4,/places/burkina-faso/hippos-at-tengrela.html,/burkina-faso.html,"relevance 2.5; the provider calls it ""view of a dirt road along a body of water""",pexels,Thilina Alagiyawanna,https://www.pexels.com/photo/view-of-a-dirt-road-along-a-body-of-water-20841385/
784,"W6 licence, long tail",REPLACE,pexels:34948104,4,no price attached,50%,P3,burundi,saga and karera beaches,beaches,"Silhouetted boats on Lake Ulubat during a vibrant sunset in Bursa, Türkiye., Burundi",16/9 and 4/3,1800,licence a photograph that actually shows the subject,licence,B — one stock or agency licence at the going rate.,AKL-001311,https://images.pexels.com/photos/34948104/pexels-photo-34948104.jpeg,burundi/beaches/silhouetted-boats-on-lake-ulubat-during-a-vibrant-sunset-in-bursa-t-rk.avif,4,/places/burundi/saga-and-karera-beaches.html,/burundi.html,relevance 2.5,pexels,Ubeydulah Beşir KÖROĞLU,https://www.pexels.com/photo/dramatic-sunset-over-lake-ulubat-with-boats-34948104/
785,"W6 licence, long tail",REPLACE,pexels:21843572,4,no price attached,50%,P3,burundi,bujumbura and gitega,cities,"the lakefront and hills at Bujumbura, Burundi",16/9 and 4/3,1600,licence a photograph that actually shows the subject,licence,B — one stock or agency licence at the going rate.,AKL-001312,https://images.pexels.com/photos/21843572/pexels-photo-21843572.jpeg,burundi/cities/the-lakefront-and-hills-at-bujumbura-burundi.avif,2,/places/burundi/bujumbura-and-gitega.html,/places/burundi/bujumbura-and-gitega.html,"the provider calls it ""back view of man riding bike in village""",pexels,Edouard MIHIGO,https://www.pexels.com/photo/back-view-of-man-riding-bike-in-village-21843572/
786,"W6 licence, long tail",REPLACE,pexels:31964014,4,no price attached,50%,P3,burundi,basketry and drums,crafts,"coiled agaseke baskets with conical lids, Burundi",16/9 and 4/3,1600,licence a photograph that actually shows the subject,licence,B — one stock or agency licence at the going rate.,AKL-001313,https://images.pexels.com/photos/31964014/pexels-photo-31964014.jpeg,burundi/crafts/coiled-agaseke-baskets-with-conical-lids-burundi.avif,2,/places/burundi/basketry-and-drums.html,/places/burundi/basketry-and-drums.html,"the provider calls it ""traditional basket weaving in daura nigeria""",pexels,alameen .ng,https://www.pexels.com/photo/traditional-basket-weaving-in-daura-nigeria-31964014/
787,"W6 licence, long tail",REPLACE,pexels:37961010,4,no price attached,50%,P3,burundi,lake and hills,family-community,"children playing on the sand at a Lake Tanganyika beach, Burundi",16/9 and 4/3,1600,licence a photograph that actually shows the subject,licence,B — one stock or agency licence at the going rate.,AKL-001314,https://images.pexels.com/photos/37961010/pexels-photo-37961010.jpeg,burundi/family-community/children-playing-on-the-sand-at-a-lake-tanganyika-beach-burundi.avif,2,/places/burundi/lake-and-hills.html,/places/burundi/lake-and-hills.html,"the provider calls it ""tranquil lakeside village with fishing boats""",pexels,Edouard MIHIGO,https://www.pexels.com/photo/tranquil-lakeside-village-with-fishing-boats-37961010/
788,"W6 licence, long tail",REPLACE,pexels:18807622,4,no price attached,50%,P3,burundi,gishora,festivals,"drummers performing at the Gishora drum sanctuary, Burundi",16/9 and 3/2 and 4/3,1600,licence a photograph that actually shows the subject,licence,B — one stock or agency licence at the going rate.,AKL-001315,https://images.pexels.com/photos/18807622/pexels-photo-18807622.jpeg,burundi/festivals/drummers-performing-at-the-gishora-drum-sanctuary-burundi.avif,3,/places/burundi/gishora.html,/places/burundi/gishora.html,"the provider calls it ""traditional music band with drums""",pexels,Audy of  Course,https://www.pexels.com/photo/traditional-music-band-with-drums-18807622/
789,"W6 licence, long tail",REPLACE,pexels:30817106,4,no price attached,50%,P3,burundi,kibira,forests,"mossy montane forest and tree ferns at Kibira, Burundi",16/9 and 4/3,1600,licence a photograph that actually shows the subject,licence,B — one stock or agency licence at the going rate.,AKL-001316,https://images.pexels.com/photos/30817106/pexels-photo-30817106.jpeg,burundi/forests/mossy-montane-forest-and-tree-ferns-at-kibira-burundi.avif,4,/places/burundi/kibira.html,/burundi.html,"relevance 2.8; the provider calls it ""bujumbura urban vista with church tower""",pexels,Edouard MIHIGO,https://www.pexels.com/photo/bujumbura-urban-vista-with-church-tower-30817106/
790,"W6 licence, long tail",REPLACE,pexels:27605555,4,no price attached,50%,P3,burundi,rutovu,historic-sites,"the stone pyramid marking the Nile source at Rutovu, Burundi",16/9 and 4/3,1600,licence a photograph that actually shows the subject,licence,B — one stock or agency licence at the going rate.,AKL-001317,https://images.pexels.com/photos/27605555/pexels-photo-27605555.jpeg,burundi/historic-sites/the-stone-pyramid-marking-the-nile-source-at-rutovu-burundi.avif,2,/places/burundi/rutovu.html,/places/burundi/rutovu.html,relevance 2.7,pexels,Eslam Mohammed Abdelmaksoud,https://www.pexels.com/photo/kafr-alshaikh-nile-27605555/
791,"W6 licence, long tail",REPLACE,pexels:37961021,4,no price attached,50%,P3,burundi,lake tanganyika,lakes-rivers,"the deep blue water of Lake Tanganyika from a hillside, Burundi",16/9 and 4/5 and 4/3,1600,licence a photograph that actually shows the subject,licence,B — one stock or agency licence at the going rate.,AKL-001318,https://images.pexels.com/photos/37961021/pexels-photo-37961021.jpeg,burundi/lakes-rivers/the-deep-blue-water-of-lake-tanganyika-from-a-hillside-burundi.avif,3,/places/burundi/lake-tanganyika.html,/places/burundi/lake-tanganyika.html,relevance 3.4,pexels,Edouard MIHIGO,https://www.pexels.com/photo/solitary-fisherman-in-wooden-boat-on-tranquil-lake-37961021/
792,"W6 licence, long tail",REPLACE,pexels:32637481,4,no price attached,50%,P3,burundi,modest,luxury,"a lakeside hotel terrace at Bujumbura, Burundi",16/9 and 4/3,1600,licence a photograph that actually shows the subject,licence,B — one stock or agency licence at the going rate.,AKL-001319,https://images.pexels.com/photos/32637481/pexels-photo-32637481.jpeg,burundi/luxury/a-lakeside-hotel-terrace-at-bujumbura-burundi.avif,2,/places/burundi/modest.html,/places/burundi/modest.html,relevance 3.7,pexels,Edouard MIHIGO,https://www.pexels.com/photo/stunning-modern-church-architecture-in-burundi-32637481/
793,"W6 licence, long tail",REPLACE,pexels:19582836,4,no price attached,50%,P3,burundi,the congo nile divide,nature,"the forested ridge of the Congo-Nile divide under cloud, Burundi",16/9 and 21/9 and 4/3,2100,licence a photograph that actually shows the subject,licence,B — one stock or agency licence at the going rate.,AKL-001320,https://images.pexels.com/photos/19582836/pexels-photo-19582836.jpeg,burundi/nature/the-forested-ridge-of-the-congo-nile-divide-under-cloud-burundi.avif,4,/places/burundi/the-congo-nile-divide.html,/burundi.html,"the provider calls it ""green trees on lakeshore""",pexels,Gis photography,https://www.pexels.com/photo/green-trees-on-lakeshore-19582836/
794,"W6 licence, long tail",REPLACE,pexels:29004124,4,no price attached,50%,P3,burundi,drums in motion,photography,a Burundian drummer leaping with a drum in performance,16/9 and 21/9 and 4/3,2100,licence a photograph that actually shows the subject,licence,B — one stock or agency licence at the going rate.,AKL-001321,https://images.pexels.com/photos/29004124/pexels-photo-29004124.jpeg,burundi/photography/a-burundian-drummer-leaping-with-a-drum-in-performance.avif,3,/places/burundi/drums-in-motion.html,/places/burundi/drums-in-motion.html,relevance 3.4,pexels,Safari  Consoler,https://www.pexels.com/photo/vibrant-traditional-dance-performance-in-burundi-29004124/
795,"W6 licence, long tail",REPLACE,pexels:10963690,4,no price attached,50%,P3,burundi,karera,waterfalls,the Karera falls dropping through forest in southern Burundi,16/9 and 4/3,1600,licence a photograph that actually shows the subject,licence,B — one stock or agency licence at the going rate.,AKL-001322,https://images.pexels.com/photos/10963690/pexels-photo-10963690.jpeg,burundi/waterfalls/the-karera-falls-dropping-through-forest-in-southern-burundi.avif,3,/places/burundi/karera.html,/places/burundi/karera.html,"the provider calls it ""man resting on ground among corn crops""",pexels,Safari  Consoler,https://www.pexels.com/photo/man-resting-on-ground-among-corn-crops-10963690/
796,"W6 licence, long tail",REPLACE,pexels:34164692,4,no price attached,50%,P3,burundi,chimpanzees at kibira,wildlife,"a chimpanzee in the montane forest canopy at Kibira, Burundi",16/9,1800,licence a photograph that actually shows the subject,licence,B — one stock or agency licence at the going rate.,AKL-001323,https://images.pexels.com/photos/34164692/pexels-photo-34164692.jpeg,burundi/wildlife/a-chimpanzee-in-the-montane-forest-canopy-at-kibira-burundi.avif,4,/places/burundi/chimpanzees-at-kibira.html,/burundi.html,relevance 3.0,pexels,Bhupal Shrestha,https://www.pexels.com/photo/aerial-view-of-scenic-forest-and-village-landscape-34164692/
797,"W6 licence, long tail",REPLACE,pexels:10260794,4,no price attached,50%,P3,lesotho,sandstone and rondavel,architecture,"A farmer in traditional attire sits with a pile of harvested corn outside a stone hut., Lesotho",16/9 and 3/2 and 4/3,1600,licence a photograph that actually shows the subject,licence,B — one stock or agency licence at the going rate.,AKL-001324,https://images.pexels.com/photos/10260794/pexels-photo-10260794.jpeg,lesotho/architecture/a-farmer-in-traditional-attire-sits-with-a-pile-of-harvested-corn-outs.avif,3,/places/lesotho/sandstone-and-rondavel.html,/places/lesotho/sandstone-and-rondavel.html,relevance 2.7,pexels,Beth  Swart,https://www.pexels.com/photo/man-in-traditional-coat-sitting-by-pile-of-corn-10260794/
798,"W6 licence, long tail",REPLACE,pexels:37513826,4,no price attached,50%,P3,lesotho,high reservoirs,beaches,"the Katse dam wall and reservoir between mountains, Lesotho",16/9 and 4/3,1800,licence a photograph that actually shows the subject,licence,B — one stock or agency licence at the going rate.,AKL-001325,https://images.pexels.com/photos/37513826/pexels-photo-37513826.jpeg,lesotho/beaches/the-katse-dam-wall-and-reservoir-between-mountains-lesotho.avif,4,/places/lesotho/high-reservoirs.html,/lesotho.html,relevance 3.8,pexels,Fikelephi  Ndisile,https://www.pexels.com/photo/scenic-view-of-lesotho-s-mountain-village-37513826/
799,"W6 licence, long tail",REPLACE,pexels:19547926,4,no price attached,50%,P3,lesotho,maseru,cities,"the main street and sandstone buildings of Maseru, Lesotho",16/9 and 4/3,1600,licence a photograph that actually shows the subject,licence,B — one stock or agency licence at the going rate.,AKL-001326,https://images.pexels.com/photos/19547926/pexels-photo-19547926.jpeg,lesotho/cities/the-main-street-and-sandstone-buildings-of-maseru-lesotho.avif,2,/places/lesotho/maseru.html,/places/lesotho/maseru.html,"relevance 3.4; the provider calls it ""excavator in ruins""",pexels,Hape Monaheng,https://www.pexels.com/photo/excavator-in-ruins-19547926/
800,"W6 licence, long tail",REPLACE,pexels:38189716,4,no price attached,50%,P3,lesotho,the blanket and the hat,culture,"a man in a patterned Basotho blanket on a mountain road, Lesotho",16/9,1800,licence a photograph that actually shows the subject,licence,B — one stock or agency licence at the going rate.,AKL-001327,https://images.pexels.com/photos/38189716/pexels-photo-38189716.jpeg,lesotho/culture/a-man-in-a-patterned-basotho-blanket-on-a-mountain-road-lesotho.avif,4,/places/lesotho/the-blanket-and-the-hat.html,/lesotho.html,"the provider calls it ""man in traditional yellow garb and sunglasses""",pexels,Anchau,https://www.pexels.com/photo/man-in-traditional-yellow-garb-and-sunglasses-38189716/
801,"W6 licence, long tail",REPLACE,pexels:5504257,4,no price attached,50%,P3,lesotho,morija arts and cultural festival,festivals,"horse racing at the Morija cultural festival, Lesotho",16/9 and 3/2 and 4/3,1600,licence a photograph that actually shows the subject,licence,B — one stock or agency licence at the going rate.,AKL-001328,https://images.pexels.com/photos/5504257/pexels-photo-5504257.jpeg,lesotho/festivals/horse-racing-at-the-morija-cultural-festival-lesotho.avif,3,/places/lesotho/morija-arts-and-cultural-festival.html,/places/lesotho/morija-arts-and-cultural-festival.html,"the provider calls it ""white plastic chair in front of old hut""",pexels,Mike van Schoonderwalt,https://www.pexels.com/photo/white-plastic-chair-in-front-of-old-hut-5504257/
802,"W6 licence, long tail",REPLACE,unsplash:-YtkaWPrJQM,4,no price attached,50%,P3,lesotho,almost none,forests,a patch of indigenous forest in a sheltered Lesotho gorge,16/9 and 4/3,1600,licence a photograph that actually shows the subject,licence,B — one stock or agency licence at the going rate.,AKL-001329,https://images.unsplash.com/photo-1655546628936-e1a25058e40c,lesotho/forests/a-patch-of-indigenous-forest-in-a-sheltered-lesotho-gorge.avif,4,/places/lesotho/almost-none.html,/lesotho.html,"the provider calls it ""a city with many buildings""",unsplash,Tatenda Mapigoti,https://unsplash.com/photos/a-city-with-many-buildings--YtkaWPrJQM
803,"W6 licence, long tail",REPLACE,pexels:12337484,4,no price attached,50%,P3,lesotho,dinosaur footprints,hidden-gems,"fossil dinosaur footprints in exposed sandstone rock, Lesotho",16/9 and 4/3,1600,licence a photograph that actually shows the subject,licence,B — one stock or agency licence at the going rate.,AKL-001330,https://images.pexels.com/photos/12337484/pexels-photo-12337484.jpeg,lesotho/hidden-gems/fossil-dinosaur-footprints-in-exposed-sandstone-rock-lesotho.avif,2,/places/lesotho/dinosaur-footprints.html,/places/lesotho/dinosaur-footprints.html,"the provider calls it ""footprint on the ground""",pexels,Vladimir Srajber,https://www.pexels.com/photo/footprint-on-the-ground-12337484/
804,"W6 licence, long tail",REPLACE,pexels:38253354,4,no price attached,50%,P3,lesotho,thaba bosiu,historic-sites,"the flat-topped plateau of Thaba Bosiu above the plain, Lesotho",16/9 and 4/3,1600,licence a photograph that actually shows the subject,licence,B — one stock or agency licence at the going rate.,AKL-001331,https://images.pexels.com/photos/38253354/pexels-photo-38253354.jpeg,lesotho/historic-sites/the-flat-topped-plateau-of-thaba-bosiu-above-the-plain-lesotho.avif,2,/places/lesotho/thaba-bosiu.html,/places/lesotho/thaba-bosiu.html,relevance 2.2,pexels,Magda Ehlers,https://www.pexels.com/photo/exterior-view-of-historic-stone-building-38253354/
805,"W6 licence, long tail",REPLACE,pexels:34605386,4,no price attached,50%,P3,lesotho,sunday on horseback,local-life,"villagers on horseback on a mountain track, Lesotho",16/9 and 3/2 and 4/3,1600,licence a photograph that actually shows the subject,licence,B — one stock or agency licence at the going rate.,AKL-001332,https://images.pexels.com/photos/34605386/pexels-photo-34605386.jpeg,lesotho/local-life/villagers-on-horseback-on-a-mountain-track-lesotho.avif,3,/places/lesotho/sunday-on-horseback.html,/places/lesotho/sunday-on-horseback.html,relevance 2.7,pexels,MEHMET KAYNAR,https://www.pexels.com/photo/winter-herding-scene-in-snowy-mountain-landscape-34605386/
806,"W6 licence, long tail",REPLACE,pexels:6930224,4,no price attached,50%,P3,lesotho,lodges and trading posts,luxury,"a mountain lodge with stone buildings at Semonkong, Lesotho",16/9 and 4/3,1600,licence a photograph that actually shows the subject,licence,B — one stock or agency licence at the going rate.,AKL-001333,https://images.pexels.com/photos/6930224/pexels-photo-6930224.jpeg,lesotho/luxury/a-mountain-lodge-with-stone-buildings-at-semonkong-lesotho.avif,2,/places/lesotho/lodges-and-trading-posts.html,/places/lesotho/lodges-and-trading-posts.html,"the provider calls it ""aerial view of brown mountains""",pexels,Tomas Wells,https://www.pexels.com/photo/aerial-view-of-brown-mountains-6930224/
807,"W6 licence, long tail",REPLACE,pexels:32423814,4,no price attached,50%,P3,lesotho,the maloti,nature,Serene view of Lesotho's lush fields and rugged mountains under clear blue skies.,16/9 and 21/9 and 4/3,2100,licence a photograph that actually shows the subject,licence,B — one stock or agency licence at the going rate.,AKL-001334,https://images.pexels.com/photos/32423814/pexels-photo-32423814.jpeg,lesotho/nature/serene-view-of-lesotho-s-lush-fields-and-rugged-mountains-under-clear-.avif,4,/places/lesotho/the-maloti.html,/lesotho.html,relevance 2.5,pexels,Ryan Lansdown,https://www.pexels.com/photo/scenic-landscape-of-lesotho-s-mountainous-terrain-32423814/
808,"W6 licence, long tail",REPLACE,pexels:10213162,4,no price attached,50%,P3,lesotho,maletsunyane,waterfalls,"the single 192-metre drop of the Maletsunyane falls, Lesotho",16/9 and 4/3,1600,licence a photograph that actually shows the subject,licence,B — one stock or agency licence at the going rate.,AKL-001335,https://images.pexels.com/photos/10213162/pexels-photo-10213162.jpeg,lesotho/waterfalls/the-single-192-metre-drop-of-the-maletsunyane-falls-lesotho.avif,3,/places/lesotho/maletsunyane.html,/places/lesotho/maletsunyane.html,"relevance 2.2; the provider calls it ""waterfall on mountain""",pexels,Greg Betanov,https://www.pexels.com/photo/waterfall-on-mountain-10213162/
809,"W6 licence, long tail",REPLACE,pexels:10964709,4,no price attached,50%,P3,lesotho,why lesotho,why-visit,"a rider on a Basotho pony against a wide mountain horizon, Lesotho",16/9 and 21/9,2400,licence a photograph that actually shows the subject,licence,B — one stock or agency licence at the going rate.,AKL-001336,https://images.pexels.com/photos/10964709/pexels-photo-10964709.jpeg,lesotho/why-visit/a-rider-on-a-basotho-pony-against-a-wide-mountain-horizon-lesotho.avif,2,/places/lesotho/why-lesotho.html,/places/lesotho/why-lesotho.html,relevance 2.0,pexels,Sergey  Meshkov,https://www.pexels.com/photo/shetland-pony-on-snow-covered-ground-10964709/
810,"W6 licence, long tail",REPLACE,pexels:21364266,4,no price attached,50%,P3,malawi,diving kayak and the massif,adventure,kayakers paddling along the rocky shore of Lake Malawi,16/9,1800,licence a photograph that actually shows the subject,licence,B — one stock or agency licence at the going rate.,AKL-001337,https://images.pexels.com/photos/21364266/pexels-photo-21364266.jpeg,malawi/adventure/kayakers-paddling-along-the-rocky-shore-of-lake-malawi.avif,2,/places/malawi/diving-kayak-and-the-massif.html,/places/malawi/diving-kayak-and-the-massif.html,"the provider calls it ""rocks on a lakeshore""",pexels,Chibili  Mugala,https://www.pexels.com/photo/rocks-on-a-lakeshore-21364266/
811,"W6 licence, long tail",REPLACE,pexels:32679541,4,no price attached,50%,P3,malawi,majetes recovery,eco-tourism,"a ranger and vehicle at a waterhole in Majete, Malawi",16/9 and 4/3,1600,licence a photograph that actually shows the subject,licence,B — one stock or agency licence at the going rate.,AKL-001338,https://images.pexels.com/photos/32679541/pexels-photo-32679541.jpeg,malawi/eco-tourism/a-ranger-and-vehicle-at-a-waterhole-in-majete-malawi.avif,2,/places/malawi/majetes-recovery.html,/places/malawi/majetes-recovery.html,relevance 2.7,pexels,Haim Charbit,https://www.pexels.com/photo/zebra-at-a-waterhole-in-natural-habitat-32679541/
812,"W6 licence, long tail",REPLACE,pexels:31807540,4,no price attached,50%,P3,malawi,easy and warm,family-community,children swimming from a beach on Lake Malawi,16/9 and 4/3,1600,licence a photograph that actually shows the subject,licence,B — one stock or agency licence at the going rate.,AKL-001339,https://images.pexels.com/photos/31807540/pexels-photo-31807540.jpeg,malawi/family-community/children-swimming-from-a-beach-on-lake-malawi.avif,2,/places/malawi/easy-and-warm.html,/places/malawi/easy-and-warm.html,"relevance 2.7; the provider calls it ""close up of a striped african cichlid fish""",pexels,Robert Schwarz,https://www.pexels.com/photo/close-up-of-a-striped-african-cichlid-fish-31807540/
813,"W6 licence, long tail",REPLACE,pexels:14435174,4,no price attached,50%,P3,malawi,the lake of stars,festivals,a crowd at a music festival on the shore of Lake Malawi,16/9 and 3/2 and 4/3,1600,licence a photograph that actually shows the subject,licence,B — one stock or agency licence at the going rate.,AKL-001340,https://images.pexels.com/photos/14435174/pexels-photo-14435174.jpeg,malawi/festivals/a-crowd-at-a-music-festival-on-the-shore-of-lake-malawi.avif,3,/places/malawi/the-lake-of-stars.html,/places/malawi/the-lake-of-stars.html,"the provider calls it ""mantis on leaves""",pexels,Ravi Rajapaksha,https://www.pexels.com/photo/mantis-on-leaves-14435174/
814,"W6 licence, long tail",REPLACE,pexels:30400903,4,no price attached,50%,P3,malawi,nyika and zomba,forests,"A stunning sunset casts vibrant colors over rolling green hills, creating a serene landscape., Malawi",16/9 and 4/3,1600,licence a photograph that actually shows the subject,licence,B — one stock or agency licence at the going rate.,AKL-001341,https://images.pexels.com/photos/30400903/pexels-photo-30400903.jpeg,malawi/forests/a-stunning-sunset-casts-vibrant-colors-over-rolling-green-hills-creati.avif,4,/places/malawi/nyika-and-zomba.html,/malawi.html,relevance 2.7,pexels,Fábio Ribeiro,https://www.pexels.com/photo/captivating-sunset-over-verdant-hills-30400903/
815,"W6 licence, long tail",REPLACE,pexels:37961020,4,no price attached,50%,P3,malawi,the beach at cape maclear,local-life,"fishing boats and children on the beach at Cape Maclear, Malawi",16/9 and 3/2 and 4/3,1600,licence a photograph that actually shows the subject,licence,B — one stock or agency licence at the going rate.,AKL-001342,https://images.pexels.com/photos/37961020/pexels-photo-37961020.jpeg,malawi/local-life/fishing-boats-and-children-on-the-beach-at-cape-maclear-malawi.avif,3,/places/malawi/the-beach-at-cape-maclear.html,/places/malawi/the-beach-at-cape-maclear.html,"relevance 2.7; the provider calls it ""tranquil day on african lake with fishermen""",pexels,Edouard MIHIGO,https://www.pexels.com/photo/tranquil-day-on-african-lake-with-fishermen-37961020/
816,"W6 licence, long tail",REPLACE,pexels:6130791,4,no price attached,50%,P3,malawi,the rift and the massif,nature,"Empty narrow pathway between lush green tea shrubs and trees against mounts under cloudy sky on foggy day, Malawi",16/9 and 21/9 and 4/3,2100,licence a photograph that actually shows the subject,licence,B — one stock or agency licence at the going rate.,AKL-001343,https://images.pexels.com/photos/6130791/pexels-photo-6130791.jpeg,malawi/nature/empty-narrow-pathway-between-lush-green-tea-shrubs-and-trees-against-m.avif,4,/places/malawi/the-rift-and-the-massif.html,/malawi.html,relevance 2.5,pexels,Quang Nguyen Vinh,https://www.pexels.com/photo/path-between-tea-plantations-against-mountains-in-misty-weather-6130791/
817,"W6 licence, long tail",REPLACE,pexels:17407697,4,no price attached,50%,P3,malawi,mulanje for a week,outdoor,"A family walking across a zebra crossing, representing safety and care., Malawi",16/9 and 4/3,1600,licence a photograph that actually shows the subject,licence,B — one stock or agency licence at the going rate.,AKL-001344,https://images.pexels.com/photos/17407697/pexels-photo-17407697.jpeg,malawi/outdoor/a-family-walking-across-a-zebra-crossing-representing-safety-and-care-.avif,2,/places/malawi/mulanje-for-a-week.html,/places/malawi/mulanje-for-a-week.html,relevance 2.5,pexels,Lara van der Walt,https://www.pexels.com/photo/parents-with-kid-at-zebra-crossing-17407697/
818,"W6 licence, long tail",REPLACE,pexels:27665571,4,no price attached,50%,P3,malawi,chewa yao tumbuka lomwe,traditional-people,"Gule Wamkulu masked dancers performing in a village, Malawi",16/9 and 4/5 and 4/3,1600,licence a photograph that actually shows the subject,licence,B — one stock or agency licence at the going rate.,AKL-001345,https://images.pexels.com/photos/27665571/pexels-photo-27665571.jpeg,malawi/traditional-people/gule-wamkulu-masked-dancers-performing-in-a-village-malawi.avif,3,/places/malawi/chewa-yao-tumbuka-lomwe.html,/places/malawi/chewa-yao-tumbuka-lomwe.html,relevance 2.7,pexels,Mad Knoxx Deluxe,https://www.pexels.com/photo/a-village-in-the-mountains-with-a-lot-of-trees-27665571/
819,"W6 licence, long tail",REPLACE,pexels:18651412,4,no price attached,50%,P3,malawi,manchewe,waterfalls,"the Manchewe falls dropping off the escarpment near Livingstonia, Malawi",16/9 and 4/3,1600,licence a photograph that actually shows the subject,licence,B — one stock or agency licence at the going rate.,AKL-001346,https://images.pexels.com/photos/18651412/pexels-photo-18651412.jpeg,malawi/waterfalls/the-manchewe-falls-dropping-off-the-escarpment-near-livingstonia-malaw.avif,3,/places/malawi/manchewe.html,/places/malawi/manchewe.html,"relevance 2.5; the provider calls it ""rock formation with waterfall""",pexels,Betül Ayyıldız,https://www.pexels.com/photo/rock-formation-with-waterfall-18651412/
820,"W6 licence, long tail",REPLACE,pexels:7433811,4,no price attached,50%,P3,malawi,why malawi,why-visit,a dhow under sail on Lake Malawi at sunset,16/9 and 21/9,2400,licence a photograph that actually shows the subject,licence,B — one stock or agency licence at the going rate.,AKL-001347,https://images.pexels.com/photos/7433811/pexels-photo-7433811.jpeg,malawi/why-visit/a-dhow-under-sail-on-lake-malawi-at-sunset.avif,2,/places/malawi/why-malawi.html,/places/malawi/why-malawi.html,"relevance 3.9; the provider calls it ""a sailboat on the ocean""",pexels,Henrik Bentzen,https://www.pexels.com/photo/a-sailboat-on-the-ocean-7433811/
821,"W6 licence, long tail",REPLACE,pexels:24839066,4,no price attached,50%,P3,malawi,cichlids and the big five,wildlife,brightly coloured mbuna cichlids over rocks in Lake Malawi,16/9,1800,licence a photograph that actually shows the subject,licence,B — one stock or agency licence at the going rate.,AKL-001348,https://images.pexels.com/photos/24839066/pexels-photo-24839066.jpeg,malawi/wildlife/brightly-coloured-mbuna-cichlids-over-rocks-in-lake-malawi.avif,4,/places/malawi/cichlids-and-the-big-five.html,/malawi.html,"the provider calls it ""people collecting fishing nets on beach""",pexels,Chibili  Mugala,https://www.pexels.com/photo/people-collecting-fishing-nets-on-beach-24839066/
822,"W6 licence, long tail",REPLACE,pexels:27534907,4,no price attached,48%,P3,somalia,diving berbera,adventure,"a diver over an unfished coral reef in the Gulf of Aden, Somalia",16/9,1800,licence a photograph that actually shows the subject,licence,B — one stock or agency licence at the going rate.,AKL-001349,https://images.pexels.com/photos/27534907/pexels-photo-27534907.jpeg,somalia/adventure/a-diver-over-an-unfished-coral-reef-in-the-gulf-of-aden-somalia.avif,2,/places/somalia/diving-berbera.html,/places/somalia/diving-berbera.html,"relevance 2.7; the provider calls it ""two ships are in the ocean near a large body of wate""",pexels,Doğan Alpaslan  Demir,https://www.pexels.com/photo/two-ships-are-in-the-ocean-near-a-large-body-of-water-27534907/
823,"W6 licence, long tail",REPLACE,pexels:33290518,4,no price attached,48%,P3,somalia,mogadishu and hargeisa,cities,"the seafront and white buildings of Mogadishu, Somalia",16/9 and 4/3,1600,licence a photograph that actually shows the subject,licence,B — one stock or agency licence at the going rate.,AKL-001350,https://images.pexels.com/photos/33290518/pexels-photo-33290518.jpeg,somalia/cities/the-seafront-and-white-buildings-of-mogadishu-somalia.avif,2,/places/somalia/mogadishu-and-hargeisa.html,/places/somalia/mogadishu-and-hargeisa.html,"relevance 3.4; does not name Somalia, which the slot asked for",pexels,ibrahim sakhawi,https://www.pexels.com/photo/portrait-of-somali-man-in-front-of-mogadishu-mosque-33290518/
824,"W6 licence, long tail",REPLACE,unsplash:OgWXxWXpc6g,4,no price attached,48%,P3,somalia,poetry as the national art,culture,"men listening to a poet reciting at an evening gathering, Somalia",16/9,1800,licence a photograph that actually shows the subject,licence,B — one stock or agency licence at the going rate.,AKL-001351,https://images.unsplash.com/photo-1775633741123-27a20db1d75c,somalia/culture/men-listening-to-a-poet-reciting-at-an-evening-gathering-somalia.avif,4,/places/somalia/poetry-as-the-national-art.html,/somalia.html,"relevance 2.5; the provider calls it ""four men sit at a bus stop in white shirts""",unsplash,MOHAMED ABUKAR,https://unsplash.com/photos/four-men-sit-at-a-bus-stop-in-white-shirts-OgWXxWXpc6g
825,"W6 licence, long tail",REPLACE,pexels:16107645,4,no price attached,48%,P3,somalia,camel milk and bariis,food,"a plate of bariis iskukaris with goat and banana, Somalia",16/9 and 4/3,1600,licence a photograph that actually shows the subject,licence,B — one stock or agency licence at the going rate.,AKL-001352,https://images.pexels.com/photos/16107645/pexels-photo-16107645.jpeg,somalia/food/a-plate-of-bariis-iskukaris-with-goat-and-banana-somalia.avif,2,/places/somalia/camel-milk-and-bariis.html,/places/somalia/camel-milk-and-bariis.html,"the provider calls it ""ready to eat chicken meat with rice""",pexels,Anthony Rahayel,https://www.pexels.com/photo/ready-to-eat-chicken-meat-with-rice-16107645/
826,"W6 licence, long tail",REPLACE,pexels:33384319,4,no price attached,48%,P3,somalia,berberas ottoman quarter,hidden-gems,"arched Ottoman-era buildings in the old town of Berbera, Somalia",16/9 and 4/3,1600,licence a photograph that actually shows the subject,licence,B — one stock or agency licence at the going rate.,AKL-001353,https://images.pexels.com/photos/33384319/pexels-photo-33384319.jpeg,somalia/hidden-gems/arched-ottoman-era-buildings-in-the-old-town-of-berbera-somalia.avif,2,/places/somalia/berberas-ottoman-quarter.html,/places/somalia/berberas-ottoman-quarter.html,relevance 2.7,pexels,Cihan Çimen,https://www.pexels.com/photo/byzantine-and-ottoman-architectural-ruins-in-istanbul-33384319/
827,"W6 licence, long tail",REPLACE,pexels:37982575,4,no price attached,48%,P3,somalia,laas geel,historic-sites,"painted cattle and human figures on the rock shelters at Laas Geel, Somalia",16/9 and 4/3,1600,licence a photograph that actually shows the subject,licence,B — one stock or agency licence at the going rate.,AKL-001354,https://images.pexels.com/photos/37982575/pexels-photo-37982575.jpeg,somalia/historic-sites/painted-cattle-and-human-figures-on-the-rock-shelters-at-laas-geel-som.avif,2,/places/somalia/laas-geel.html,/places/somalia/laas-geel.html,relevance 2.7,pexels,Amjad ali,https://www.pexels.com/photo/exploring-ancient-rock-art-in-swat-valley-37982575/
828,"W6 licence, long tail",REPLACE,pexels:28492987,4,no price attached,48%,P3,somalia,beginning to exist,luxury,"a rooftop terrace restaurant overlooking Hargeisa, Somalia",16/9 and 4/3,1600,licence a photograph that actually shows the subject,licence,B — one stock or agency licence at the going rate.,AKL-001355,https://images.pexels.com/photos/28492987/pexels-photo-28492987.jpeg,somalia/luxury/a-rooftop-terrace-restaurant-overlooking-hargeisa-somalia.avif,2,/places/somalia/beginning-to-exist.html,/places/somalia/beginning-to-exist.html,relevance 2.0,pexels,Abdulkadir Hiraabe,https://www.pexels.com/photo/military-officer-communicating-on-street-in-hargeisa-28492987/
829,"W6 licence, long tail",REPLACE,pexels:13131059,4,no price attached,48%,P3,somalia,shimbiris,mountains,"juniper and cycads on the high slopes of Shimbiris, Somalia",16/9 and 4/3,1800,licence a photograph that actually shows the subject,licence,B — one stock or agency licence at the going rate.,AKL-001356,https://images.pexels.com/photos/13131059/pexels-photo-13131059.jpeg,somalia/mountains/juniper-and-cycads-on-the-high-slopes-of-shimbiris-somalia.avif,4,/places/somalia/shimbiris.html,/somalia.html,"relevance 2.5; the provider calls it ""green leaves of a plant""",pexels,Fez Brook,https://www.pexels.com/photo/green-leaves-of-a-plant-13131059/
830,"W6 licence, long tail",REPLACE,pexels:28170223,4,no price attached,48%,P3,somalia,cal madow,nature,Nature in Somalia,16/9 and 21/9 and 4/3,2100,licence a photograph that actually shows the subject,licence,B — one stock or agency licence at the going rate.,AKL-001357,https://images.pexels.com/photos/28170223/pexels-photo-28170223.jpeg,somalia/nature/nature-in-somalia.avif,4,/places/somalia/cal-madow.html,/somalia.html,"relevance 2.5; query broadened to category; the provider calls it ""desert trees""",pexels,French Sweetie,https://www.pexels.com/photo/desert-trees-28170223/
831,"W6 licence, long tail",REPLACE,pexels:8693011,4,no price attached,48%,P3,somalia,why somalia,why-visit,"a lone figure on an empty Somali beach at sunrise, Somalia",16/9 and 21/9,2400,licence a photograph that actually shows the subject,licence,B — one stock or agency licence at the going rate.,AKL-001358,https://images.pexels.com/photos/8693011/pexels-photo-8693011.jpeg,somalia/why-visit/a-lone-figure-on-an-empty-somali-beach-at-sunrise-somalia.avif,2,/places/somalia/why-somalia.html,/places/somalia/why-somalia.html,relevance 3.9,pexels,Игорь Кипелкин,https://www.pexels.com/photo/person-walking-waking-on-beach-shore-8693011/
832,"W6 licence, long tail",REPLACE,pexels:5648177,4,no price attached,48%,P3,somalia,spekes gazelle and the sea,wildlife,"a Speke's gazelle on stony ground in the Somali interior, Somalia",16/9,1800,licence a photograph that actually shows the subject,licence,B — one stock or agency licence at the going rate.,AKL-001359,https://images.pexels.com/photos/5648177/pexels-photo-5648177.jpeg,somalia/wildlife/a-speke-s-gazelle-on-stony-ground-in-the-somali-interior-somalia.avif,4,/places/somalia/spekes-gazelle-and-the-sea.html,/somalia.html,"the provider calls it ""a group of friends playing football""",pexels,Mo Liban,https://www.pexels.com/photo/a-group-of-friends-playing-football-5648177/
833,"W6 licence, long tail",REPLACE,pexels:27066176,4,no price attached,46%,P3,libya,ghadames,architecture,"the whitewashed roof terraces and covered alleys of Ghadames, Libya",16/9 and 3/2 and 4/3,1600,licence a photograph that actually shows the subject,licence,B — one stock or agency licence at the going rate.,AKL-001360,https://images.pexels.com/photos/27066176/pexels-photo-27066176.jpeg,libya/architecture/the-whitewashed-roof-terraces-and-covered-alleys-of-ghadames-libya.avif,3,/places/libya/ghadames.html,/places/libya/ghadames.html,"relevance 3.6; the provider calls it ""entrance to ancient building""",pexels,abdo alshreef,https://www.pexels.com/photo/entrance-to-ancient-building-27066176/
834,"W6 licence, long tail",REPLACE,pexels:18573920,4,no price attached,46%,P3,libya,two thousand kilometres of coast,beaches,an empty white sand beach on the Libyan Mediterranean coast,16/9 and 4/3,1800,licence a photograph that actually shows the subject,licence,B — one stock or agency licence at the going rate.,AKL-001361,https://images.pexels.com/photos/18573920/pexels-photo-18573920.jpeg,libya/beaches/an-empty-white-sand-beach-on-the-libyan-mediterranean-coast.avif,4,/places/libya/two-thousand-kilometres-of-coast.html,/libya.html,"the provider calls it ""eroded sandstone cliff""",pexels,Christophe RASCLE,https://www.pexels.com/photo/eroded-sandstone-cliff-18573920/
835,"W6 licence, long tail",REPLACE,pexels:20089305,4,no price attached,46%,P3,libya,bazin and bsisa,food,a shared plate of Libyan bazin with lamb and sauce,16/9 and 4/3,1600,licence a photograph that actually shows the subject,licence,B — one stock or agency licence at the going rate.,AKL-001362,https://images.pexels.com/photos/20089305/pexels-photo-20089305.jpeg,libya/food/a-shared-plate-of-libyan-bazin-with-lamb-and-sauce.avif,2,/places/libya/bazin-and-bsisa.html,/places/libya/bazin-and-bsisa.html,"the provider calls it ""seafood and rice on table""",pexels,Nothing Ahead,https://www.pexels.com/photo/seafood-and-rice-on-table-20089305/
836,"W6 licence, long tail",REPLACE,pexels:16561166,4,no price attached,46%,P3,libya,the green mountain,forests,"juniper forest on the slopes of the Jebel Akhdar, Libya",16/9 and 4/3,1600,licence a photograph that actually shows the subject,licence,B — one stock or agency licence at the going rate.,AKL-001363,https://images.pexels.com/photos/16561166/pexels-photo-16561166.jpeg,libya/forests/juniper-forest-on-the-slopes-of-the-jebel-akhdar-libya.avif,4,/places/libya/the-green-mountain.html,/libya.html,"the provider calls it ""valley and mountains landscape""",pexels,Awais Butt,https://www.pexels.com/photo/valley-and-mountains-landscape-16561166/
837,"W6 licence, long tail",REPLACE,pexels:34328970,4,no price attached,46%,P3,libya,five sites all of them major,heritage,"prehistoric rock engravings of giraffe in the Acacus, Libya",16/9 and 4/3,1600,licence a photograph that actually shows the subject,licence,B — one stock or agency licence at the going rate.,AKL-001364,https://images.pexels.com/photos/34328970/pexels-photo-34328970.jpeg,libya/heritage/prehistoric-rock-engravings-of-giraffe-in-the-acacus-libya.avif,3,/places/libya/five-sites-all-of-them-major.html,/places/libya/five-sites-all-of-them-major.html,"relevance 2.6; the provider calls it ""scenic view of egyptian desert landscape""",pexels,George Wang,https://www.pexels.com/photo/scenic-view-of-egyptian-desert-landscape-34328970/
838,"W6 licence, long tail",REPLACE,pexels:34244272,4,no price attached,46%,P3,libya,waw an namus,hidden-gems,"the black volcanic crater and green lakes of Waw an Namus, Libya",16/9 and 4/3,1600,licence a photograph that actually shows the subject,licence,B — one stock or agency licence at the going rate.,AKL-001365,https://images.pexels.com/photos/34244272/pexels-photo-34244272.jpeg,libya/hidden-gems/the-black-volcanic-crater-and-green-lakes-of-waw-an-namus-libya.avif,2,/places/libya/waw-an-namus.html,/places/libya/waw-an-namus.html,"the provider calls it ""majestic cliffs of moher overlooking atlantic""",pexels,Adrien Olichon,https://www.pexels.com/photo/majestic-cliffs-of-moher-overlooking-atlantic-34244272/
839,"W6 licence, long tail",REPLACE,pexels:15449849,4,no price attached,46%,P3,libya,thin on the ground,luxury,"a restored merchant's courtyard house in Tripoli medina, Libya",16/9 and 4/3,1600,licence a photograph that actually shows the subject,licence,B — one stock or agency licence at the going rate.,AKL-001366,https://images.pexels.com/photos/15449849/pexels-photo-15449849.jpeg,libya/luxury/a-restored-merchant-s-courtyard-house-in-tripoli-medina-libya.avif,2,/places/libya/thin-on-the-ground.html,/places/libya/thin-on-the-ground.html,"the provider calls it ""a group of boys crouching in front of damaged buildi""",pexels,Mohammed Alashibi,https://www.pexels.com/photo/a-group-of-boys-crouching-in-front-of-damaged-buildings-15449849/
840,"W6 licence, long tail",REPLACE,pexels:18355924,4,no price attached,46%,P3,libya,the sand sea and the jebel,nature,"dunes of the Ubari sand sea with a palm-fringed lake below, Libya",16/9 and 21/9 and 4/3,2100,licence a photograph that actually shows the subject,licence,B — one stock or agency licence at the going rate.,AKL-001367,https://images.pexels.com/photos/18355924/pexels-photo-18355924.jpeg,libya/nature/dunes-of-the-ubari-sand-sea-with-a-palm-fringed-lake-below-libya.avif,4,/places/libya/the-sand-sea-and-the-jebel.html,/libya.html,"the provider calls it ""bushes on arid desert""",pexels,Wzm Pictures,https://www.pexels.com/photo/bushes-on-arid-desert-18355924/
841,"W6 licence, long tail",REPLACE,pexels:27278268,4,no price attached,46%,P3,libya,the jebel akhdar,outdoor,"Rugged rock formations under dramatic dark clouds during sunset, perfect for nature lovers., Libya",16/9 and 4/3,1600,licence a photograph that actually shows the subject,licence,B — one stock or agency licence at the going rate.,AKL-001368,https://images.pexels.com/photos/27278268/pexels-photo-27278268.jpeg,libya/outdoor/rugged-rock-formations-under-dramatic-dark-clouds-during-sunset-perfec.avif,2,/places/libya/the-jebel-akhdar.html,/places/libya/the-jebel-akhdar.html,"relevance 2.5; the provider calls it ""a mountain with a rocky cliff and a cloudy sky""",pexels,Francesco Ungaro,https://www.pexels.com/photo/a-mountain-with-a-rocky-cliff-and-a-cloudy-sky-27278268/
842,"W6 licence, long tail",REPLACE,pexels:36756005,4,no price attached,46%,P3,libya,stone and sea,photography,"the arches of Sabratha's theatre with the sea beyond at sunset, Libya",16/9 and 21/9 and 4/3,2100,licence a photograph that actually shows the subject,licence,B — one stock or agency licence at the going rate.,AKL-001369,https://images.pexels.com/photos/36756005/pexels-photo-36756005.jpeg,libya/photography/the-arches-of-sabratha-s-theatre-with-the-sea-beyond-at-sunset-libya.avif,3,/places/libya/stone-and-sea.html,/places/libya/stone-and-sea.html,"relevance 3.9; the provider calls it ""ancient ruins in palmyra under blue sky""",pexels,mori dad,https://www.pexels.com/photo/ancient-ruins-in-palmyra-under-blue-sky-36756005/
843,"W6 licence, long tail",REPLACE,pexels:30011917,4,no price attached,46%,P3,libya,why libya,why-visit,"A classic 1970s red Cadillac with chrome details in Benghazi, Libya.",16/9 and 21/9,2400,licence a photograph that actually shows the subject,licence,B — one stock or agency licence at the going rate.,AKL-001370,https://images.pexels.com/photos/30011917/pexels-photo-30011917.jpeg,libya/why-visit/a-classic-1970s-red-cadillac-with-chrome-details-in-benghazi-libya.avif,2,/places/libya/why-libya.html,/places/libya/why-libya.html,relevance 3.4,pexels,abdo alshreef,https://www.pexels.com/photo/vintage-cadillac-front-view-in-benghazi-30011917/
844,"W6 licence, long tail",REPLACE,pexels:31729398,4,no price attached,41%,P3,nigeria,lagos abuja kano,cities,"the old city and dye pits of Kano, Nigeria",16/9 and 4/3,1600,licence a photograph that actually shows the subject,licence,B — one stock or agency licence at the going rate.,AKL-001371,https://images.pexels.com/photos/31729398/pexels-photo-31729398.jpeg,nigeria/cities/the-old-city-and-dye-pits-of-kano-nigeria.avif,2,/places/nigeria/lagos-abuja-kano.html,/places/nigeria/lagos-abuja-kano.html,relevance 3.4,pexels,alameen .ng,https://www.pexels.com/photo/muhammad-buhari-road-interchange-in-kano-31729398/
845,"W6 licence, long tail",REPLACE,pexels:16456302,4,no price attached,41%,P3,nigeria,bronze adire and aso oke,crafts,"a bronze caster at work in Igun street, Benin City, Nigeria",16/9 and 4/3,1600,licence a photograph that actually shows the subject,licence,B — one stock or agency licence at the going rate.,AKL-001372,https://images.pexels.com/photos/16456302/pexels-photo-16456302.jpeg,nigeria/crafts/a-bronze-caster-at-work-in-igun-street-benin-city-nigeria.avif,2,/places/nigeria/bronze-adire-and-aso-oke.html,/places/nigeria/bronze-adire-and-aso-oke.html,"the provider calls it ""in cruce salus""",pexels,David Iloba,https://www.pexels.com/photo/in-cruce-salus-16456302/
846,"W6 licence, long tail",REPLACE,pexels:27541482,4,no price attached,41%,P3,nigeria,osun osogbo and calabar,festivals,"dancers in costume at the Calabar carnival, Nigeria",16/9 and 3/2 and 4/3,1600,licence a photograph that actually shows the subject,licence,B — one stock or agency licence at the going rate.,AKL-001373,https://images.pexels.com/photos/27541482/pexels-photo-27541482.jpeg,nigeria/festivals/dancers-in-costume-at-the-calabar-carnival-nigeria.avif,3,/places/nigeria/osun-osogbo-and-calabar.html,/places/nigeria/osun-osogbo-and-calabar.html,"the provider calls it ""a close up of a red hat with feathers""",pexels,Ben Iwara,https://www.pexels.com/photo/a-close-up-of-a-red-hat-with-feathers-27541482/
847,"W6 licence, long tail",REPLACE,pexels:6729745,4,no price attached,41%,P3,nigeria,the bronzes,heritage,"a display of Benin bronze plaques, Nigeria",16/9 and 4/3,1600,licence a photograph that actually shows the subject,licence,B — one stock or agency licence at the going rate.,AKL-001374,https://images.pexels.com/photos/6729745/pexels-photo-6729745.jpeg,nigeria/heritage/a-display-of-benin-bronze-plaques-nigeria.avif,3,/places/nigeria/the-bronzes.html,/places/nigeria/the-bronzes.html,"the provider calls it ""boy rowing a boat""",pexels,Kenza Loussouarn,https://www.pexels.com/photo/boy-rowing-a-boat-6729745/
848,"W6 licence, long tail",REPLACE,pexels:16274227,4,no price attached,41%,P3,nigeria,benin city and sungbos eredo,historic-sites,"the earth walls and moat of the Benin kingdom, Nigeria",16/9 and 4/3,1600,licence a photograph that actually shows the subject,licence,B — one stock or agency licence at the going rate.,AKL-001375,https://images.pexels.com/photos/16274227/pexels-photo-16274227.jpeg,nigeria/historic-sites/the-earth-walls-and-moat-of-the-benin-kingdom-nigeria.avif,2,/places/nigeria/benin-city-and-sungbos-eredo.html,/places/nigeria/benin-city-and-sungbos-eredo.html,"the provider calls it ""people wearing traditional clothes""",pexels,David Iloba,https://www.pexels.com/photo/people-wearing-traditional-clothes-16274227/
849,"W6 licence, long tail",REPLACE,pexels:5273201,4,no price attached,41%,P3,nigeria,the niger and the benue,lakes-rivers,Lakes in Nigeria,16/9 and 4/5 and 4/3,1600,licence a photograph that actually shows the subject,licence,B — one stock or agency licence at the going rate.,AKL-001376,https://images.pexels.com/photos/5273201/pexels-photo-5273201.jpeg,nigeria/lakes-rivers/lakes-in-nigeria.avif,3,/places/nigeria/the-niger-and-the-benue.html,/places/nigeria/the-niger-and-the-benue.html,"relevance 2.9; query broadened to category; the provider calls it ""a woman riding a kayak on a lake""",pexels,Oladapo,https://www.pexels.com/photo/a-woman-riding-a-kayak-on-a-lake-5273201/
850,"W6 licence, long tail",REPLACE,pexels:16155217,4,no price attached,41%,P3,nigeria,danfo and buka,local-life,"a yellow danfo bus in Lagos traffic, Nigeria",16/9 and 3/2 and 4/3,1600,licence a photograph that actually shows the subject,licence,B — one stock or agency licence at the going rate.,AKL-001377,https://images.pexels.com/photos/16155217/pexels-photo-16155217.jpeg,nigeria/local-life/a-yellow-danfo-bus-in-lagos-traffic-nigeria.avif,3,/places/nigeria/danfo-and-buka.html,/places/nigeria/danfo-and-buka.html,"the provider calls it ""crowded city street""",pexels,David Iloba,https://www.pexels.com/photo/crowded-city-street-16155217/
851,"W6 licence, long tail",REPLACE,pexels:34263949,4,no price attached,41%,P3,nigeria,mangrove to sahel,nature,"mangrove creeks in the Niger delta, Nigeria",16/9 and 21/9 and 4/3,2100,licence a photograph that actually shows the subject,licence,B — one stock or agency licence at the going rate.,AKL-001378,https://images.pexels.com/photos/34263949/pexels-photo-34263949.jpeg,nigeria/nature/mangrove-creeks-in-the-niger-delta-nigeria.avif,4,/places/nigeria/mangrove-to-sahel.html,/nigeria.html,relevance 3.0,pexels,Chris  The Island,https://www.pexels.com/photo/aerial-view-of-lush-green-mangrove-island-34263949/
852,"W6 licence, long tail",REPLACE,pexels:38977140,4,no price attached,41%,P3,nigeria,yankari,safari,"a game track through Yankari savanna at first light, Nigeria",16/9 and 4/3,1600,licence a photograph that actually shows the subject,licence,B — one stock or agency licence at the going rate.,AKL-001379,https://images.pexels.com/photos/38977140/pexels-photo-38977140.jpeg,nigeria/safari/a-game-track-through-yankari-savanna-at-first-light-nigeria.avif,2,/places/nigeria/yankari.html,/places/nigeria/yankari.html,relevance 2.7,pexels,Ansey Photography,https://www.pexels.com/photo/group-of-female-athletes-in-track-suits-posing-outdoors-38977140/
853,"W6 licence, long tail",REPLACE,pexels:16155218,4,no price attached,41%,P3,nigeria,the culture everyone else is watching,why-visit,"a live Afrobeats performance in Lagos, Nigeria",16/9 and 21/9,2400,licence a photograph that actually shows the subject,licence,B — one stock or agency licence at the going rate.,AKL-001380,https://images.pexels.com/photos/16155218/pexels-photo-16155218.jpeg,nigeria/why-visit/a-live-afrobeats-performance-in-lagos-nigeria.avif,2,/places/nigeria/the-culture-everyone-else-is-watching.html,/places/nigeria/the-culture-everyone-else-is-watching.html,"relevance 3.9; the provider calls it ""people and cars on city street""",pexels,David Iloba,https://www.pexels.com/photo/people-and-cars-on-city-street-16155218/
854,"W6 licence, long tail",REPLACE,pexels:30130842,4,no price attached,37%,P3,morocco,riad and medina,architecture,"the tiled courtyard of a traditional Moroccan riad, Morocco",16/9 and 3/2 and 4/3,1600,licence a photograph that actually shows the subject,licence,B — one stock or agency licence at the going rate.,AKL-001381,https://images.pexels.com/photos/30130842/pexels-photo-30130842.jpeg,morocco/architecture/the-tiled-courtyard-of-a-traditional-moroccan-riad-morocco.avif,3,/places/morocco/riad-and-medina.html,/places/morocco/riad-and-medina.html,"does not name Morocco, which the slot asked for",pexels,omar bouragaa,https://www.pexels.com/photo/traditional-moroccan-riad-courtyard-interior-30130842/
855,"W6 licence, long tail",REPLACE,pexels:38112326,4,no price attached,37%,P3,morocco,zellige leather and wool,crafts,"a craftsman cutting zellige tile by hand in Fez, Morocco",16/9 and 4/3,1600,licence a photograph that actually shows the subject,licence,B — one stock or agency licence at the going rate.,AKL-001382,https://images.pexels.com/photos/38112326/pexels-photo-38112326.jpeg,morocco/crafts/a-craftsman-cutting-zellige-tile-by-hand-in-fez-morocco.avif,2,/places/morocco/zellige-leather-and-wool.html,/places/morocco/zellige-leather-and-wool.html,"the provider calls it ""historic tanneries of fes in warm daylight""",pexels,Ramon Karolan,https://www.pexels.com/photo/historic-tanneries-of-fes-in-warm-daylight-38112326/
856,"W6 licence, long tail",REPLACE,pexels:20550929,4,no price attached,37%,P3,morocco,amazigh and arab,culture,"an Amazigh village of earth houses built into a hillside, Morocco",16/9,1800,licence a photograph that actually shows the subject,licence,B — one stock or agency licence at the going rate.,AKL-001383,https://images.pexels.com/photos/20550929/pexels-photo-20550929.jpeg,morocco/culture/an-amazigh-village-of-earth-houses-built-into-a-hillside-morocco.avif,4,/places/morocco/amazigh-and-arab.html,/morocco.html,"the provider calls it ""man in vest and jeans sitting in house doorway""",pexels,YOUSSEF elbelghiti,https://www.pexels.com/photo/man-in-vest-and-jeans-sitting-in-house-doorway-20550929/
857,"W6 licence, long tail",REPLACE,pexels:34855136,4,no price attached,37%,P3,morocco,easy travelling,family-community,"a family walking a quiet lane in a Moroccan hill village, Morocco",16/9 and 4/3,1600,licence a photograph that actually shows the subject,licence,B — one stock or agency licence at the going rate.,AKL-001384,https://images.pexels.com/photos/34855136/pexels-photo-34855136.jpeg,morocco/family-community/a-family-walking-a-quiet-lane-in-a-moroccan-hill-village-morocco.avif,2,/places/morocco/easy-travelling.html,/places/morocco/easy-travelling.html,"does not name Morocco, which the slot asked for",pexels,Thomas  balabaud,https://www.pexels.com/photo/surfers-heading-to-moroccan-waves-at-sunset-34855136/
858,"W6 licence, long tail",REPLACE,pexels:2291602,4,no price attached,37%,P3,morocco,tagine bread and mint,food,"a tagine cooking over charcoal at a roadside stall, Morocco",16/9 and 4/3,1600,licence a photograph that actually shows the subject,licence,B — one stock or agency licence at the going rate.,AKL-001385,https://images.pexels.com/photos/2291602/pexels-photo-2291602.jpeg,morocco/food/a-tagine-cooking-over-charcoal-at-a-roadside-stall-morocco.avif,2,/places/morocco/tagine-bread-and-mint.html,/places/morocco/tagine-bread-and-mint.html,"the provider calls it ""close up photo of cooked vegetables on pot""",pexels,Zak Chapman,https://www.pexels.com/photo/close-up-photo-of-cooked-vegetables-on-pot-2291602/
859,"W6 licence, long tail",REPLACE,pexels:30236986,4,no price attached,37%,P3,morocco,the souk in the morning,local-life,"a produce market in a Moroccan medina early in the morning, Morocco",16/9 and 3/2 and 4/3,1600,licence a photograph that actually shows the subject,licence,B — one stock or agency licence at the going rate.,AKL-001386,https://images.pexels.com/photos/30236986/pexels-photo-30236986.jpeg,morocco/local-life/a-produce-market-in-a-moroccan-medina-early-in-the-morning-morocco.avif,3,/places/morocco/the-souk-in-the-morning.html,/places/morocco/the-souk-in-the-morning.html,"does not name Morocco, which the slot asked for",pexels,MAG Photography,https://www.pexels.com/photo/traditional-moroccan-shoes-in-agadir-souk-30236986/
860,"W6 licence, long tail",REPLACE,pexels:26561133,4,no price attached,37%,P3,morocco,the draa and the dades,nature,"Discover the diverse rock formations and serene valley in Tinghir, Morocco.",16/9 and 21/9 and 4/3,2100,licence a photograph that actually shows the subject,licence,B — one stock or agency licence at the going rate.,AKL-001387,https://images.pexels.com/photos/26561133/pexels-photo-26561133.jpeg,morocco/nature/discover-the-diverse-rock-formations-and-serene-valley-in-tinghir-moro.avif,4,/places/morocco/the-draa-and-the-dades.html,/morocco.html,relevance 3.8,pexels,outajour mourad,https://www.pexels.com/photo/rocky-mountains-and-a-green-valley-26561133/
861,"W6 licence, long tail",REPLACE,pexels:29595719,4,no price attached,37%,P3,morocco,light on earth walls,photography,"late light on the earth walls of a southern Moroccan kasbah, Morocco",16/9 and 21/9 and 4/3,2100,licence a photograph that actually shows the subject,licence,B — one stock or agency licence at the going rate.,AKL-001388,https://images.pexels.com/photos/29595719/pexels-photo-29595719.jpeg,morocco/photography/late-light-on-the-earth-walls-of-a-southern-moroccan-kasbah-morocco.avif,3,/places/morocco/light-on-earth-walls.html,/places/morocco/light-on-earth-walls.html,relevance 3.4,pexels,Tobias Waibl,https://www.pexels.com/photo/scenic-desert-townscape-in-morocco-29595719/
862,"W6 licence, long tail",REPLACE,pexels:37684108,4,no price attached,37%,P3,morocco,the people of the atlas,traditional-people,"a shepherd with his flock on a High Atlas terrace, Morocco",16/9 and 4/5 and 4/3,1600,licence a photograph that actually shows the subject,licence,B — one stock or agency licence at the going rate.,AKL-001389,https://images.pexels.com/photos/37684108/pexels-photo-37684108.jpeg,morocco/traditional-people/a-shepherd-with-his-flock-on-a-high-atlas-terrace-morocco.avif,3,/places/morocco/the-people-of-the-atlas.html,/places/morocco/the-people-of-the-atlas.html,"does not name Morocco, which the slot asked for",pexels,pierre matile,https://www.pexels.com/photo/scenic-view-of-traditional-moroccan-village-in-atlas-mountains-37684108/
863,"W6 licence, long tail",REPLACE,pexels:37672152,4,no price attached,37%,P3,morocco,two days four climates,why-visit,"a road climbing a High Atlas pass with the Sahara beyond, Morocco",16/9 and 21/9,2400,licence a photograph that actually shows the subject,licence,B — one stock or agency licence at the going rate.,AKL-001390,https://images.pexels.com/photos/37672152/pexels-photo-37672152.jpeg,morocco/why-visit/a-road-climbing-a-high-atlas-pass-with-the-sahara-beyond-morocco.avif,2,/places/morocco/two-days-four-climates.html,/places/morocco/two-days-four-climates.html,relevance 3.7,pexels,Mohamed Khettouch,https://www.pexels.com/photo/scenic-mountain-road-in-high-atlas-morocco-37672152/
864,"W6 licence, long tail",REPLACE,pexels:9303529,4,no price attached,31%,P3,ethiopia,community conservation,eco-tourism,"a park scout looking out over the Bale plateau, Ethiopia",16/9 and 4/3,1600,licence a photograph that actually shows the subject,licence,B — one stock or agency licence at the going rate.,AKL-001391,https://images.pexels.com/photos/9303529/pexels-photo-9303529.jpeg,ethiopia/eco-tourism/a-park-scout-looking-out-over-the-bale-plateau-ethiopia.avif,2,/places/ethiopia/community-conservation.html,/places/ethiopia/community-conservation.html,"relevance 2.7; the provider calls it ""a boy setting up a tent""",pexels,cottonbro studio,https://www.pexels.com/photo/a-boy-setting-up-a-tent-9303529/
865,"W6 licence, long tail",REPLACE,pexels:2988410,4,no price attached,31%,P3,ethiopia,highland travel,family-community,a family walking a highland track in northern Ethiopia,16/9 and 4/3,1600,licence a photograph that actually shows the subject,licence,B — one stock or agency licence at the going rate.,AKL-001392,https://images.pexels.com/photos/2988410/pexels-photo-2988410.jpeg,ethiopia/family-community/a-family-walking-a-highland-track-in-northern-ethiopia.avif,2,/places/ethiopia/highland-travel.html,/places/ethiopia/highland-travel.html,"the provider calls it ""a man and a woman in traditional clothing""",pexels,Fuad T Tiba,https://www.pexels.com/photo/a-man-and-a-woman-in-traditional-clothing-2988410/
866,"W6 licence, long tail",REPLACE,pexels:30308334,4,no price attached,31%,P3,ethiopia,timkat and meskel,festivals,"the Timkat procession with white-robed crowds at Gondar, Ethiopia",16/9 and 3/2 and 4/3,1600,licence a photograph that actually shows the subject,licence,B — one stock or agency licence at the going rate.,AKL-001393,https://images.pexels.com/photos/30308334/pexels-photo-30308334.jpeg,ethiopia/festivals/the-timkat-procession-with-white-robed-crowds-at-gondar-ethiopia.avif,3,/places/ethiopia/timkat-and-meskel.html,/places/ethiopia/timkat-and-meskel.html,"the provider calls it ""ethiopian religious ceremony with ornate umbrellas""",pexels,Christian  Alemu,https://www.pexels.com/photo/ethiopian-religious-ceremony-with-ornate-umbrellas-30308334/
867,"W6 licence, long tail",REPLACE,pexels:25856928,4,no price attached,31%,P3,ethiopia,injera and doro wat,food,"A woman in traditional attire prepares food outdoors in a rural setting., Ethiopia",16/9 and 4/3,1600,licence a photograph that actually shows the subject,licence,B — one stock or agency licence at the going rate.,AKL-001394,https://images.pexels.com/photos/25856928/pexels-photo-25856928.jpeg,ethiopia/food/a-woman-in-traditional-attire-prepares-food-outdoors-in-a-rural-settin.avif,2,/places/ethiopia/injera-and-doro-wat.html,/places/ethiopia/injera-and-doro-wat.html,relevance 2.2,pexels,Christian  Alemu,https://www.pexels.com/photo/woman-sitting-and-preparing-food-25856928/
868,"W6 licence, long tail",REPLACE,pexels:26729323,4,no price attached,31%,P3,ethiopia,lodges on the escarpment,luxury,"Woman relaxing in a hammock on a sunny terrace with countryside views., Ethiopia",16/9 and 4/3,1600,licence a photograph that actually shows the subject,licence,B — one stock or agency licence at the going rate.,AKL-001395,https://images.pexels.com/photos/26729323/pexels-photo-26729323.jpeg,ethiopia/luxury/woman-relaxing-in-a-hammock-on-a-sunny-terrace-with-countryside-views-.avif,2,/places/ethiopia/lodges-on-the-escarpment.html,/places/ethiopia/lodges-on-the-escarpment.html,relevance 2.5,pexels,Quang Nguyen Vinh,https://www.pexels.com/photo/woman-lying-down-on-hammock-on-terrace-26729323/
869,"W6 licence, long tail",REPLACE,pexels:33337903,4,no price attached,31%,P3,ethiopia,the simiens,mountains,"trekkers on the ridge trail in the Simien mountains, Ethiopia",16/9 and 4/3,1800,licence a photograph that actually shows the subject,licence,B — one stock or agency licence at the going rate.,AKL-001396,https://images.pexels.com/photos/33337903/pexels-photo-33337903.jpeg,ethiopia/mountains/trekkers-on-the-ridge-trail-in-the-simien-mountains-ethiopia.avif,4,/places/ethiopia/the-simiens.html,/ethiopia.html,"relevance 2.5; the provider calls it ""lone tree on cliff with dramatic mountain view""",pexels,Nandakumar R,https://www.pexels.com/photo/lone-tree-on-cliff-with-dramatic-mountain-view-33337903/
870,"W6 licence, long tail",REPLACE,pexels:5680868,4,no price attached,31%,P3,ethiopia,gelada and walia ibex,wildlife,"a troop of gelada baboons grazing on the Simien escarpment, Ethiopia",16/9,1800,licence a photograph that actually shows the subject,licence,B — one stock or agency licence at the going rate.,AKL-001397,https://images.pexels.com/photos/5680868/pexels-photo-5680868.jpeg,ethiopia/wildlife/a-troop-of-gelada-baboons-grazing-on-the-simien-escarpment-ethiopia.avif,4,/places/ethiopia/gelada-and-walia-ibex.html,/ethiopia.html,"relevance 3.8; the provider calls it ""close up shot of a baboon""",pexels,Atypeek Dgn,https://www.pexels.com/photo/close-up-shot-of-a-baboon-5680868/
871,"W6 licence, long tail",REPLACE,pexels:14025856,4,no price attached,30%,P3,seychelles,creole,culture,"a Creole house with a wide veranda on Mahé, Seychelles",16/9,1800,licence a photograph that actually shows the subject,licence,B — one stock or agency licence at the going rate.,AKL-001398,https://images.pexels.com/photos/14025856/pexels-photo-14025856.jpeg,seychelles/culture/a-creole-house-with-a-wide-veranda-on-mah-seychelles.avif,4,/places/seychelles/creole.html,/seychelles.html,"the provider calls it ""wooden porch with steps""",pexels,Quang Nguyen Vinh,https://www.pexels.com/photo/wooden-porch-with-steps-14025856/
872,"W6 licence, long tail",REPLACE,pexels:20380277,4,no price attached,30%,P3,seychelles,festival kreol,festivals,"dancers at the Festival Kreol on Mahé, Seychelles",16/9 and 3/2 and 4/3,1600,licence a photograph that actually shows the subject,licence,B — one stock or agency licence at the going rate.,AKL-001399,https://images.pexels.com/photos/20380277/pexels-photo-20380277.jpeg,seychelles/festivals/dancers-at-the-festival-kreol-on-mah-seychelles.avif,3,/places/seychelles/festival-kreol.html,/places/seychelles/festival-kreol.html,"the provider calls it ""woman dancing in traditional costume on parade""",pexels,Kim Villanueva,https://www.pexels.com/photo/woman-dancing-in-traditional-costume-on-parade-20380277/
873,"W6 licence, long tail",REPLACE,pexels:32656680,4,no price attached,30%,P3,seychelles,the vall e de mai,forests,"Tall coconut palms reaching towards a vibrant blue sky in Papua New Guinea., Seychelles",16/9 and 4/3,1600,licence a photograph that actually shows the subject,licence,B — one stock or agency licence at the going rate.,AKL-001400,https://images.pexels.com/photos/32656680/pexels-photo-32656680.jpeg,seychelles/forests/tall-coconut-palms-reaching-towards-a-vibrant-blue-sky-in-papua-new-gu.avif,4,/places/seychelles/the-vall-e-de-mai.html,/seychelles.html,"relevance 2.7; the provider calls it ""tropical palm trees against clear blue sky""",pexels,Alex Fanaso,https://www.pexels.com/photo/tropical-palm-trees-against-clear-blue-sky-32656680/
874,"W6 licence, long tail",REPLACE,pexels:32544066,4,no price attached,30%,P3,seychelles,aldabra,heritage,"the raised coral rim of the Aldabra atoll, Seychelles",16/9 and 4/3,1600,licence a photograph that actually shows the subject,licence,B — one stock or agency licence at the going rate.,AKL-001401,https://images.pexels.com/photos/32544066/pexels-photo-32544066.jpeg,seychelles/heritage/the-raised-coral-rim-of-the-aldabra-atoll-seychelles.avif,3,/places/seychelles/aldabra.html,/places/seychelles/aldabra.html,relevance 2.5,pexels,Vika Glitter,https://www.pexels.com/photo/aldabra-tortoise-resting-on-sunlit-sand-32544066/
875,"W6 licence, long tail",REPLACE,pexels:32974408,4,no price attached,30%,P3,seychelles,la digue by bicycle,hidden-gems,"a sandy lane and bicycles under palms on La Digue, Seychelles",16/9 and 4/3,1600,licence a photograph that actually shows the subject,licence,B — one stock or agency licence at the going rate.,AKL-001402,https://images.pexels.com/photos/32974408/pexels-photo-32974408.jpeg,seychelles/hidden-gems/a-sandy-lane-and-bicycles-under-palms-on-la-digue-seychelles.avif,2,/places/seychelles/la-digue-by-bicycle.html,/places/seychelles/la-digue-by-bicycle.html,relevance 3.7,pexels,Vika Glitter,https://www.pexels.com/photo/woman-enjoying-a-tropical-beach-in-seychelles-32974408/
876,"W6 licence, long tail",REPLACE,pexels:15717701,4,no price attached,30%,P3,seychelles,the plantations,historic-sites,"Aerial view showcasing a lush tropical coconut plantation with dense green foliage., Seychelles",16/9 and 4/3,1600,licence a photograph that actually shows the subject,licence,B — one stock or agency licence at the going rate.,AKL-001403,https://images.pexels.com/photos/15717701/pexels-photo-15717701.jpeg,seychelles/historic-sites/aerial-view-showcasing-a-lush-tropical-coconut-plantation-with-dense-g.avif,2,/places/seychelles/the-plantations.html,/places/seychelles/the-plantations.html,relevance 3.0,pexels,Azinuddin Bin Abas,https://www.pexels.com/photo/coconut-trees-on-grassland-by-woods-15717701/
877,"W6 licence, long tail",REPLACE,pexels:2956432,4,no price attached,30%,P3,seychelles,the private islands,luxury,a villa above a beach on a private Seychelles island,16/9 and 4/3,1600,licence a photograph that actually shows the subject,licence,B — one stock or agency licence at the going rate.,AKL-001404,https://images.pexels.com/photos/2956432/pexels-photo-2956432.jpeg,seychelles/luxury/a-villa-above-a-beach-on-a-private-seychelles-island.avif,2,/places/seychelles/the-private-islands.html,/places/seychelles/the-private-islands.html,"the provider calls it ""green palm trees along wooden fence""",pexels,Rajesh  Chetty,https://www.pexels.com/photo/green-palm-trees-along-wooden-fence-2956432/
878,"W6 licence, long tail",REPLACE,pexels:32796821,4,no price attached,30%,P3,seychelles,island life,traditional-people,"fishermen bringing in a catch at a Mahé jetty, Seychelles",16/9 and 4/5 and 4/3,1600,licence a photograph that actually shows the subject,licence,B — one stock or agency licence at the going rate.,AKL-001405,https://images.pexels.com/photos/32796821/pexels-photo-32796821.jpeg,seychelles/traditional-people/fishermen-bringing-in-a-catch-at-a-mah-jetty-seychelles.avif,3,/places/seychelles/island-life.html,/places/seychelles/island-life.html,"relevance 2.2; the provider calls it ""elegant woman in floral dress on rocky beach""",pexels,Vika Glitter,https://www.pexels.com/photo/elegant-woman-in-floral-dress-on-rocky-beach-32796821/
879,"W6 licence, long tail",REPLACE,pexels:30683936,4,no price attached,22%,P3,egypt,desert crossings,adventure,"a vehicle crossing dunes in the Great Sand Sea, Egypt",16/9,1800,licence a photograph that actually shows the subject,licence,B — one stock or agency licence at the going rate.,AKL-001406,https://images.pexels.com/photos/30683936/pexels-photo-30683936.jpeg,egypt/adventure/a-vehicle-crossing-dunes-in-the-great-sand-sea-egypt.avif,2,/places/egypt/desert-crossings.html,/places/egypt/desert-crossings.html,"the provider calls it ""tranquil red sea view with moon in hurghada""",pexels,Bunyamin Cicek,https://www.pexels.com/photo/tranquil-red-sea-view-with-moon-in-hurghada-30683936/
880,"W6 licence, long tail",REPLACE,pexels:18888242,4,no price attached,22%,P3,egypt,reef and oasis,eco-tourism,"a marine reserve buoy over Red Sea reef, Egypt",16/9 and 4/3,1600,licence a photograph that actually shows the subject,licence,B — one stock or agency licence at the going rate.,AKL-001407,https://images.pexels.com/photos/18888242/pexels-photo-18888242.jpeg,egypt/eco-tourism/a-marine-reserve-buoy-over-red-sea-reef-egypt.avif,2,/places/egypt/reef-and-oasis.html,/places/egypt/reef-and-oasis.html,"the provider calls it ""ferry swimming in a bay""",pexels,Vika Glitter,https://www.pexels.com/photo/ferry-swimming-in-a-bay-18888242/
881,"W6 licence, long tail",REPLACE,pexels:16386724,4,no price attached,22%,P3,egypt,straightforward with children,family-community,"a family boarding a Nile cruise boat at Luxor, Egypt",16/9 and 4/3,1600,licence a photograph that actually shows the subject,licence,B — one stock or agency licence at the going rate.,AKL-001408,https://images.pexels.com/photos/16386724/pexels-photo-16386724.jpeg,egypt/family-community/a-family-boarding-a-nile-cruise-boat-at-luxor-egypt.avif,2,/places/egypt/straightforward-with-children.html,/places/egypt/straightforward-with-children.html,"the provider calls it ""sailboat on river""",pexels,AXP Photography,https://www.pexels.com/photo/sailboat-on-river-16386724/
882,"W6 licence, long tail",REPLACE,pexels:27407392,4,no price attached,22%,P3,egypt,siwa,hidden-gems,"salt pools and palms at the Siwa oasis, Egypt",16/9 and 4/3,1600,licence a photograph that actually shows the subject,licence,B — one stock or agency licence at the going rate.,AKL-001409,https://images.pexels.com/photos/27407392/pexels-photo-27407392.jpeg,egypt/hidden-gems/salt-pools-and-palms-at-the-siwa-oasis-egypt.avif,2,/places/egypt/siwa.html,/places/egypt/siwa.html,"the provider calls it ""mountain""",pexels,Eslam Mohammed Abdelmaksoud,https://www.pexels.com/photo/mountain-27407392/
883,"W6 licence, long tail",REPLACE,pexels:15131475,4,no price attached,22%,P3,egypt,the first cataract,waterfalls,"the Nile running over granite at the Aswan cataract, Egypt",16/9 and 4/3,1600,licence a photograph that actually shows the subject,licence,B — one stock or agency licence at the going rate.,AKL-001410,https://images.pexels.com/photos/15131475/pexels-photo-15131475.jpeg,egypt/waterfalls/the-nile-running-over-granite-at-the-aswan-cataract-egypt.avif,3,/places/egypt/the-first-cataract.html,/places/egypt/the-first-cataract.html,"the provider calls it ""philae temple by blue sea""",pexels,Diego F. Parra,https://www.pexels.com/photo/philae-temple-by-blue-sea-15131475/
884,"W6 licence, long tail",REPLACE,pexels:38002205,4,no price attached,19%,P3,tunisia,tunis and sfax,cities,"the medina rooftops of Tunis at dusk, Tunisia",16/9 and 4/3,1600,licence a photograph that actually shows the subject,licence,B — one stock or agency licence at the going rate.,AKL-001411,https://images.pexels.com/photos/38002205/pexels-photo-38002205.jpeg,tunisia/cities/the-medina-rooftops-of-tunis-at-dusk-tunisia.avif,2,/places/tunisia/tunis-and-sfax.html,/places/tunisia/tunis-and-sfax.html,"relevance 3.7; the provider calls it ""traditional tunisian architecture with green shutter""",pexels,Chermiti Mohamed,https://www.pexels.com/photo/traditional-tunisian-architecture-with-green-shutters-38002205/
885,"W6 licence, long tail",REPLACE,pexels:35666734,4,no price attached,19%,P3,tunisia,carthage and the sahara festival,festivals,"A camel resting in the Sahara Desert with a rider looking at the horizon., Tunisia",16/9 and 3/2 and 4/3,1600,licence a photograph that actually shows the subject,licence,B — one stock or agency licence at the going rate.,AKL-001412,https://images.pexels.com/photos/35666734/pexels-photo-35666734.jpeg,tunisia/festivals/a-camel-resting-in-the-sahara-desert-with-a-rider-looking-at-the-horiz.avif,3,/places/tunisia/carthage-and-the-sahara-festival.html,/places/tunisia/carthage-and-the-sahara-festival.html,relevance 2.5,pexels,Asma Jhabli,https://www.pexels.com/photo/camel-ride-in-the-sahara-desert-at-sunset-35666734/
886,"W6 licence, long tail",REPLACE,pexels:28438444,4,no price attached,19%,P3,tunisia,ksar ouled soltane,hidden-gems,"the stacked vaulted ksar at Ksar Ouled Soltane, Tunisia",16/9 and 4/3,1600,licence a photograph that actually shows the subject,licence,B — one stock or agency licence at the going rate.,AKL-001413,https://images.pexels.com/photos/28438444/pexels-photo-28438444.jpeg,tunisia/hidden-gems/the-stacked-vaulted-ksar-at-ksar-ouled-soltane-tunisia.avif,2,/places/tunisia/ksar-ouled-soltane.html,/places/tunisia/ksar-ouled-soltane.html,"the provider calls it ""zahra palace tataouine""",pexels,Mahmoud Yahyaoui,https://www.pexels.com/photo/zahra-palace-tataouine-28438444/
887,"W6 licence, long tail",REPLACE,pexels:38203209,4,no price attached,19%,P3,tunisia,riad dar and dune camp,luxury,"the courtyard of a restored dar in the Tunis medina, Tunisia",16/9 and 4/3,1600,licence a photograph that actually shows the subject,licence,B — one stock or agency licence at the going rate.,AKL-001414,https://images.pexels.com/photos/38203209/pexels-photo-38203209.jpeg,tunisia/luxury/the-courtyard-of-a-restored-dar-in-the-tunis-medina-tunisia.avif,2,/places/tunisia/riad-dar-and-dune-camp.html,/places/tunisia/riad-dar-and-dune-camp.html,"relevance 3.8; the provider calls it ""charming tunisian street scene with cafe""",pexels,Chermiti Mohamed,https://www.pexels.com/photo/charming-tunisian-street-scene-with-cafe-38203209/
888,"W6 licence, long tail",REPLACE,pexels:17887555,4,no price attached,19%,P3,tunisia,desert and dive,outdoor,"a trekking party on the edge of the Grand Erg, Tunisia",16/9 and 4/3,1600,licence a photograph that actually shows the subject,licence,B — one stock or agency licence at the going rate.,AKL-001415,https://images.pexels.com/photos/17887555/pexels-photo-17887555.jpeg,tunisia/outdoor/a-trekking-party-on-the-edge-of-the-grand-erg-tunisia.avif,2,/places/tunisia/desert-and-dive.html,/places/tunisia/desert-and-dive.html,relevance 2.5,pexels,Mo Eid,https://www.pexels.com/photo/dune-on-desert-17887555/
889,W9 no acquisition,KEEP,pexels:17290985,1,operator — bookable today,69%,P3,cameroon,douala and yaounde,cities,"a street in the Bonapriso quarter of Douala, Cameroon",16/9 and 4/3,1600,migrate as it is,none,— already ours.,AKL-000069,https://images.pexels.com/photos/17290985/pexels-photo-17290985.jpeg,cameroon/cities/a-street-in-the-bonapriso-quarter-of-douala-cameroon.avif,3,/places/cameroon/douala-and-yaounde.html,/places/cameroon/douala-and-yaounde.html,"relevance 6.7, subject query, names its country",pexels,K,https://www.pexels.com/photo/crowded-street-in-nigeria-17290985/
890,W9 no acquisition,KEEP,pexels:31633688,1,operator — bookable today,69%,P3,cameroon,the foumban bronze casters,crafts,"An experienced blacksmith shaping metal in a rustic workshop full of tools., Cameroon",16/9 and 4/3,1600,migrate as it is,none,— already ours.,AKL-000070,https://images.pexels.com/photos/31633688/pexels-photo-31633688.jpeg,cameroon/crafts/an-experienced-blacksmith-shaping-metal-in-a-rustic-workshop-full-of-t.avif,2,/places/cameroon/the-foumban-bronze-casters.html,/places/cameroon/the-foumban-bronze-casters.html,"relevance 4.7, subject query, names its country",pexels,mg shotz,https://www.pexels.com/photo/blacksmith-working-in-his-rustic-workshop-31633688/
891,W9 no acquisition,KEEP,pexels:30052191,1,operator — bookable today,69%,P3,cameroon,the sultans palace,historic-sites,"Explore Al Alam Palace, a historic landmark in Muscat, Oman, showcasing its vibrant Islamic architecture., Cameroon",16/9 and 4/3,1600,migrate as it is,none,— already ours.,AKL-000072,https://images.pexels.com/photos/30052191/pexels-photo-30052191.jpeg,cameroon/historic-sites/explore-al-alam-palace-a-historic-landmark-in-muscat-oman-showcasing-i.avif,2,/places/cameroon/the-sultans-palace.html,/places/cameroon/the-sultans-palace.html,"relevance 4.2, subject query, names its country",pexels,Mauricio  Krupka Buendia,https://www.pexels.com/photo/al-alam-palace-in-muscat-oman-under-a-clear-sky-30052191/
892,W9 no acquisition,KEEP,unsplash:tFCNJsRespo,1,operator — bookable today,69%,P3,cameroon,the benoue and the crater lakes,lakes-rivers,"the wide brown Benoue river with gallery forest along the bank, Cameroon",16/9 and 4/5 and 4/3,1600,migrate as it is,none,— already ours.,AKL-000073,https://images.unsplash.com/photo-1689760034504-568812d8cb01,cameroon/lakes-rivers/the-wide-brown-benoue-river-with-gallery-forest-along-the-bank-cameroo.avif,4,/places/cameroon/the-benoue-and-the-crater-lakes.html,/places/cameroon/the-benoue-and-the-crater-lakes.html,"relevance 0.0, subject query, names its country",unsplash,Joseph Siewe,https://unsplash.com/photos/two-people-in-a-canoe-paddling-down-a-river-tFCNJsRespo
893,W9 no acquisition,KEEP,unsplash:bZnciM7XIYw,1,operator — bookable today,69%,P3,cameroon,marche central motos rain,local-life,"traders and moto-taxis in a busy Douala market street, Cameroon",16/9 and 3/2 and 4/3,1600,migrate as it is,none,— already ours.,AKL-000074,https://images.unsplash.com/photo-1594386479412-fa62932f4cdc,cameroon/local-life/traders-and-moto-taxis-in-a-busy-douala-market-street-cameroon.avif,3,/places/cameroon/marche-central-motos-rain.html,/places/cameroon/marche-central-motos-rain.html,"relevance 7.8, subject query, names its country",unsplash,Edouard TAMBA,https://unsplash.com/photos/people-walking-on-street-during-daytime-bZnciM7XIYw
894,W9 no acquisition,KEEP,pexels:20236312,1,operator — bookable today,69%,P3,cameroon,kribi slowly,luxury,"a small beach hotel terrace above the sand at Kribi, Cameroon",16/9 and 4/3,1600,migrate as it is,none,— already ours.,AKL-000075,https://images.pexels.com/photos/20236312/pexels-photo-20236312.jpeg,cameroon/luxury/a-small-beach-hotel-terrace-above-the-sand-at-kribi-cameroon.avif,3,/places/cameroon/kribi-slowly.html,/contact.html,"relevance 4.5, subject query, names its country",pexels,David Iloba,https://www.pexels.com/photo/sandstone-on-beach-20236312/
895,W9 no acquisition,KEEP,pexels:4708941,1,operator — bookable today,69%,P3,cameroon,where the river meets the sea,waterfalls,"the Lobe waterfalls pouring over rock directly into the Atlantic near Kribi, Cameroon",16/9 and 4/3,1600,migrate as it is,none,— already ours.,AKL-000076,https://images.pexels.com/photos/4708941/pexels-photo-4708941.jpeg,cameroon/waterfalls/the-lobe-waterfalls-pouring-over-rock-directly-into-the-atlantic-near-.avif,5,/places/cameroon/where-the-river-meets-the-sea.html,/places/cameroon/where-the-river-meets-the-sea.html,"relevance 4.7, subject query, names its country",pexels,Renato Ponte,https://www.pexels.com/photo/rock-formation-in-sea-4708941/
896,W9 no acquisition,KEEP,pexels:34445923,1,operator — bookable today,69%,P4,cameroon,,forests,"a canopy suspension bridge over a river inside Korup rainforest, Cameroon",unconstrained,0,migrate as it is,none,— already ours.,AKL-000071,https://images.pexels.com/photos/34445923/pexels-photo-34445923.jpeg,cameroon/forests/a-canopy-suspension-bridge-over-a-river-inside-korup-rainforest-camero.avif,4,,/places/cameroon/inside-korup.html,"relevance 6.2, subject query, names its country",pexels,Hervé Kashama,https://www.pexels.com/photo/remote-village-by-the-river-in-congo-forest-34445923/
897,W9 no acquisition,KEEP,unsplash:kK1qcO5z7nQ,1,operator — bookable today,59%,P3,namibia,colonial and desert vernacular,architecture,"a desert lodge built low into the gravel plain, Namibia",16/9 and 3/2 and 4/3,1600,migrate as it is,none,— already ours.,AKL-000404,https://images.unsplash.com/photo-1727880283608-57880fa4edcc,namibia/architecture/a-desert-lodge-built-low-into-the-gravel-plain-namibia.avif,3,/places/namibia/colonial-and-desert-vernacular.html,/places/namibia/colonial-and-desert-vernacular.html,"relevance 4.2, subject query, names its country",unsplash,Arthur Souquet,https://unsplash.com/photos/a-lone-antelope-walking-across-a-desert-plain-kK1qcO5z7nQ
898,W9 no acquisition,KEEP,unsplash:nG_m3m3ncWg,1,operator — bookable today,59%,P3,namibia,kolmanskop and the coast,heritage,"sand filling a room in the ghost town of Kolmanskop, Namibia",16/9 and 4/3,1600,migrate as it is,none,— already ours.,AKL-000406,https://images.unsplash.com/photo-1696894134220-cfc38c3bf7a1,namibia/heritage/sand-filling-a-room-in-the-ghost-town-of-kolmanskop-namibia.avif,3,/places/namibia/kolmanskop-and-the-coast.html,/places/namibia/kolmanskop-and-the-coast.html,"relevance 5.8, subject query, names its country",unsplash,Taylor Wright,https://unsplash.com/photos/a-large-sand-dune-in-the-middle-of-a-desert-nG_m3m3ncWg
899,W9 no acquisition,KEEP,unsplash:Dakbfhj51eE,1,operator — bookable today,59%,P3,namibia,the kunene,hidden-gems,"a track through the mountains of the Kunene region, Namibia",16/9 and 4/3,1600,migrate as it is,none,— already ours.,AKL-000408,https://images.unsplash.com/photo-1637336659714-50c42464957a,namibia/hidden-gems/a-track-through-the-mountains-of-the-kunene-region-namibia.avif,2,/places/namibia/the-kunene.html,/places/namibia/the-kunene.html,"relevance 7.5, subject query, names its country",unsplash,katsuma tanaka,https://unsplash.com/photos/a-dirt-road-with-mountains-in-the-background-Dakbfhj51eE
900,W9 no acquisition,KEEP,unsplash:bc52HVKjde4,1,operator — bookable today,59%,P3,namibia,desert camps,luxury,"a desert camp lit under a full sky of stars, Namibia",16/9 and 4/3,1600,migrate as it is,none,— already ours.,AKL-000409,https://images.unsplash.com/photo-1688988816492-f71727a11149,namibia/luxury/a-desert-camp-lit-under-a-full-sky-of-stars-namibia.avif,2,/places/namibia/desert-camps.html,/places/namibia/desert-camps.html,"relevance 6.0, subject query, names its country",unsplash,Ultimate Safaris Namibia,https://unsplash.com/photos/a-tent-set-up-in-the-middle-of-a-desert-bc52HVKjde4
901,W9 no acquisition,KEEP,pexels:35170748,1,operator — bookable today,59%,P3,namibia,the namib,nature,"the dune field of the Namib at first light, Namibia",16/9 and 21/9 and 4/3,2100,migrate as it is,none,— already ours.,AKL-000410,https://images.pexels.com/photos/35170748/pexels-photo-35170748.jpeg,namibia/nature/the-dune-field-of-the-namib-at-first-light-namibia.avif,3,/places/namibia/the-namib.html,/places/namibia/the-namib.html,"relevance 4.5, subject query, names its country",pexels,Hub JACQU,https://www.pexels.com/photo/expansive-namib-desert-sand-dunes-under-clear-sky-35170748/
902,W9 no acquisition,KEEP,pexels:37682339,1,operator — bookable today,59%,P3,namibia,the cleanest light in africa,photography,the Milky Way over a Namibian desert landscape,16/9 and 21/9 and 4/3,2100,migrate as it is,none,— already ours.,AKL-000411,https://images.pexels.com/photos/37682339/pexels-photo-37682339.jpeg,namibia/photography/the-milky-way-over-a-namibian-desert-landscape.avif,3,/places/namibia/the-cleanest-light-in-africa.html,/places/namibia/the-cleanest-light-in-africa.html,"relevance 4.3, subject query, names its country",pexels,Sahil Raut,https://www.pexels.com/photo/silhouette-under-milky-way-night-sky-37682339/
903,W9 no acquisition,KEEP,pexels:34780131,1,operator — bookable today,59%,P3,namibia,etosha,safari,"elephants and zebra at an Etosha waterhole, Namibia",16/9 and 4/3,1600,migrate as it is,none,— already ours.,AKL-000412,https://images.pexels.com/photos/34780131/pexels-photo-34780131.jpeg,namibia/safari/elephants-and-zebra-at-an-etosha-waterhole-namibia.avif,2,/places/namibia/etosha.html,/places/namibia/etosha.html,"relevance 4.7, subject query, names its country",pexels,Rino Adamo,https://www.pexels.com/photo/elephants-at-waterhole-in-african-savanna-34780131/
904,W9 no acquisition,KEEP,pexels:38101681,1,operator — bookable today,38%,P3,uganda,minaret dome and thatch,architecture,the minaret of the Uganda National Mosque above Kampala,16/9 and 3/2 and 4/3,1600,migrate as it is,none,— already ours.,AKL-000592,https://images.pexels.com/photos/38101681/pexels-photo-38101681.jpeg,uganda/architecture/the-minaret-of-the-uganda-national-mosque-above-kampala.avif,3,/places/uganda/minaret-dome-and-thatch.html,/places/uganda/minaret-dome-and-thatch.html,"relevance 7.7, subject query, names its country",pexels,josh_ dago__,https://www.pexels.com/photo/aerial-view-of-uganda-national-mosque-in-kampala-38101681/
905,W9 no acquisition,KEEP,pexels:38101682,1,operator — bookable today,38%,P3,uganda,kampala on seven hills,cities,"the hills and rooftops of Kampala seen from the Gaddafi Mosque minaret, Uganda",16/9 and 4/3,1600,migrate as it is,none,— already ours.,AKL-000593,https://images.pexels.com/photos/38101682/pexels-photo-38101682.jpeg,uganda/cities/the-hills-and-rooftops-of-kampala-seen-from-the-gaddafi-mosque-minaret.avif,2,/places/uganda/kampala-on-seven-hills.html,/places/uganda/kampala-on-seven-hills.html,"relevance 5.4, subject query, names its country",pexels,josh_ dago__,https://www.pexels.com/photo/aerial-view-of-uganda-national-mosque-in-kampala-38101682/
906,W9 no acquisition,KEEP,unsplash:a_3tG4fbaNw,1,operator — bookable today,38%,P3,uganda,bark cloth and basketry,crafts,"a craftsman beating bark cloth from a mutuba fig tree, Uganda",16/9 and 4/3,1600,migrate as it is,none,— already ours.,AKL-000594,https://images.unsplash.com/photo-1618495776257-748c1480a5e9,uganda/crafts/a-craftsman-beating-bark-cloth-from-a-mutuba-fig-tree-uganda.avif,2,/places/uganda/bark-cloth-and-basketry.html,/places/uganda/bark-cloth-and-basketry.html,"relevance 4.2, subject query, names its country",unsplash,Gary Chapman,https://unsplash.com/photos/grayscale-photo-of-boy-in-t-shirt-and-shorts-standing-on-tree-trunk-a_3tG4fbaNw
907,W9 no acquisition,KEEP,unsplash:-C8tnpEG7so,1,operator — bookable today,38%,P3,uganda,the gorilla permit,eco-tourism,"rangers and trackers setting out on a gorilla trek in Bwindi, Uganda",16/9 and 4/3,1600,migrate as it is,none,— already ours.,AKL-000595,https://images.unsplash.com/photo-1711198583409-b3dba6a7e144,uganda/eco-tourism/rangers-and-trackers-setting-out-on-a-gorilla-trek-in-bwindi-uganda.avif,2,/places/uganda/the-gorilla-permit.html,/places/uganda/the-gorilla-permit.html,"relevance 6.2, subject query, names its country",unsplash,Gabriel Schumacher,https://unsplash.com/photos/a-close-up-of-a-gorilla-in-a-forest--C8tnpEG7so
908,W9 no acquisition,KEEP,pexels:37638730,1,operator — bookable today,38%,P3,uganda,villages at the forest edge,family-community,"Motorbikes parked under a tree in a Ugandan village, capturing local lifestyle and community.",16/9 and 4/3,1600,migrate as it is,none,— already ours.,AKL-000596,https://images.pexels.com/photos/37638730/pexels-photo-37638730.jpeg,uganda/family-community/motorbikes-parked-under-a-tree-in-a-ugandan-village-capturing-local-li.avif,2,/places/uganda/villages-at-the-forest-edge.html,/places/uganda/villages-at-the-forest-edge.html,"relevance 9.2, subject query, names its country",pexels,Kalz📸🇺🇬 Michael,https://www.pexels.com/photo/local-ugandan-village-motorbike-stop-37638730/
909,W9 no acquisition,KEEP,pexels:38520451,1,operator — bookable today,38%,P3,uganda,imbalu and nyege nyege,festivals,drummers and dancers at the Imbalu ceremony in eastern Uganda,16/9 and 3/2 and 4/3,1600,migrate as it is,none,— already ours.,AKL-000597,https://images.pexels.com/photos/38520451/pexels-photo-38520451.jpeg,uganda/festivals/drummers-and-dancers-at-the-imbalu-ceremony-in-eastern-uganda.avif,3,/places/uganda/imbalu-and-nyege-nyege.html,/places/uganda/imbalu-and-nyege-nyege.html,"relevance 6.5, subject query, names its country",pexels,Mwesigwa Joel,https://www.pexels.com/photo/scenic-rural-landscape-with-cloudy-sky-in-uganda-38520451/
910,W9 no acquisition,KEEP,pexels:4618015,1,operator — bookable today,38%,P3,uganda,rolex matoke luwombo,food,"a street vendor cooking rolex chapati and eggs in Kampala, Uganda",16/9 and 4/3,1600,migrate as it is,none,— already ours.,AKL-000598,https://images.pexels.com/photos/4618015/pexels-photo-4618015.jpeg,uganda/food/a-street-vendor-cooking-rolex-chapati-and-eggs-in-kampala-uganda.avif,2,/places/uganda/rolex-matoke-luwombo.html,/places/uganda/rolex-matoke-luwombo.html,"relevance 6.2, subject query, names its country",pexels,saidi musiitwa,https://www.pexels.com/photo/marabou-stork-sitting-on-a-street-lamp-4618015/
911,W9 no acquisition,KEEP,unsplash:KI9cpDDqe7c,1,operator — bookable today,38%,P3,uganda,kibale and bwindi,forests,"dense canopy and buttressed trees in Kibale Forest, Uganda",16/9 and 4/3,1600,migrate as it is,none,— already ours.,AKL-000599,https://images.unsplash.com/photo-1782664454335-d67b180afb35,uganda/forests/dense-canopy-and-buttressed-trees-in-kibale-forest-uganda.avif,3,/places/uganda/kibale-and-bwindi.html,/places/uganda/kibale-and-bwindi.html,"relevance 7.7, subject query, names its country",unsplash,Dmitrii Zhodzishskii,https://unsplash.com/photos/a-chimpanzee-rests-in-a-tree-amidst-lush-green-forest-KI9cpDDqe7c
912,W9 no acquisition,KEEP,pexels:36470053,1,operator — bookable today,38%,P3,uganda,where the nile begins,lakes-rivers,"the islands and terraced shores of Lake Bunyonyi, Uganda",16/9 and 4/5 and 4/3,1600,migrate as it is,none,— already ours.,AKL-000600,https://images.pexels.com/photos/36470053/pexels-photo-36470053.jpeg,uganda/lakes-rivers/the-islands-and-terraced-shores-of-lake-bunyonyi-uganda.avif,3,/places/uganda/where-the-nile-begins.html,/places/uganda/where-the-nile-begins.html,"relevance 4.9, subject query, names its country",pexels,Ana Kenk,https://www.pexels.com/photo/traditional-fishing-boat-on-lake-victoria-uganda-36470053/
913,W9 no acquisition,KEEP,pexels:33740723,1,operator — bookable today,38%,P3,uganda,boda bodas and owino,local-life,"boda boda motorcycle taxis waiting at a busy Kampala street stage, Uganda",16/9 and 3/2 and 4/3,1600,migrate as it is,none,— already ours.,AKL-000601,https://images.pexels.com/photos/33740723/pexels-photo-33740723.jpeg,uganda/local-life/boda-boda-motorcycle-taxis-waiting-at-a-busy-kampala-street-stage-ugan.avif,3,/places/uganda/boda-bodas-and-owino.html,/places/uganda/boda-bodas-and-owino.html,"relevance 9.2, subject query, names its country",pexels,Enock Ojambo,https://www.pexels.com/photo/bustling-street-in-a-ugandan-town-33740723/
914,W9 no acquisition,KEEP,unsplash:ACMElze1x00,1,operator — bookable today,38%,P3,uganda,lodges at the forest edge,luxury,"a lodge terrace overlooking the Bwindi forest ridge at dawn, Uganda",16/9 and 4/3,1600,migrate as it is,none,— already ours.,AKL-000602,https://images.unsplash.com/photo-1672172672923-6910a8c55539,uganda/luxury/a-lodge-terrace-overlooking-the-bwindi-forest-ridge-at-dawn-uganda.avif,2,/places/uganda/lodges-at-the-forest-edge.html,/places/uganda/lodges-at-the-forest-edge.html,"relevance 6.5, subject query, names its country",unsplash,2H Media,https://unsplash.com/photos/a-house-in-the-middle-of-a-lush-green-forest-ACMElze1x00
915,W9 no acquisition,KEEP,pexels:38520453,1,operator — bookable today,38%,P3,uganda,the mountains of the moon,mountains,"the glaciated peaks of the Rwenzori Mountains above the moorland, Uganda",16/9 and 4/3,1600,migrate as it is,none,— already ours.,AKL-000603,https://images.pexels.com/photos/38520453/pexels-photo-38520453.jpeg,uganda/mountains/the-glaciated-peaks-of-the-rwenzori-mountains-above-the-moorland-ugand.avif,3,/places/uganda/the-mountains-of-the-moon.html,/places/uganda/the-mountains-of-the-moon.html,"relevance 4.5, subject query, names its country",pexels,Mwesigwa Joel,https://www.pexels.com/photo/scenic-roadside-view-in-rural-uganda-38520453/
916,W9 no acquisition,KEEP,pexels:34040544,1,operator — bookable today,38%,P3,uganda,batwa and karamojong,traditional-people,"A Karamoja warrior in traditional attire with spear in Nakapiripirit, Uganda.",16/9 and 4/5 and 4/3,1600,migrate as it is,none,— already ours.,AKL-000604,https://images.pexels.com/photos/34040544/pexels-photo-34040544.jpeg,uganda/traditional-people/a-karamoja-warrior-in-traditional-attire-with-spear-in-nakapiripirit-u.avif,3,/places/uganda/batwa-and-karamojong.html,/places/uganda/batwa-and-karamojong.html,"relevance 5.7, subject query, names its country",pexels,josh_ dago__,https://www.pexels.com/photo/traditional-attire-of-a-karamoja-warrior-in-uganda-34040544/
917,W9 no acquisition,KEEP,unsplash:Qa2ln5HC1uk,1,operator — bookable today,38%,P3,uganda,murchison through the gap,waterfalls,"the Nile forcing through the narrow gap at Murchison Falls, Uganda",16/9 and 4/3,1600,migrate as it is,none,— already ours.,AKL-000605,https://images.unsplash.com/photo-1672590273072-6a92fa9e7f30,uganda/waterfalls/the-nile-forcing-through-the-narrow-gap-at-murchison-falls-uganda.avif,3,/places/uganda/murchison-through-the-gap.html,/places/uganda/murchison-through-the-gap.html,"relevance 6.0, subject query, names its country",unsplash,K3N,https://unsplash.com/photos/a-river-running-through-a-lush-green-forest-Qa2ln5HC1uk
918,W9 no acquisition,KEEP,pexels:11487379,2,"priced route — East, South and continental",81%,P3,botswana,community trusts,eco-tourism,"a community conservation sign at a delta concession, Botswana",16/9 and 4/3,1600,migrate as it is,none,— already ours.,AKL-000027,https://images.pexels.com/photos/11487379/pexels-photo-11487379.jpeg,botswana/eco-tourism/a-community-conservation-sign-at-a-delta-concession-botswana.avif,2,/places/botswana/community-trusts.html,/places/botswana/community-trusts.html,"relevance 6.5, subject query, names its country",pexels,Nafsika Constantinou,https://www.pexels.com/photo/awareness-sign-on-beach-11487379/
919,W9 no acquisition,KEEP,pexels:36766622,2,"priced route — East, South and continental",81%,P3,botswana,maitisong and dithubaruba,festivals,dancers performing at a cultural festival in Botswana,16/9 and 3/2 and 4/3,1600,migrate as it is,none,— already ours.,AKL-000028,https://images.pexels.com/photos/36766622/pexels-photo-36766622.jpeg,botswana/festivals/dancers-performing-at-a-cultural-festival-in-botswana.avif,3,/places/botswana/maitisong-and-dithubaruba.html,/places/botswana/maitisong-and-dithubaruba.html,"relevance 7.5, subject query, names its country",pexels,Alírio Luís,https://www.pexels.com/photo/vibrant-african-cultural-dance-celebration-36766622/
920,W9 no acquisition,KEEP,pexels:38253325,2,"priced route — East, South and continental",81%,P3,botswana,diamonds and democracy,heritage,"the National Museum building in Gaborone, Botswana",16/9 and 4/3,1600,migrate as it is,none,— already ours.,AKL-000029,https://images.pexels.com/photos/38253325/pexels-photo-38253325.jpeg,botswana/heritage/the-national-museum-building-in-gaborone-botswana.avif,3,/places/botswana/diamonds-and-democracy.html,/places/botswana/diamonds-and-democracy.html,"relevance 4.5, subject query, names its country",pexels,Magda Ehlers,https://www.pexels.com/photo/robben-island-museum-with-south-african-flag-38253325/
921,W9 no acquisition,KEEP,pexels:35894057,2,"priced route — East, South and continental",81%,P3,botswana,the kalahari san,traditional-people,"San guides walking a Kalahari pan in the morning, Botswana",16/9 and 4/5 and 4/3,1600,migrate as it is,none,— already ours.,AKL-000030,https://images.pexels.com/photos/35894057/pexels-photo-35894057.jpeg,botswana/traditional-people/san-guides-walking-a-kalahari-pan-in-the-morning-botswana.avif,3,/places/botswana/the-kalahari-san.html,/places/botswana/the-kalahari-san.html,"relevance 5.7, subject query, names its country",pexels,Skylight Views,https://www.pexels.com/photo/woman-in-traditional-attire-walking-in-forest-35894057/
922,W9 no acquisition,KEEP,pexels:34572555,2,"priced route — East, South and continental",65%,P3,zimbabwe,dry stone,architecture,coursed dry stone walling at Great Zimbabwe,16/9 and 3/2 and 4/3,1600,migrate as it is,none,— already ours.,AKL-000621,https://images.pexels.com/photos/34572555/pexels-photo-34572555.jpeg,zimbabwe/architecture/coursed-dry-stone-walling-at-great-zimbabwe.avif,3,/places/zimbabwe/dry-stone.html,/places/zimbabwe/dry-stone.html,"relevance 4.4, subject query, names its country",pexels,Derek Keats,https://www.pexels.com/photo/boulder-chat-bird-in-natural-zimbabwe-habitat-34572555/
923,W9 no acquisition,KEEP,pexels:37294469,2,"priced route — East, South and continental",65%,P3,zimbabwe,stone basket and wire,crafts,"Top view of African-style woven baskets creatively arranged on a black background., Zimbabwe",16/9 and 4/3,1600,migrate as it is,none,— already ours.,AKL-000622,https://images.pexels.com/photos/37294469/pexels-photo-37294469.jpeg,zimbabwe/crafts/top-view-of-african-style-woven-baskets-creatively-arranged-on-a-black.avif,2,/places/zimbabwe/stone-basket-and-wire.html,/places/zimbabwe/stone-basket-and-wire.html,"relevance 4.7, subject query, names its country",pexels,Magda Ehlers,https://www.pexels.com/photo/artistic-arrangement-of-african-baskets-on-black-37294469/
924,W9 no acquisition,KEEP,pexels:38330332,2,"priced route — East, South and continental",65%,P3,zimbabwe,sadza and braai,food,sadza and relish served at a Zimbabwean table,16/9 and 4/3,1600,migrate as it is,none,— already ours.,AKL-000623,https://images.pexels.com/photos/38330332/pexels-photo-38330332.jpeg,zimbabwe/food/sadza-and-relish-served-at-a-zimbabwean-table.avif,2,/places/zimbabwe/sadza-and-braai.html,/places/zimbabwe/sadza-and-braai.html,"relevance 6.2, subject query, names its country",pexels,DΛVΞ GΛRCIΛ,https://www.pexels.com/photo/delicious-ecuadorian-meal-on-wooden-table-38330332/
925,W9 no acquisition,KEEP,pexels:15839393,2,"priced route — East, South and continental",65%,P3,zimbabwe,the zambezi and kariba,lakes-rivers,"dead trees standing in Lake Kariba at sunset, Zimbabwe",16/9 and 4/5 and 4/3,1600,migrate as it is,none,— already ours.,AKL-000624,https://images.pexels.com/photos/15839393/pexels-photo-15839393.jpeg,zimbabwe/lakes-rivers/dead-trees-standing-in-lake-kariba-at-sunset-zimbabwe.avif,3,/places/zimbabwe/the-zambezi-and-kariba.html,/places/zimbabwe/the-zambezi-and-kariba.html,"relevance 6.9, subject query, names its country",pexels,Santiago Sauceda González,https://www.pexels.com/photo/lake-at-golden-sunrise-15839393/
926,W9 no acquisition,KEEP,pexels:11171034,2,"priced route — East, South and continental",65%,P3,zimbabwe,kombis and musika,local-life,a busy produce market in a Zimbabwean town,16/9 and 3/2 and 4/3,1600,migrate as it is,none,— already ours.,AKL-000625,https://images.pexels.com/photos/11171034/pexels-photo-11171034.jpeg,zimbabwe/local-life/a-busy-produce-market-in-a-zimbabwean-town.avif,3,/places/zimbabwe/kombis-and-musika.html,/places/zimbabwe/kombis-and-musika.html,"relevance 7.7, subject query, names its country",pexels,Abdul Basit,https://www.pexels.com/photo/vegetables-on-street-market-at-night-11171034/
927,W9 no acquisition,KEEP,pexels:38278239,2,"priced route — East, South and continental",65%,P3,zimbabwe,highveld and escarpment,nature,balancing granite boulders on the Zimbabwean highveld,16/9 and 21/9 and 4/3,2100,migrate as it is,none,— already ours.,AKL-000626,https://images.pexels.com/photos/38278239/pexels-photo-38278239.jpeg,zimbabwe/nature/balancing-granite-boulders-on-the-zimbabwean-highveld.avif,4,/places/zimbabwe/highveld-and-escarpment.html,/zimbabwe.html,"relevance 4.5, subject query, names its country",pexels,Anh Thu Le,https://www.pexels.com/photo/vibrant-orange-granite-boulders-in-bicheno-38278239/
928,W9 no acquisition,KEEP,pexels:36468006,2,"priced route — East, South and continental",65%,P3,zimbabwe,raft canoe walk,outdoor,"rafts in the Batoka gorge below Victoria Falls, Zimbabwe",16/9 and 4/3,1600,migrate as it is,none,— already ours.,AKL-000627,https://images.pexels.com/photos/36468006/pexels-photo-36468006.jpeg,zimbabwe/outdoor/rafts-in-the-batoka-gorge-below-victoria-falls-zimbabwe.avif,2,/places/zimbabwe/raft-canoe-walk.html,/places/zimbabwe/raft-canoe-walk.html,"relevance 4.5, subject query, names its country",pexels,Ana Kenk,https://www.pexels.com/photo/stunning-view-of-victoria-falls-gorge-36468006/
929,W9 no acquisition,KEEP,pexels:33753648,2,"priced route — East, South and continental",65%,P3,zimbabwe,the stone sculptors,traditional-people,finished stone sculptures in a Zimbabwean workshop,16/9 and 4/5 and 4/3,1600,migrate as it is,none,— already ours.,AKL-000628,https://images.pexels.com/photos/33753648/pexels-photo-33753648.jpeg,zimbabwe/traditional-people/finished-stone-sculptures-in-a-zimbabwean-workshop.avif,3,/places/zimbabwe/the-stone-sculptors.html,/places/zimbabwe/the-stone-sculptors.html,"relevance 4.7, subject query, names its country",pexels,GOWTHAM AGM,https://www.pexels.com/photo/skilled-artisan-sculpting-stone-buddha-statues-33753648/
930,W9 no acquisition,KEEP,pexels:36492380,2,"priced route — East, South and continental",59%,P3,south-africa,bo kaap and cape dutch,architecture,"the painted houses of the Bo-Kaap below Signal Hill, South Africa",16/9 and 3/2 and 4/3,1600,migrate as it is,none,— already ours.,AKL-000511,https://images.pexels.com/photos/36492380/pexels-photo-36492380.jpeg,south-africa/architecture/the-painted-houses-of-the-bo-kaap-below-signal-hill-south-africa.avif,3,/places/south-africa/bo-kaap-and-cape-dutch.html,/places/south-africa/bo-kaap-and-cape-dutch.html,"relevance 6.2, subject query, names its country",pexels,Ndumiso  Zimu,https://www.pexels.com/photo/vibrant-urban-scene-in-bo-kaap-cape-town-36492380/
931,W9 no acquisition,KEEP,pexels:36822941,2,"priced route — East, South and continental",59%,P3,south-africa,two oceans,beaches,"Camps Bay beach beneath the Twelve Apostles in Cape Town, South Africa",16/9 and 4/3,1800,migrate as it is,none,— already ours.,AKL-000512,https://images.pexels.com/photos/36822941/pexels-photo-36822941.jpeg,south-africa/beaches/camps-bay-beach-beneath-the-twelve-apostles-in-cape-town-south-africa.avif,4,/places/south-africa/two-oceans.html,/south-africa.html,"relevance 8.8, subject query, names its country",pexels,Israel Luvhimbi,https://www.pexels.com/photo/scenic-view-of-camps-bay-beach-cape-town-36822941/
932,W9 no acquisition,KEEP,unsplash:ybjhQsdXxzY,2,"priced route — East, South and continental",59%,P3,south-africa,cape town and johannesburg,cities,"the Johannesburg skyline seen across the city at dusk, South Africa",16/9 and 4/3,1600,migrate as it is,none,— already ours.,AKL-000513,https://images.unsplash.com/photo-1602578984228-c98a9b995f3e,south-africa/cities/the-johannesburg-skyline-seen-across-the-city-at-dusk-south-africa.avif,2,/places/south-africa/cape-town-and-johannesburg.html,/places/south-africa/cape-town-and-johannesburg.html,"relevance 6.9, subject query, names its country",unsplash,tebogo losaba,https://unsplash.com/photos/city-skyline-under-blue-and-white-cloudy-sky-during-daytime-ybjhQsdXxzY
933,W9 no acquisition,KEEP,pexels:38251359,2,"priced route — East, South and continental",59%,P3,south-africa,robben island,historic-sites,"the prison buildings on Robben Island with Table Mountain behind, South Africa",16/9 and 4/3,1600,migrate as it is,none,— already ours.,AKL-000516,https://images.pexels.com/photos/38251359/pexels-photo-38251359.jpeg,south-africa/historic-sites/the-prison-buildings-on-robben-island-with-table-mountain-behind-south.avif,2,/places/south-africa/robben-island.html,/places/south-africa/robben-island.html,"relevance 4.7, subject query, names its country",pexels,Magda Ehlers,https://www.pexels.com/photo/cape-town-skyline-with-table-mountain-view-38251359/
934,W9 no acquisition,KEEP,pexels:5504216,2,"priced route — East, South and continental",59%,P3,south-africa,blyde river canyon,lakes-rivers,"the Three Rondavels above the Blyde River Canyon, South Africa",16/9 and 4/5 and 4/3,1600,migrate as it is,none,— already ours.,AKL-000517,https://images.pexels.com/photos/5504216/pexels-photo-5504216.jpeg,south-africa/lakes-rivers/the-three-rondavels-above-the-blyde-river-canyon-south-africa.avif,3,/places/south-africa/blyde-river-canyon.html,/places/south-africa/blyde-river-canyon.html,"relevance 5.4, subject query, names its country",pexels,Mike van Schoonderwalt,https://www.pexels.com/photo/aerial-view-of-river-flowing-through-rocky-canyons-5504216/
935,W9 no acquisition,KEEP,unsplash:ySW0RtDJNh4,2,"priced route — East, South and continental",59%,P3,south-africa,soweto sunday,local-life,"a shisa nyama street grill in Soweto on a Sunday, South Africa",16/9 and 3/2 and 4/3,1600,migrate as it is,none,— already ours.,AKL-000518,https://images.unsplash.com/photo-1704826413546-5805fd26c94f,south-africa/local-life/a-shisa-nyama-street-grill-in-soweto-on-a-sunday-south-africa.avif,3,/places/south-africa/soweto-sunday.html,/places/south-africa/soweto-sunday.html,"relevance 4.2, subject query, names its country",unsplash,Sheila C,https://unsplash.com/photos/a-street-filled-with-lots-of-parked-cars-next-to-tall-buildings-ySW0RtDJNh4
936,W9 no acquisition,KEEP,pexels:38071580,2,"priced route — East, South and continental",59%,P3,south-africa,the drakensberg,mountains,"the Amphitheatre wall of the Drakensberg escarpment, South Africa",16/9 and 4/3,1800,migrate as it is,none,— already ours.,AKL-000519,https://images.pexels.com/photos/38071580/pexels-photo-38071580.jpeg,south-africa/mountains/the-amphitheatre-wall-of-the-drakensberg-escarpment-south-africa.avif,4,/places/south-africa/the-drakensberg.html,/south-africa.html,"relevance 8.0, subject query, names its country",pexels,RAIHAAN Kamdar,https://www.pexels.com/photo/aerial-view-of-drakensberg-mountains-in-south-africa-38071580/
937,W9 no acquisition,KEEP,pexels:30333078,2,"priced route — East, South and continental",59%,P3,south-africa,zulu xhosa ndebele,traditional-people,"an Ndebele woman in beaded dress before a painted house wall, South Africa",16/9 and 4/5 and 4/3,1600,migrate as it is,none,— already ours.,AKL-000520,https://images.pexels.com/photos/30333078/pexels-photo-30333078.jpeg,south-africa/traditional-people/an-ndebele-woman-in-beaded-dress-before-a-painted-house-wall-south-afr.avif,3,/places/south-africa/zulu-xhosa-ndebele.html,/places/south-africa/zulu-xhosa-ndebele.html,"relevance 7.7, subject query, names its country",pexels,claytons gallary,https://www.pexels.com/photo/young-woman-in-traditional-zulu-attire-outdoors-30333078/
938,W9 no acquisition,KEEP,pexels:32632122,2,"priced route — East, South and continental",59%,P3,south-africa,tugela off the amphitheatre,waterfalls,"the Tugela Falls dropping off the Drakensberg Amphitheatre, South Africa",16/9 and 4/3,1600,migrate as it is,none,— already ours.,AKL-000521,https://images.pexels.com/photos/32632122/pexels-photo-32632122.jpeg,south-africa/waterfalls/the-tugela-falls-dropping-off-the-drakensberg-amphitheatre-south-afric.avif,3,/places/south-africa/tugela-off-the-amphitheatre.html,/places/south-africa/tugela-off-the-amphitheatre.html,"relevance 6.2, subject query, names its country",pexels,Emma Jane Seymour,https://www.pexels.com/photo/breathtaking-tugela-falls-in-drakensberg-mountains-32632122/
939,W9 no acquisition,KEEP,pexels:37087428,2,"priced route — East, South and continental",52%,P3,tanzania,the doors of stone town,architecture,"a brass-studded carved door in a Stone Town alley, Zanzibar, Tanzania",16/9 and 3/2 and 4/3,1600,migrate as it is,none,— already ours.,AKL-000547,https://images.pexels.com/photos/37087428/pexels-photo-37087428.jpeg,tanzania/architecture/a-brass-studded-carved-door-in-a-stone-town-alley-zanzibar-tanzania.avif,3,/places/tanzania/the-doors-of-stone-town.html,/places/tanzania/the-doors-of-stone-town.html,"relevance 7.7, subject query, names its country",pexels,Laura  Meinhardt,https://www.pexels.com/photo/historic-architecture-in-stone-town-zanzibar-37087428/
940,W9 no acquisition,KEEP,unsplash:T2yp6TjdOCg,2,"priced route — East, South and continental",52%,P3,tanzania,zanzibar nungwi to paje,beaches,"white sand and traditional dhows on the beach at Nungwi, Zanzibar, Tanzania",16/9 and 4/3,1800,migrate as it is,none,— already ours.,AKL-000548,https://images.unsplash.com/photo-1645043222006-c6b3f4c60ce6,tanzania/beaches/white-sand-and-traditional-dhows-on-the-beach-at-nungwi-zanzibar-tanza.avif,4,/places/tanzania/zanzibar-nungwi-to-paje.html,/tanzania.html,"relevance 8.6, subject query, names its country",unsplash,Sasha Matveeva,https://unsplash.com/photos/a-woman-standing-on-a-beach-next-to-a-house-T2yp6TjdOCg
941,W9 no acquisition,KEEP,unsplash:Q1eR47UNFDQ,2,"priced route — East, South and continental",52%,P3,tanzania,dar es salaam,cities,"the harbour and skyline of Dar es Salaam from the water, Tanzania",16/9 and 4/3,1600,migrate as it is,none,— already ours.,AKL-000549,https://images.unsplash.com/photo-1694860950053-3e996b73ac12,tanzania/cities/the-harbour-and-skyline-of-dar-es-salaam-from-the-water-tanzania.avif,2,/places/tanzania/dar-es-salaam.html,/places/tanzania/dar-es-salaam.html,"relevance 5.4, subject query, names its country",unsplash,Aron Marinelli,https://unsplash.com/photos/a-large-boat-filled-with-people-on-a-body-of-water-Q1eR47UNFDQ
942,W9 no acquisition,KEEP,pexels:15994021,2,"priced route — East, South and continental",52%,P3,tanzania,boma and coffee farm,family-community,"a Chagga family roasting coffee on a farm below Kilimanjaro, Tanzania",16/9 and 4/3,1600,migrate as it is,none,— already ours.,AKL-000551,https://images.pexels.com/photos/15994021/pexels-photo-15994021.jpeg,tanzania/family-community/a-chagga-family-roasting-coffee-on-a-farm-below-kilimanjaro-tanzania.avif,2,/places/tanzania/boma-and-coffee-farm.html,/places/tanzania/boma-and-coffee-farm.html,"relevance 4.7, subject query, names its country",pexels,Balazs Simon,https://www.pexels.com/photo/landscape-with-the-mount-kilimanjaro-15994021/
943,W9 no acquisition,KEEP,pexels:33115374,2,"priced route — East, South and continental",52%,P3,tanzania,sauti za busara,festivals,"musicians performing at the Sauti za Busara festival in Stone Town, Tanzania",16/9 and 3/2 and 4/3,1600,migrate as it is,none,— already ours.,AKL-000552,https://images.pexels.com/photos/33115374/pexels-photo-33115374.jpeg,tanzania/festivals/musicians-performing-at-the-sauti-za-busara-festival-in-stone-town-tan.avif,3,/places/tanzania/sauti-za-busara.html,/places/tanzania/sauti-za-busara.html,"relevance 4.5, subject query, names its country",pexels,Zeal Creative Studios,https://www.pexels.com/photo/vibrant-street-musicians-playing-percussion-instruments-33115374/
944,W9 no acquisition,KEEP,pexels:13675824,2,"priced route — East, South and continental",52%,P3,tanzania,spice ugali urojo,food,"grilled seafood stalls at Forodhani Gardens in Stone Town, Tanzania",16/9 and 4/3,1600,migrate as it is,none,— already ours.,AKL-000553,https://images.pexels.com/photos/13675824/pexels-photo-13675824.png,tanzania/food/grilled-seafood-stalls-at-forodhani-gardens-in-stone-town-tanzania.avif,2,/places/tanzania/spice-ugali-urojo.html,/places/tanzania/spice-ugali-urojo.html,"relevance 6.2, subject query, names its country",pexels,Ahmed Bates,https://www.pexels.com/photo/tower-of-the-saint-joseph-church-in-stone-town-zanzibar-13675824/
945,W9 no acquisition,KEEP,pexels:15268861,2,"priced route — East, South and continental",52%,P3,tanzania,ruaha and katavi,hidden-gems,"elephants beneath baobabs in Ruaha National Park, Tanzania",16/9 and 4/3,1600,migrate as it is,none,— already ours.,AKL-000555,https://images.pexels.com/photos/15268861/pexels-photo-15268861.jpeg,tanzania/hidden-gems/elephants-beneath-baobabs-in-ruaha-national-park-tanzania.avif,2,/places/tanzania/ruaha-and-katavi.html,/places/tanzania/ruaha-and-katavi.html,"relevance 7.7, subject query, names its country",pexels,Alex Levis,https://www.pexels.com/photo/elephants-in-the-wild-15268861/
946,W9 no acquisition,KEEP,unsplash:xev2kb8paN4,2,"priced route — East, South and continental",52%,P3,tanzania,kilimanjaro 5 895 m,mountains,"the snow-capped summit of Kilimanjaro above the cloud line, Tanzania",16/9 and 4/3,1800,migrate as it is,none,— already ours.,AKL-000556,https://images.unsplash.com/photo-1677519917377-118338dd2ed1,tanzania/mountains/the-snow-capped-summit-of-kilimanjaro-above-the-cloud-line-tanzania.avif,3,/places/tanzania/kilimanjaro-5-895-m.html,/tanzania.html,"relevance 6.0, subject query, names its country",unsplash,Nichika Sakurai,https://unsplash.com/photos/a-view-of-a-snow-covered-mountain-from-a-building-xev2kb8paN4
947,W9 no acquisition,KEEP,pexels:36469138,2,"priced route — East, South and continental",52%,P3,tanzania,acacia kopje sunset,photography,"an acacia silhouetted against the Serengeti sunset, Tanzania",16/9 and 21/9 and 4/3,2100,migrate as it is,none,— already ours.,AKL-000557,https://images.pexels.com/photos/36469138/pexels-photo-36469138.jpeg,tanzania/photography/an-acacia-silhouetted-against-the-serengeti-sunset-tanzania.avif,3,/places/tanzania/acacia-kopje-sunset.html,/places/tanzania/acacia-kopje-sunset.html,"relevance 5.4, subject query, names its country",pexels,Ana Kenk,https://www.pexels.com/photo/scenic-dirt-road-in-serengeti-tanzania-36469138/
948,W9 no acquisition,KEEP,pexels:38773757,2,"priced route — East, South and continental",52%,P3,tanzania,materuni under kilimanjaro,waterfalls,"the Materuni waterfall in the forest below Kilimanjaro, Tanzania",16/9 and 4/3,1600,migrate as it is,none,— already ours.,AKL-000558,https://images.pexels.com/photos/38773757/pexels-photo-38773757.jpeg,tanzania/waterfalls/the-materuni-waterfall-in-the-forest-below-kilimanjaro-tanzania.avif,3,/places/tanzania/materuni-under-kilimanjaro.html,/places/tanzania/materuni-under-kilimanjaro.html,"relevance 8.0, subject query, names its country",pexels,Hakim Katamba,https://www.pexels.com/photo/men-enjoying-a-waterfall-in-lush-jungle-38773757/
949,W9 no acquisition,KEEP,pexels:38799930,2,"priced route — East, South and continental",48%,P3,zambia,lusaka,cities,"a busy market street in Lusaka, Zambia",16/9 and 4/3,1600,migrate as it is,none,— already ours.,AKL-000609,https://images.pexels.com/photos/38799930/pexels-photo-38799930.jpeg,zambia/cities/a-busy-market-street-in-lusaka-zambia.avif,2,/places/zambia/lusaka.html,/places/zambia/lusaka.html,"relevance 4.9, subject query, names its country",pexels,Khaya Motsa,https://www.pexels.com/photo/busy-street-scene-in-manzini-eswatini-38799930/
950,W9 no acquisition,KEEP,pexels:20164063,2,"priced route — East, South and continental",48%,P3,zambia,basketry and copper,crafts,"Vibrant display of handmade woven baskets at an open-air market in Abuja, Nigeria., Zambia",16/9 and 4/3,1600,migrate as it is,none,— already ours.,AKL-000610,https://images.pexels.com/photos/20164063/pexels-photo-20164063.jpeg,zambia/crafts/vibrant-display-of-handmade-woven-baskets-at-an-open-air-market-in-abu.avif,2,/places/zambia/basketry-and-copper.html,/places/zambia/basketry-and-copper.html,"relevance 6.2, subject query, names its country",pexels,Yusuf Kayode,https://www.pexels.com/photo/handmade-trays-and-baskets-in-a-market-20164063/
951,W9 no acquisition,KEEP,pexels:38668057,2,"priced route — East, South and continental",48%,P3,zambia,kuomboka,festivals,"the Nalikwanda royal barge during the Kuomboka ceremony, Zambia",16/9 and 3/2 and 4/3,1600,migrate as it is,none,— already ours.,AKL-000611,https://images.pexels.com/photos/38668057/pexels-photo-38668057.jpeg,zambia/festivals/the-nalikwanda-royal-barge-during-the-kuomboka-ceremony-zambia.avif,3,/places/zambia/kuomboka.html,/places/zambia/kuomboka.html,"relevance 4.2, subject query, names its country",pexels,Tom Fisk,https://www.pexels.com/photo/barge-on-mississippi-river-at-sunset-in-reads-landing-38668057/
952,W9 no acquisition,KEEP,pexels:38347620,2,"priced route — East, South and continental",48%,P3,zambia,nshima and kapenta,food,nshima with relish served at a Zambian table,16/9 and 4/3,1600,migrate as it is,none,— already ours.,AKL-000612,https://images.pexels.com/photos/38347620/pexels-photo-38347620.jpeg,zambia/food/nshima-with-relish-served-at-a-zambian-table.avif,2,/places/zambia/nshima-and-kapenta.html,/places/zambia/nshima-and-kapenta.html,"relevance 6.2, subject query, names its country",pexels,DΛVΞ GΛRCIΛ,https://www.pexels.com/photo/delicious-ecuadorian-seafood-dish-on-wooden-table-38347620/
953,W9 no acquisition,KEEP,pexels:750529,2,"priced route — East, South and continental",48%,P3,zambia,miombo and winterthorn,forests,"A herd of African elephants roaming freely amidst trees and dry grassland., Zambia",16/9 and 4/3,1600,migrate as it is,none,— already ours.,AKL-000613,https://images.pexels.com/photos/750529/pexels-photo-750529.jpeg,zambia/forests/a-herd-of-african-elephants-roaming-freely-amidst-trees-and-dry-grassl.avif,4,/places/zambia/miombo-and-winterthorn.html,/zambia.html,"relevance 4.7, subject query, names its country",pexels,Adriaan Greyling,https://www.pexels.com/photo/african-elephants-in-nature-750529/
954,W9 no acquisition,KEEP,pexels:32382771,2,"priced route — East, South and continental",48%,P3,zambia,liuwa plain,hidden-gems,"wildebeest massed on the open grass of Liuwa Plain, Zambia",16/9 and 4/3,1600,migrate as it is,none,— already ours.,AKL-000614,https://images.pexels.com/photos/32382771/pexels-photo-32382771.jpeg,zambia/hidden-gems/wildebeest-massed-on-the-open-grass-of-liuwa-plain-zambia.avif,2,/places/zambia/liuwa-plain.html,/places/zambia/liuwa-plain.html,"relevance 4.7, subject query, names its country",pexels,Charmain Jansen van Rensburg,https://www.pexels.com/photo/wildebeest-in-golden-savannah-at-daytime-32382771/
955,W9 no acquisition,KEEP,pexels:2846216,2,"priced route — East, South and continental",48%,P3,zambia,livingstone,historic-sites,"the colonial-era museum building in Livingstone, Zambia",16/9 and 4/3,1600,migrate as it is,none,— already ours.,AKL-000615,https://images.pexels.com/photos/2846216/pexels-photo-2846216.jpeg,zambia/historic-sites/the-colonial-era-museum-building-in-livingstone-zambia.avif,2,/places/zambia/livingstone.html,/places/zambia/livingstone.html,"relevance 6.2, subject query, names its country",pexels,Rahul Pandit,https://www.pexels.com/photo/white-building-2846216/
956,W9 no acquisition,KEEP,pexels:28717717,2,"priced route — East, South and continental",48%,P3,zambia,zambezi kafue tanganyika,lakes-rivers,"sunset over the Zambezi river with hippo in the shallows, Zambia",16/9 and 4/5 and 4/3,1600,migrate as it is,none,— already ours.,AKL-000616,https://images.pexels.com/photos/28717717/pexels-photo-28717717.jpeg,zambia/lakes-rivers/sunset-over-the-zambezi-river-with-hippo-in-the-shallows-zambia.avif,3,/places/zambia/zambezi-kafue-tanganyika.html,/places/zambia/zambezi-kafue-tanganyika.html,"relevance 5.4, subject query, names its country",pexels,Hannah Barata,https://www.pexels.com/photo/serene-river-sunset-over-calm-waters-28717717/
957,W9 no acquisition,KEEP,pexels:36467840,2,"priced route — East, South and continental",48%,P3,zambia,markets and the great north road,local-life,a roadside produce market on the Great North Road in Zambia,16/9 and 3/2 and 4/3,1600,migrate as it is,none,— already ours.,AKL-000617,https://images.pexels.com/photos/36467840/pexels-photo-36467840.jpeg,zambia/local-life/a-roadside-produce-market-on-the-great-north-road-in-zambia.avif,3,/places/zambia/markets-and-the-great-north-road.html,/places/zambia/markets-and-the-great-north-road.html,"relevance 6.2, subject query, names its country",pexels,Ana Kenk,https://www.pexels.com/photo/tranquil-rural-landscape-in-zambia-36467840/
958,W9 no acquisition,KEEP,pexels:11760864,2,"priced route — East, South and continental",48%,P3,zambia,canoeing the lower zambezi,outdoor,"canoeing past elephants on the Lower Zambezi river, Zambia",16/9 and 4/3,1600,migrate as it is,none,— already ours.,AKL-000618,https://images.pexels.com/photos/11760864/pexels-photo-11760864.jpeg,zambia/outdoor/canoeing-past-elephants-on-the-lower-zambezi-river-zambia.avif,2,/places/zambia/canoeing-the-lower-zambezi.html,/places/zambia/canoeing-the-lower-zambezi.html,"relevance 4.5, subject query, names its country",pexels,ROMAN ODINTSOV,https://www.pexels.com/photo/elephants-on-brown-field-11760864/
959,W9 no acquisition,KEEP,pexels:21631113,2,"priced route — East, South and continental",48%,P3,zambia,victoria and kalambo,waterfalls,"the single 235 metre drop of Kalambo Falls, Zambia",16/9 and 4/3,1600,migrate as it is,none,— already ours.,AKL-000619,https://images.pexels.com/photos/21631113/pexels-photo-21631113.jpeg,zambia/waterfalls/the-single-235-metre-drop-of-kalambo-falls-zambia.avif,3,/places/zambia/victoria-and-kalambo.html,/places/zambia/victoria-and-kalambo.html,"relevance 4.7, subject query, names its country",pexels,zhou shen,https://www.pexels.com/photo/waterfalls-flowing-into-the-canyon-21631113/
960,W9 no acquisition,REMOVE,pexels:27878405,2,"priced route — East, South and continental",48%,P4,zambia,,hero,"Victoria Falls in full flood with spray rising from the gorge, Zambia",unconstrained,0,take the photograph off the page,decide,— a person decides; no acquisition until they do.,,https://images.pexels.com/photos/27878405/pexels-photo-27878405.jpeg,zambia/hero/victoria-falls-in-full-flood-with-spray-rising-from-the-gorge-zambia.avif,0,,,no page references it,pexels,BabijaPhoto JB,https://www.pexels.com/photo/an-aerial-view-of-the-victoria-falls-in-zimbabwe-27878405/
961,W9 no acquisition,KEEP,pexels:31466702,2,"priced route — East, South and continental",46%,P3,rwanda,the convention centre dome,architecture,"the illuminated dome of the Kigali Convention Centre at night, Rwanda",16/9 and 3/2 and 4/3,1600,migrate as it is,none,— already ours.,AKL-000440,https://images.pexels.com/photos/31466702/pexels-photo-31466702.jpeg,rwanda/architecture/the-illuminated-dome-of-the-kigali-convention-centre-at-night-rwanda.avif,3,/places/rwanda/the-convention-centre-dome.html,/places/rwanda/the-convention-centre-dome.html,"relevance 7.6, subject query, names its country",pexels,Faustin NKURUNZIZA,https://www.pexels.com/photo/aerial-view-of-kigali-s-modern-skyline-31466702/
962,W9 no acquisition,KEEP,pexels:36470605,2,"priced route — East, South and continental",46%,P3,rwanda,ten percent back to the hills,eco-tourism,"Breathtaking aerial view of Kigali's picturesque green hills and valleys, showcasing stunning Rwandan landscapes.",16/9 and 4/3,1600,migrate as it is,none,— already ours.,AKL-000442,https://images.pexels.com/photos/36470605/pexels-photo-36470605.jpeg,rwanda/eco-tourism/breathtaking-aerial-view-of-kigali-s-picturesque-green-hills-and-valle.avif,2,/places/rwanda/ten-percent-back-to-the-hills.html,/places/rwanda/ten-percent-back-to-the-hills.html,"relevance 4.2, subject query, names its country",pexels,Ana Kenk,https://www.pexels.com/photo/scenic-aerial-view-of-kigali-s-lush-green-hills-36470605/
963,W9 no acquisition,KEEP,pexels:38833763,2,"priced route — East, South and continental",46%,P3,rwanda,umuganda,family-community,residents working together during Umuganda community day in Rwanda,16/9 and 4/3,1600,migrate as it is,none,— already ours.,AKL-000443,https://images.pexels.com/photos/38833763/pexels-photo-38833763.jpeg,rwanda/family-community/residents-working-together-during-umuganda-community-day-in-rwanda.avif,2,/places/rwanda/umuganda.html,/places/rwanda/umuganda.html,"relevance 4.2, subject query, names its country",pexels,Bullet Honore,https://www.pexels.com/photo/portrait-of-two-young-men-in-western-rwanda-38833763/
964,W9 no acquisition,KEEP,pexels:36477999,2,"priced route — East, South and continental",46%,P3,rwanda,kwita izina,festivals,"the Kwita Izina gorilla naming ceremony at Kinigi, Rwanda",16/9 and 3/2 and 4/3,1600,migrate as it is,none,— already ours.,AKL-000444,https://images.pexels.com/photos/36477999/pexels-photo-36477999.jpeg,rwanda/festivals/the-kwita-izina-gorilla-naming-ceremony-at-kinigi-rwanda.avif,3,/places/rwanda/kwita-izina.html,/places/rwanda/kwita-izina.html,"relevance 6.0, subject query, names its country",pexels,Ana Kenk,https://www.pexels.com/photo/mountain-gorilla-relaxing-in-rwandan-jungle-36477999/
965,W9 no acquisition,KEEP,pexels:36470715,2,"priced route — East, South and continental",46%,P3,rwanda,brochettes and isombe,food,"grilled brochettes and plantain at a Kigali restaurant, Rwanda",16/9 and 4/3,1600,migrate as it is,none,— already ours.,AKL-000445,https://images.pexels.com/photos/36470715/pexels-photo-36470715.jpeg,rwanda/food/grilled-brochettes-and-plantain-at-a-kigali-restaurant-rwanda.avif,2,/places/rwanda/brochettes-and-isombe.html,/places/rwanda/brochettes-and-isombe.html,"relevance 6.2, subject query, names its country",pexels,Ana Kenk,https://www.pexels.com/photo/panoramic-view-of-kigali-cityscape-and-landscape-36470715/
966,W9 no acquisition,KEEP,pexels:36470696,2,"priced route — East, South and continental",46%,P3,rwanda,memory and reconstruction,heritage,"the gardens of the Kigali Genocide Memorial, Rwanda",16/9 and 4/3,1600,migrate as it is,none,— already ours.,AKL-000446,https://images.pexels.com/photos/36470696/pexels-photo-36470696.jpeg,rwanda/heritage/the-gardens-of-the-kigali-genocide-memorial-rwanda.avif,3,/places/rwanda/memory-and-reconstruction.html,/places/rwanda/memory-and-reconstruction.html,"relevance 4.5, subject query, names its country",pexels,Ana Kenk,https://www.pexels.com/photo/colorful-street-view-in-nyamirambo-kigali-city-36470696/
967,W9 no acquisition,KEEP,pexels:38917959,2,"priced route — East, South and continental",46%,P3,rwanda,nyanza the kings palace,historic-sites,"the thatched royal palace and Inyambo cattle at Nyanza, Rwanda",16/9 and 4/3,1600,migrate as it is,none,— already ours.,AKL-000447,https://images.pexels.com/photos/38917959/pexels-photo-38917959.jpeg,rwanda/historic-sites/the-thatched-royal-palace-and-inyambo-cattle-at-nyanza-rwanda.avif,2,/places/rwanda/nyanza-the-kings-palace.html,/places/rwanda/nyanza-the-kings-palace.html,"relevance 6.5, subject query, names its country",pexels,vasu dev,https://www.pexels.com/photo/exquisite-view-of-mysore-palace-under-clear-sky-38917959/
968,W9 no acquisition,KEEP,pexels:30184933,2,"priced route — East, South and continental",46%,P3,rwanda,lake kivu,lakes-rivers,"fishing boats on Lake Kivu at dawn, Rwanda",16/9 and 4/5 and 4/3,1600,migrate as it is,none,— already ours.,AKL-000448,https://images.pexels.com/photos/30184933/pexels-photo-30184933.jpeg,rwanda/lakes-rivers/fishing-boats-on-lake-kivu-at-dawn-rwanda.avif,3,/places/rwanda/lake-kivu.html,/places/rwanda/lake-kivu.html,"relevance 5.4, subject query, names its country",pexels,Edouard MIHIGO,https://www.pexels.com/photo/luxury-yacht-on-lake-kivu-in-congo-30184933/
969,W9 no acquisition,KEEP,pexels:36477487,2,"priced route — East, South and continental",46%,P3,rwanda,kimironko market,local-life,"fabric and produce stalls inside Kimironko market in Kigali, Rwanda",16/9 and 3/2 and 4/3,1600,migrate as it is,none,— already ours.,AKL-000449,https://images.pexels.com/photos/36477487/pexels-photo-36477487.jpeg,rwanda/local-life/fabric-and-produce-stalls-inside-kimironko-market-in-kigali-rwanda.avif,3,/places/rwanda/kimironko-market.html,/places/rwanda/kimironko-market.html,"relevance 4.2, subject query, names its country",pexels,Ana Kenk,https://www.pexels.com/photo/scenic-view-of-kigali-neighborhood-with-lush-greens-36477487/
970,W9 no acquisition,KEEP,pexels:19199135,2,"priced route — East, South and continental",46%,P3,rwanda,lodges below the volcanoes,luxury,"a luxury lodge terrace facing the Virunga volcanoes, Rwanda",16/9 and 4/3,1600,migrate as it is,none,— already ours.,AKL-000450,https://images.pexels.com/photos/19199135/pexels-photo-19199135.jpeg,rwanda/luxury/a-luxury-lodge-terrace-facing-the-virunga-volcanoes-rwanda.avif,2,/places/rwanda/lodges-below-the-volcanoes.html,/places/rwanda/lodges-below-the-volcanoes.html,"relevance 7.5, subject query, names its country",pexels,Keegan Checks,https://www.pexels.com/photo/table-and-sofas-on-a-terrace-19199135/
971,W9 no acquisition,KEEP,pexels:35904237,2,"priced route — East, South and continental",46%,P3,rwanda,bisoke crater lake,outdoor,"the crater lake at the summit of Mount Bisoke, Rwanda",16/9 and 4/3,1600,migrate as it is,none,— already ours.,AKL-000451,https://images.pexels.com/photos/35904237/pexels-photo-35904237.jpeg,rwanda/outdoor/the-crater-lake-at-the-summit-of-mount-bisoke-rwanda.avif,2,/places/rwanda/bisoke-crater-lake.html,/places/rwanda/bisoke-crater-lake.html,"relevance 4.5, subject query, names its country",pexels,kevin yung,https://www.pexels.com/photo/panoramic-view-of-mount-sindoro-in-central-java-35904237/
972,W9 no acquisition,KEEP,pexels:33760868,2,"priced route — East, South and continental",46%,P3,rwanda,living memory,traditional-people,a traditional potter at work in a Rwandan cultural village,16/9 and 4/5 and 4/3,1600,migrate as it is,none,— already ours.,AKL-000452,https://images.pexels.com/photos/33760868/pexels-photo-33760868.jpeg,rwanda/traditional-people/a-traditional-potter-at-work-in-a-rwandan-cultural-village.avif,3,/places/rwanda/living-memory.html,/places/rwanda/living-memory.html,"relevance 6.2, subject query, names its country",pexels,From Salih,https://www.pexels.com/photo/traditional-pottery-craftsmanship-in-warm-lighting-33760868/
973,W9 no acquisition,KEEP,pexels:11025240,2,"priced route — East, South and continental",33%,P3,kenya,coral stone and carved doors,architecture,"an ornately carved Swahili door in a coral stone wall in Lamu, Kenya",16/9 and 3/2 and 4/3,1600,migrate as it is,none,— already ours.,AKL-000265,https://images.pexels.com/photos/11025240/pexels-photo-11025240.jpeg,kenya/architecture/an-ornately-carved-swahili-door-in-a-coral-stone-wall-in-lamu-kenya.avif,3,/places/kenya/coral-stone-and-carved-doors.html,/places/kenya/coral-stone-and-carved-doors.html,"relevance 6.2, subject query, names its country",pexels,ROMAN ODINTSOV,https://www.pexels.com/photo/old-ornamented-door-11025240/
974,W9 no acquisition,KEEP,pexels:37476350,2,"priced route — East, South and continental",33%,P3,kenya,the swahili coast,beaches,"white sand and dhows on Diani Beach on the Indian Ocean, Kenya",16/9 and 4/3,1800,migrate as it is,none,— already ours.,AKL-000266,https://images.pexels.com/photos/37476350/pexels-photo-37476350.jpeg,kenya/beaches/white-sand-and-dhows-on-diani-beach-on-the-indian-ocean-kenya.avif,4,/places/kenya/the-swahili-coast.html,/kenya.html,"relevance 9.0, subject query, names its country",pexels,Zebari  Visuals,https://www.pexels.com/photo/stunning-sunrise-on-mombasa-beach-kenya-37476350/
975,W9 no acquisition,KEEP,pexels:18000433,2,"priced route — East, South and continental",33%,P3,kenya,nairobi green city in the sun,cities,"the Nairobi skyline seen across Nairobi National Park, Kenya",16/9 and 4/3,1600,migrate as it is,none,— already ours.,AKL-000267,https://images.pexels.com/photos/18000433/pexels-photo-18000433.jpeg,kenya/cities/the-nairobi-skyline-seen-across-nairobi-national-park-kenya.avif,2,/places/kenya/nairobi-green-city-in-the-sun.html,/places/kenya/nairobi-green-city-in-the-sun.html,"relevance 6.9, subject query, names its country",pexels,Twilight Kenya,https://www.pexels.com/photo/black-rhino-on-dry-land-in-kenya-18000433/
976,W9 no acquisition,KEEP,pexels:18000444,2,"priced route — East, South and continental",33%,P3,kenya,rhino counted daily,eco-tourism,"black rhino grazing on the Ol Pejeta conservancy at dawn, Kenya",16/9 and 4/3,1600,migrate as it is,none,— already ours.,AKL-000269,https://images.pexels.com/photos/18000444/pexels-photo-18000444.jpeg,kenya/eco-tourism/black-rhino-grazing-on-the-ol-pejeta-conservancy-at-dawn-kenya.avif,2,/places/kenya/rhino-counted-daily.html,/places/kenya/rhino-counted-daily.html,"relevance 4.7, subject query, names its country",pexels,Twilight Kenya,https://www.pexels.com/photo/large-black-rhino-on-savannah-18000444/
977,W9 no acquisition,KEEP,pexels:33734692,2,"priced route — East, South and continental",33%,P3,kenya,the conservancies,family-community,"a community conservancy ranger team on patrol near the Maasai Mara, Kenya",16/9 and 4/3,1600,migrate as it is,none,— already ours.,AKL-000270,https://images.pexels.com/photos/33734692/pexels-photo-33734692.jpeg,kenya/family-community/a-community-conservancy-ranger-team-on-patrol-near-the-maasai-mara-ken.avif,2,/places/kenya/the-conservancies.html,/places/kenya/the-conservancies.html,"relevance 5.0, subject query, names its country",pexels,Lloyd Alozie,https://www.pexels.com/photo/aerial-view-of-wildebeest-migration-in-maasai-mara-33734692/
978,W9 no acquisition,KEEP,pexels:9833512,2,"priced route — East, South and continental",33%,P3,kenya,nyama choma and ugali,food,"nyama choma roasting over charcoal at a Nairobi grill, Kenya",16/9 and 4/3,1600,migrate as it is,none,— already ours.,AKL-000271,https://images.pexels.com/photos/9833512/pexels-photo-9833512.jpeg,kenya/food/nyama-choma-roasting-over-charcoal-at-a-nairobi-grill-kenya.avif,2,/places/kenya/nyama-choma-and-ugali.html,/places/kenya/nyama-choma-and-ugali.html,"relevance 4.7, subject query, names its country",pexels,Justin  Brian,https://www.pexels.com/photo/skyscrapers-in-nairobi-9833512/
979,W9 no acquisition,KEEP,pexels:36523750,2,"priced route — East, South and continental",33%,P3,kenya,kakamega the last of it,forests,"dense canopy and hanging vines inside Kakamega Forest, Kenya",16/9 and 4/3,1600,migrate as it is,none,— already ours.,AKL-000272,https://images.pexels.com/photos/36523750/pexels-photo-36523750.jpeg,kenya/forests/dense-canopy-and-hanging-vines-inside-kakamega-forest-kenya.avif,4,/places/kenya/kakamega-the-last-of-it.html,/kenya.html,"relevance 6.2, subject query, names its country",pexels,Ankit Bhattacharjee,https://www.pexels.com/photo/dense-lush-forest-in-madikeri-karnataka-36523750/
980,W9 no acquisition,KEEP,pexels:33473218,2,"priced route — East, South and continental",33%,P3,kenya,chalbi and marsabit,hidden-gems,the salt pan and dunes of the Chalbi desert in northern Kenya,16/9 and 4/3,1600,migrate as it is,none,— already ours.,AKL-000273,https://images.pexels.com/photos/33473218/pexels-photo-33473218.jpeg,kenya/hidden-gems/the-salt-pan-and-dunes-of-the-chalbi-desert-in-northern-kenya.avif,2,/places/kenya/chalbi-and-marsabit.html,/places/kenya/chalbi-and-marsabit.html,"relevance 7.7, subject query, names its country",pexels,Mary Rose Relente,https://www.pexels.com/photo/safari-adventure-in-nakuru-kenya-s-scenic-landscape-33473218/
981,W9 no acquisition,KEEP,pexels:12573131,2,"priced route — East, South and continental",33%,P3,kenya,flamingo country,lakes-rivers,"flamingos massed on the shallows of Lake Nakuru, Kenya",16/9 and 4/5 and 4/3,1600,migrate as it is,none,— already ours.,AKL-000274,https://images.pexels.com/photos/12573131/pexels-photo-12573131.jpeg,kenya/lakes-rivers/flamingos-massed-on-the-shallows-of-lake-nakuru-kenya.avif,3,/places/kenya/flamingo-country.html,/places/kenya/flamingo-country.html,"relevance 5.4, subject query, names its country",pexels,Kilinge Adventures,https://www.pexels.com/photo/herd-of-zebras-grazing-near-a-lake-12573131/
982,W9 no acquisition,KEEP,pexels:9833517,2,"priced route — East, South and continental",33%,P3,kenya,matatus and markets,local-life,"brightly painted matatu minibuses in a Nairobi street, Kenya",16/9 and 3/2 and 4/3,1600,migrate as it is,none,— already ours.,AKL-000275,https://images.pexels.com/photos/9833517/pexels-photo-9833517.jpeg,kenya/local-life/brightly-painted-matatu-minibuses-in-a-nairobi-street-kenya.avif,3,/places/kenya/matatus-and-markets.html,/places/kenya/matatus-and-markets.html,"relevance 4.7, subject query, names its country",pexels,Justin  Brian,https://www.pexels.com/photo/skyscrapers-in-nairobi-9833517/
983,W9 no acquisition,KEEP,pexels:33473215,2,"priced route — East, South and continental",33%,P3,kenya,mount kenya 5 199 m,mountains,the jagged glaciated peaks of Mount Kenya above the moorland,16/9 and 4/3,1800,migrate as it is,none,— already ours.,AKL-000276,https://images.pexels.com/photos/33473215/pexels-photo-33473215.jpeg,kenya/mountains/the-jagged-glaciated-peaks-of-mount-kenya-above-the-moorland.avif,4,/places/kenya/mount-kenya-5-199-m.html,/kenya.html,"relevance 4.0, subject query, names its country",pexels,Mary Rose Relente,https://www.pexels.com/photo/giraffe-under-acacia-tree-in-nakuru-kenya-33473215/
984,W9 no acquisition,KEEP,pexels:29093739,2,"priced route — East, South and continental",33%,P3,kenya,kilimanjaro from amboseli,photography,"elephants beneath Mount Kilimanjaro seen from Amboseli at sunrise, Kenya",16/9 and 21/9 and 4/3,2100,migrate as it is,none,— already ours.,AKL-000277,https://images.pexels.com/photos/29093739/pexels-photo-29093739.jpeg,kenya/photography/elephants-beneath-mount-kilimanjaro-seen-from-amboseli-at-sunrise-keny.avif,3,/places/kenya/kilimanjaro-from-amboseli.html,/places/kenya/kilimanjaro-from-amboseli.html,"relevance 5.4, subject query, names its country",pexels,Ken Mwaura,https://www.pexels.com/photo/starry-night-over-mount-kilimanjaro-from-kenya-29093739/
985,W9 no acquisition,KEEP,pexels:30705108,2,"priced route — East, South and continental",33%,P3,kenya,the great migration,safari,"wildebeest crossing the Mara river during the great migration, Kenya",16/9 and 4/3,1600,migrate as it is,none,— already ours.,AKL-000278,https://images.pexels.com/photos/30705108/pexels-photo-30705108.jpeg,kenya/safari/wildebeest-crossing-the-mara-river-during-the-great-migration-kenya.avif,2,/places/kenya/the-great-migration.html,/places/kenya/the-great-migration.html,"relevance 6.2, subject query, names its country",pexels,Hugo Sykes,https://www.pexels.com/photo/wildebeest-grazing-in-the-kenyan-savannah-30705108/
986,W9 no acquisition,KEEP,pexels:35243817,2,"priced route — East, South and continental",33%,P3,kenya,samburu and maasai,traditional-people,"a Samburu warrior with beaded ornaments in the northern drylands, Kenya",16/9 and 4/5 and 4/3,1600,migrate as it is,none,— already ours.,AKL-000279,https://images.pexels.com/photos/35243817/pexels-photo-35243817.jpeg,kenya/traditional-people/a-samburu-warrior-with-beaded-ornaments-in-the-northern-drylands-kenya.avif,3,/places/kenya/samburu-and-maasai.html,/places/kenya/samburu-and-maasai.html,"relevance 7.7, subject query, names its country",pexels,josh_ dago__,https://www.pexels.com/photo/traditional-maasai-warrior-in-mombasa-kenya-35243817/
987,W9 no acquisition,KEEP,pexels:30705119,2,"priced route — East, South and continental",33%,P3,kenya,wildlife on the savannah,wildlife,"elephants crossing the plain at Amboseli beneath Kilimanjaro, Kenya",16/9,1800,migrate as it is,none,— already ours.,AKL-000281,https://images.pexels.com/photos/30705119/pexels-photo-30705119.jpeg,kenya/wildlife/elephants-crossing-the-plain-at-amboseli-beneath-kilimanjaro-kenya.avif,3,/places/kenya/wildlife-on-the-savannah.html,/kenya.html,"relevance 6.0, subject query, names its country",pexels,Hugo Sykes,https://www.pexels.com/photo/cheetah-stalking-through-kenyan-savannah-grass-30705119/
988,W9 no acquisition,KEEP,pexels:38823258,3,priced route — West,77%,P3,cote-divoire,beach and lagoon,family-community,"children swimming on the lagoon side at Assinie, Côte d'Ivoire",16/9 and 4/3,1600,migrate as it is,none,— already ours.,AKL-000113,https://images.pexels.com/photos/38823258/pexels-photo-38823258.jpeg,cote-divoire/family-community/children-swimming-on-the-lagoon-side-at-assinie-c-te-d-ivoire.avif,2,/places/cote-divoire/beach-and-lagoon.html,/places/cote-divoire/beach-and-lagoon.html,"relevance 4.2, subject query, names its country",pexels,Isiaka D. Massalay,https://www.pexels.com/photo/colorful-fishing-boats-on-a-liberia-beach-38823258/
989,W9 no acquisition,KEEP,pexels:13722651,3,priced route — West,77%,P3,cote-divoire,abissa and the masks,festivals,"Colorful traditional costume dance at festival in Bogotá with vibrant masks and feathers., Côte d'Ivoire",16/9 and 3/2 and 4/3,1600,migrate as it is,none,— already ours.,AKL-000114,https://images.pexels.com/photos/13722651/pexels-photo-13722651.jpeg,cote-divoire/festivals/colorful-traditional-costume-dance-at-festival-in-bogot-with-vibrant-m.avif,3,/places/cote-divoire/abissa-and-the-masks.html,/places/cote-divoire/abissa-and-the-masks.html,"relevance 7.5, subject query, names its country",pexels,Edwin Guzman,https://www.pexels.com/photo/a-person-wearing-a-mask-during-a-festival-in-columbia-13722651/
990,W9 no acquisition,KEEP,pexels:6872184,3,priced route — West,77%,P3,cote-divoire,atti k and kedjenou,food,"attiéké and grilled fish served at a maquis, Côte d'Ivoire",16/9 and 4/3,1600,migrate as it is,none,— already ours.,AKL-000115,https://images.pexels.com/photos/6872184/pexels-photo-6872184.jpeg,cote-divoire/food/atti-k-and-grilled-fish-served-at-a-maquis-c-te-d-ivoire.avif,2,/places/cote-divoire/atti-k-and-kedjenou.html,/places/cote-divoire/atti-k-and-kedjenou.html,"relevance 4.7, subject query, names its country",pexels,Quang Nguyen Vinh,https://www.pexels.com/photo/fish-frying-over-burning-coal-6872184/
991,W9 no acquisition,KEEP,pexels:19891960,3,priced route — West,77%,P3,cote-divoire,yamoussoukro,heritage,"the basilica of Our Lady of Peace at Yamoussoukro, Côte d'Ivoire",16/9 and 4/3,1600,migrate as it is,none,— already ours.,AKL-000116,https://images.pexels.com/photos/19891960/pexels-photo-19891960.jpeg,cote-divoire/heritage/the-basilica-of-our-lady-of-peace-at-yamoussoukro-c-te-d-ivoire.avif,3,/places/cote-divoire/yamoussoukro.html,/places/cote-divoire/yamoussoukro.html,"relevance 4.5, subject query, names its country",pexels,Cedric G,https://www.pexels.com/photo/basilica-of-our-lady-of-peace-in-ivory-coast-19891960/
992,W9 no acquisition,KEEP,pexels:16769431,3,priced route — West,77%,P4,cote-divoire,,beaches,"palms and surf on the beach at Assinie, Côte d'Ivoire",unconstrained,0,migrate as it is,none,— already ours.,AKL-000112,https://images.pexels.com/photos/16769431/pexels-photo-16769431.jpeg,cote-divoire/beaches/palms-and-surf-on-the-beach-at-assinie-c-te-d-ivoire.avif,4,,/cote-divoire.html,"relevance 6.0, subject query, names its country",pexels,Janam Parikh,https://www.pexels.com/photo/palm-tree-and-bushes-on-sunlit-beach-16769431/
993,W9 no acquisition,KEEP,pexels:34583535,3,priced route — West,68%,P3,guinea,weaving and indigo,crafts,"Various indigo dyed fabrics hanging on bamboo racks under the sky, showcasing traditional designs., Guinea",16/9 and 4/3,1600,migrate as it is,none,— already ours.,AKL-000257,https://images.pexels.com/photos/34583535/pexels-photo-34583535.jpeg,guinea/crafts/various-indigo-dyed-fabrics-hanging-on-bamboo-racks-under-the-sky-show.avif,2,/places/guinea/weaving-and-indigo.html,/places/guinea/weaving-and-indigo.html,"relevance 4.7, subject query, names its country",pexels,Trần Phan Phạm Lê,https://www.pexels.com/photo/traditional-indigo-dyed-fabrics-drying-outdoors-34583535/
994,W9 no acquisition,KEEP,pexels:12186850,3,priced route — West,68%,P3,guinea,the guinean forest,forests,"buttressed rainforest trees in the Ziama massif, Guinea",16/9 and 4/3,1600,migrate as it is,none,— already ours.,AKL-000258,https://images.pexels.com/photos/12186850/pexels-photo-12186850.jpeg,guinea/forests/buttressed-rainforest-trees-in-the-ziama-massif-guinea.avif,4,/places/guinea/the-guinean-forest.html,/guinea.html,"relevance 6.2, subject query, names its country",pexels,Keith Lobo,https://www.pexels.com/photo/green-trees-12186850/
995,W9 no acquisition,KEEP,pexels:38773333,3,priced route — West,68%,P3,guinea,the almamys fouta,historic-sites,"an old mosque and stone walls in a Fouta Djallon town, Guinea",16/9 and 4/3,1600,migrate as it is,none,— already ours.,AKL-000260,https://images.pexels.com/photos/38773333/pexels-photo-38773333.jpeg,guinea/historic-sites/an-old-mosque-and-stone-walls-in-a-fouta-djallon-town-guinea.avif,2,/places/guinea/the-almamys-fouta.html,/places/guinea/the-almamys-fouta.html,"relevance 6.5, subject query, names its country",pexels,Hany Nafady,https://www.pexels.com/photo/historic-mosque-interior-with-wooden-pulpit-38773333/
996,W9 no acquisition,KEEP,pexels:35440146,3,priced route — West,68%,P3,guinea,mount nimba,mountains,"the grassy ridge of Mount Nimba above forest, Guinea",16/9 and 4/3,1800,migrate as it is,none,— already ours.,AKL-000261,https://images.pexels.com/photos/35440146/pexels-photo-35440146.jpeg,guinea/mountains/the-grassy-ridge-of-mount-nimba-above-forest-guinea.avif,4,/places/guinea/mount-nimba.html,/guinea.html,"relevance 4.0, subject query, names its country",pexels,R.Praditya Trias Herlambang,https://www.pexels.com/photo/hikers-on-scenic-trail-in-mount-merbabu-java-35440146/
997,W9 no acquisition,KEEP,unsplash:Rys9iaeE0Ak,3,priced route — West,68%,P3,guinea,trekking the highlands,outdoor,"a marked walking trail across the Fouta Djallon plateau, Guinea",16/9 and 4/3,1600,migrate as it is,none,— already ours.,AKL-000262,https://images.unsplash.com/photo-1774675237169-358967c8fe31,guinea/outdoor/a-marked-walking-trail-across-the-fouta-djallon-plateau-guinea.avif,2,/places/guinea/trekking-the-highlands.html,/places/guinea/trekking-the-highlands.html,"relevance 6.0, subject query, names its country",unsplash,Arpit Rastogi,https://unsplash.com/photos/a-guinea-fowl-with-spotted-feathers-walks-on-the-ground-Rys9iaeE0Ak
998,W9 no acquisition,KEEP,pexels:5189932,3,priced route — West,68%,P3,guinea,ditinn and kinkon,waterfalls,"A stunning waterfall plunges down a verdant cliff surrounded by lush greenery, creating a serene natural scene., Guinea",16/9 and 4/3,1600,migrate as it is,none,— already ours.,AKL-000263,https://images.pexels.com/photos/5189932/pexels-photo-5189932.jpeg,guinea/waterfalls/a-stunning-waterfall-plunges-down-a-verdant-cliff-surrounded-by-lush-g.avif,3,/places/guinea/ditinn-and-kinkon.html,/places/guinea/ditinn-and-kinkon.html,"relevance 6.2, subject query, names its country",pexels,Labskiii,https://www.pexels.com/photo/waterfalls-on-a-cliff-5189932/
999,W9 no acquisition,KEEP,pexels:17311651,3,priced route — West,68%,P4,guinea,,beaches,"Relaxing tropical beach with palms, hammock, and sailboat by sandy shore., Guinea",unconstrained,0,migrate as it is,none,— already ours.,AKL-000256,https://images.pexels.com/photos/17311651/pexels-photo-17311651.jpeg,guinea/beaches/relaxing-tropical-beach-with-palms-hammock-and-sailboat-by-sandy-shore.avif,4,,/guinea.html,"relevance 6.0, subject query, names its country",pexels,Jeffrey Eisen,https://www.pexels.com/photo/palms-in-a-tropical-resort-17311651/
1000,W9 no acquisition,KEEP,pexels:19875958,3,priced route — West,59%,P3,ghana,posuban and colonial coast,architecture,"A spirited Ghanaian fan with painted body holding a pot at a crowded soccer stadium, showing team support.",16/9 and 3/2 and 4/3,1600,migrate as it is,none,— already ours.,AKL-000232,https://images.pexels.com/photos/19875958/pexels-photo-19875958.jpeg,ghana/architecture/a-spirited-ghanaian-fan-with-painted-body-holding-a-pot-at-a-crowded-s.avif,3,/places/ghana/posuban-and-colonial-coast.html,/places/ghana/posuban-and-colonial-coast.html,"relevance 4.2, subject query, names its country",pexels,Adera Abdoulaye Dolo,https://www.pexels.com/photo/man-with-pot-on-head-and-painted-body-at-match-19875958/
1001,W9 no acquisition,KEEP,pexels:31058593,3,priced route — West,59%,P3,ghana,kente and adinkra,crafts,"adinkra symbols being stamped onto cloth by hand, Ghana",16/9 and 4/3,1600,migrate as it is,none,— already ours.,AKL-000234,https://images.pexels.com/photos/31058593/pexels-photo-31058593.jpeg,ghana/crafts/adinkra-symbols-being-stamped-onto-cloth-by-hand-ghana.avif,2,/places/ghana/kente-and-adinkra.html,/places/ghana/kente-and-adinkra.html,"relevance 5.0, subject query, names its country",pexels,Zeal Creative Studios,https://www.pexels.com/photo/ghanaian-celebration-with-kente-cloth-and-flags-31058593/
1002,W9 no acquisition,KEEP,pexels:37484520,3,priced route — West,59%,P3,ghana,easy first africa,family-community,children playing on a beach on the Ghanaian coast,16/9 and 4/3,1600,migrate as it is,none,— already ours.,AKL-000235,https://images.pexels.com/photos/37484520/pexels-photo-37484520.jpeg,ghana/family-community/children-playing-on-a-beach-on-the-ghanaian-coast.avif,2,/places/ghana/easy-first-africa.html,/places/ghana/easy-first-africa.html,"relevance 6.2, subject query, names its country",pexels,Ana Kenk,https://www.pexels.com/photo/fishing-boats-on-accra-beach-at-sunset-37484520/
1003,W9 no acquisition,KEEP,pexels:37574987,3,priced route — West,59%,P3,ghana,homowo and chale wote,festivals,"a street art festival crowd in Jamestown, Accra, Ghana",16/9 and 3/2 and 4/3,1600,migrate as it is,none,— already ours.,AKL-000236,https://images.pexels.com/photos/37574987/pexels-photo-37574987.jpeg,ghana/festivals/a-street-art-festival-crowd-in-jamestown-accra-ghana.avif,3,/places/ghana/homowo-and-chale-wote.html,/places/ghana/homowo-and-chale-wote.html,"relevance 6.0, subject query, names its country",pexels,Ana Kenk,https://www.pexels.com/photo/jamestown-lighthouse-in-accra-ghana-37574987/
1004,W9 no acquisition,KEEP,pexels:37484519,3,priced route — West,59%,P3,ghana,surf hike paddle,outdoor,"a surfer walking out at Busua beach, Ghana",16/9 and 4/3,1600,migrate as it is,none,— already ours.,AKL-000238,https://images.pexels.com/photos/37484519/pexels-photo-37484519.jpeg,ghana/outdoor/a-surfer-walking-out-at-busua-beach-ghana.avif,2,/places/ghana/surf-hike-paddle.html,/places/ghana/surf-hike-paddle.html,"relevance 4.0, subject query, names its country",pexels,Ana Kenk,https://www.pexels.com/photo/polluted-beachfront-scene-in-accra-ghana-37484519/
1005,W9 no acquisition,KEEP,pexels:12716001,3,priced route — West,59%,P3,ghana,the ewe and the dagomba,traditional-people,"Portrait of a man wearing colorful Kente cloth, showcasing Ghanaian culture.",16/9 and 4/5 and 4/3,1600,migrate as it is,none,— already ours.,AKL-000239,https://images.pexels.com/photos/12716001/pexels-photo-12716001.jpeg,ghana/traditional-people/portrait-of-a-man-wearing-colorful-kente-cloth-showcasing-ghanaian-cul.avif,3,/places/ghana/the-ewe-and-the-dagomba.html,/places/ghana/the-ewe-and-the-dagomba.html,"relevance 5.3, subject query, names its country",pexels,Asamoah Victor,https://www.pexels.com/photo/portrait-of-man-wearing-traditional-outfit-12716001/
1006,W9 no acquisition,KEEP,pexels:33185418,3,priced route — West,59%,P3,ghana,wli,waterfalls,"the Wli waterfall dropping through forest in the Volta region, Ghana",16/9 and 4/3,1600,migrate as it is,none,— already ours.,AKL-000240,https://images.pexels.com/photos/33185418/pexels-photo-33185418.jpeg,ghana/waterfalls/the-wli-waterfall-dropping-through-forest-in-the-volta-region-ghana.avif,3,/places/ghana/wli.html,/places/ghana/wli.html,"relevance 6.2, subject query, names its country",pexels,Mustafa  Fatemi,https://www.pexels.com/photo/majestic-waterfall-in-dense-forest-setting-33185418/
1007,W9 no acquisition,KEEP,pexels:37470490,3,priced route — West,59%,P4,ghana,,beaches,palms above the beach at Busua on the Ghanaian coast,unconstrained,0,migrate as it is,none,— already ours.,AKL-000233,https://images.pexels.com/photos/37470490/pexels-photo-37470490.jpeg,ghana/beaches/palms-above-the-beach-at-busua-on-the-ghanaian-coast.avif,4,,/ghana.html,"relevance 7.0, subject query, names its country",pexels,Ana Kenk,https://www.pexels.com/photo/traditional-fishing-boat-on-accra-beach-37470490/
1008,W9 no acquisition,KEEP,pexels:28225644,3,priced route — West,58%,P3,senegal,colonial and sudano sahelian,architecture,"Intricate tile work on mosque columns showcasing Islamic architecture., Senegal",16/9 and 3/2 and 4/3,1600,migrate as it is,none,— already ours.,AKL-000462,https://images.pexels.com/photos/28225644/pexels-photo-28225644.jpeg,senegal/architecture/intricate-tile-work-on-mosque-columns-showcasing-islamic-architecture-.avif,3,/places/senegal/colonial-and-sudano-sahelian.html,/places/senegal/colonial-and-sudano-sahelian.html,"relevance 4.2, subject query, names its country",pexels,Philm founder,https://www.pexels.com/photo/the-grand-mosque-of-oulmes-town-28225644/
1009,W9 no acquisition,KEEP,pexels:10482146,3,priced route — West,58%,P3,senegal,glass painting and weaving,crafts,"a sous-verre glass painting being finished, Senegal",16/9 and 4/3,1600,migrate as it is,none,— already ours.,AKL-000463,https://images.pexels.com/photos/10482146/pexels-photo-10482146.jpeg,senegal/crafts/a-sous-verre-glass-painting-being-finished-senegal.avif,2,/places/senegal/glass-painting-and-weaving.html,/places/senegal/glass-painting-and-weaving.html,"relevance 4.7, subject query, names its country",pexels,Alexey Demidov,https://www.pexels.com/photo/clear-shot-glass-with-liquid-10482146/
1010,W9 no acquisition,KEEP,pexels:31175298,3,priced route — West,58%,P3,senegal,short flights long beaches,family-community,"children on the beach at Saly on the Petite Côte, Senegal",16/9 and 4/3,1600,migrate as it is,none,— already ours.,AKL-000464,https://images.pexels.com/photos/31175298/pexels-photo-31175298.jpeg,senegal/family-community/children-on-the-beach-at-saly-on-the-petite-c-te-senegal.avif,2,/places/senegal/short-flights-long-beaches.html,/places/senegal/short-flights-long-beaches.html,"relevance 4.2, subject query, names its country",pexels,Uğur Hamzayev,https://www.pexels.com/photo/vibrant-sunset-over-a-tranquil-lake-in-saly-31175298/
1011,W9 no acquisition,KEEP,pexels:32954654,3,priced route — West,58%,P3,senegal,casamance,forests,"rice paddies and palms in Casamance, Senegal",16/9 and 4/3,1600,migrate as it is,none,— already ours.,AKL-000465,https://images.pexels.com/photos/32954654/pexels-photo-32954654.jpeg,senegal/forests/rice-paddies-and-palms-in-casamance-senegal.avif,4,/places/senegal/casamance.html,/senegal.html,"relevance 4.7, subject query, names its country",pexels,HONG SON,https://www.pexels.com/photo/serene-landscape-of-farmers-working-in-rice-paddy-32954654/
1012,W9 no acquisition,KEEP,pexels:36598100,3,priced route — West,58%,P3,senegal,bassari country,hidden-gems,a Bedik village on a hillside in south-east Senegal,16/9 and 4/3,1600,migrate as it is,none,— already ours.,AKL-000466,https://images.pexels.com/photos/36598100/pexels-photo-36598100.jpeg,senegal/hidden-gems/a-bedik-village-on-a-hillside-in-south-east-senegal.avif,2,/places/senegal/bassari-country.html,/places/senegal/bassari-country.html,"relevance 4.2, subject query, names its country",pexels,Felipe Esono Nguema,https://www.pexels.com/photo/capturing-cultural-celebration-in-senegal-street-36598100/
1013,W9 no acquisition,KEEP,pexels:32020062,3,priced route — West,58%,P3,senegal,gor e,historic-sites,"the pink house of slaves on Gorée island, Senegal",16/9 and 4/3,1600,migrate as it is,none,— already ours.,AKL-000467,https://images.pexels.com/photos/32020062/pexels-photo-32020062.jpeg,senegal/historic-sites/the-pink-house-of-slaves-on-gor-e-island-senegal.avif,2,/places/senegal/gor-e.html,/places/senegal/gor-e.html,"relevance 4.7, subject query, names its country",pexels,quang vinh,https://www.pexels.com/photo/charming-purple-brick-house-with-blooming-bougainvillea-32020062/
1014,W9 no acquisition,KEEP,pexels:35594683,3,priced route — West,58%,P3,senegal,the senegal and the saloum,lakes-rivers,"a pirogue on the Saloum delta at sunset, Senegal",16/9 and 4/5 and 4/3,1600,migrate as it is,none,— already ours.,AKL-000468,https://images.pexels.com/photos/35594683/pexels-photo-35594683.png,senegal/lakes-rivers/a-pirogue-on-the-saloum-delta-at-sunset-senegal.avif,3,/places/senegal/the-senegal-and-the-saloum.html,/places/senegal/the-senegal-and-the-saloum.html,"relevance 7.3, subject query, names its country",pexels,Christopher Junior,https://www.pexels.com/photo/aerial-view-of-canoe-on-lake-retba-in-senegal-35594683/
1015,W9 no acquisition,KEEP,pexels:36598099,3,priced route — West,58%,P3,senegal,ataya and the market,local-life,"tea being poured from height at a Dakar stall, Senegal",16/9 and 3/2 and 4/3,1600,migrate as it is,none,— already ours.,AKL-000469,https://images.pexels.com/photos/36598099/pexels-photo-36598099.jpeg,senegal/local-life/tea-being-poured-from-height-at-a-dakar-stall-senegal.avif,3,/places/senegal/ataya-and-the-market.html,/places/senegal/ataya-and-the-market.html,"relevance 7.7, subject query, names its country",pexels,Felipe Esono Nguema,https://www.pexels.com/photo/vibrant-street-celebration-in-senegal-s-capital-36598099/
1016,W9 no acquisition,KEEP,pexels:38071581,3,priced route — West,58%,P3,senegal,fouta djallon foothills,mountains,rolling hills in the south-east of Senegal,16/9 and 4/3,1800,migrate as it is,none,— already ours.,AKL-000470,https://images.pexels.com/photos/38071581/pexels-photo-38071581.jpeg,senegal/mountains/rolling-hills-in-the-south-east-of-senegal.avif,4,/places/senegal/fouta-djallon-foothills.html,/senegal.html,"relevance 5.0, subject query, names its country",pexels,RAIHAAN Kamdar,https://www.pexels.com/photo/misty-morning-landscape-in-south-african-highlands-38071581/
1017,W9 no acquisition,KEEP,pexels:35594681,3,priced route — West,58%,P3,senegal,light on water,photography,"pink water and salt at the Lac Rose near Dakar, Senegal",16/9 and 21/9 and 4/3,2100,migrate as it is,none,— already ours.,AKL-000471,https://images.pexels.com/photos/35594681/pexels-photo-35594681.png,senegal/photography/pink-water-and-salt-at-the-lac-rose-near-dakar-senegal.avif,3,/places/senegal/light-on-water.html,/places/senegal/light-on-water.html,"relevance 5.8, subject query, names its country",pexels,Christopher Junior,https://www.pexels.com/photo/aerial-view-of-fishing-boats-on-lac-rose-senegal-35594681/
1018,W9 no acquisition,KEEP,pexels:31882645,3,priced route — West,58%,P3,senegal,dindefelo,waterfalls,"the Dindefelo waterfall dropping into forest, Senegal",16/9 and 4/3,1600,migrate as it is,none,— already ours.,AKL-000472,https://images.pexels.com/photos/31882645/pexels-photo-31882645.jpeg,senegal/waterfalls/the-dindefelo-waterfall-dropping-into-forest-senegal.avif,3,/places/senegal/dindefelo.html,/places/senegal/dindefelo.html,"relevance 6.2, subject query, names its country",pexels,Kevyn Costa,https://www.pexels.com/photo/majestic-waterfall-flowing-in-lush-forest-31882645/
1019,W9 no acquisition,KEEP,pexels:34732320,3,priced route — West,48%,P3,guinea-bissau,portuguese colonial and palm thatch,architecture,"a palm-thatched island house with a swept sand yard, Guinea-Bissau",16/9 and 3/2 and 4/3,1600,migrate as it is,none,— already ours.,AKL-000242,https://images.pexels.com/photos/34732320/pexels-photo-34732320.jpeg,guinea-bissau/architecture/a-palm-thatched-island-house-with-a-swept-sand-yard-guinea-bissau.avif,3,/places/guinea-bissau/portuguese-colonial-and-palm-thatch.html,/places/guinea-bissau/portuguese-colonial-and-palm-thatch.html,"relevance 5.0, subject query, names its country",pexels,Vincent Rivaud,https://www.pexels.com/photo/tropical-beach-resort-with-palm-trees-and-huts-34732320/
1020,W9 no acquisition,KEEP,pexels:17651807,3,priced route — West,48%,P3,guinea-bissau,boats and beaches,family-community,"a family on the sand beside a beached pirogue, Guinea-Bissau",16/9 and 4/3,1600,migrate as it is,none,— already ours.,AKL-000244,https://images.pexels.com/photos/17651807/pexels-photo-17651807.jpeg,guinea-bissau/family-community/a-family-on-the-sand-beside-a-beached-pirogue-guinea-bissau.avif,2,/places/guinea-bissau/boats-and-beaches.html,/places/guinea-bissau/boats-and-beaches.html,"relevance 6.2, subject query, names its country",pexels,Prince Enos,https://www.pexels.com/photo/people-and-boats-on-beach-17651807/
1021,W9 no acquisition,KEEP,pexels:36857725,3,priced route — West,48%,P3,guinea-bissau,rice cashew and bica,food,"Tantalizing Jamaican escovitch fish served with rice and peas, and colorful cabbage slaw on a plate., Guinea-Bissau",16/9 and 4/3,1600,migrate as it is,none,— already ours.,AKL-000245,https://images.pexels.com/photos/36857725/pexels-photo-36857725.jpeg,guinea-bissau/food/tantalizing-jamaican-escovitch-fish-served-with-rice-and-peas-and-colo.avif,2,/places/guinea-bissau/rice-cashew-and-bica.html,/places/guinea-bissau/rice-cashew-and-bica.html,"relevance 4.8, subject query, names its country",pexels,Jay  Gleaton,https://www.pexels.com/photo/delicious-caribbean-escovitch-fish-with-rice-and-peas-36857725/
1022,W9 no acquisition,KEEP,pexels:15717709,3,priced route — West,48%,P3,guinea-bissau,palm and sacred grove,forests,"Dense tropical palm forest showcasing lush greenery from above., Guinea-Bissau",16/9 and 4/3,1600,migrate as it is,none,— already ours.,AKL-000246,https://images.pexels.com/photos/15717709/pexels-photo-15717709.jpeg,guinea-bissau/forests/dense-tropical-palm-forest-showcasing-lush-greenery-from-above-guinea-.avif,4,/places/guinea-bissau/palm-and-sacred-grove.html,/guinea-bissau.html,"relevance 6.5, subject query, names its country",pexels,Azinuddin Bin Abas,https://www.pexels.com/photo/aerial-photo-of-tropical-forest-15717709/
1023,W9 no acquisition,KEEP,pexels:37090641,3,priced route — West,48%,P3,guinea-bissau,the bijagos biosphere,heritage,"a community ranger boat among the Bijagos islands, Guinea-Bissau",16/9 and 4/3,1600,migrate as it is,none,— already ours.,AKL-000247,https://images.pexels.com/photos/37090641/pexels-photo-37090641.jpeg,guinea-bissau/heritage/a-community-ranger-boat-among-the-bijagos-islands-guinea-bissau.avif,3,/places/guinea-bissau/the-bijagos-biosphere.html,/places/guinea-bissau/the-bijagos-biosphere.html,"relevance 4.5, subject query, names its country",pexels,Isaac Naph,https://www.pexels.com/photo/children-playing-in-wooden-boat-by-the-shore-37090641/
1024,W9 no acquisition,KEEP,pexels:30705896,3,priced route — West,48%,P3,guinea-bissau,orango,hidden-gems,"a savanna clearing with hippo tracks on Orango island, Guinea-Bissau",16/9 and 4/3,1600,migrate as it is,none,— already ours.,AKL-000248,https://images.pexels.com/photos/30705896/pexels-photo-30705896.jpeg,guinea-bissau/hidden-gems/a-savanna-clearing-with-hippo-tracks-on-orango-island-guinea-bissau.avif,2,/places/guinea-bissau/orango.html,/places/guinea-bissau/orango.html,"relevance 4.2, subject query, names its country",pexels,Hugo Sykes,https://www.pexels.com/photo/hippopotamus-grazing-in-kenyan-savanna-30705896/
1025,W9 no acquisition,KEEP,pexels:32040518,3,priced route — West,48%,P3,guinea-bissau,cacheu,historic-sites,"the old Portuguese fort and cannon at Cacheu, Guinea-Bissau",16/9 and 4/3,1600,migrate as it is,none,— already ours.,AKL-000249,https://images.pexels.com/photos/32040518/pexels-photo-32040518.jpeg,guinea-bissau/historic-sites/the-old-portuguese-fort-and-cannon-at-cacheu-guinea-bissau.avif,2,/places/guinea-bissau/cacheu.html,/places/guinea-bissau/cacheu.html,"relevance 6.2, subject query, names its country",pexels,MAG Photography,https://www.pexels.com/photo/historic-cannon-on-el-jadida-fort-wall-32040518/
1026,W9 no acquisition,KEEP,pexels:6659820,3,priced route — West,48%,P3,guinea-bissau,the geba and the corubal,lakes-rivers,"Chukai, Terengganu with a picturesque sunset over the river estuary., Guinea-Bissau",16/9 and 4/5 and 4/3,1600,migrate as it is,none,— already ours.,AKL-000250,https://images.pexels.com/photos/6659820/pexels-photo-6659820.jpeg,guinea-bissau/lakes-rivers/chukai-terengganu-with-a-picturesque-sunset-over-the-river-estuary-gui.avif,3,/places/guinea-bissau/the-geba-and-the-corubal.html,/places/guinea-bissau/the-geba-and-the-corubal.html,"relevance 5.4, subject query, names its country",pexels,Pok Rie,https://www.pexels.com/photo/aerial-shot-of-a-river-across-the-city-6659820/
1027,W9 no acquisition,KEEP,pexels:29488971,3,priced route — West,48%,P3,guinea-bissau,flat country,mountains,"flat green rice paddy stretching to a treeline, Guinea-Bissau",16/9 and 4/3,1800,migrate as it is,none,— already ours.,AKL-000251,https://images.pexels.com/photos/29488971/pexels-photo-29488971.jpeg,guinea-bissau/mountains/flat-green-rice-paddy-stretching-to-a-treeline-guinea-bissau.avif,4,/places/guinea-bissau/flat-country.html,/guinea-bissau.html,"relevance 6.0, subject query, names its country",pexels,NGUYỄN THÀNH NHƠN,https://www.pexels.com/photo/lush-green-rice-field-with-mountain-view-29488971/
1028,W9 no acquisition,KEEP,pexels:17213805,3,priced route — West,48%,P3,guinea-bissau,fishing the channels,outdoor,"an angler casting from a boat in a Bijagos channel, Guinea-Bissau",16/9 and 4/3,1600,migrate as it is,none,— already ours.,AKL-000252,https://images.pexels.com/photos/17213805/pexels-photo-17213805.jpeg,guinea-bissau/outdoor/an-angler-casting-from-a-boat-in-a-bijagos-channel-guinea-bissau.avif,2,/places/guinea-bissau/fishing-the-channels.html,/places/guinea-bissau/fishing-the-channels.html,"relevance 5.0, subject query, names its country",pexels,Ben Khatry,https://www.pexels.com/photo/fisherman-casting-his-net-on-the-river-at-dusk-17213805/
1029,W9 no acquisition,KEEP,pexels:36076601,3,priced route — West,48%,P3,guinea-bissau,turtles at poilao,safari,"a green turtle returning to the sea at dawn on Poilao, Guinea-Bissau",16/9 and 4/3,1600,migrate as it is,none,— already ours.,AKL-000253,https://images.pexels.com/photos/36076601/pexels-photo-36076601.jpeg,guinea-bissau/safari/a-green-turtle-returning-to-the-sea-at-dawn-on-poilao-guinea-bissau.avif,2,/places/guinea-bissau/turtles-at-poilao.html,/places/guinea-bissau/turtles-at-poilao.html,"relevance 5.0, subject query, names its country",pexels,Nitin  Yadav,https://www.pexels.com/photo/sea-turtle-emerging-from-ocean-waves-on-beach-36076601/
1030,W9 no acquisition,KEEP,pexels:30688229,3,priced route — West,48%,P4,guinea-bissau,,beaches,"an empty palm-backed beach on Rubane island, Guinea-Bissau",unconstrained,0,migrate as it is,none,— already ours.,AKL-000243,https://images.pexels.com/photos/30688229/pexels-photo-30688229.jpeg,guinea-bissau/beaches/an-empty-palm-backed-beach-on-rubane-island-guinea-bissau.avif,4,,/guinea-bissau.html,"relevance 6.0, subject query, names its country",pexels,Denys Gromov,https://www.pexels.com/photo/minimalist-desert-beachfront-with-palm-trees-30688229/
1031,W9 no acquisition,KEEP,pexels:34906869,3,priced route — West,42%,P3,gambia,banjul and serekunda,cities,"the Albert Market and crowds in Banjul, The Gambia",16/9 and 4/3,1600,migrate as it is,none,— already ours.,AKL-000217,https://images.pexels.com/photos/34906869/pexels-photo-34906869.jpeg,gambia/cities/the-albert-market-and-crowds-in-banjul-the-gambia.avif,2,/places/gambia/banjul-and-serekunda.html,/places/gambia/banjul-and-serekunda.html,"relevance 5.4, subject query, names its country",pexels,Jagaba Denis,https://www.pexels.com/photo/vibrant-african-market-scene-in-jos-nigeria-34906869/
1032,W9 no acquisition,KEEP,pexels:20142216,3,priced route — West,42%,P3,gambia,easy for everybody,family-community,"children playing in shallow water on a Gambian beach, The Gambia",16/9 and 4/3,1600,migrate as it is,none,— already ours.,AKL-000218,https://images.pexels.com/photos/20142216/pexels-photo-20142216.jpeg,gambia/family-community/children-playing-in-shallow-water-on-a-gambian-beach-the-gambia.avif,2,/places/gambia/easy-for-everybody.html,/places/gambia/easy-for-everybody.html,"relevance 6.2, subject query, names its country",pexels,Peter Holmboe,https://www.pexels.com/photo/boys-playing-soccer-in-village-20142216/
1033,W9 no acquisition,KEEP,pexels:29030381,3,priced route — West,42%,P3,gambia,kankurang,festivals,"the Kankurang masked figure in red bark and leaves, The Gambia",16/9 and 3/2 and 4/3,1600,migrate as it is,none,— already ours.,AKL-000219,https://images.pexels.com/photos/29030381/pexels-photo-29030381.jpeg,gambia/festivals/the-kankurang-masked-figure-in-red-bark-and-leaves-the-gambia.avif,3,/places/gambia/kankurang.html,/places/gambia/kankurang.html,"relevance 4.5, subject query, names its country",pexels,Errich Cross,https://www.pexels.com/photo/mysterious-clown-mask-figure-in-dimly-lit-room-29030381/
1034,W9 no acquisition,KEEP,pexels:11015917,3,priced route — West,42%,P3,gambia,benachin and domoda,food,"a shared bowl of benachin rice with fish and vegetables, The Gambia",16/9 and 4/3,1600,migrate as it is,none,— already ours.,AKL-000220,https://images.pexels.com/photos/11015917/pexels-photo-11015917.jpeg,gambia/food/a-shared-bowl-of-benachin-rice-with-fish-and-vegetables-the-gambia.avif,2,/places/gambia/benachin-and-domoda.html,/places/gambia/benachin-and-domoda.html,"relevance 6.2, subject query, names its country",pexels,FOX ^.ᆽ.^= ∫,https://www.pexels.com/photo/delicious-shrimps-in-a-rice-bowl-11015917/
1035,W9 no acquisition,KEEP,pexels:5993904,3,priced route — West,42%,P3,gambia,bijilo and abuko,forests,"A close-up of a Zanzibar red colobus monkey amidst the lush green branches of a forest in Tanzania., The Gambia",16/9 and 4/3,1600,migrate as it is,none,— already ours.,AKL-000221,https://images.pexels.com/photos/5993904/pexels-photo-5993904.jpeg,gambia/forests/a-close-up-of-a-zanzibar-red-colobus-monkey-amidst-the-lush-green-bran.avif,4,/places/gambia/bijilo-and-abuko.html,/gambia.html,"relevance 6.2, subject query, names its country",pexels,Taryn Elliott,https://www.pexels.com/photo/brown-and-white-monkey-on-tree-branch-5993904/
1036,W9 no acquisition,KEEP,pexels:36332620,3,priced route — West,42%,P3,gambia,stone circles and the slave route,heritage,"A tourist poses by an ancient stone structure standing in a grass field., The Gambia",16/9 and 4/3,1600,migrate as it is,none,— already ours.,AKL-000222,https://images.pexels.com/photos/36332620/pexels-photo-36332620.jpeg,gambia/heritage/a-tourist-poses-by-an-ancient-stone-structure-standing-in-a-grass-fiel.avif,3,/places/gambia/stone-circles-and-the-slave-route.html,/places/gambia/stone-circles-and-the-slave-route.html,"relevance 4.5, subject query, names its country",pexels,Etuate,https://www.pexels.com/photo/tourist-at-ancient-stone-structure-outdoors-36332620/
1037,W9 no acquisition,KEEP,pexels:38960338,3,priced route — West,42%,P3,gambia,kunta kinteh island,historic-sites,the ruined fort on Kunta Kinteh Island in the Gambia river,16/9 and 4/3,1600,migrate as it is,none,— already ours.,AKL-000224,https://images.pexels.com/photos/38960338/pexels-photo-38960338.jpeg,gambia/historic-sites/the-ruined-fort-on-kunta-kinteh-island-in-the-gambia-river.avif,2,/places/gambia/kunta-kinteh-island.html,/places/gambia/kunta-kinteh-island.html,"relevance 6.0, subject query, names its country",pexels,vidya nath bharti,https://www.pexels.com/photo/historic-chanderi-fort-in-madhya-pradesh-38960338/
1038,W9 no acquisition,KEEP,pexels:16562969,3,priced route — West,42%,P3,gambia,long established,luxury,a river lodge terrace looking out over the Gambia river,16/9 and 4/3,1600,migrate as it is,none,— already ours.,AKL-000225,https://images.pexels.com/photos/16562969/pexels-photo-16562969.jpeg,gambia/luxury/a-river-lodge-terrace-looking-out-over-the-gambia-river.avif,2,/places/gambia/long-established.html,/places/gambia/long-established.html,"relevance 4.0, subject query, names its country",pexels,K,https://www.pexels.com/photo/terrace-on-beach-16562969/
1039,W9 no acquisition,KEEP,pexels:8961719,3,priced route — West,42%,P3,gambia,mangrove savanna and gallery forest,nature,mangrove creeks and channels off the Gambia river,16/9 and 21/9 and 4/3,2100,migrate as it is,none,— already ours.,AKL-000226,https://images.pexels.com/photos/8961719/pexels-photo-8961719.jpeg,gambia/nature/mangrove-creeks-and-channels-off-the-gambia-river.avif,4,/places/gambia/mangrove-savanna-and-gallery-forest.html,/gambia.html,"relevance 6.0, subject query, names its country",pexels,Nivedha Somasundaram,https://www.pexels.com/photo/green-coconut-trees-beside-river-8961719/
1040,W9 no acquisition,KEEP,pexels:36461111,3,priced route — West,42%,P3,gambia,birding on foot,outdoor,"birdwatchers with binoculars on a creek path at Kotu, The Gambia",16/9 and 4/3,1600,migrate as it is,none,— already ours.,AKL-000227,https://images.pexels.com/photos/36461111/pexels-photo-36461111.jpeg,gambia/outdoor/birdwatchers-with-binoculars-on-a-creek-path-at-kotu-the-gambia.avif,2,/places/gambia/birding-on-foot.html,/places/gambia/birding-on-foot.html,"relevance 4.5, subject query, names its country",pexels,Tam Freemanfreemind,https://www.pexels.com/photo/birdwatchers-observing-in-lush-green-forest-36461111/
1041,W9 no acquisition,KEEP,pexels:16563134,3,priced route — West,42%,P3,gambia,chimps at baboon islands,safari,"chimpanzees on the bank of a Gambia river island, The Gambia",16/9 and 4/3,1600,migrate as it is,none,— already ours.,AKL-000228,https://images.pexels.com/photos/16563134/pexels-photo-16563134.jpeg,gambia/safari/chimpanzees-on-the-bank-of-a-gambia-river-island-the-gambia.avif,2,/places/gambia/chimps-at-baboon-islands.html,/places/gambia/chimps-at-baboon-islands.html,"relevance 4.2, subject query, names its country",pexels,K,https://www.pexels.com/photo/flog-of-the-gambia-16563134/
1042,W9 no acquisition,KEEP,pexels:32264777,3,priced route — West,42%,P3,gambia,the griots,traditional-people,"a Jali griot playing the kora outside a compound, The Gambia",16/9 and 4/5 and 4/3,1600,migrate as it is,none,— already ours.,AKL-000229,https://images.pexels.com/photos/32264777/pexels-photo-32264777.jpeg,gambia/traditional-people/a-jali-griot-playing-the-kora-outside-a-compound-the-gambia.avif,3,/places/gambia/the-griots.html,/places/gambia/the-griots.html,"relevance 4.2, subject query, names its country",pexels,Bobby Dimas,https://www.pexels.com/photo/elegant-woman-in-traditional-african-attire-outdoors-32264777/
1043,W9 no acquisition,KEEP,pexels:35167287,3,priced route — West,42%,P4,gambia,,beaches,"a wide Atlantic beach with fishing boats at Tanji, The Gambia",unconstrained,0,migrate as it is,none,— already ours.,AKL-000216,https://images.pexels.com/photos/35167287/pexels-photo-35167287.jpeg,gambia/beaches/a-wide-atlantic-beach-with-fishing-boats-at-tanji-the-gambia.avif,4,,/gambia.html,"relevance 7.5, subject query, names its country",pexels,Hakim LEVEL,https://www.pexels.com/photo/colorful-fishing-boats-on-sandy-beach-35167287/
1044,W9 no acquisition,KEEP,pexels:37573881,4,no price attached,78%,P3,sierra-leone,tiwai community run,eco-tourism,"a community guide leading a walk on Tiwai island, Sierra Leone",16/9 and 4/3,1600,migrate as it is,none,— already ours.,AKL-000493,https://images.pexels.com/photos/37573881/pexels-photo-37573881.jpeg,sierra-leone/eco-tourism/a-community-guide-leading-a-walk-on-tiwai-island-sierra-leone.avif,2,/places/sierra-leone/tiwai-community-run.html,/places/sierra-leone/tiwai-community-run.html,"relevance 4.7, subject query, names its country",pexels,Mico Medel,https://www.pexels.com/photo/group-tour-guide-engaging-with-visitors-outdoors-37573881/
1045,W9 no acquisition,KEEP,unsplash:-hWIlpY2qPE,4,no price attached,78%,P3,sierra-leone,beaches with shade,family-community,"a family under trees at the edge of River No. 2 beach, Sierra Leone",16/9 and 4/3,1600,migrate as it is,none,— already ours.,AKL-000494,https://images.unsplash.com/photo-1630510590519-0976dc4cc250,sierra-leone/family-community/a-family-under-trees-at-the-edge-of-river-no-2-beach-sierra-leone.avif,2,/places/sierra-leone/beaches-with-shade.html,/places/sierra-leone/beaches-with-shade.html,"relevance 5.0, subject query, names its country",unsplash,Random Institute,https://unsplash.com/photos/people-riding-on-boat-on-river-during-daytime--hWIlpY2qPE
1046,W9 no acquisition,KEEP,pexels:1895023,4,no price attached,78%,P3,sierra-leone,cassava leaf and country rice,food,"Close-up of Asian food wrapped in green leaves, presented in a steel bowl. Perfect for culinary themes., Sierra Leone",16/9 and 4/3,1600,migrate as it is,none,— already ours.,AKL-000495,https://images.pexels.com/photos/1895023/pexels-photo-1895023.jpeg,sierra-leone/food/close-up-of-asian-food-wrapped-in-green-leaves-presented-in-a-steel-bo.avif,2,/places/sierra-leone/cassava-leaf-and-country-rice.html,/places/sierra-leone/cassava-leaf-and-country-rice.html,"relevance 4.2, subject query, names its country",pexels,FOX ^.ᆽ.^= ∫,https://www.pexels.com/photo/five-cooked-foods-on-stainless-steel-bowl-1895023/
1047,W9 no acquisition,KEEP,pexels:10041666,4,no price attached,78%,P3,sierra-leone,the turtle islands,hidden-gems,"a sandbar island with palms and a fishing village in the Turtle Islands, Sierra Leone",16/9 and 4/3,1600,migrate as it is,none,— already ours.,AKL-000496,https://images.pexels.com/photos/10041666/pexels-photo-10041666.jpeg,sierra-leone/hidden-gems/a-sandbar-island-with-palms-and-a-fishing-village-in-the-turtle-island.avif,2,/places/sierra-leone/the-turtle-islands.html,/places/sierra-leone/the-turtle-islands.html,"relevance 6.2, subject query, names its country",pexels,Los Muertos Crew,https://www.pexels.com/photo/baby-turtle-on-sand-10041666/
1048,W9 no acquisition,KEEP,pexels:27413057,4,no price attached,78%,P3,sierra-leone,forest not plain,safari,"dense Gola rainforest canopy from a ridge, Sierra Leone",16/9 and 4/3,1600,migrate as it is,none,— already ours.,AKL-000497,https://images.pexels.com/photos/27413057/pexels-photo-27413057.jpeg,sierra-leone/safari/dense-gola-rainforest-canopy-from-a-ridge-sierra-leone.avif,2,/places/sierra-leone/forest-not-plain.html,/places/sierra-leone/forest-not-plain.html,"relevance 5.0, subject query, names its country",pexels,Dinilkumar  Thottakkara Parameswaran,https://www.pexels.com/photo/forest-27413057/
1049,W9 no acquisition,KEEP,pexels:11443861,4,no price attached,77%,P3,comoros,turtles and shallow reef,family-community,"children snorkelling over shallow reef off a Comorian beach, Comoros",16/9 and 4/3,1600,migrate as it is,none,— already ours.,AKL-000101,https://images.pexels.com/photos/11443861/pexels-photo-11443861.jpeg,comoros/family-community/children-snorkelling-over-shallow-reef-off-a-comorian-beach-comoros.avif,2,/places/comoros/turtles-and-shallow-reef.html,/places/comoros/turtles-and-shallow-reef.html,"relevance 4.7, subject query, names its country",pexels,Atlantic Ambience,https://www.pexels.com/photo/back-view-shot-of-father-and-children-sitting-on-the-shallow-part-of-the-beach-11443861/
1050,W9 no acquisition,KEEP,pexels:13997031,4,no price attached,77%,P3,comoros,the medina of moroni,historic-sites,"the Old Friday Mosque on the harbour at Moroni, Comoros",16/9 and 4/3,1600,migrate as it is,none,— already ours.,AKL-000102,https://images.pexels.com/photos/13997031/pexels-photo-13997031.jpeg,comoros/historic-sites/the-old-friday-mosque-on-the-harbour-at-moroni-comoros.avif,2,/places/comoros/the-medina-of-moroni.html,/places/comoros/the-medina-of-moroni.html,"relevance 4.7, subject query, names its country",pexels,Sami TÜRK,https://www.pexels.com/photo/wooden-interior-of-traditional-mosque-13997031/
1051,W9 no acquisition,KEEP,pexels:4093370,4,no price attached,77%,P3,comoros,small and simple,luxury,"a small beach guesthouse under palms on Moheli, Comoros",16/9 and 4/3,1600,migrate as it is,none,— already ours.,AKL-000103,https://images.pexels.com/photos/4093370/pexels-photo-4093370.png,comoros/luxury/a-small-beach-guesthouse-under-palms-on-moheli-comoros.avif,2,/places/comoros/small-and-simple.html,/places/comoros/small-and-simple.html,"relevance 4.5, subject query, names its country",pexels,Dre Dawkcide,https://www.pexels.com/photo/people-swimming-on-the-beach-4093370/
1052,W9 no acquisition,KEEP,pexels:2174554,4,no price attached,77%,P3,comoros,anjouans cascades,waterfalls,"a waterfall falling through forest into a pool on Anjouan, Comoros",16/9 and 4/3,1600,migrate as it is,none,— already ours.,AKL-000104,https://images.pexels.com/photos/2174554/pexels-photo-2174554.jpeg,comoros/waterfalls/a-waterfall-falling-through-forest-into-a-pool-on-anjouan-comoros.avif,3,/places/comoros/anjouans-cascades.html,/places/comoros/anjouans-cascades.html,"relevance 4.2, subject query, names its country",pexels,Greggalas official,https://www.pexels.com/photo/waterfalls-in-mountain-2174554/
1053,W9 no acquisition,KEEP,pexels:36267905,4,no price attached,77%,P4,comoros,,beaches,"black volcanic sand and clear water on a Grande Comore beach, Comoros",unconstrained,0,migrate as it is,none,— already ours.,AKL-000099,https://images.pexels.com/photos/36267905/pexels-photo-36267905.jpeg,comoros/beaches/black-volcanic-sand-and-clear-water-on-a-grande-comore-beach-comoros.avif,4,,/comoros.html,"relevance 6.0, subject query, names its country",pexels,Chen EdisoN,https://www.pexels.com/photo/serene-beach-scene-with-boats-in-mauritius-36267905/
1054,W9 no acquisition,KEEP,pexels:12133988,4,no price attached,73%,P3,djibouti,weaving and woodwork,crafts,"A set of handmade carved wooden tribal masks hanging on a wall., Djibouti",16/9 and 4/3,1600,migrate as it is,none,— already ours.,AKL-000118,https://images.pexels.com/photos/12133988/pexels-photo-12133988.jpeg,djibouti/crafts/a-set-of-handmade-carved-wooden-tribal-masks-hanging-on-a-wall-djibout.avif,2,/places/djibouti/weaving-and-woodwork.html,/places/djibouti/weaving-and-woodwork.html,"relevance 5.9, subject query, names its country",pexels,Engin Akyurt,https://www.pexels.com/photo/carved-wooden-faces-12133988/
1055,W9 no acquisition,KEEP,pexels:27643372,4,no price attached,73%,P3,djibouti,sable blanc,family-community,"a family on the empty white sand of Sable Blanc beach, Djibouti",16/9 and 4/3,1600,migrate as it is,none,— already ours.,AKL-000120,https://images.pexels.com/photos/27643372/pexels-photo-27643372.jpeg,djibouti/family-community/a-family-on-the-empty-white-sand-of-sable-blanc-beach-djibouti.avif,2,/places/djibouti/sable-blanc.html,/places/djibouti/sable-blanc.html,"relevance 4.7, subject query, names its country",pexels,Luciana Evrard,https://www.pexels.com/photo/a-person-standing-on-a-sand-dune-next-to-the-ocean-27643372/
1056,W9 no acquisition,KEEP,pexels:6192549,4,no price attached,73%,P3,djibouti,independence day,festivals,dancers in traditional dress at a Djibouti independence celebration,16/9 and 3/2 and 4/3,1600,migrate as it is,none,— already ours.,AKL-000121,https://images.pexels.com/photos/6192549/pexels-photo-6192549.jpeg,djibouti/festivals/dancers-in-traditional-dress-at-a-djibouti-independence-celebration.avif,3,/places/djibouti/independence-day.html,/places/djibouti/independence-day.html,"relevance 7.5, subject query, names its country",pexels,RDNE Stock project,https://www.pexels.com/photo/woman-in-blue-and-red-dress-dancing-with-a-man-in-blue-shirt-6192549/
1057,W9 no acquisition,KEEP,pexels:37960778,4,no price attached,73%,P3,djibouti,the sept freres,hidden-gems,"A lighthouse and small boat near Foça, İzmir, Türkiye., Djibouti",16/9 and 4/3,1600,migrate as it is,none,— already ours.,AKL-000123,https://images.pexels.com/photos/37960778/pexels-photo-37960778.jpeg,djibouti/hidden-gems/a-lighthouse-and-small-boat-near-fo-a-i-zmir-t-rkiye-djibouti.avif,2,/places/djibouti/the-sept-freres.html,/places/djibouti/the-sept-freres.html,"relevance 4.8, subject query, names its country",pexels,Doğan Alpaslan  Demir,https://www.pexels.com/photo/lighthouse-and-boat-in-foca-izmir-turkiye-37960778/
1058,W9 no acquisition,KEEP,pexels:4581194,4,no price attached,73%,P3,djibouti,the ardoukoba,outdoor,"A dramatic view of cracked solidified lava revealing glowing red beneath. Hiking boots shown from above., Djibouti",16/9 and 4/3,1600,migrate as it is,none,— already ours.,AKL-000124,https://images.pexels.com/photos/4581194/pexels-photo-4581194.jpeg,djibouti/outdoor/a-dramatic-view-of-cracked-solidified-lava-revealing-glowing-red-benea.avif,2,/places/djibouti/the-ardoukoba.html,/places/djibouti/the-ardoukoba.html,"relevance 4.0, subject query, names its country",pexels,ArtHouse Studio,https://www.pexels.com/photo/lava-in-crack-in-rocks-4581194/
1059,W9 no acquisition,KEEP,unsplash:T69GO-AZdTo,4,no price attached,72%,P3,congo,colonial and forest,architecture,"a colonial-era verandah building in Brazzaville, Congo",16/9 and 3/2 and 4/3,1600,migrate as it is,none,— already ours.,AKL-000105,https://images.unsplash.com/photo-1688165180584-57e57cd8b6ea,congo/architecture/a-colonial-era-verandah-building-in-brazzaville-congo.avif,3,/places/congo/colonial-and-forest.html,/places/congo/colonial-and-forest.html,"relevance 6.0, subject query, names its country",unsplash,Job Bunana,https://unsplash.com/photos/an-empty-parking-lot-with-trees-and-a-building-in-the-background-T69GO-AZdTo
1060,W9 no acquisition,KEEP,pexels:20060690,4,no price attached,72%,P3,congo,the feux de brazza,festivals,"a crowd dancing at a music festival in Brazzaville, Congo",16/9 and 3/2 and 4/3,1600,migrate as it is,none,— already ours.,AKL-000107,https://images.pexels.com/photos/20060690/pexels-photo-20060690.jpeg,congo/festivals/a-crowd-dancing-at-a-music-festival-in-brazzaville-congo.avif,3,/places/congo/the-feux-de-brazza.html,/places/congo/the-feux-de-brazza.html,"relevance 4.5, subject query, names its country",pexels,anicet tumine,https://www.pexels.com/photo/back-view-of-a-man-standing-in-the-crowd-20060690/
1061,W9 no acquisition,KEEP,pexels:13757930,4,no price attached,72%,P3,congo,the bars of poto poto,local-life,"An open-air fitness park with exercise equipment by a beautiful lakeside setting, ideal for outdoor workouts., Congo",16/9 and 3/2 and 4/3,1600,migrate as it is,none,— already ours.,AKL-000108,https://images.pexels.com/photos/13757930/pexels-photo-13757930.jpeg,congo/local-life/an-open-air-fitness-park-with-exercise-equipment-by-a-beautiful-lakesi.avif,3,/places/congo/the-bars-of-poto-poto.html,/places/congo/the-bars-of-poto-poto.html,"relevance 4.7, subject query, names its country",pexels,Robert So,https://www.pexels.com/photo/open-air-crossfit-gym-13757930/
1062,W9 no acquisition,KEEP,pexels:34053905,4,no price attached,72%,P3,congo,bai watching,safari,"forest buffalo and elephants at a bai in Odzala, Congo",16/9 and 4/3,1600,migrate as it is,none,— already ours.,AKL-000109,https://images.pexels.com/photos/34053905/pexels-photo-34053905.jpeg,congo/safari/forest-buffalo-and-elephants-at-a-bai-in-odzala-congo.avif,2,/places/congo/bai-watching.html,/places/congo/bai-watching.html,"relevance 4.7, subject query, names its country",pexels,Nizar F,https://www.pexels.com/photo/buffalo-grazing-in-lush-east-java-forest-34053905/
1063,W9 no acquisition,KEEP,pexels:9010066,4,no price attached,72%,P3,dr-congo,rumba and ndombolo,festivals,"A vibrant music band performing energetically on an indoor stage with vivid lighting., DR Congo",16/9 and 3/2 and 4/3,1600,migrate as it is,none,— already ours.,AKL-000127,https://images.pexels.com/photos/9010066/pexels-photo-9010066.jpeg,dr-congo/festivals/a-vibrant-music-band-performing-energetically-on-an-indoor-stage-with-.avif,3,/places/dr-congo/rumba-and-ndombolo.html,/places/dr-congo/rumba-and-ndombolo.html,"relevance 4.5, subject query, names its country",pexels,Yan Krukau,https://www.pexels.com/photo/group-of-people-singing-on-stage-9010066/
1064,W9 no acquisition,KEEP,pexels:33896073,4,no price attached,72%,P3,dr-congo,fufu pondu and liboke,food,"fish steamed in banana leaf served with fufu, DR Congo",16/9 and 4/3,1600,migrate as it is,none,— already ours.,AKL-000128,https://images.pexels.com/photos/33896073/pexels-photo-33896073.jpeg,dr-congo/food/fish-steamed-in-banana-leaf-served-with-fufu-dr-congo.avif,2,/places/dr-congo/fufu-pondu-and-liboke.html,/places/dr-congo/fufu-pondu-and-liboke.html,"relevance 7.7, subject query, names its country",pexels,Sue Hsu,https://www.pexels.com/photo/delicious-steamed-fish-with-lime-garnish-33896073/
1065,W9 no acquisition,KEEP,pexels:37960968,4,no price attached,72%,P3,dr-congo,lake kivu,hidden-gems,"Idjwi island and calm water on Lake Kivu, DR Congo",16/9 and 4/3,1600,migrate as it is,none,— already ours.,AKL-000129,https://images.pexels.com/photos/37960968/pexels-photo-37960968.jpeg,dr-congo/hidden-gems/idjwi-island-and-calm-water-on-lake-kivu-dr-congo.avif,2,/places/dr-congo/lake-kivu.html,/places/dr-congo/lake-kivu.html,"relevance 4.2, subject query, names its country",pexels,Edouard MIHIGO,https://www.pexels.com/photo/local-fisherman-rowing-boat-on-serene-lake-37960968/
1066,W9 no acquisition,KEEP,pexels:29395578,4,no price attached,72%,P3,dr-congo,kisangani and the river stations,historic-sites,"Three fishermen navigate a wooden canoe on a vast lake, showcasing traditional fishing techniques., DR Congo",16/9 and 4/3,1600,migrate as it is,none,— already ours.,AKL-000130,https://images.pexels.com/photos/29395578/pexels-photo-29395578.jpeg,dr-congo/historic-sites/three-fishermen-navigate-a-wooden-canoe-on-a-vast-lake-showcasing-trad.avif,2,/places/dr-congo/kisangani-and-the-river-stations.html,/places/dr-congo/kisangani-and-the-river-stations.html,"relevance 4.7, subject query, names its country",pexels,Elvis KAMBIRE,https://www.pexels.com/photo/traditional-fishermen-on-a-wooden-canoe-29395578/
1067,W9 no acquisition,KEEP,pexels:20373076,4,no price attached,72%,P3,dr-congo,boyoma and lofoi,waterfalls,"A tranquil aerial view of fishing boats on a lake with floating structures and a village backdrop during sunset., DR Congo",16/9 and 4/3,1600,migrate as it is,none,— already ours.,AKL-000131,https://images.pexels.com/photos/20373076/pexels-photo-20373076.jpeg,dr-congo/waterfalls/a-tranquil-aerial-view-of-fishing-boats-on-a-lake-with-floating-struct.avif,3,/places/dr-congo/boyoma-and-lofoi.html,/places/dr-congo/boyoma-and-lofoi.html,"relevance 4.7, subject query, names its country",pexels,Nguyễn Hoàng Văn,https://www.pexels.com/photo/village-on-lake-at-sunset-20373076/
1068,W9 no acquisition,KEEP,pexels:36881364,4,no price attached,72%,P4,congo,,beaches,"an empty Atlantic beach backed by forest at Conkouati, Congo",unconstrained,0,migrate as it is,none,— already ours.,AKL-000106,https://images.pexels.com/photos/36881364/pexels-photo-36881364.jpeg,congo/beaches/an-empty-atlantic-beach-backed-by-forest-at-conkouati-congo.avif,4,,/congo.html,"relevance 6.0, subject query, names its country",pexels,Rosario Incandela,https://www.pexels.com/photo/tropical-beach-scene-with-palm-trees-and-waves-36881364/
1069,W9 no acquisition,KEEP,pexels:9670687,4,no price attached,70%,P3,angola,funge muamba and calulu,food,"a plate of muamba de galinha with funge, Angola",16/9 and 4/3,1600,migrate as it is,none,— already ours.,AKL-000011,https://images.pexels.com/photos/9670687/pexels-photo-9670687.jpeg,angola/food/a-plate-of-muamba-de-galinha-with-funge-angola.avif,3,/places/angola/funge-muamba-and-calulu.html,/index.html,"relevance 6.2, subject query, names its country",pexels,TUBARONES PHOTOGRAPHY,https://www.pexels.com/photo/breads-and-grapes-on-the-plate-9670687/
1070,W9 no acquisition,KEEP,pexels:29266015,4,no price attached,70%,P3,angola,maiombe,forests,"dense rainforest canopy in the Maiombe forest of Cabinda, Angola",16/9 and 4/3,1600,migrate as it is,none,— already ours.,AKL-000012,https://images.pexels.com/photos/29266015/pexels-photo-29266015.jpeg,angola/forests/dense-rainforest-canopy-in-the-maiombe-forest-of-cabinda-angola.avif,4,/places/angola/maiombe.html,/angola.html,"relevance 4.2, subject query, names its country",pexels,Cardoso Lopes Lopes,https://www.pexels.com/photo/man-holding-small-crab-in-cabinda-province-29266015/
1071,W9 no acquisition,KEEP,pexels:18416978,4,no price attached,70%,P3,angola,mbanza kongo listed,heritage,"the archaeological site and old walls at Mbanza Kongo, Angola",16/9 and 4/3,1600,migrate as it is,none,— already ours.,AKL-000013,https://images.pexels.com/photos/18416978/pexels-photo-18416978.jpeg,angola/heritage/the-archaeological-site-and-old-walls-at-mbanza-kongo-angola.avif,3,/places/angola/mbanza-kongo-listed.html,/places/angola/mbanza-kongo-listed.html,"relevance 4.5, subject query, names its country",pexels,Boris Hamer,https://www.pexels.com/photo/ruins-of-an-ancient-brick-oven-and-an-araeological-excavation-site-18416978/
1072,W9 no acquisition,KEEP,pexels:631317,4,no price attached,70%,P3,angola,kissama and luengue luiana,safari,"A herd of African elephants walking through Kruger National Park, South Africa., Angola",16/9 and 4/3,1600,migrate as it is,none,— already ours.,AKL-000014,https://images.pexels.com/photos/631317/pexels-photo-631317.jpeg,angola/safari/a-herd-of-african-elephants-walking-through-kruger-national-park-south.avif,2,/places/angola/kissama-and-luengue-luiana.html,/places/angola/kissama-and-luengue-luiana.html,"relevance 4.9, subject query, names its country",pexels,Frans van Heerden,https://www.pexels.com/photo/elephants-on-brown-mountain-631317/
1073,W9 no acquisition,KEEP,pexels:15402982,4,no price attached,70%,P3,angola,ovimbundu mbundu bakongo ovahimba,traditional-people,"an Ovahimba woman in ochre and braided hair near the Cunene, Angola",16/9 and 4/5 and 4/3,1600,migrate as it is,none,— already ours.,AKL-000015,https://images.pexels.com/photos/15402982/pexels-photo-15402982.jpeg,angola/traditional-people/an-ovahimba-woman-in-ochre-and-braided-hair-near-the-cunene-angola.avif,3,/places/angola/ovimbundu-mbundu-bakongo-ovahimba.html,/places/angola/ovimbundu-mbundu-bakongo-ovahimba.html,"relevance 5.7, subject query, names its country",pexels,TUBARONES PHOTOGRAPHY,https://www.pexels.com/photo/smiling-woman-sitting-with-pots-on-ground-15402982/
1074,W9 no acquisition,KEEP,pexels:7177499,4,no price attached,70%,P3,angola,kalandula and ruacana,waterfalls,"Iguazu Falls with lush greenery and cascading water in misty weather., Angola",16/9 and 4/3,1600,migrate as it is,none,— already ours.,AKL-000016,https://images.pexels.com/photos/7177499/pexels-photo-7177499.jpeg,angola/waterfalls/iguazu-falls-with-lush-greenery-and-cascading-water-in-misty-weather-a.avif,3,/places/angola/kalandula-and-ruacana.html,/places/angola/kalandula-and-ruacana.html,"relevance 4.7, subject query, names its country",pexels,Victor Rutka,https://www.pexels.com/photo/a-close-up-shot-of-the-iguazu-waterfalls-7177499/
1075,W9 no acquisition,KEEP,pexels:17832027,4,no price attached,70%,P4,angola,,beaches,"the sand spit of the Ilha do Cabo curving across Luanda bay, Angola",unconstrained,0,migrate as it is,none,— already ours.,AKL-000010,https://images.pexels.com/photos/17832027/pexels-photo-17832027.jpeg,angola/beaches/the-sand-spit-of-the-ilha-do-cabo-curving-across-luanda-bay-angola.avif,4,,/angola.html,"relevance 6.0, subject query, names its country",pexels,Alina  Rossoshanska,https://www.pexels.com/photo/cabo-da-roca-with-lighthouse-17832027/
1076,W9 no acquisition,KEEP,pexels:16109258,4,no price attached,67%,P3,algeria,silver wool and pottery,crafts,"A man displaying a handmade silver necklace with a pendant., Algeria",16/9 and 4/3,1600,migrate as it is,none,— already ours.,AKL-000002,https://images.pexels.com/photos/16109258/pexels-photo-16109258.jpeg,algeria/crafts/a-man-displaying-a-handmade-silver-necklace-with-a-pendant-algeria.avif,2,/places/algeria/silver-wool-and-pottery.html,/places/algeria/silver-wool-and-pottery.html,"relevance 4.2, subject query, names its country",pexels,COPPERTIST WU,https://www.pexels.com/photo/man-wearing-silver-necklace-16109258/
1077,W9 no acquisition,KEEP,unsplash:UvlCbhVgYo0,4,no price attached,67%,P3,algeria,the case for going now,eco-tourism,"an empty Roman street at Djemila with nobody on it, Algeria",16/9 and 4/3,1600,migrate as it is,none,— already ours.,AKL-000003,https://images.unsplash.com/photo-1750876420397-cbe360ed4f9f,algeria/eco-tourism/an-empty-roman-street-at-djemila-with-nobody-on-it-algeria.avif,2,/places/algeria/the-case-for-going-now.html,/places/algeria/the-case-for-going-now.html,"relevance 4.7, subject query, names its country",unsplash,Ondrej Bocek,https://unsplash.com/photos/ancient-roman-ruins-stand-in-the-desert-landscape-UvlCbhVgYo0
1078,W9 no acquisition,KEEP,pexels:26587862,4,no price attached,67%,P3,algeria,couscous on friday,food,a plate of Algerian couscous with vegetables and broth,16/9 and 4/3,1600,migrate as it is,none,— already ours.,AKL-000004,https://images.pexels.com/photos/26587862/pexels-photo-26587862.jpeg,algeria/food/a-plate-of-algerian-couscous-with-vegetables-and-broth.avif,3,/places/algeria/couscous-on-friday.html,/index.html,"relevance 6.2, subject query, names its country",pexels,Luiz Henrique  Mendes,https://www.pexels.com/photo/plate-with-a-dinner-dish-on-a-wooden-table-26587862/
1079,W9 no acquisition,KEEP,pexels:15983911,4,no price attached,67%,P3,algeria,the kabylie cedars,forests,"ancient Atlas cedar trees on the Djurdjura ridge in Kabylie, Algeria",16/9 and 4/3,1600,migrate as it is,none,— already ours.,AKL-000005,https://images.pexels.com/photos/15983911/pexels-photo-15983911.jpeg,algeria/forests/ancient-atlas-cedar-trees-on-the-djurdjura-ridge-in-kabylie-algeria.avif,4,/places/algeria/the-kabylie-cedars.html,/algeria.html,"relevance 4.7, subject query, names its country",pexels,Moaz Tobok,https://www.pexels.com/photo/pews-in-abbey-of-our-lady-of-atlas-draa-essamar-algeria-15983911/
1080,W9 no acquisition,KEEP,unsplash:4E2NXNsHObk,4,no price attached,67%,P3,algeria,seven sites nine thousand years,heritage,"prehistoric rock paintings of cattle at Tassili n'Ajjer, Algeria",16/9 and 4/3,1600,migrate as it is,none,— already ours.,AKL-000006,https://images.unsplash.com/photo-1714315306717-4eb28bec1a49,algeria/heritage/prehistoric-rock-paintings-of-cattle-at-tassili-n-ajjer-algeria.avif,3,/places/algeria/seven-sites-nine-thousand-years.html,/places/algeria/seven-sites-nine-thousand-years.html,"relevance 5.8, subject query, names its country",unsplash,Azzedine Rouichi,https://unsplash.com/photos/a-rock-with-a-carving-of-a-bird-on-it-4E2NXNsHObk
1081,W9 no acquisition,KEEP,pexels:36640667,4,no price attached,67%,P3,algeria,rare and getting less so,luxury,"a restored Ottoman courtyard house in the Casbah of Algiers, Algeria",16/9 and 4/3,1600,migrate as it is,none,— already ours.,AKL-000007,https://images.pexels.com/photos/36640667/pexels-photo-36640667.jpeg,algeria/luxury/a-restored-ottoman-courtyard-house-in-the-casbah-of-algiers-algeria.avif,2,/places/algeria/rare-and-getting-less-so.html,/places/algeria/rare-and-getting-less-so.html,"relevance 4.5, subject query, names its country",pexels,Miguel Cuenca,https://www.pexels.com/photo/casbah-of-algiers-with-palm-trees-and-murals-36640667/
1082,W9 no acquisition,KEEP,pexels:10841649,4,no price attached,67%,P3,algeria,the djurdjura and the hoggar,mountains,"Snow-capped mountain range with a clear sky and scenic town view, perfect for landscape enthusiasts., Algeria",16/9 and 4/3,1800,migrate as it is,none,— already ours.,AKL-000008,https://images.pexels.com/photos/10841649/pexels-photo-10841649.jpeg,algeria/mountains/snow-capped-mountain-range-with-a-clear-sky-and-scenic-town-view-perfe.avif,4,/places/algeria/the-djurdjura-and-the-hoggar.html,/algeria.html,"relevance 6.0, subject query, names its country",pexels,Jose Manuel Gonzalez  Lupiañez Photography,https://www.pexels.com/photo/mountains-over-town-10841649/
1083,W9 no acquisition,KEEP,pexels:10386600,4,no price attached,67%,P3,mali,sudano sahelian,architecture,"the buttressed mud facade and wooden beams of a Sahelian mosque, Mali",16/9 and 3/2 and 4/3,1600,migrate as it is,none,— already ours.,AKL-000345,https://images.pexels.com/photos/10386600/pexels-photo-10386600.jpeg,mali/architecture/the-buttressed-mud-facade-and-wooden-beams-of-a-sahelian-mosque-mali.avif,3,/places/mali/sudano-sahelian.html,/places/mali/sudano-sahelian.html,"relevance 6.2, subject query, names its country",pexels,Kakhraman Nazarov,https://www.pexels.com/photo/brown-wooden-door-on-brown-concrete-wall-10386600/
1084,W9 no acquisition,KEEP,pexels:36916836,4,no price attached,67%,P3,mali,hard country for it,family-community,children playing in a village square in southern Mali,16/9 and 4/3,1600,migrate as it is,none,— already ours.,AKL-000346,https://images.pexels.com/photos/36916836/pexels-photo-36916836.jpeg,mali/family-community/children-playing-in-a-village-square-in-southern-mali.avif,2,/places/mali/hard-country-for-it.html,/places/mali/hard-country-for-it.html,"relevance 7.7, subject query, names its country",pexels,Ana Kenk,https://www.pexels.com/photo/children-playing-in-a-rural-village-in-zambia-36916836/
1085,W9 no acquisition,KEEP,pexels:19702898,4,no price attached,67%,P3,mali,the sigui and the dama,festivals,"Dogon dancers in tall kanaga masks in a village square, Mali",16/9 and 3/2 and 4/3,1600,migrate as it is,none,— already ours.,AKL-000347,https://images.pexels.com/photos/19702898/pexels-photo-19702898.jpeg,mali/festivals/dogon-dancers-in-tall-kanaga-masks-in-a-village-square-mali.avif,3,/places/mali/the-sigui-and-the-dama.html,/places/mali/the-sigui-and-the-dama.html,"relevance 4.5, subject query, names its country",pexels,alameen .ng,https://www.pexels.com/photo/women-and-child-in-village-on-desert-19702898/
1086,W9 no acquisition,KEEP,pexels:36304641,4,no price attached,67%,P3,mali,tigadege na and capitaine,food,"grilled capitaine fish with rice and onion sauce on a plate, Mali",16/9 and 4/3,1600,migrate as it is,none,— already ours.,AKL-000348,https://images.pexels.com/photos/36304641/pexels-photo-36304641.jpeg,mali/food/grilled-capitaine-fish-with-rice-and-onion-sauce-on-a-plate-mali.avif,2,/places/mali/tigadege-na-and-capitaine.html,/places/mali/tigadege-na-and-capitaine.html,"relevance 4.7, subject query, names its country",pexels,Efrem C.,https://www.pexels.com/photo/grilled-trout-with-vegetables-on-bbq-36304641/
1087,W9 no acquisition,KEEP,pexels:10468562,4,no price attached,67%,P3,mali,the tomb of askia,hidden-gems,"the mud pyramid tomb of Askia at Gao with wooden beams, Mali",16/9 and 4/3,1600,migrate as it is,none,— already ours.,AKL-000349,https://images.pexels.com/photos/10468562/pexels-photo-10468562.jpeg,mali/hidden-gems/the-mud-pyramid-tomb-of-askia-at-gao-with-wooden-beams-mali.avif,2,/places/mali/the-tomb-of-askia.html,/places/mali/the-tomb-of-askia.html,"relevance 6.2, subject query, names its country",pexels,Мадина,https://www.pexels.com/photo/clear-sky-over-pyramid-10468562/
1088,W9 no acquisition,KEEP,pexels:30312009,4,no price attached,67%,P3,mali,timbuktu,historic-sites,"the mud-brick Sankore mosque in Timbuktu, Mali",16/9 and 4/3,1600,migrate as it is,none,— already ours.,AKL-000350,https://images.pexels.com/photos/30312009/pexels-photo-30312009.jpeg,mali/historic-sites/the-mud-brick-sankore-mosque-in-timbuktu-mali.avif,2,/places/mali/timbuktu.html,/places/mali/timbuktu.html,"relevance 4.7, subject query, names its country",pexels,奇 徐,https://www.pexels.com/photo/ancient-mud-brick-village-with-traditional-architecture-30312009/
1089,W9 no acquisition,KEEP,pexels:35641248,4,no price attached,67%,P3,mali,the escarpment on foot,outdoor,"Adventurers climbing a steep, rocky path in the Tatra Mountains under a clear blue sky., Mali",16/9 and 4/3,1600,migrate as it is,none,— already ours.,AKL-000351,https://images.pexels.com/photos/35641248/pexels-photo-35641248.jpeg,mali/outdoor/adventurers-climbing-a-steep-rocky-path-in-the-tatra-mountains-under-a.avif,2,/places/mali/the-escarpment-on-foot.html,/places/mali/the-escarpment-on-foot.html,"relevance 4.5, subject query, names its country",pexels,Artūras Kokorevas,https://www.pexels.com/photo/mountain-climbers-on-rocky-path-in-tatra-mountains-35641248/
1090,W9 no acquisition,KEEP,pexels:32290352,4,no price attached,67%,P3,mali,falls at woroni,waterfalls,"a seasonal waterfall over sandstone on the Dogon plateau, Mali",16/9 and 4/3,1600,migrate as it is,none,— already ours.,AKL-000352,https://images.pexels.com/photos/32290352/pexels-photo-32290352.jpeg,mali/waterfalls/a-seasonal-waterfall-over-sandstone-on-the-dogon-plateau-mali.avif,3,/places/mali/falls-at-woroni.html,/places/mali/falls-at-woroni.html,"relevance 6.2, subject query, names its country",pexels,Alex Moliski,https://www.pexels.com/photo/stunning-waterfall-at-grand-canyon-s-ribbon-falls-32290352/
1091,W9 no acquisition,KEEP,pexels:27978004,4,no price attached,67%,P3,mozambique,coral stone and colonial,architecture,"a colonial-era building in Maputo with modernist lines, Mozambique",16/9 and 3/2 and 4/3,1600,migrate as it is,none,— already ours.,AKL-000395,https://images.pexels.com/photos/27978004/pexels-photo-27978004.jpeg,mozambique/architecture/a-colonial-era-building-in-maputo-with-modernist-lines-mozambique.avif,3,/places/mozambique/coral-stone-and-colonial.html,/places/mozambique/coral-stone-and-colonial.html,"relevance 6.2, subject query, names its country",pexels,Stephen Tettey Atsu,https://www.pexels.com/photo/two-men-are-working-on-scaffolding-in-front-of-a-building-27978004/
1092,W9 no acquisition,KEEP,pexels:37270326,4,no price attached,67%,P3,mozambique,bazaruto and the quirimbas,beaches,"the sand dunes and turquoise water of Bazaruto, Mozambique",16/9 and 4/3,1800,migrate as it is,none,— already ours.,AKL-000396,https://images.pexels.com/photos/37270326/pexels-photo-37270326.jpeg,mozambique/beaches/the-sand-dunes-and-turquoise-water-of-bazaruto-mozambique.avif,4,/places/mozambique/bazaruto-and-the-quirimbas.html,/mozambique.html,"relevance 7.5, subject query, names its country",pexels,Leandro Bezerra,https://www.pexels.com/photo/stunning-sand-dunes-at-rio-grande-do-norte-beach-37270326/
1093,W9 no acquisition,KEEP,pexels:38477813,4,no price attached,67%,P3,mozambique,warm water all year,family-community,"children swimming in shallow water inside a reef, Mozambique",16/9 and 4/3,1600,migrate as it is,none,— already ours.,AKL-000397,https://images.pexels.com/photos/38477813/pexels-photo-38477813.jpeg,mozambique/family-community/children-swimming-in-shallow-water-inside-a-reef-mozambique.avif,2,/places/mozambique/warm-water-all-year.html,/places/mozambique/warm-water-all-year.html,"relevance 4.7, subject query, names its country",pexels,Nothing Ahead,https://www.pexels.com/photo/group-of-children-swimming-in-deep-blue-water-38477813/
1094,W9 no acquisition,KEEP,pexels:29309713,4,no price attached,67%,P3,mozambique,peri peri and matapa,food,"grilled prawns with peri-peri at a beach kitchen, Mozambique",16/9 and 4/3,1600,migrate as it is,none,— already ours.,AKL-000398,https://images.pexels.com/photos/29309713/pexels-photo-29309713.jpeg,mozambique/food/grilled-prawns-with-peri-peri-at-a-beach-kitchen-mozambique.avif,2,/places/mozambique/peri-peri-and-matapa.html,/places/mozambique/peri-peri-and-matapa.html,"relevance 6.2, subject query, names its country",pexels,NGUYỄN THÀNH NHƠN,https://www.pexels.com/photo/delicious-grilled-seafood-and-meat-on-barbecue-29309713/
1095,W9 no acquisition,KEEP,pexels:33206568,4,no price attached,67%,P3,mozambique,coastal forest,forests,mangrove forest along a northern Mozambique estuary,16/9 and 4/3,1600,migrate as it is,none,— already ours.,AKL-000399,https://images.pexels.com/photos/33206568/pexels-photo-33206568.jpeg,mozambique/forests/mangrove-forest-along-a-northern-mozambique-estuary.avif,4,/places/mozambique/coastal-forest.html,/mozambique.html,"relevance 6.2, subject query, names its country",pexels,Jahra Tasfia Reza,https://www.pexels.com/photo/lush-mangrove-forest-reflected-in-calm-water-33206568/
1096,W9 no acquisition,KEEP,pexels:11444400,4,no price attached,67%,P3,mozambique,the zambezi and cahora bassa,lakes-rivers,"the Zambezi river wide in the Mozambican lowlands, Mozambique",16/9 and 4/5 and 4/3,1600,migrate as it is,none,— already ours.,AKL-000400,https://images.pexels.com/photos/11444400/pexels-photo-11444400.jpeg,mozambique/lakes-rivers/the-zambezi-river-wide-in-the-mozambican-lowlands-mozambique.avif,3,/places/mozambique/the-zambezi-and-cahora-bassa.html,/places/mozambique/the-zambezi-and-cahora-bassa.html,"relevance 5.4, subject query, names its country",pexels,Murillo Molissani,https://www.pexels.com/photo/brown-animal-drinking-water-on-the-river-11444400/
1097,W9 no acquisition,KEEP,pexels:10615681,4,no price attached,67%,P3,mozambique,murchison of the south,waterfalls,a waterfall off the escarpment in northern Mozambique,16/9 and 4/3,1600,migrate as it is,none,— already ours.,AKL-000401,https://images.pexels.com/photos/10615681/pexels-photo-10615681.jpeg,mozambique/waterfalls/a-waterfall-off-the-escarpment-in-northern-mozambique.avif,3,/places/mozambique/murchison-of-the-south.html,/places/mozambique/murchison-of-the-south.html,"relevance 6.2, subject query, names its country",pexels,Quang Nguyen Vinh,https://www.pexels.com/photo/a-person-standing-on-a-rock-formation-near-the-waterfalls-10615681/
1098,W9 no acquisition,KEEP,pexels:38108355,4,no price attached,67%,P3,niger,mud and beams,architecture,"the beamed mud tower of the Agadez minaret against the sky, Niger",16/9 and 3/2 and 4/3,1600,migrate as it is,none,— already ours.,AKL-000414,https://images.pexels.com/photos/38108355/pexels-photo-38108355.jpeg,niger/architecture/the-beamed-mud-tower-of-the-agadez-minaret-against-the-sky-niger.avif,3,/places/niger/mud-and-beams.html,/places/niger/mud-and-beams.html,"relevance 6.2, subject query, names its country",pexels,Sani Maikatanga,https://www.pexels.com/photo/traditional-wodaabe-attire-and-face-paint-in-niger-38108355/
1099,W9 no acquisition,KEEP,pexels:38109509,4,no price attached,67%,P3,niger,tuareg silver and leather,crafts,"silver Agadez crosses laid out on tooled leather, Niger",16/9 and 4/3,1600,migrate as it is,none,— already ours.,AKL-000415,https://images.pexels.com/photos/38109509/pexels-photo-38109509.jpeg,niger/crafts/silver-agadez-crosses-laid-out-on-tooled-leather-niger.avif,2,/places/niger/tuareg-silver-and-leather.html,/places/niger/tuareg-silver-and-leather.html,"relevance 4.6, subject query, names its country",pexels,Sani Maikatanga,https://www.pexels.com/photo/vibrant-camel-race-festival-in-niger-desert-38109509/
1100,W9 no acquisition,KEEP,pexels:31291361,4,no price attached,67%,P3,niger,the bilma salt caravans,hidden-gems,"a salt caravan of camels crossing dunes near Bilma, Niger",16/9 and 4/3,1600,migrate as it is,none,— already ours.,AKL-000417,https://images.pexels.com/photos/31291361/pexels-photo-31291361.jpeg,niger/hidden-gems/a-salt-caravan-of-camels-crossing-dunes-near-bilma-niger.avif,2,/places/niger/the-bilma-salt-caravans.html,/places/niger/the-bilma-salt-caravans.html,"relevance 6.5, subject query, names its country",pexels,Walid Ahmad,https://www.pexels.com/photo/aerial-view-of-camels-in-sharjah-desert-landscape-31291361/
1101,W9 no acquisition,KEEP,pexels:38108351,4,no price attached,67%,P3,niger,agadez,historic-sites,"the tall mud minaret of the Agadez mosque with its wooden beams, Niger",16/9 and 4/3,1600,migrate as it is,none,— already ours.,AKL-000418,https://images.pexels.com/photos/38108351/pexels-photo-38108351.jpeg,niger/historic-sites/the-tall-mud-minaret-of-the-agadez-mosque-with-its-wooden-beams-niger.avif,2,/places/niger/agadez.html,/places/niger/agadez.html,"relevance 4.4, subject query, names its country",pexels,Sani Maikatanga,https://www.pexels.com/photo/traditional-wodaabe-attire-in-agadez-niger-38108351/
1102,W9 no acquisition,KEEP,pexels:33726143,4,no price attached,67%,P3,niger,very little,luxury,"Explore the intricate sandstone architecture of a Jaisalmer heritage hotel courtyard., Niger",16/9 and 4/3,1600,migrate as it is,none,— already ours.,AKL-000419,https://images.pexels.com/photos/33726143/pexels-photo-33726143.jpeg,niger/luxury/explore-the-intricate-sandstone-architecture-of-a-jaisalmer-heritage-h.avif,2,/places/niger/very-little.html,/places/niger/very-little.html,"relevance 4.5, subject query, names its country",pexels,Abhishek  Navlakha,https://www.pexels.com/photo/luxury-heritage-hotel-courtyard-in-jaisalmer-33726143/
1103,W9 no acquisition,KEEP,pexels:33566027,4,no price attached,67%,P3,niger,the air on foot and camel,outdoor,"Camel caravan silhouetted against a stunning sunset on the sandy dunes., Niger",16/9 and 4/3,1600,migrate as it is,none,— already ours.,AKL-000420,https://images.pexels.com/photos/33566027/pexels-photo-33566027.jpeg,niger/outdoor/camel-caravan-silhouetted-against-a-stunning-sunset-on-the-sandy-dunes.avif,2,/places/niger/the-air-on-foot-and-camel.html,/places/niger/the-air-on-foot-and-camel.html,"relevance 4.5, subject query, names its country",pexels,mohamed aouni,https://www.pexels.com/photo/desert-camel-caravan-silhouetted-at-sunset-33566027/
1104,W9 no acquisition,KEEP,pexels:38108350,4,no price attached,67%,P3,niger,the wodaabe,traditional-people,"Wodaabe men in face paint dancing at the Gerewol, Niger",16/9 and 4/5 and 4/3,1600,migrate as it is,none,— already ours.,AKL-000421,https://images.pexels.com/photos/38108350/pexels-photo-38108350.jpeg,niger/traditional-people/wodaabe-men-in-face-paint-dancing-at-the-gerewol-niger.avif,3,/places/niger/the-wodaabe.html,/places/niger/the-wodaabe.html,"relevance 9.2, subject query, names its country",pexels,Sani Maikatanga,https://www.pexels.com/photo/wodaabe-traditional-festival-in-niger-38108350/
1105,W9 no acquisition,KEEP,unsplash:RhZ9manM17I,4,no price attached,67%,P4,algeria,,beaches,"a limestone cove on the Jijel coast with clear water, Algeria",unconstrained,0,migrate as it is,none,— already ours.,AKL-000001,https://images.unsplash.com/photo-1631396388004-f7415e1420d0,algeria/beaches/a-limestone-cove-on-the-jijel-coast-with-clear-water-algeria.avif,4,,/algeria.html,"relevance 6.0, subject query, names its country",unsplash,Meriane Nassim,https://unsplash.com/photos/a-light-house-sitting-on-top-of-a-hill-next-to-a-body-of-water-RhZ9manM17I
1106,W9 no acquisition,KEEP,pexels:33812288,4,no price attached,65%,P3,benin,applique and bronze,crafts,"an Abomey applique cloth banner with royal symbols, Benin",16/9 and 4/3,1600,migrate as it is,none,— already ours.,AKL-000018,https://images.pexels.com/photos/33812288/pexels-photo-33812288.jpeg,benin/crafts/an-abomey-applique-cloth-banner-with-royal-symbols-benin.avif,2,/places/benin/applique-and-bronze.html,/places/benin/applique-and-bronze.html,"relevance 4.2, subject query, names its country",pexels,Atman Bouba,https://www.pexels.com/photo/traditional-craftsmanship-in-abomey-benin-33812288/
1107,W9 no acquisition,KEEP,pexels:5133463,4,no price attached,65%,P3,benin,the route of the slaves,heritage,"A 'Closed' sign on a door, displaying a return time., Benin",16/9 and 4/3,1600,migrate as it is,none,— already ours.,AKL-000020,https://images.pexels.com/photos/5133463/pexels-photo-5133463.jpeg,benin/heritage/a-closed-sign-on-a-door-displaying-a-return-time-benin.avif,3,/places/benin/the-route-of-the-slaves.html,/places/benin/the-route-of-the-slaves.html,"relevance 4.5, subject query, names its country",pexels,Tim Mossholder,https://www.pexels.com/photo/a-sign-sticking-on-glass-5133463/
1108,W9 no acquisition,KEEP,pexels:29531875,4,no price attached,65%,P3,benin,possotome and lake aheme,hidden-gems,"fishing boats on the shore of Lake Aheme at Possotome, Benin",16/9 and 4/3,1600,migrate as it is,none,— already ours.,AKL-000021,https://images.pexels.com/photos/29531875/pexels-photo-29531875.jpeg,benin/hidden-gems/fishing-boats-on-the-shore-of-lake-aheme-at-possotome-benin.avif,2,/places/benin/possotome-and-lake-aheme.html,/places/benin/possotome-and-lake-aheme.html,"relevance 4.7, subject query, names its country",pexels,Dongdilac,https://www.pexels.com/photo/rustic-wooden-bench-by-serene-lake-shore-29531875/
1109,W9 no acquisition,KEEP,pexels:20439245,4,no price attached,65%,P3,benin,walking the atakora,outdoor,"a footpath through Atakora hills past a Somba compound, Benin",16/9 and 4/3,1600,migrate as it is,none,— already ours.,AKL-000022,https://images.pexels.com/photos/20439245/pexels-photo-20439245.jpeg,benin/outdoor/a-footpath-through-atakora-hills-past-a-somba-compound-benin.avif,2,/places/benin/walking-the-atakora.html,/places/benin/walking-the-atakora.html,"relevance 4.6, subject query, names its country",pexels,Krishna Mondal,https://www.pexels.com/photo/footpath-among-barren-trees-20439245/
1110,W9 no acquisition,KEEP,pexels:14401038,4,no price attached,65%,P3,benin,stilts and reflection,photography,"Wooden lake houses and moored rowboat on tranquil water, perfect for relaxation themes., Benin",16/9 and 21/9 and 4/3,2100,migrate as it is,none,— already ours.,AKL-000023,https://images.pexels.com/photos/14401038/pexels-photo-14401038.jpeg,benin/photography/wooden-lake-houses-and-moored-rowboat-on-tranquil-water-perfect-for-re.avif,3,/places/benin/stilts-and-reflection.html,/places/benin/stilts-and-reflection.html,"relevance 5.4, subject query, names its country",pexels,Alberto Capparelli,https://www.pexels.com/photo/wooden-boat-on-the-lake-near-wooden-houses-14401038/
1111,W9 no acquisition,KEEP,pexels:35477866,4,no price attached,65%,P3,benin,the w arly pendjari complex,safari,"A herd of African bush elephants drinking at a waterhole in the wild., Benin",16/9 and 4/3,1600,migrate as it is,none,— already ours.,AKL-000024,https://images.pexels.com/photos/35477866/pexels-photo-35477866.jpeg,benin/safari/a-herd-of-african-bush-elephants-drinking-at-a-waterhole-in-the-wild-b.avif,2,/places/benin/the-w-arly-pendjari-complex.html,/places/benin/the-w-arly-pendjari-complex.html,"relevance 4.8, subject query, names its country",pexels,Derek Keats,https://www.pexels.com/photo/family-of-african-elephants-at-waterhole-35477866/
1112,W9 no acquisition,KEEP,pexels:20208726,4,no price attached,65%,P3,benin,fon yoruba bariba somba,traditional-people,"a Somba tata fortified mud house in the Atakora, Benin",16/9 and 4/5 and 4/3,1600,migrate as it is,none,— already ours.,AKL-000025,https://images.pexels.com/photos/20208726/pexels-photo-20208726.jpeg,benin/traditional-people/a-somba-tata-fortified-mud-house-in-the-atakora-benin.avif,3,/places/benin/fon-yoruba-bariba-somba.html,/places/benin/fon-yoruba-bariba-somba.html,"relevance 4.2, subject query, names its country",pexels,David Kwewum,https://www.pexels.com/photo/traditional-thatched-house-20208726/
1113,W9 no acquisition,KEEP,pexels:3917847,4,no price attached,65%,P3,benin,tanougou,waterfalls,"the Tanougou waterfall falling into a green pool, Benin",16/9 and 4/3,1600,migrate as it is,none,— already ours.,AKL-000026,https://images.pexels.com/photos/3917847/pexels-photo-3917847.jpeg,benin/waterfalls/the-tanougou-waterfall-falling-into-a-green-pool-benin.avif,3,/places/benin/tanougou.html,/places/benin/tanougou.html,"relevance 6.2, subject query, names its country",pexels,Avonne Stalling,https://www.pexels.com/photo/photo-of-waterfalls-during-daytime-3917847/
1114,W9 no acquisition,KEEP,pexels:29407145,4,no price attached,63%,P3,chad,ndjamena,cities,"the riverfront and low skyline of N'Djamena on the Chari, Chad",16/9 and 4/3,1600,migrate as it is,none,— already ours.,AKL-000091,https://images.pexels.com/photos/29407145/pexels-photo-29407145.jpeg,chad/cities/the-riverfront-and-low-skyline-of-n-djamena-on-the-chari-chad.avif,2,/places/chad/ndjamena.html,/places/chad/ndjamena.html,"relevance 4.9, subject query, names its country",pexels,Sjuan Dogjani,https://www.pexels.com/photo/scenic-urban-skyline-at-water-s-edge-29407145/
1115,W9 no acquisition,KEEP,pexels:19142282,4,no price attached,63%,P3,chad,boule and grilled capitaine,food,"grilled capitaine fish and millet boule on a plate, Chad",16/9 and 4/3,1600,migrate as it is,none,— already ours.,AKL-000092,https://images.pexels.com/photos/19142282/pexels-photo-19142282.jpeg,chad/food/grilled-capitaine-fish-and-millet-boule-on-a-plate-chad.avif,2,/places/chad/boule-and-grilled-capitaine.html,/places/chad/boule-and-grilled-capitaine.html,"relevance 4.7, subject query, names its country",pexels,K,https://www.pexels.com/photo/close-up-of-fish-on-a-market-stall-19142282/
1116,W9 no acquisition,KEEP,pexels:33950356,4,no price attached,63%,P3,chad,gallery forest on the rivers,forests,"An empty wooden chair stands alone amid dense green foliage in a serene forest environment., Chad",16/9 and 4/3,1600,migrate as it is,none,— already ours.,AKL-000093,https://images.pexels.com/photos/33950356/pexels-photo-33950356.jpeg,chad/forests/an-empty-wooden-chair-stands-alone-amid-dense-green-foliage-in-a-seren.avif,4,/places/chad/gallery-forest-on-the-rivers.html,/chad.html,"relevance 4.2, subject query, names its country",pexels,Nguyễn Hoàng Văn,https://www.pexels.com/photo/solitary-chair-in-lush-green-forest-setting-33950356/
1117,W9 no acquisition,KEEP,pexels:31718225,4,no price attached,63%,P3,chad,the guelta darchei,hidden-gems,"camels descending to the dark water of the Guelta d'Archei, Chad",16/9 and 4/3,1600,migrate as it is,none,— already ours.,AKL-000094,https://images.pexels.com/photos/31718225/pexels-photo-31718225.jpeg,chad/hidden-gems/camels-descending-to-the-dark-water-of-the-guelta-d-archei-chad.avif,2,/places/chad/the-guelta-darchei.html,/places/chad/the-guelta-darchei.html,"relevance 6.2, subject query, names its country",pexels,Leon Hellegers,https://www.pexels.com/photo/camels-grazing-in-the-arid-desert-landscape-31718225/
1118,W9 no acquisition,KEEP,pexels:33825089,4,no price attached,63%,P3,chad,emi koussi and the tibesti,mountains,"the volcanic massif of the Tibesti rising from desert, Chad",16/9 and 4/3,1800,migrate as it is,none,— already ours.,AKL-000095,https://images.pexels.com/photos/33825089/pexels-photo-33825089.jpeg,chad/mountains/the-volcanic-massif-of-the-tibesti-rising-from-desert-chad.avif,4,/places/chad/emi-koussi-and-the-tibesti.html,/chad.html,"relevance 5.0, subject query, names its country",pexels,Ben Khatry,https://www.pexels.com/photo/scenic-view-of-river-and-palm-trees-in-sahara-desert-33825089/
1119,W9 no acquisition,KEEP,pexels:27443104,4,no price attached,63%,P3,chad,the ennedi,nature,"the Aloba arch standing over sand in the Ennedi massif, Chad",16/9 and 21/9 and 4/3,2100,migrate as it is,none,— already ours.,AKL-000096,https://images.pexels.com/photos/27443104/pexels-photo-27443104.jpeg,chad/nature/the-aloba-arch-standing-over-sand-in-the-ennedi-massif-chad.avif,4,/places/chad/the-ennedi.html,/chad.html,"relevance 4.5, subject query, names its country",pexels,Djamel Ramdani,https://www.pexels.com/photo/a-person-standing-in-front-of-a-rock-formation-27443104/
1120,W9 no acquisition,KEEP,pexels:30705843,4,no price attached,63%,P3,chad,zakouma in march,safari,"black crowned cranes gathered at a drying pan in Zakouma, Chad",16/9 and 4/3,1600,migrate as it is,none,— already ours.,AKL-000097,https://images.pexels.com/photos/30705843/pexels-photo-30705843.jpeg,chad/safari/black-crowned-cranes-gathered-at-a-drying-pan-in-zakouma-chad.avif,2,/places/chad/zakouma-in-march.html,/places/chad/zakouma-in-march.html,"relevance 4.8, subject query, names its country",pexels,Hugo Sykes,https://www.pexels.com/photo/crowned-cranes-in-flight-over-african-savannah-30705843/
1121,W9 no acquisition,KEEP,pexels:31633701,4,no price attached,63%,P3,chad,the toubou,traditional-people,"a Toubou man beside camels in the Ennedi, Chad",16/9 and 4/5 and 4/3,1600,migrate as it is,none,— already ours.,AKL-000098,https://images.pexels.com/photos/31633701/pexels-photo-31633701.jpeg,chad/traditional-people/a-toubou-man-beside-camels-in-the-ennedi-chad.avif,3,/places/chad/the-toubou.html,/places/chad/the-toubou.html,"relevance 5.7, subject query, names its country",pexels,mg shotz,https://www.pexels.com/photo/man-in-traditional-african-clothing-in-desert-31633701/
1122,W9 no acquisition,KEEP,pexels:10066001,4,no price attached,63%,P4,chad,,beaches,"A man leans over from a fishing boat reaching into the calm lake water on a clear day., Chad",unconstrained,0,migrate as it is,none,— already ours.,AKL-000090,https://images.pexels.com/photos/10066001/pexels-photo-10066001.jpeg,chad/beaches/a-man-leans-over-from-a-fishing-boat-reaching-into-the-calm-lake-water.avif,4,,/chad.html,"relevance 5.0, subject query, names its country",pexels,Jose Gabriel Ortega Castro,https://www.pexels.com/photo/a-man-on-a-boat-washing-his-hand-in-the-river-10066001/
1123,W9 no acquisition,KEEP,pexels:37891004,4,no price attached,62%,P3,equatorial-guinea,spanish colonial,architecture,"shuttered Spanish colonial houses on a Malabo street, Equatorial Guinea",16/9 and 3/2 and 4/3,1600,migrate as it is,none,— already ours.,AKL-000153,https://images.pexels.com/photos/37891004/pexels-photo-37891004.jpeg,equatorial-guinea/architecture/shuttered-spanish-colonial-houses-on-a-malabo-street-equatorial-guinea.avif,3,/places/equatorial-guinea/spanish-colonial.html,/places/equatorial-guinea/spanish-colonial.html,"relevance 4.5, subject query, names its country",pexels,Olo A,https://www.pexels.com/photo/colonial-architecture-building-in-accra-37891004/
1124,W9 no acquisition,KEEP,pexels:1699263,4,no price attached,62%,P3,equatorial-guinea,carving and basketry,crafts,"a carved wooden Fang figure and woven basket, Equatorial Guinea",16/9 and 4/3,1600,migrate as it is,none,— already ours.,AKL-000155,https://images.pexels.com/photos/1699263/pexels-photo-1699263.jpeg,equatorial-guinea/crafts/a-carved-wooden-fang-figure-and-woven-basket-equatorial-guinea.avif,2,/places/equatorial-guinea/carving-and-basketry.html,/places/equatorial-guinea/carving-and-basketry.html,"relevance 4.7, subject query, names its country",pexels,PALLAB HALDER,https://www.pexels.com/photo/black-wooden-tiki-mask-on-wall-1699263/
1125,W9 no acquisition,KEEP,pexels:12290340,4,no price attached,62%,P3,equatorial-guinea,the bioko biodiversity programme,eco-tourism,"researchers recording a turtle nest on Bioko's black sand, Equatorial Guinea",16/9 and 4/3,1600,migrate as it is,none,— already ours.,AKL-000156,https://images.pexels.com/photos/12290340/pexels-photo-12290340.jpeg,equatorial-guinea/eco-tourism/researchers-recording-a-turtle-nest-on-bioko-s-black-sand-equatorial-g.avif,2,/places/equatorial-guinea/the-bioko-biodiversity-programme.html,/places/equatorial-guinea/the-bioko-biodiversity-programme.html,"relevance 4.7, subject query, names its country",pexels,Amy Farías,https://www.pexels.com/photo/loggerhead-sea-turtle-on-beach-sand-12290340/
1126,W9 no acquisition,KEEP,pexels:14143047,4,no price attached,62%,P3,equatorial-guinea,beach and forest,family-community,"a family on the sheltered sand at Arena Blanca on Bioko, Equatorial Guinea",16/9 and 4/3,1600,migrate as it is,none,— already ours.,AKL-000157,https://images.pexels.com/photos/14143047/pexels-photo-14143047.jpeg,equatorial-guinea/family-community/a-family-on-the-sheltered-sand-at-arena-blanca-on-bioko-equatorial-gui.avif,2,/places/equatorial-guinea/beach-and-forest.html,/places/equatorial-guinea/beach-and-forest.html,"relevance 5.0, subject query, names its country",pexels,Andrew Schwark,https://www.pexels.com/photo/beach-sand-14143047/
1127,W9 no acquisition,KEEP,pexels:32656681,4,no price attached,62%,P3,equatorial-guinea,the abira,festivals,"Bubi dancers with rattles at a village ceremony on Bioko, Equatorial Guinea",16/9 and 3/2 and 4/3,1600,migrate as it is,none,— already ours.,AKL-000158,https://images.pexels.com/photos/32656681/pexels-photo-32656681.jpeg,equatorial-guinea/festivals/bubi-dancers-with-rattles-at-a-village-ceremony-on-bioko-equatorial-gu.avif,3,/places/equatorial-guinea/the-abira.html,/places/equatorial-guinea/the-abira.html,"relevance 5.5, subject query, names its country",pexels,Alex Fanaso,https://www.pexels.com/photo/papua-new-guinea-cultural-festival-parade-32656681/
1128,W9 no acquisition,KEEP,pexels:11434408,4,no price attached,62%,P3,equatorial-guinea,pepe soup and malamba,food,"A vibrant chili fish sauce dish served in a decorative ceramic bowl, perfect for adding flavor to meals., Equatorial Guinea",16/9 and 4/3,1600,migrate as it is,none,— already ours.,AKL-000159,https://images.pexels.com/photos/11434408/pexels-photo-11434408.jpeg,equatorial-guinea/food/a-vibrant-chili-fish-sauce-dish-served-in-a-decorative-ceramic-bowl-pe.avif,2,/places/equatorial-guinea/pepe-soup-and-malamba.html,/places/equatorial-guinea/pepe-soup-and-malamba.html,"relevance 6.2, subject query, names its country",pexels,FOX ^.ᆽ.^= ∫,https://www.pexels.com/photo/bowl-of-chili-soup-11434408/
1129,W9 no acquisition,KEEP,pexels:17316586,4,no price attached,62%,P3,equatorial-guinea,business hotels mostly,luxury,"a hotel terrace overlooking the sea at Malabo, Equatorial Guinea",16/9 and 4/3,1600,migrate as it is,none,— already ours.,AKL-000160,https://images.pexels.com/photos/17316586/pexels-photo-17316586.jpeg,equatorial-guinea/luxury/a-hotel-terrace-overlooking-the-sea-at-malabo-equatorial-guinea.avif,2,/places/equatorial-guinea/business-hotels-mostly.html,/places/equatorial-guinea/business-hotels-mostly.html,"relevance 4.5, subject query, names its country",pexels,Serg Alesenko,https://www.pexels.com/photo/men-sitting-on-terrace-over-forest-17316586/
1130,W9 no acquisition,KEEP,pexels:36718622,4,no price attached,62%,P3,equatorial-guinea,pico basile,mountains,"the summit and cloud forest of Pico Basile on Bioko, Equatorial Guinea",16/9 and 4/3,1800,migrate as it is,none,— already ours.,AKL-000161,https://images.pexels.com/photos/36718622/pexels-photo-36718622.jpeg,equatorial-guinea/mountains/the-summit-and-cloud-forest-of-pico-basile-on-bioko-equatorial-guinea.avif,4,/places/equatorial-guinea/pico-basile.html,/equatorial-guinea.html,"relevance 5.5, subject query, names its country",pexels,Paweł Kosmala,https://www.pexels.com/photo/majestic-mountain-view-with-clouds-and-forest-36718622/
1131,W9 no acquisition,KEEP,pexels:17377194,4,no price attached,62%,P3,sao-tome-and-principe,sao tome town,cities,"the pastel colonial buildings and fort at Sao Tome town, Sao Tome and Principe",16/9 and 4/3,1600,migrate as it is,none,— already ours.,AKL-000453,https://images.pexels.com/photos/17377194/pexels-photo-17377194.jpeg,sao-tome-and-principe/cities/the-pastel-colonial-buildings-and-fort-at-sao-tome-town-sao-tome-and-p.avif,2,/places/sao-tome-and-principe/sao-tome-town.html,/places/sao-tome-and-principe/sao-tome-town.html,"relevance 5.4, subject query, names its country",pexels,AXP Photography,https://www.pexels.com/photo/building-with-colonnade-in-town-17377194/
1132,W9 no acquisition,KEEP,pexels:33357665,4,no price attached,62%,P3,sao-tome-and-principe,cocoa grown and made,eco-tourism,"a chocolate maker sorting cocoa beans on a table, Sao Tome and Principe",16/9 and 4/3,1600,migrate as it is,none,— already ours.,AKL-000455,https://images.pexels.com/photos/33357665/pexels-photo-33357665.jpeg,sao-tome-and-principe/eco-tourism/a-chocolate-maker-sorting-cocoa-beans-on-a-table-sao-tome-and-principe.avif,2,/places/sao-tome-and-principe/cocoa-grown-and-made.html,/places/sao-tome-and-principe/cocoa-grown-and-made.html,"relevance 6.2, subject query, names its country",pexels,Garba Bakura,https://www.pexels.com/photo/worker-s-hands-sorting-natural-minerals-outdoors-33357665/
1133,W9 no acquisition,KEEP,pexels:19980010,4,no price attached,62%,P3,sao-tome-and-principe,small and easy,family-community,"Children swimming in a shimmering lake in Kampot, Cambodia, during sunset. Perfect summer vacation vibe., Sao Tome and Principe",16/9 and 4/3,1600,migrate as it is,none,— already ours.,AKL-000456,https://images.pexels.com/photos/19980010/pexels-photo-19980010.jpeg,sao-tome-and-principe/family-community/children-swimming-in-a-shimmering-lake-in-kampot-cambodia-during-sunse.avif,2,/places/sao-tome-and-principe/small-and-easy.html,/places/sao-tome-and-principe/small-and-easy.html,"relevance 4.7, subject query, names its country",pexels,Mengtry  Lorn,https://www.pexels.com/photo/boys-swimming-in-lake-at-sunset-19980010/
1134,W9 no acquisition,KEEP,pexels:21998612,4,no price attached,62%,P3,sao-tome-and-principe,the cocoa forest,forests,"cocoa pods growing among overgrown plantation trees, Sao Tome and Principe",16/9 and 4/3,1600,migrate as it is,none,— already ours.,AKL-000457,https://images.pexels.com/photos/21998612/pexels-photo-21998612.jpeg,sao-tome-and-principe/forests/cocoa-pods-growing-among-overgrown-plantation-trees-sao-tome-and-princ.avif,4,/places/sao-tome-and-principe/the-cocoa-forest.html,/sao-tome-and-principe.html,"relevance 6.2, subject query, names its country",pexels,Kawê  Rodrigues,https://www.pexels.com/photo/nacional-fruits-growing-on-a-tree-21998612/
1135,W9 no acquisition,KEEP,pexels:31356364,4,no price attached,62%,P3,sao-tome-and-principe,rivers to the sea,lakes-rivers,"Tranquil river surrounded by dense, lush forest trees reflecting a calm, natural setting., Sao Tome and Principe",16/9 and 4/5 and 4/3,1600,migrate as it is,none,— already ours.,AKL-000458,https://images.pexels.com/photos/31356364/pexels-photo-31356364.jpeg,sao-tome-and-principe/lakes-rivers/tranquil-river-surrounded-by-dense-lush-forest-trees-reflecting-a-calm.avif,3,/places/sao-tome-and-principe/rivers-to-the-sea.html,/places/sao-tome-and-principe/rivers-to-the-sea.html,"relevance 5.4, subject query, names its country",pexels,Galih Suryana Putra,https://www.pexels.com/photo/serene-river-scene-with-lush-forest-landscape-31356364/
1136,W9 no acquisition,KEEP,pexels:32544304,4,no price attached,62%,P3,sao-tome-and-principe,good and small,luxury,"a restored plantation house hotel with a verandah, Sao Tome and Principe",16/9 and 4/3,1600,migrate as it is,none,— already ours.,AKL-000459,https://images.pexels.com/photos/32544304/pexels-photo-32544304.jpeg,sao-tome-and-principe/luxury/a-restored-plantation-house-hotel-with-a-verandah-sao-tome-and-princip.avif,2,/places/sao-tome-and-principe/good-and-small.html,/places/sao-tome-and-principe/good-and-small.html,"relevance 6.0, subject query, names its country",pexels,Vika Glitter,https://www.pexels.com/photo/traditional-thatched-roof-house-in-tropical-setting-32544304/
1137,W9 no acquisition,KEEP,pexels:13796775,4,no price attached,62%,P3,sao-tome-and-principe,the angolares,traditional-people,"Angolares fishermen with a dugout canoe on a black beach, Sao Tome and Principe",16/9 and 4/5 and 4/3,1600,migrate as it is,none,— already ours.,AKL-000460,https://images.pexels.com/photos/13796775/pexels-photo-13796775.jpeg,sao-tome-and-principe/traditional-people/angolares-fishermen-with-a-dugout-canoe-on-a-black-beach-sao-tome-and-.avif,3,/places/sao-tome-and-principe/the-angolares.html,/places/sao-tome-and-principe/the-angolares.html,"relevance 6.2, subject query, names its country",pexels,Wale Adebisi,https://www.pexels.com/photo/boys-at-the-beach-13796775/
1138,W9 no acquisition,KEEP,pexels:5813448,4,no price attached,62%,P4,equatorial-guinea,,beaches,"Black and white high angle of wild tiny turtle crawling on sandy coast washed by foamy sea, Equatorial Guinea",unconstrained,0,migrate as it is,none,— already ours.,AKL-000154,https://images.pexels.com/photos/5813448/pexels-photo-5813448.jpeg,equatorial-guinea/beaches/black-and-white-high-angle-of-wild-tiny-turtle-crawling-on-sandy-coast.avif,4,,/equatorial-guinea.html,"relevance 6.0, subject query, names its country",pexels,Ludvig Hedenborg,https://www.pexels.com/photo/small-turtle-crawling-on-wet-sandy-beach-near-foamy-water-5813448/
1139,W9 no acquisition,KEEP,pexels:34578955,4,no price attached,59%,P3,sudan,sufi friday at omdurman,festivals,"Sufi dervishes in green and red at the Hamed al-Nil tomb, Omdurman, Sudan",16/9 and 3/2 and 4/3,1600,migrate as it is,none,— already ours.,AKL-000537,https://images.pexels.com/photos/34578955/pexels-photo-34578955.jpeg,sudan/festivals/sufi-dervishes-in-green-and-red-at-the-hamed-al-nil-tomb-omdurman-suda.avif,3,/places/sudan/sufi-friday-at-omdurman.html,/places/sudan/sufi-friday-at-omdurman.html,"relevance 4.5, subject query, names its country",pexels,Zeynep Kahraman,https://www.pexels.com/photo/mesmerizing-sufi-whirling-dervishes-in-motion-34578955/
1140,W9 no acquisition,KEEP,pexels:27407537,4,no price attached,59%,P3,sudan,old dongola,hidden-gems,"the ruined columns and throne hall of Old Dongola above the Nile, Sudan",16/9 and 4/3,1600,migrate as it is,none,— already ours.,AKL-000538,https://images.pexels.com/photos/27407537/pexels-photo-27407537.jpeg,sudan/hidden-gems/the-ruined-columns-and-throne-hall-of-old-dongola-above-the-nile-sudan.avif,2,/places/sudan/old-dongola.html,/places/sudan/old-dongola.html,"relevance 4.2, subject query, names its country",pexels,Eslam Mohammed Abdelmaksoud,https://www.pexels.com/photo/nile-river-27407537/
1141,W9 no acquisition,KEEP,pexels:12607744,4,no price attached,59%,P3,sudan,the blue and the white,lakes-rivers,"the confluence of the Blue and White Nile at Khartoum from the air, Sudan",16/9 and 4/5 and 4/3,1600,migrate as it is,none,— already ours.,AKL-000539,https://images.pexels.com/photos/12607744/pexels-photo-12607744.jpeg,sudan/lakes-rivers/the-confluence-of-the-blue-and-white-nile-at-khartoum-from-the-air-sud.avif,3,/places/sudan/the-blue-and-the-white.html,/places/sudan/the-blue-and-the-white.html,"relevance 5.4, subject query, names its country",pexels,Ahmed Aziz,https://www.pexels.com/photo/a-buildings-and-bridge-near-the-nile-river-12607744/
1142,W9 no acquisition,KEEP,pexels:31743744,4,no price attached,59%,P3,sudan,the camel market,local-life,"camels and traders at the Omdurman camel market, Sudan",16/9 and 3/2 and 4/3,1600,migrate as it is,none,— already ours.,AKL-000540,https://images.pexels.com/photos/31743744/pexels-photo-31743744.jpeg,sudan/local-life/camels-and-traders-at-the-omdurman-camel-market-sudan.avif,3,/places/sudan/the-camel-market.html,/places/sudan/the-camel-market.html,"relevance 4.2, subject query, names its country",pexels,Kazys Photography,https://www.pexels.com/photo/candid-nigerian-market-scene-with-spices-31743744/
1143,W9 no acquisition,KEEP,pexels:18934597,4,no price attached,59%,P3,sudan,the great bend,nature,the Nile curving through desert at the great bend in northern Sudan,16/9 and 21/9 and 4/3,2100,migrate as it is,none,— already ours.,AKL-000541,https://images.pexels.com/photos/18934597/pexels-photo-18934597.jpeg,sudan/nature/the-nile-curving-through-desert-at-the-great-bend-in-northern-sudan.avif,4,/places/sudan/the-great-bend.html,/sudan.html,"relevance 4.5, subject query, names its country",pexels,AXP Photography,https://www.pexels.com/photo/forest-by-the-nile-18934597/
1144,W9 no acquisition,KEEP,pexels:33949846,4,no price attached,59%,P3,sudan,walking between pyramids,outdoor,"footprints in sand leading up to the Meroe pyramids, Sudan",16/9 and 4/3,1600,migrate as it is,none,— already ours.,AKL-000542,https://images.pexels.com/photos/33949846/pexels-photo-33949846.jpeg,sudan/outdoor/footprints-in-sand-leading-up-to-the-meroe-pyramids-sudan.avif,2,/places/sudan/walking-between-pyramids.html,/places/sudan/walking-between-pyramids.html,"relevance 4.5, subject query, names its country",pexels,Esra Erdem,https://www.pexels.com/photo/footprints-in-golden-beach-sand-at-sunset-33949846/
1145,W9 no acquisition,KEEP,pexels:38108356,4,no price attached,59%,P3,sudan,the nubians,traditional-people,"a Nubian woman in a doorway of a brightly painted house, Sudan",16/9 and 4/5 and 4/3,1600,migrate as it is,none,— already ours.,AKL-000543,https://images.pexels.com/photos/38108356/pexels-photo-38108356.jpeg,sudan/traditional-people/a-nubian-woman-in-a-doorway-of-a-brightly-painted-house-sudan.avif,3,/places/sudan/the-nubians.html,/places/sudan/the-nubians.html,"relevance 5.7, subject query, names its country",pexels,Sani Maikatanga,https://www.pexels.com/photo/traditional-tuareg-attire-in-agadez-38108356/
1146,W9 no acquisition,KEEP,pexels:15131485,4,no price attached,59%,P3,sudan,the cataracts,waterfalls,"white water over black granite at a Nile cataract, Sudan",16/9 and 4/3,1600,migrate as it is,none,— already ours.,AKL-000544,https://images.pexels.com/photos/15131485/pexels-photo-15131485.jpeg,sudan/waterfalls/white-water-over-black-granite-at-a-nile-cataract-sudan.avif,3,/places/sudan/the-cataracts.html,/places/sudan/the-cataracts.html,"relevance 4.7, subject query, names its country",pexels,Diego F. Parra,https://www.pexels.com/photo/sailboat-in-water-in-mountains-landscape-15131485/
1147,W9 no acquisition,KEEP,pexels:36380985,4,no price attached,59%,P3,togo,fifty kilometres of coast,beaches,"coconut palms and Atlantic surf on the beach near Aneho, Togo",16/9 and 4/3,1800,migrate as it is,none,— already ours.,AKL-000560,https://images.pexels.com/photos/36380985/pexels-photo-36380985.jpeg,togo/beaches/coconut-palms-and-atlantic-surf-on-the-beach-near-aneho-togo.avif,4,/places/togo/fifty-kilometres-of-coast.html,/togo.html,"relevance 5.5, subject query, names its country",pexels,Barnabas Lartey-Odoi Tetteh,https://www.pexels.com/photo/vibrant-beach-scene-with-fishermen-in-togo-36380985/
1148,W9 no acquisition,KEEP,pexels:38376805,4,no price attached,59%,P3,togo,lome,cities,"Serene tropical beach with palm trees, turquoise waters, and clear blue sky., Togo",16/9 and 4/3,1600,migrate as it is,none,— already ours.,AKL-000561,https://images.pexels.com/photos/38376805/pexels-photo-38376805.jpeg,togo/cities/serene-tropical-beach-with-palm-trees-turquoise-waters-and-clear-blue-.avif,2,/places/togo/lome.html,/places/togo/lome.html,"relevance 4.2, subject query, names its country",pexels,Klecio Oliveira,https://www.pexels.com/photo/tropical-beach-with-palm-trees-and-clear-blue-sea-38376805/
1149,W9 no acquisition,KEEP,pexels:6120241,4,no price attached,59%,P3,togo,fufu and gboma dessi,food,"a bowl of gboma dessi spinach stew with fufu, Togo",16/9 and 4/3,1600,migrate as it is,none,— already ours.,AKL-000562,https://images.pexels.com/photos/6120241/pexels-photo-6120241.jpeg,togo/food/a-bowl-of-gboma-dessi-spinach-stew-with-fufu-togo.avif,2,/places/togo/fufu-and-gboma-dessi.html,/places/togo/fufu-and-gboma-dessi.html,"relevance 4.7, subject query, names its country",pexels,Alesia  Kozik,https://www.pexels.com/photo/close-up-photo-of-food-in-a-bowl-6120241/
1150,W9 no acquisition,KEEP,pexels:37673862,4,no price attached,59%,P3,togo,aneho and the old coast,historic-sites,"Black and white photo of an old building facade with peeling paint and closed shutters., Togo",16/9 and 4/3,1600,migrate as it is,none,— already ours.,AKL-000564,https://images.pexels.com/photos/37673862/pexels-photo-37673862.jpeg,togo/historic-sites/black-and-white-photo-of-an-old-building-facade-with-peeling-paint-and.avif,2,/places/togo/aneho-and-the-old-coast.html,/places/togo/aneho-and-the-old-coast.html,"relevance 4.7, subject query, names its country",pexels,Ali Yılmaz,https://www.pexels.com/photo/aged-building-with-peeling-paint-and-shutters-37673862/
1151,W9 no acquisition,KEEP,pexels:28493546,4,no price attached,59%,P3,togo,the grand marche and the nana benz,local-life,"Colorful assortment of tomatoes, onions, spices, and vegetables at an outdoor market stall., Togo",16/9 and 3/2 and 4/3,1600,migrate as it is,none,— already ours.,AKL-000565,https://images.pexels.com/photos/28493546/pexels-photo-28493546.jpeg,togo/local-life/colorful-assortment-of-tomatoes-onions-spices-and-vegetables-at-an-out.avif,3,/places/togo/the-grand-marche-and-the-nana-benz.html,/places/togo/the-grand-marche-and-the-nana-benz.html,"relevance 4.2, subject query, names its country",pexels,micka randrianjafisolo,https://www.pexels.com/photo/vibrant-market-stall-with-fresh-produce-and-spices-28493546/
1152,W9 no acquisition,KEEP,pexels:28672619,4,no price attached,59%,P3,togo,the kloto hills,nature,"Captivating view of the verdant Sajek Valley hills, Bangladesh., Togo",16/9 and 21/9 and 4/3,2100,migrate as it is,none,— already ours.,AKL-000566,https://images.pexels.com/photos/28672619/pexels-photo-28672619.jpeg,togo/nature/captivating-view-of-the-verdant-sajek-valley-hills-bangladesh-togo.avif,4,/places/togo/the-kloto-hills.html,/togo.html,"relevance 4.5, subject query, names its country",pexels,Siam Chowdhury.,https://www.pexels.com/photo/lush-green-hills-of-sajek-valley-in-bangladesh-28672619/
1153,W9 no acquisition,KEEP,pexels:5465040,4,no price attached,59%,P3,togo,the batammariba,traditional-people,"a Batammariba woman on the roof terrace of a takienta house, Togo",16/9 and 4/5 and 4/3,1600,migrate as it is,none,— already ours.,AKL-000567,https://images.pexels.com/photos/5465040/pexels-photo-5465040.jpeg,togo/traditional-people/a-batammariba-woman-on-the-roof-terrace-of-a-takienta-house-togo.avif,3,/places/togo/the-batammariba.html,/places/togo/the-batammariba.html,"relevance 4.2, subject query, names its country",pexels,Junior Karrick DJIKOUNOU,https://www.pexels.com/photo/woman-in-black-bikini-standing-on-beside-a-bamboo-fence-5465040/
1154,W9 no acquisition,KEEP,pexels:12338570,4,no price attached,59%,P3,togo,kpime and wom,waterfalls,"Serene waterfall cascading in a lush forest setting, showcasing nature's beauty., Togo",16/9 and 4/3,1600,migrate as it is,none,— already ours.,AKL-000568,https://images.pexels.com/photos/12338570/pexels-photo-12338570.jpeg,togo/waterfalls/serene-waterfall-cascading-in-a-lush-forest-setting-showcasing-nature-.avif,3,/places/togo/kpime-and-wom.html,/places/togo/kpime-and-wom.html,"relevance 6.5, subject query, names its country",pexels,Engin Akyurt,https://www.pexels.com/photo/long-exposure-shot-of-a-waterfall-12338570/
1155,W9 no acquisition,KEEP,pexels:33753659,4,no price attached,58%,P3,eritrea,terraces that hold the soil,eco-tourism,hand-built stone terraces on a steep Eritrean hillside,16/9 and 4/3,1600,migrate as it is,none,— already ours.,AKL-000164,https://images.pexels.com/photos/33753659/pexels-photo-33753659.jpeg,eritrea/eco-tourism/hand-built-stone-terraces-on-a-steep-eritrean-hillside.avif,2,/places/eritrea/terraces-that-hold-the-soil.html,/places/eritrea/terraces-that-hold-the-soil.html,"relevance 4.7, subject query, names its country",pexels,GOWTHAM AGM,https://www.pexels.com/photo/close-up-of-artisan-sculpting-stone-column-33753659/
1156,W9 no acquisition,KEEP,pexels:6434584,4,no price attached,58%,P3,eritrea,injera zigni and macchiato,food,"Expensive liquor in bottle and carafe near cigar on glass against armchair and table at home, Eritrea",16/9 and 4/3,1600,migrate as it is,none,— already ours.,AKL-000165,https://images.pexels.com/photos/6434584/pexels-photo-6434584.jpeg,eritrea/food/expensive-liquor-in-bottle-and-carafe-near-cigar-on-glass-against-armc.avif,2,/places/eritrea/injera-zigni-and-macchiato.html,/places/eritrea/injera-zigni-and-macchiato.html,"relevance 4.7, subject query, names its country",pexels,Max Vakhtbovych,https://www.pexels.com/photo/bottle-of-whiskey-near-decanter-in-house-room-6434584/
1157,W9 no acquisition,KEEP,pexels:14023085,4,no price attached,58%,P3,eritrea,the green belt,forests,"A serene tropical forest shrouded in mist, featuring lush greenery and tall palm trees., Eritrea",16/9 and 4/3,1600,migrate as it is,none,— already ours.,AKL-000166,https://images.pexels.com/photos/14023085/pexels-photo-14023085.jpeg,eritrea/forests/a-serene-tropical-forest-shrouded-in-mist-featuring-lush-greenery-and-.avif,4,/places/eritrea/the-green-belt.html,/eritrea.html,"relevance 6.2, subject query, names its country",pexels,Quang Nguyen Vinh,https://www.pexels.com/photo/green-trees-under-white-sky-14023085/
1158,W9 no acquisition,KEEP,pexels:38268008,4,no price attached,58%,P3,eritrea,adulis and qohaito,historic-sites,"Explore historic Roman ruins showcasing a row of stone columns under a clear sky., Eritrea",16/9 and 4/3,1600,migrate as it is,none,— already ours.,AKL-000168,https://images.pexels.com/photos/38268008/pexels-photo-38268008.jpeg,eritrea/historic-sites/explore-historic-roman-ruins-showcasing-a-row-of-stone-columns-under-a.avif,2,/places/eritrea/adulis-and-qohaito.html,/places/eritrea/adulis-and-qohaito.html,"relevance 7.7, subject query, names its country",pexels,Ayşegül  Aytören,https://www.pexels.com/photo/ancient-roman-ruins-with-stone-columns-38268008/
1159,W9 no acquisition,KEEP,pexels:31362332,4,no price attached,58%,P3,eritrea,modest and improving,luxury,"Side view of a restored 1930s luxury car with elegant maroon and cream styling., Eritrea",16/9 and 4/3,1600,migrate as it is,none,— already ours.,AKL-000169,https://images.pexels.com/photos/31362332/pexels-photo-31362332.jpeg,eritrea/luxury/side-view-of-a-restored-1930s-luxury-car-with-elegant-maroon-and-cream.avif,2,/places/eritrea/modest-and-improving.html,/places/eritrea/modest-and-improving.html,"relevance 4.0, subject query, names its country",pexels,Mauricio  Krupka Buendia,https://www.pexels.com/photo/classic-1930s-luxury-car-in-vintage-setting-31362332/
1160,W9 no acquisition,KEEP,pexels:37086482,4,no price attached,58%,P3,eritrea,emba soira,mountains,terraced fields climbing the slopes of the Eritrean highlands,16/9 and 4/3,1800,migrate as it is,none,— already ours.,AKL-000170,https://images.pexels.com/photos/37086482/pexels-photo-37086482.jpeg,eritrea/mountains/terraced-fields-climbing-the-slopes-of-the-eritrean-highlands.avif,4,/places/eritrea/emba-soira.html,/eritrea.html,"relevance 4.5, subject query, names its country",pexels,Mohamed es_saidi,https://www.pexels.com/photo/lush-moroccan-terraced-landscape-under-clear-sky-37086482/
1161,W9 no acquisition,KEEP,pexels:13358008,4,no price attached,58%,P3,eritrea,cycling,outdoor,a peloton of cyclists climbing a mountain road in Eritrea,16/9 and 4/3,1600,migrate as it is,none,— already ours.,AKL-000171,https://images.pexels.com/photos/13358008/pexels-photo-13358008.jpeg,eritrea/outdoor/a-peloton-of-cyclists-climbing-a-mountain-road-in-eritrea.avif,2,/places/eritrea/cycling.html,/places/eritrea/cycling.html,"relevance 4.5, subject query, names its country",pexels,Leyla Helvaci,https://www.pexels.com/photo/people-riding-bicycles-on-the-road-13358008/
1162,W9 no acquisition,KEEP,pexels:10582510,4,no price attached,58%,P3,eritrea,not the business here,safari,"A stunning green sea turtle swimming gracefully underwater., Eritrea",16/9 and 4/3,1600,migrate as it is,none,— already ours.,AKL-000172,https://images.pexels.com/photos/10582510/pexels-photo-10582510.jpeg,eritrea/safari/a-stunning-green-sea-turtle-swimming-gracefully-underwater-eritrea.avif,2,/places/eritrea/not-the-business-here.html,/places/eritrea/not-the-business-here.html,"relevance 4.7, subject query, names its country",pexels,Murilo Fonseca,https://www.pexels.com/photo/green-sea-turtle-swimming-underwater-10582510/
1163,W9 no acquisition,KEEP,pexels:33389102,4,no price attached,58%,P3,eritrea,seasonal only,waterfalls,a dry rocky streambed in the Eritrean highlands,16/9 and 4/3,1600,migrate as it is,none,— already ours.,AKL-000173,https://images.pexels.com/photos/33389102/pexels-photo-33389102.jpeg,eritrea/waterfalls/a-dry-rocky-streambed-in-the-eritrean-highlands.avif,3,/places/eritrea/seasonal-only.html,/places/eritrea/seasonal-only.html,"relevance 4.7, subject query, names its country",pexels,Cafer SEVİNÇ,https://www.pexels.com/photo/scenic-view-of-arid-rocky-landscape-at-sunset-33389102/
1164,W9 no acquisition,KEEP,pexels:28830324,4,no price attached,58%,P3,liberia,verandah and zinc,architecture,"An African woman selling goods on the streets of Monrovia, Liberia.",16/9 and 3/2 and 4/3,1600,migrate as it is,none,— already ours.,AKL-000296,https://images.pexels.com/photos/28830324/pexels-photo-28830324.jpeg,liberia/architecture/an-african-woman-selling-goods-on-the-streets-of-monrovia-liberia.avif,3,/places/liberia/verandah-and-zinc.html,/places/liberia/verandah-and-zinc.html,"relevance 4.2, subject query, names its country",pexels,B. Aristotlè Guweh Jr,https://www.pexels.com/photo/street-vendor-in-monrovia-liberia-28830324/
1165,W9 no acquisition,KEEP,pexels:38823251,4,no price attached,58%,P3,liberia,five hundred kilometres of atlantic,beaches,an empty palm-backed beach on the Liberian Atlantic coast,16/9 and 4/3,1800,migrate as it is,none,— already ours.,AKL-000297,https://images.pexels.com/photos/38823251/pexels-photo-38823251.jpeg,liberia/beaches/an-empty-palm-backed-beach-on-the-liberian-atlantic-coast.avif,4,/places/liberia/five-hundred-kilometres-of-atlantic.html,/liberia.html,"relevance 7.5, subject query, names its country",pexels,Isiaka D. Massalay,https://www.pexels.com/photo/fishermen-pulling-canoe-on-liberian-beach-38823251/
1166,W9 no acquisition,KEEP,pexels:38823248,4,no price attached,58%,P3,liberia,forty per cent of what is left,eco-tourism,an aerial view of unbroken rainforest canopy in Liberia,16/9 and 4/3,1600,migrate as it is,none,— already ours.,AKL-000298,https://images.pexels.com/photos/38823248/pexels-photo-38823248.jpeg,liberia/eco-tourism/an-aerial-view-of-unbroken-rainforest-canopy-in-liberia.avif,2,/places/liberia/forty-per-cent-of-what-is-left.html,/places/liberia/forty-per-cent-of-what-is-left.html,"relevance 4.2, subject query, names its country",pexels,Isiaka D. Massalay,https://www.pexels.com/photo/children-playing-on-a-beach-in-liberia-38823248/
1167,W9 no acquisition,KEEP,pexels:6659897,4,no price attached,58%,P3,liberia,jollof palm butter and fufu,food,"a bowl of palm butter soup with rice and fish, Liberia",16/9 and 4/3,1600,migrate as it is,none,— already ours.,AKL-000299,https://images.pexels.com/photos/6659897/pexels-photo-6659897.jpeg,liberia/food/a-bowl-of-palm-butter-soup-with-rice-and-fish-liberia.avif,2,/places/liberia/jollof-palm-butter-and-fufu.html,/places/liberia/jollof-palm-butter-and-fufu.html,"relevance 4.7, subject query, names its country",pexels,https://kaboompics.com/,https://www.pexels.com/photo/swirling-of-creamy-peanut-butter-6659897/
1168,W9 no acquisition,KEEP,pexels:28385238,4,no price attached,58%,P3,liberia,a republic built by the freed,heritage,"a decaying nineteenth-century settler mansion in Monrovia, Liberia",16/9 and 4/3,1600,migrate as it is,none,— already ours.,AKL-000300,https://images.pexels.com/photos/28385238/pexels-photo-28385238.jpeg,liberia/heritage/a-decaying-nineteenth-century-settler-mansion-in-monrovia-liberia.avif,3,/places/liberia/a-republic-built-by-the-freed.html,/places/liberia/a-republic-built-by-the-freed.html,"relevance 6.0, subject query, names its country",pexels,B. Aristotlè Guweh Jr,https://www.pexels.com/photo/traditional-fishing-boat-on-monrovia-coastline-28385238/
1169,W9 no acquisition,KEEP,pexels:38823255,4,no price attached,58%,P3,liberia,beginning,luxury,"a simple beach lodge under palms at Robertsport, Liberia",16/9 and 4/3,1600,migrate as it is,none,— already ours.,AKL-000301,https://images.pexels.com/photos/38823255/pexels-photo-38823255.jpeg,liberia/luxury/a-simple-beach-lodge-under-palms-at-robertsport-liberia.avif,2,/places/liberia/beginning.html,/places/liberia/beginning.html,"relevance 4.0, subject query, names its country",pexels,Isiaka D. Massalay,https://www.pexels.com/photo/young-men-socializing-by-a-fishing-boat-in-liberia-38823255/
1170,W9 no acquisition,KEEP,pexels:36836423,4,no price attached,58%,P3,liberia,mount nimba and wologizi,mountains,"A misty mountain range enveloped in early morning light., Liberia",16/9 and 4/3,1800,migrate as it is,none,— already ours.,AKL-000302,https://images.pexels.com/photos/36836423/pexels-photo-36836423.jpeg,liberia/mountains/a-misty-mountain-range-enveloped-in-early-morning-light-liberia.avif,4,/places/liberia/mount-nimba-and-wologizi.html,/liberia.html,"relevance 4.0, subject query, names its country",pexels,shubhankar saha,https://www.pexels.com/photo/misty-mountain-range-at-dawn-36836423/
1171,W9 no acquisition,KEEP,pexels:18162867,4,no price attached,58%,P3,liberia,forest tracking,safari,"a tracker on a forest path in Sapo National Park, Liberia",16/9 and 4/3,1600,migrate as it is,none,— already ours.,AKL-000303,https://images.pexels.com/photos/18162867/pexels-photo-18162867.jpeg,liberia/safari/a-tracker-on-a-forest-path-in-sapo-national-park-liberia.avif,2,/places/liberia/forest-tracking.html,/places/liberia/forest-tracking.html,"relevance 4.2, subject query, names its country",pexels,Kenny Fotos CR,https://www.pexels.com/photo/black-and-white-photo-of-a-train-in-a-theme-park-18162867/
1172,W9 no acquisition,KEEP,pexels:28901999,4,no price attached,58%,P3,liberia,kpatawee,waterfalls,"the Kpatawee waterfall falling over granite into a pool, Liberia",16/9 and 4/3,1600,migrate as it is,none,— already ours.,AKL-000304,https://images.pexels.com/photos/28901999/pexels-photo-28901999.jpeg,liberia/waterfalls/the-kpatawee-waterfall-falling-over-granite-into-a-pool-liberia.avif,3,/places/liberia/kpatawee.html,/places/liberia/kpatawee.html,"relevance 4.5, subject query, names its country",pexels,Messy Moe,https://www.pexels.com/photo/majestic-waterfall-in-doi-inthanon-national-park-chiang-mai-28901999/
1173,W9 no acquisition,KEEP,pexels:37087437,4,no price attached,58%,P3,mauritius,colonial and estate,architecture,"a colonial plantation house with a wide veranda, Mauritius",16/9 and 3/2 and 4/3,1600,migrate as it is,none,— already ours.,AKL-000366,https://images.pexels.com/photos/37087437/pexels-photo-37087437.jpeg,mauritius/architecture/a-colonial-plantation-house-with-a-wide-veranda-mauritius.avif,3,/places/mauritius/colonial-and-estate.html,/places/mauritius/colonial-and-estate.html,"relevance 6.2, subject query, names its country",pexels,Laura  Meinhardt,https://www.pexels.com/photo/colonial-architecture-house-in-zanzibar-37087437/
1174,W9 no acquisition,KEEP,pexels:11555089,4,no price attached,58%,P3,mauritius,model ships and textiles,crafts,"a model ship being built in a Mauritian workshop, Mauritius",16/9 and 4/3,1600,migrate as it is,none,— already ours.,AKL-000367,https://images.pexels.com/photos/11555089/pexels-photo-11555089.jpeg,mauritius/crafts/a-model-ship-being-built-in-a-mauritian-workshop-mauritius.avif,2,/places/mauritius/model-ships-and-textiles.html,/places/mauritius/model-ships-and-textiles.html,"relevance 4.7, subject query, names its country",pexels,Pankaj Mishra,https://www.pexels.com/photo/mega-container-ships-11555089/
1175,W9 no acquisition,KEEP,pexels:21041187,4,no price attached,58%,P3,mauritius,made for families,family-community,"children playing in a calm Mauritian lagoon, Mauritius",16/9 and 4/3,1600,migrate as it is,none,— already ours.,AKL-000368,https://images.pexels.com/photos/21041187/pexels-photo-21041187.jpeg,mauritius/family-community/children-playing-in-a-calm-mauritian-lagoon-mauritius.avif,2,/places/mauritius/made-for-families.html,/places/mauritius/made-for-families.html,"relevance 4.7, subject query, names its country",pexels,Kunal Lakhotia,https://www.pexels.com/photo/children-playing-in-countryside-21041187/
1176,W9 no acquisition,KEEP,pexels:36879484,4,no price attached,58%,P3,mauritius,dholl puri and rougaille,food,"dholl puri being made at a street cart, Mauritius",16/9 and 4/3,1600,migrate as it is,none,— already ours.,AKL-000369,https://images.pexels.com/photos/36879484/pexels-photo-36879484.jpeg,mauritius/food/dholl-puri-being-made-at-a-street-cart-mauritius.avif,2,/places/mauritius/dholl-puri-and-rougaille.html,/places/mauritius/dholl-puri-and-rougaille.html,"relevance 6.4, subject query, names its country",pexels,Litoon dev,https://www.pexels.com/photo/delicious-pani-puri-in-a-rustic-basket-36879484/
1177,W9 no acquisition,KEEP,pexels:2918147,4,no price attached,58%,P3,mauritius,black river gorges,forests,"native forest in the Black River Gorges, Mauritius",16/9 and 4/3,1600,migrate as it is,none,— already ours.,AKL-000370,https://images.pexels.com/photos/2918147/pexels-photo-2918147.jpeg,mauritius/forests/native-forest-in-the-black-river-gorges-mauritius.avif,4,/places/mauritius/black-river-gorges.html,/mauritius.html,"relevance 4.2, subject query, names its country",pexels,K,https://www.pexels.com/photo/trees-beside-river-under-hill-2918147/
1178,W9 no acquisition,KEEP,pexels:32866404,4,no price attached,58%,P3,mauritius,the resort standard,luxury,"a resort beach and lagoon in the late afternoon, Mauritius",16/9 and 4/3,1600,migrate as it is,none,— already ours.,AKL-000371,https://images.pexels.com/photos/32866404/pexels-photo-32866404.jpeg,mauritius/luxury/a-resort-beach-and-lagoon-in-the-late-afternoon-mauritius.avif,2,/places/mauritius/the-resort-standard.html,/places/mauritius/the-resort-standard.html,"relevance 5.8, subject query, names its country",pexels,Jyoti  Pur,https://www.pexels.com/photo/scenic-blue-bay-beach-in-mauritius-32866404/
1179,W9 no acquisition,KEEP,pexels:27138360,4,no price attached,58%,P3,mauritius,le morne and pieter both,mountains,"the summit ridge of Le Morne Brabant above the sea, Mauritius",16/9 and 4/3,1800,migrate as it is,none,— already ours.,AKL-000372,https://images.pexels.com/photos/27138360/pexels-photo-27138360.jpeg,mauritius/mountains/the-summit-ridge-of-le-morne-brabant-above-the-sea-mauritius.avif,4,/places/mauritius/le-morne-and-pieter-both.html,/mauritius.html,"relevance 6.0, subject query, names its country",pexels,Tim & Martin Klement,https://www.pexels.com/photo/view-of-boats-on-the-coast-of-le-morne-brabant-mauritius-27138360/
1180,W9 no acquisition,KEEP,pexels:18762002,4,no price attached,58%,P3,mauritius,lagoon and gorge,nature,"the Black River gorges in morning cloud, Mauritius",16/9 and 21/9 and 4/3,2100,migrate as it is,none,— already ours.,AKL-000373,https://images.pexels.com/photos/18762002/pexels-photo-18762002.jpeg,mauritius/nature/the-black-river-gorges-in-morning-cloud-mauritius.avif,4,/places/mauritius/lagoon-and-gorge.html,/mauritius.html,"relevance 4.5, subject query, names its country",pexels,Abdulmomen Bsruki,https://www.pexels.com/photo/river-and-cathedral-in-magdeburg-18762002/
1181,W9 no acquisition,KEEP,pexels:28999522,4,no price attached,58%,P3,mauritius,kite hike dive,outdoor,"hikers on the trail up Le Morne, Mauritius",16/9 and 4/3,1600,migrate as it is,none,— already ours.,AKL-000374,https://images.pexels.com/photos/28999522/pexels-photo-28999522.jpeg,mauritius/outdoor/hikers-on-the-trail-up-le-morne-mauritius.avif,2,/places/mauritius/kite-hike-dive.html,/places/mauritius/kite-hike-dive.html,"relevance 4.7, subject query, names its country",pexels,Quang Nguyen Vinh,https://www.pexels.com/photo/group-of-people-hiking-in-lush-forest-trail-28999522/
1182,W9 no acquisition,KEEP,pexels:18783177,4,no price attached,58%,P3,mauritius,chamarel,waterfalls,"the Chamarel waterfall dropping into forest, Mauritius",16/9 and 4/3,1600,migrate as it is,none,— already ours.,AKL-000375,https://images.pexels.com/photos/18783177/pexels-photo-18783177.jpeg,mauritius/waterfalls/the-chamarel-waterfall-dropping-into-forest-mauritius.avif,3,/places/mauritius/chamarel.html,/places/mauritius/chamarel.html,"relevance 5.7, subject query, names its country",pexels,Moritz Feldmann,https://www.pexels.com/photo/waterfall-in-forest-18783177/
1183,W9 no acquisition,KEEP,pexels:26077113,4,no price attached,58%,P4,eritrea,,beaches,"an empty white beach and turquoise water on a Dahlak island, Eritrea",unconstrained,0,migrate as it is,none,— already ours.,AKL-000163,https://images.pexels.com/photos/26077113/pexels-photo-26077113.jpeg,eritrea/beaches/an-empty-white-beach-and-turquoise-water-on-a-dahlak-island-eritrea.avif,4,,/eritrea.html,"relevance 5.5, subject query, names its country",pexels,Vika Glitter,https://www.pexels.com/photo/wooden-boats-on-the-beach-and-moored-at-sea-26077113/
1184,W9 no acquisition,KEEP,pexels:15382785,4,no price attached,56%,P3,central-african-republic,nets baskets and bark cloth,crafts,"a woven forest hunting net and bark cloth, Central African Republic",16/9 and 4/3,1600,migrate as it is,none,— already ours.,AKL-000077,https://images.pexels.com/photos/15382785/pexels-photo-15382785.jpeg,central-african-republic/crafts/a-woven-forest-hunting-net-and-bark-cloth-central-african-republic.avif,2,/places/central-african-republic/nets-baskets-and-bark-cloth.html,/places/central-african-republic/nets-baskets-and-bark-cloth.html,"relevance 6.2, subject query, names its country",pexels,Seun Adeniyi,https://www.pexels.com/photo/a-people-in-the-forest-with-dogs-15382785/
1185,W9 no acquisition,KEEP,pexels:31590435,4,no price attached,56%,P3,central-african-republic,not yet,family-community,"a village school in a forest clearing, Central African Republic",16/9 and 4/3,1600,migrate as it is,none,— already ours.,AKL-000078,https://images.pexels.com/photos/31590435/pexels-photo-31590435.jpeg,central-african-republic/family-community/a-village-school-in-a-forest-clearing-central-african-republic.avif,2,/places/central-african-republic/not-yet.html,/places/central-african-republic/not-yet.html,"relevance 5.7, subject query, names its country",pexels,Prince Beguin,https://www.pexels.com/photo/group-of-children-posing-in-rural-village-setting-31590435/
1186,W9 no acquisition,KEEP,pexels:31810065,4,no price attached,56%,P3,central-african-republic,baaka polyphony,festivals,"BaAka singers and drummers around a forest camp fire, Central African Republic",16/9 and 3/2 and 4/3,1600,migrate as it is,none,— already ours.,AKL-000079,https://images.pexels.com/photos/31810065/pexels-photo-31810065.jpeg,central-african-republic/festivals/baaka-singers-and-drummers-around-a-forest-camp-fire-central-african-r.avif,3,/places/central-african-republic/baaka-polyphony.html,/places/central-african-republic/baaka-polyphony.html,"relevance 4.0, subject query, names its country",pexels,alameen .ng,https://www.pexels.com/photo/colorful-traditional-parade-with-african-drummers-31810065/
1187,W9 no acquisition,KEEP,pexels:33937245,4,no price attached,56%,P3,central-african-republic,cassava bushmeat and palm wine,food,"smoked river fish and cassava on a plate, Central African Republic",16/9 and 4/3,1600,migrate as it is,none,— already ours.,AKL-000080,https://images.pexels.com/photos/33937245/pexels-photo-33937245.jpeg,central-african-republic/food/smoked-river-fish-and-cassava-on-a-plate-central-african-republic.avif,2,/places/central-african-republic/cassava-bushmeat-and-palm-wine.html,/places/central-african-republic/cassava-bushmeat-and-palm-wine.html,"relevance 6.2, subject query, names its country",pexels,Freek Wolsink,https://www.pexels.com/photo/hands-preparing-smoked-fish-outdoors-33937245/
1188,W9 no acquisition,KEEP,pexels:38565894,4,no price attached,56%,P3,central-african-republic,banguis colonial quarter,historic-sites,"a colonial-era building on the riverfront at Bangui, Central African Republic",16/9 and 4/3,1600,migrate as it is,none,— already ours.,AKL-000081,https://images.pexels.com/photos/38565894/pexels-photo-38565894.jpeg,central-african-republic/historic-sites/a-colonial-era-building-on-the-riverfront-at-bangui-central-african-re.avif,2,/places/central-african-republic/banguis-colonial-quarter.html,/places/central-african-republic/banguis-colonial-quarter.html,"relevance 4.7, subject query, names its country",pexels,Sinan KRIYA,https://www.pexels.com/photo/historic-colonial-building-in-tranquil-setting-38565894/
1189,W9 no acquisition,KEEP,pexels:36470055,4,no price attached,56%,P3,central-african-republic,the marche central,local-life,"crowds and stalls at the Marche Central in Bangui, Central African Republic",16/9 and 3/2 and 4/3,1600,migrate as it is,none,— already ours.,AKL-000082,https://images.pexels.com/photos/36470055/pexels-photo-36470055.jpeg,central-african-republic/local-life/crowds-and-stalls-at-the-marche-central-in-bangui-central-african-repu.avif,3,/places/central-african-republic/the-marche-central.html,/places/central-african-republic/the-marche-central.html,"relevance 7.7, subject query, names its country",pexels,Ana Kenk,https://www.pexels.com/photo/vibrant-daily-life-at-jinja-central-market-36470055/
1190,W9 no acquisition,KEEP,pexels:32307947,4,no price attached,56%,P3,central-african-republic,one lodge,luxury,"a forest lodge deck overlooking the Sangha river, Central African Republic",16/9 and 4/3,1600,migrate as it is,none,— already ours.,AKL-000083,https://images.pexels.com/photos/32307947/pexels-photo-32307947.jpeg,central-african-republic/luxury/a-forest-lodge-deck-overlooking-the-sangha-river-central-african-repub.avif,2,/places/central-african-republic/one-lodge.html,/places/central-african-republic/one-lodge.html,"relevance 4.5, subject query, names its country",pexels,Quang Nguyen Vinh,https://www.pexels.com/photo/sunlit-forest-deck-with-hammock-and-chairs-32307947/
1191,W9 no acquisition,KEEP,pexels:13836495,4,no price attached,56%,P3,central-african-republic,forest walking,outdoor,"a narrow trail through dense Congo Basin forest, Central African Republic",16/9 and 4/3,1600,migrate as it is,none,— already ours.,AKL-000084,https://images.pexels.com/photos/13836495/pexels-photo-13836495.jpeg,central-african-republic/outdoor/a-narrow-trail-through-dense-congo-basin-forest-central-african-republ.avif,2,/places/central-african-republic/forest-walking.html,/places/central-african-republic/forest-walking.html,"relevance 4.5, subject query, names its country",pexels,Daniel Ndzaba,https://www.pexels.com/photo/trees-and-potted-plants-in-the-forest-13836495/
1192,W9 no acquisition,KEEP,pexels:25823029,4,no price attached,56%,P3,central-african-republic,elephants in a clearing,photography,"afternoon light across forest elephants at Dzanga Bai, Central African Republic",16/9 and 21/9 and 4/3,2100,migrate as it is,none,— already ours.,AKL-000085,https://images.pexels.com/photos/25823029/pexels-photo-25823029.jpeg,central-african-republic/photography/afternoon-light-across-forest-elephants-at-dzanga-bai-central-african-.avif,3,/places/central-african-republic/elephants-in-a-clearing.html,/places/central-african-republic/elephants-in-a-clearing.html,"relevance 6.9, subject query, names its country",pexels,Kyle  Miller,https://www.pexels.com/photo/elephants-by-the-stream-25823029/
1193,W9 no acquisition,KEEP,pexels:31764531,4,no price attached,56%,P3,central-african-republic,forest not savanna,safari,"a bongo antelope at the edge of a forest clearing, Central African Republic",16/9 and 4/3,1600,migrate as it is,none,— already ours.,AKL-000086,https://images.pexels.com/photos/31764531/pexels-photo-31764531.jpeg,central-african-republic/safari/a-bongo-antelope-at-the-edge-of-a-forest-clearing-central-african-repu.avif,2,/places/central-african-republic/forest-not-savanna.html,/places/central-african-republic/forest-not-savanna.html,"relevance 5.0, subject query, names its country",pexels,Calvin Seng,https://www.pexels.com/photo/close-up-of-a-bongo-antelope-in-nature-31764531/
1194,W9 no acquisition,KEEP,pexels:34806587,4,no price attached,56%,P3,central-african-republic,boali,waterfalls,"the Boali waterfall dropping over a wide ledge, Central African Republic",16/9 and 4/3,1600,migrate as it is,none,— already ours.,AKL-000087,https://images.pexels.com/photos/34806587/pexels-photo-34806587.jpeg,central-african-republic/waterfalls/the-boali-waterfall-dropping-over-a-wide-ledge-central-african-republi.avif,3,/places/central-african-republic/boali.html,/places/central-african-republic/boali.html,"relevance 5.7, subject query, names its country",pexels,Vasilis Karkalas,https://www.pexels.com/photo/captivating-waterfall-in-central-java-s-lush-forest-34806587/
1195,W9 no acquisition,KEEP,pexels:4728995,4,no price attached,54%,P3,cabo-verde,turtle patrols on boa vista,eco-tourism,"volunteers recording a turtle nest at night on Boa Vista, Cabo Verde",16/9 and 4/3,1600,migrate as it is,none,— already ours.,AKL-000059,https://images.pexels.com/photos/4728995/pexels-photo-4728995.jpeg,cabo-verde/eco-tourism/volunteers-recording-a-turtle-nest-at-night-on-boa-vista-cabo-verde.avif,2,/places/cabo-verde/turtle-patrols-on-boa-vista.html,/places/cabo-verde/turtle-patrols-on-boa-vista.html,"relevance 4.3, subject query, names its country",pexels,PEDRO  FERNANDES,https://www.pexels.com/photo/brown-and-black-turtle-under-the-sea-4728995/
1196,W9 no acquisition,KEEP,pexels:35603323,4,no price attached,54%,P3,cabo-verde,beaches and short flights,family-community,children playing in calm shallow water on a Cabo Verde beach,16/9 and 4/3,1600,migrate as it is,none,— already ours.,AKL-000060,https://images.pexels.com/photos/35603323/pexels-photo-35603323.jpeg,cabo-verde/family-community/children-playing-in-calm-shallow-water-on-a-cabo-verde-beach.avif,2,/places/cabo-verde/beaches-and-short-flights.html,/places/cabo-verde/beaches-and-short-flights.html,"relevance 6.2, subject query, names its country",pexels,ibrahim sakhawi,https://www.pexels.com/photo/children-playing-by-the-beach-in-somalia-35603323/
1197,W9 no acquisition,KEEP,pexels:38016551,4,no price attached,54%,P3,cabo-verde,cachupa and grogue,food,"Close-up of creamy macaroni with sliced sausage in a floral design dish, perfect for homestyle cooking visuals., Cabo Verde",16/9 and 4/3,1600,migrate as it is,none,— already ours.,AKL-000061,https://images.pexels.com/photos/38016551/pexels-photo-38016551.jpeg,cabo-verde/food/close-up-of-creamy-macaroni-with-sliced-sausage-in-a-floral-design-dis.avif,2,/places/cabo-verde/cachupa-and-grogue.html,/places/cabo-verde/cachupa-and-grogue.html,"relevance 4.5, subject query, names its country",pexels,Victor Vi,https://www.pexels.com/photo/delicious-macaroni-pasta-with-sausage-in-floral-dish-38016551/
1198,W9 no acquisition,KEEP,pexels:33693291,4,no price attached,54%,P3,cabo-verde,the cloud forest of santo antao,forests,"Silhouette of dragon trees with long, spiky leaves reaching toward a dramatic sky., Cabo Verde",16/9 and 4/3,1600,migrate as it is,none,— already ours.,AKL-000062,https://images.pexels.com/photos/33693291/pexels-photo-33693291.jpeg,cabo-verde/forests/silhouette-of-dragon-trees-with-long-spiky-leaves-reaching-toward-a-dr.avif,4,/places/cabo-verde/the-cloud-forest-of-santo-antao.html,/cabo-verde.html,"relevance 4.7, subject query, names its country",pexels,Magda Ehlers,https://www.pexels.com/photo/dramatic-silhouette-of-dragon-trees-against-sky-33693291/
1199,W9 no acquisition,KEEP,pexels:442557,4,no price attached,54%,P3,cabo-verde,the bar at midnight,local-life,"Adult man enjoying a beer at an outdoor cafe bar with colorful lights at night., Cabo Verde",16/9 and 3/2 and 4/3,1600,migrate as it is,none,— already ours.,AKL-000063,https://images.pexels.com/photos/442557/pexels-photo-442557.jpeg,cabo-verde/local-life/adult-man-enjoying-a-beer-at-an-outdoor-cafe-bar-with-colorful-lights-.avif,3,/places/cabo-verde/the-bar-at-midnight.html,/places/cabo-verde/the-bar-at-midnight.html,"relevance 4.9, subject query, names its country",pexels,Lucas Allmann,https://www.pexels.com/photo/man-holding-camera-near-cafe-bar-signage-442557/
1200,W9 no acquisition,KEEP,pexels:33526806,4,no price attached,54%,P3,cabo-verde,ten islands ten climates,nature,"Lush green terraced rice fields stretch across a hillside, highlighting natural beauty and agricultural artistry., Cabo Verde",16/9 and 21/9 and 4/3,2100,migrate as it is,none,— already ours.,AKL-000064,https://images.pexels.com/photos/33526806/pexels-photo-33526806.jpeg,cabo-verde/nature/lush-green-terraced-rice-fields-stretch-across-a-hillside-highlighting.avif,4,/places/cabo-verde/ten-islands-ten-climates.html,/cabo-verde.html,"relevance 4.7, subject query, names its country",pexels,Duc Nguyen,https://www.pexels.com/photo/vibrant-green-terraced-rice-fields-landscape-33526806/
1201,W9 no acquisition,KEEP,pexels:22912061,4,no price attached,54%,P3,cabo-verde,sea not savanna,safari,a humpback whale off the Cabo Verdean coast,16/9 and 4/3,1600,migrate as it is,none,— already ours.,AKL-000065,https://images.pexels.com/photos/22912061/pexels-photo-22912061.jpeg,cabo-verde/safari/a-humpback-whale-off-the-cabo-verdean-coast.avif,2,/places/cabo-verde/sea-not-savanna.html,/places/cabo-verde/sea-not-savanna.html,"relevance 6.2, subject query, names its country",pexels,Jules Clark,https://www.pexels.com/photo/blue-whale-in-a-sea-22912061/
1202,W9 no acquisition,KEEP,pexels:21624414,4,no price attached,54%,P3,cabo-verde,the badiu and the sampadjudu,traditional-people,"A group of musicians playing traditional drums at an outdoor cultural festival., Cabo Verde",16/9 and 4/5 and 4/3,1600,migrate as it is,none,— already ours.,AKL-000066,https://images.pexels.com/photos/21624414/pexels-photo-21624414.jpeg,cabo-verde/traditional-people/a-group-of-musicians-playing-traditional-drums-at-an-outdoor-cultural-.avif,3,/places/cabo-verde/the-badiu-and-the-sampadjudu.html,/places/cabo-verde/the-badiu-and-the-sampadjudu.html,"relevance 6.2, subject query, names its country",pexels,KAMAL IG,https://www.pexels.com/photo/men-walking-on-street-and-playing-traditional-drum-21624414/
1203,W9 no acquisition,KEEP,pexels:34410638,4,no price attached,54%,P3,cabo-verde,seasonal only,waterfalls,"Serene landscape featuring trees and dry stone walls under clear skies., Cabo Verde",16/9 and 4/3,1600,migrate as it is,none,— already ours.,AKL-000067,https://images.pexels.com/photos/34410638/pexels-photo-34410638.jpeg,cabo-verde/waterfalls/serene-landscape-featuring-trees-and-dry-stone-walls-under-clear-skies.avif,3,/places/cabo-verde/seasonal-only.html,/places/cabo-verde/seasonal-only.html,"relevance 4.7, subject query, names its country",pexels,Cafer SEVİNÇ,https://www.pexels.com/photo/tranquil-trees-in-dry-stone-landscape-34410638/
1204,W9 no acquisition,KEEP,pexels:38800010,4,no price attached,54%,P3,eswatini,mbabane and manzini,cities,"the market and streets of Manzini, Eswatini",16/9 and 4/3,1600,migrate as it is,none,— already ours.,AKL-000175,https://images.pexels.com/photos/38800010/pexels-photo-38800010.jpeg,eswatini/cities/the-market-and-streets-of-manzini-eswatini.avif,2,/places/eswatini/mbabane-and-manzini.html,/places/eswatini/mbabane-and-manzini.html,"relevance 5.4, subject query, names its country",pexels,Khaya Motsa,https://www.pexels.com/photo/street-life-in-manzini-eswatini-at-twilight-38800010/
1205,W9 no acquisition,KEEP,pexels:31012714,4,no price attached,54%,P3,eswatini,easy and safe,family-community,"A family enjoys a sunny walk outdoors, creating memorable moments together., Eswatini",16/9 and 4/3,1600,migrate as it is,none,— already ours.,AKL-000177,https://images.pexels.com/photos/31012714/pexels-photo-31012714.jpeg,eswatini/family-community/a-family-enjoys-a-sunny-walk-outdoors-creating-memorable-moments-toget.avif,2,/places/eswatini/easy-and-safe.html,/places/eswatini/easy-and-safe.html,"relevance 4.7, subject query, names its country",pexels,Michael Zolowere Phiri,https://www.pexels.com/photo/family-walk-in-sunlit-field-31012714/
1206,W9 no acquisition,KEEP,pexels:31792533,4,no price attached,54%,P3,eswatini,umhlanga and incwala,festivals,"A vibrant display of traditional dance with colorful attire at a cultural festival outdoors., Eswatini",16/9 and 3/2 and 4/3,1600,migrate as it is,none,— already ours.,AKL-000178,https://images.pexels.com/photos/31792533/pexels-photo-31792533.jpeg,eswatini/festivals/a-vibrant-display-of-traditional-dance-with-colorful-attire-at-a-cultu.avif,3,/places/eswatini/umhlanga-and-incwala.html,/places/eswatini/umhlanga-and-incwala.html,"relevance 5.1, subject query, names its country",pexels,Asso Myron,https://www.pexels.com/photo/traditional-cultural-dance-festival-celebration-31792533/
1207,W9 no acquisition,KEEP,pexels:5662190,4,no price attached,54%,P3,eswatini,sidvudvu and emasi,food,"a bowl of sidvudvu pumpkin porridge, Eswatini",16/9 and 4/3,1600,migrate as it is,none,— already ours.,AKL-000179,https://images.pexels.com/photos/5662190/pexels-photo-5662190.jpeg,eswatini/food/a-bowl-of-sidvudvu-pumpkin-porridge-eswatini.avif,2,/places/eswatini/sidvudvu-and-emasi.html,/places/eswatini/sidvudvu-and-emasi.html,"relevance 6.2, subject query, names its country",pexels,KATRIN  BOLOVTSOVA,https://www.pexels.com/photo/pumpkin-soup-on-a-bowl-5662190/
1208,W9 no acquisition,KEEP,pexels:5241121,4,no price attached,54%,P3,eswatini,malolotja and ngwempisi,forests,"Scenic mountain footpath winding through a lush forest with rolling hills beneath a cloudy sky., Eswatini",16/9 and 4/3,1600,migrate as it is,none,— already ours.,AKL-000180,https://images.pexels.com/photos/5241121/pexels-photo-5241121.jpeg,eswatini/forests/scenic-mountain-footpath-winding-through-a-lush-forest-with-rolling-hi.avif,4,/places/eswatini/malolotja-and-ngwempisi.html,/eswatini.html,"relevance 4.2, subject query, names its country",pexels,Lucas Pezeta,https://www.pexels.com/photo/footpath-in-park-5241121/
1209,W9 no acquisition,KEEP,pexels:31265320,4,no price attached,54%,P3,eswatini,ngwempisi gorge,hidden-gems,"Suspension bridge stretching over greenery against a clear blue sky, captured in daylight., Eswatini",16/9 and 4/3,1600,migrate as it is,none,— already ours.,AKL-000181,https://images.pexels.com/photos/31265320/pexels-photo-31265320.jpeg,eswatini/hidden-gems/suspension-bridge-stretching-over-greenery-against-a-clear-blue-sky-ca.avif,2,/places/eswatini/ngwempisi-gorge.html,/places/eswatini/ngwempisi-gorge.html,"relevance 4.7, subject query, names its country",pexels,Arif Baroya,https://www.pexels.com/photo/suspension-bridge-in-sunlight-leading-to-nature-31265320/
1210,W9 no acquisition,KEEP,pexels:38948985,4,no price attached,54%,P3,eswatini,the manzini market,local-life,"the handicraft section of Manzini market, Eswatini",16/9 and 3/2 and 4/3,1600,migrate as it is,none,— already ours.,AKL-000182,https://images.pexels.com/photos/38948985/pexels-photo-38948985.jpeg,eswatini/local-life/the-handicraft-section-of-manzini-market-eswatini.avif,3,/places/eswatini/the-manzini-market.html,/places/eswatini/the-manzini-market.html,"relevance 7.7, subject query, names its country",pexels,Khaya Motsa,https://www.pexels.com/photo/vibrant-outdoor-food-market-in-malkerns-38948985/
1211,W9 no acquisition,KEEP,pexels:11624968,4,no price attached,54%,P3,eswatini,sibebe,mountains,"the bare granite dome of Sibebe rock above the valley, Eswatini",16/9 and 4/3,1800,migrate as it is,none,— already ours.,AKL-000183,https://images.pexels.com/photos/11624968/pexels-photo-11624968.jpeg,eswatini/mountains/the-bare-granite-dome-of-sibebe-rock-above-the-valley-eswatini.avif,4,/places/eswatini/sibebe.html,/eswatini.html,"relevance 4.5, subject query, names its country",pexels,Alfo Medeiros,https://www.pexels.com/photo/a-close-up-shot-of-a-rock-surface-11624968/
1212,W9 no acquisition,KEEP,pexels:38799919,4,no price attached,54%,P3,eswatini,walking malolotja,outdoor,"a walking trail crossing open grassland at Malolotja, Eswatini",16/9 and 4/3,1600,migrate as it is,none,— already ours.,AKL-000184,https://images.pexels.com/photos/38799919/pexels-photo-38799919.jpeg,eswatini/outdoor/a-walking-trail-crossing-open-grassland-at-malolotja-eswatini.avif,2,/places/eswatini/walking-malolotja.html,/places/eswatini/walking-malolotja.html,"relevance 5.5, subject query, names its country",pexels,Khaya Motsa,https://www.pexels.com/photo/group-hiking-in-manzini-eswatini-scenic-landscape-38799919/
1213,W9 no acquisition,KEEP,pexels:34120672,4,no price attached,54%,P3,eswatini,the swazi,traditional-people,"Swazi men in traditional dress at a royal ceremony, Eswatini",16/9 and 4/5 and 4/3,1600,migrate as it is,none,— already ours.,AKL-000185,https://images.pexels.com/photos/34120672/pexels-photo-34120672.jpeg,eswatini/traditional-people/swazi-men-in-traditional-dress-at-a-royal-ceremony-eswatini.avif,3,/places/eswatini/the-swazi.html,/places/eswatini/the-swazi.html,"relevance 7.7, subject query, names its country",pexels,Khaya Motsa,https://www.pexels.com/photo/traditional-swazi-cultural-dance-in-eswatini-34120672/
1214,W9 no acquisition,KEEP,pexels:14652598,4,no price attached,54%,P4,cabo-verde,,beaches,"windsurfers and white sand on a beach at Sal, Cabo Verde",unconstrained,0,migrate as it is,none,— already ours.,AKL-000057,https://images.pexels.com/photos/14652598/pexels-photo-14652598.jpeg,cabo-verde/beaches/windsurfers-and-white-sand-on-a-beach-at-sal-cabo-verde.avif,4,,/cabo-verde.html,"relevance 7.5, subject query, names its country",pexels,Petr Ganaj,https://www.pexels.com/photo/a-rocky-shore-on-the-beach-14652598/
1215,W9 no acquisition,KEEP,pexels:35468819,4,no price attached,54%,P4,eswatini,,beaches,"A vibrant river waterfall cascading over rocks surrounded by nature., Eswatini",unconstrained,0,migrate as it is,none,— already ours.,AKL-000174,https://images.pexels.com/photos/35468819/pexels-photo-35468819.jpeg,eswatini/beaches/a-vibrant-river-waterfall-cascading-over-rocks-surrounded-by-nature-es.avif,4,,/eswatini.html,"relevance 4.5, subject query, names its country",pexels,quang vinh,https://www.pexels.com/photo/scenic-river-waterfall-amidst-rocky-surroundings-35468819/
1216,W9 no acquisition,KEEP,pexels:32407533,4,no price attached,52%,P3,gabon,colonial and contemporary,architecture,"a colonial-era building beside modern blocks in Libreville, Gabon",16/9 and 3/2 and 4/3,1600,migrate as it is,none,— already ours.,AKL-000205,https://images.pexels.com/photos/32407533/pexels-photo-32407533.jpeg,gabon/architecture/a-colonial-era-building-beside-modern-blocks-in-libreville-gabon.avif,3,/places/gabon/colonial-and-contemporary.html,/places/gabon/colonial-and-contemporary.html,"relevance 6.2, subject query, names its country",pexels,Alexander Mass,https://www.pexels.com/photo/modern-office-building-with-palm-trees-32407533/
1217,W9 no acquisition,KEEP,pexels:5991589,4,no price attached,52%,P3,gabon,thirteen parks in one decision,eco-tourism,a park boundary sign at the edge of Gabonese rainforest,16/9 and 4/3,1600,migrate as it is,none,— already ours.,AKL-000207,https://images.pexels.com/photos/5991589/pexels-photo-5991589.jpeg,gabon/eco-tourism/a-park-boundary-sign-at-the-edge-of-gabonese-rainforest.avif,2,/places/gabon/thirteen-parks-in-one-decision.html,/places/gabon/thirteen-parks-in-one-decision.html,"relevance 4.7, subject query, names its country",pexels,Jeff Stapleton,https://www.pexels.com/photo/private-property-sign-5991589/
1218,W9 no acquisition,KEEP,pexels:37411703,4,no price attached,52%,P3,gabon,elephants from a boat,family-community,"a boat on Loango lagoon with elephants on the far bank, Gabon",16/9 and 4/3,1600,migrate as it is,none,— already ours.,AKL-000208,https://images.pexels.com/photos/37411703/pexels-photo-37411703.jpeg,gabon/family-community/a-boat-on-loango-lagoon-with-elephants-on-the-far-bank-gabon.avif,2,/places/gabon/elephants-from-a-boat.html,/places/gabon/elephants-from-a-boat.html,"relevance 4.7, subject query, names its country",pexels,Thilina Alagiyawanna,https://www.pexels.com/photo/abandoned-boat-in-batticaloa-lagoon-sri-lanka-37411703/
1219,W9 no acquisition,KEEP,pexels:13835709,4,no price attached,52%,P3,gabon,the bwiti night,festivals,"musicians playing the ngombi harp at a night ceremony, Gabon",16/9 and 3/2 and 4/3,1600,migrate as it is,none,— already ours.,AKL-000209,https://images.pexels.com/photos/13835709/pexels-photo-13835709.jpeg,gabon/festivals/musicians-playing-the-ngombi-harp-at-a-night-ceremony-gabon.avif,3,/places/gabon/the-bwiti-night.html,/places/gabon/the-bwiti-night.html,"relevance 6.0, subject query, names its country",pexels,Pipe Carbonell,https://www.pexels.com/photo/men-wearing-straw-hats-playing-on-instruments-13835709/
1220,W9 no acquisition,KEEP,pexels:36090548,4,no price attached,52%,P3,gabon,nyembwe and smoked fish,food,"a dish of poulet nyembwe with cassava, Gabon",16/9 and 4/3,1600,migrate as it is,none,— already ours.,AKL-000210,https://images.pexels.com/photos/36090548/pexels-photo-36090548.jpeg,gabon/food/a-dish-of-poulet-nyembwe-with-cassava-gabon.avif,2,/places/gabon/nyembwe-and-smoked-fish.html,/places/gabon/nyembwe-and-smoked-fish.html,"relevance 7.7, subject query, names its country",pexels,Hồng Quang Official,https://www.pexels.com/photo/traditional-vietnamese-clay-pot-fish-dish-36090548/
1221,W9 no acquisition,KEEP,pexels:38656163,4,no price attached,52%,P3,gabon,lope okanda and ivindo,heritage,"the forest-savanna boundary landscape at Lope-Okanda, Gabon",16/9 and 4/3,1600,migrate as it is,none,— already ours.,AKL-000211,https://images.pexels.com/photos/38656163/pexels-photo-38656163.jpeg,gabon/heritage/the-forest-savanna-boundary-landscape-at-lope-okanda-gabon.avif,3,/places/gabon/lope-okanda-and-ivindo.html,/places/gabon/lope-okanda-and-ivindo.html,"relevance 4.5, subject query, names its country",pexels,Hashtag Melvin,https://www.pexels.com/photo/blue-bus-traveling-through-foggy-forest-road-38656163/
1222,W9 no acquisition,KEEP,pexels:21633187,4,no price attached,52%,P3,gabon,lopes rock art,historic-sites,"rock engravings on granite beside the Ogooue at Lope, Gabon",16/9 and 4/3,1600,migrate as it is,none,— already ours.,AKL-000212,https://images.pexels.com/photos/21633187/pexels-photo-21633187.jpeg,gabon/historic-sites/rock-engravings-on-granite-beside-the-ogooue-at-lope-gabon.avif,2,/places/gabon/lopes-rock-art.html,/places/gabon/lopes-rock-art.html,"relevance 4.7, subject query, names its country",pexels,Boys in Bristol Photography,https://www.pexels.com/photo/cracked-rock-with-pictographs-21633187/
1223,W9 no acquisition,KEEP,pexels:35803823,4,no price attached,52%,P3,gabon,a handful and good,luxury,"Charming waterfront lodge in Bougainville, Papua New Guinea, surrounded by lush scenery and peaceful waters., Gabon",16/9 and 4/3,1600,migrate as it is,none,— already ours.,AKL-000213,https://images.pexels.com/photos/35803823/pexels-photo-35803823.jpeg,gabon/luxury/charming-waterfront-lodge-in-bougainville-papua-new-guinea-surrounded-.avif,2,/places/gabon/a-handful-and-good.html,/places/gabon/a-handful-and-good.html,"relevance 4.0, subject query, names its country",pexels,Toktok No Maski Productions,https://www.pexels.com/photo/scenic-lodge-by-the-water-in-bougainville-35803823/
1224,W9 no acquisition,KEEP,pexels:6567714,4,no price attached,52%,P3,gabon,fang punu myene and the baka,traditional-people,"a Punu white-faced mask with carved coiffure, Gabon",16/9 and 4/5 and 4/3,1600,migrate as it is,none,— already ours.,AKL-000214,https://images.pexels.com/photos/6567714/pexels-photo-6567714.jpeg,gabon/traditional-people/a-punu-white-faced-mask-with-carved-coiffure-gabon.avif,3,/places/gabon/fang-punu-myene-and-the-baka.html,/places/gabon/fang-punu-myene-and-the-baka.html,"relevance 6.2, subject query, names its country",pexels,Asiama Junior,https://www.pexels.com/photo/unrecognizable-black-man-in-mask-on-lawn-6567714/
1225,W9 no acquisition,KEEP,pexels:31882667,4,no price attached,52%,P3,gabon,kongou and mingouli,waterfalls,"Spectacular waterfall cascading down rocks surrounded by lush green rainforest., Gabon",16/9 and 4/3,1600,migrate as it is,none,— already ours.,AKL-000215,https://images.pexels.com/photos/31882667/pexels-photo-31882667.jpeg,gabon/waterfalls/spectacular-waterfall-cascading-down-rocks-surrounded-by-lush-green-ra.avif,3,/places/gabon/kongou-and-mingouli.html,/places/gabon/kongou-and-mingouli.html,"relevance 4.2, subject query, names its country",pexels,Kevyn Costa,https://www.pexels.com/photo/majestic-waterfall-in-tropical-forest-31882667/
1226,W9 no acquisition,KEEP,pexels:28206108,4,no price attached,52%,P3,madagascar,highland brick,architecture,"red brick highland houses with wooden balconies, Madagascar",16/9 and 3/2 and 4/3,1600,migrate as it is,none,— already ours.,AKL-000320,https://images.pexels.com/photos/28206108/pexels-photo-28206108.jpeg,madagascar/architecture/red-brick-highland-houses-with-wooden-balconies-madagascar.avif,3,/places/madagascar/highland-brick.html,/places/madagascar/highland-brick.html,"relevance 6.2, subject query, names its country",pexels,Şahin Doğdu,https://www.pexels.com/photo/a-window-in-a-brick-building-with-a-wooden-frame-28206108/
1227,W9 no acquisition,KEEP,pexels:12785147,4,no price attached,52%,P3,madagascar,nosy be and the east coast,beaches,"a white sand beach and turquoise water at Nosy Be, Madagascar",16/9 and 4/3,1800,migrate as it is,none,— already ours.,AKL-000321,https://images.pexels.com/photos/12785147/pexels-photo-12785147.jpeg,madagascar/beaches/a-white-sand-beach-and-turquoise-water-at-nosy-be-madagascar.avif,4,/places/madagascar/nosy-be-and-the-east-coast.html,/madagascar.html,"relevance 6.0, subject query, names its country",pexels,RAVI  LAGES,https://www.pexels.com/photo/people-on-a-beach-at-sunset-12785147/
1228,W9 no acquisition,KEEP,pexels:30483240,4,no price attached,52%,P3,madagascar,slow and worth it,family-community,children on a village path in rural Madagascar,16/9 and 4/3,1600,migrate as it is,none,— already ours.,AKL-000323,https://images.pexels.com/photos/30483240/pexels-photo-30483240.jpeg,madagascar/family-community/children-on-a-village-path-in-rural-madagascar.avif,2,/places/madagascar/slow-and-worth-it.html,/places/madagascar/slow-and-worth-it.html,"relevance 8.0, subject query, names its country",pexels,Edouard MIHIGO,https://www.pexels.com/photo/children-playing-in-rural-african-village-30483240/
1229,W9 no acquisition,KEEP,pexels:34735511,4,no price attached,52%,P3,madagascar,hira gasy and donia,festivals,"A group of people in traditional African attire performing a cultural dance outdoors., Madagascar",16/9 and 3/2 and 4/3,1600,migrate as it is,none,— already ours.,AKL-000324,https://images.pexels.com/photos/34735511/pexels-photo-34735511.jpeg,madagascar/festivals/a-group-of-people-in-traditional-african-attire-performing-a-cultural-.avif,3,/places/madagascar/hira-gasy-and-donia.html,/places/madagascar/hira-gasy-and-donia.html,"relevance 4.0, subject query, names its country",pexels,Skylight Views,https://www.pexels.com/photo/vibrant-african-cultural-dance-performance-outdoors-34735511/
1230,W9 no acquisition,KEEP,pexels:26587855,4,no price attached,52%,P3,madagascar,romazava and rice,food,"romazava and rice served at a Malagasy table, Madagascar",16/9 and 4/3,1600,migrate as it is,none,— already ours.,AKL-000325,https://images.pexels.com/photos/26587855/pexels-photo-26587855.jpeg,madagascar/food/romazava-and-rice-served-at-a-malagasy-table-madagascar.avif,2,/places/madagascar/romazava-and-rice.html,/places/madagascar/romazava-and-rice.html,"relevance 7.7, subject query, names its country",pexels,Luiz Henrique  Mendes,https://www.pexels.com/photo/meat-with-rice-26587855/
1231,W9 no acquisition,KEEP,pexels:4812195,4,no price attached,52%,P3,madagascar,rainforest and spiny forest,forests,the spiny forest of octopus trees in southern Madagascar,16/9 and 4/3,1600,migrate as it is,none,— already ours.,AKL-000326,https://images.pexels.com/photos/4812195/pexels-photo-4812195.jpeg,madagascar/forests/the-spiny-forest-of-octopus-trees-in-southern-madagascar.avif,4,/places/madagascar/rainforest-and-spiny-forest.html,/madagascar.html,"relevance 5.0, subject query, names its country",pexels,Riccardo Marchegiani,https://www.pexels.com/photo/a-jellyfish-and-an-octopus-underwater-4812195/
1232,W9 no acquisition,KEEP,pexels:5611372,4,no price attached,52%,P3,madagascar,the zebu market,local-life,a zebu cattle market in the Madagascar highlands,16/9 and 3/2 and 4/3,1600,migrate as it is,none,— already ours.,AKL-000327,https://images.pexels.com/photos/5611372/pexels-photo-5611372.jpeg,madagascar/local-life/a-zebu-cattle-market-in-the-madagascar-highlands.avif,3,/places/madagascar/the-zebu-market.html,/places/madagascar/the-zebu-market.html,"relevance 4.7, subject query, names its country",pexels,Roger Brown,https://www.pexels.com/photo/grayscale-photo-of-cattle-on-grass-field-5611372/
1233,W9 no acquisition,KEEP,pexels:14035873,4,no price attached,52%,P3,madagascar,the highlands and maromokotro,mountains,terraced rice paddies in the Madagascar highlands,16/9 and 4/3,1800,migrate as it is,none,— already ours.,AKL-000328,https://images.pexels.com/photos/14035873/pexels-photo-14035873.jpeg,madagascar/mountains/terraced-rice-paddies-in-the-madagascar-highlands.avif,4,/places/madagascar/the-highlands-and-maromokotro.html,/madagascar.html,"relevance 5.0, subject query, names its country",pexels,Quang Nguyen Vinh,https://www.pexels.com/photo/rice-paddies-on-the-side-of-a-mountain-14035873/
1234,W9 no acquisition,KEEP,pexels:36139776,4,no price attached,52%,P3,madagascar,trek paddle dive,outdoor,kayaks on the water off a Madagascar reef island,16/9 and 4/3,1600,migrate as it is,none,— already ours.,AKL-000329,https://images.pexels.com/photos/36139776/pexels-photo-36139776.jpeg,madagascar/outdoor/kayaks-on-the-water-off-a-madagascar-reef-island.avif,2,/places/madagascar/trek-paddle-dive.html,/places/madagascar/trek-paddle-dive.html,"relevance 4.0, subject query, names its country",pexels,Chen EdisoN,https://www.pexels.com/photo/colorful-boats-docked-on-madagascar-coastline-36139776/
1235,W9 no acquisition,KEEP,pexels:927498,4,no price attached,52%,P3,madagascar,not a safari island,safari,"a chameleon on a branch in Ranomafana rainforest, Madagascar",16/9 and 4/3,1600,migrate as it is,none,— already ours.,AKL-000330,https://images.pexels.com/photos/927498/pexels-photo-927498.jpeg,madagascar/safari/a-chameleon-on-a-branch-in-ranomafana-rainforest-madagascar.avif,2,/places/madagascar/not-a-safari-island.html,/places/madagascar/not-a-safari-island.html,"relevance 4.8, subject query, names its country",pexels,Egor Kamelev,https://www.pexels.com/photo/selective-focus-photography-of-green-and-brown-chameleon-perched-on-brown-tree-branch-at-daytime-927498/
1236,W9 no acquisition,KEEP,pexels:14020661,4,no price attached,52%,P3,madagascar,the eastern escarpment,waterfalls,"a waterfall in rainforest on the eastern escarpment, Madagascar",16/9 and 4/3,1600,migrate as it is,none,— already ours.,AKL-000331,https://images.pexels.com/photos/14020661/pexels-photo-14020661.jpeg,madagascar/waterfalls/a-waterfall-in-rainforest-on-the-eastern-escarpment-madagascar.avif,3,/places/madagascar/the-eastern-escarpment.html,/places/madagascar/the-eastern-escarpment.html,"relevance 6.2, subject query, names its country",pexels,Quang Nguyen Vinh,https://www.pexels.com/photo/waterfalls-on-mountainside-14020661/
1237,W9 no acquisition,KEEP,pexels:22742025,4,no price attached,52%,P3,mauritania,seven hundred kilometres of atlantic,beaches,Imraguen fishermen hauling nets on the Mauritanian Atlantic shore,16/9 and 4/3,1800,migrate as it is,none,— already ours.,AKL-000354,https://images.pexels.com/photos/22742025/pexels-photo-22742025.jpeg,mauritania/beaches/imraguen-fishermen-hauling-nets-on-the-mauritanian-atlantic-shore.avif,4,/places/mauritania/seven-hundred-kilometres-of-atlantic.html,/mauritania.html,"relevance 4.0, subject query, names its country",pexels,Shivansh  Sharma,https://www.pexels.com/photo/person-standing-alone-in-water-on-ocean-shore-22742025/
1238,W9 no acquisition,KEEP,pexels:16556289,4,no price attached,52%,P3,mauritania,silver leather and chests,crafts,a painted Mauritanian wooden chest with metalwork corners,16/9 and 4/3,1600,migrate as it is,none,— already ours.,AKL-000355,https://images.pexels.com/photos/16556289/pexels-photo-16556289.jpeg,mauritania/crafts/a-painted-mauritanian-wooden-chest-with-metalwork-corners.avif,2,/places/mauritania/silver-leather-and-chests.html,/places/mauritania/silver-leather-and-chests.html,"relevance 4.7, subject query, names its country",pexels,Mark Henry Rood,https://www.pexels.com/photo/painted-wooden-wall-16556289/
1239,W9 no acquisition,KEEP,pexels:2590528,4,no price attached,52%,P3,mauritania,the chinguetti festival,festivals,"A vibrantly decorated camel at a beach festival offering a glimpse of cultural tradition., Mauritania",16/9 and 3/2 and 4/3,1600,migrate as it is,none,— already ours.,AKL-000356,https://images.pexels.com/photos/2590528/pexels-photo-2590528.jpeg,mauritania/festivals/a-vibrantly-decorated-camel-at-a-beach-festival-offering-a-glimpse-of-.avif,3,/places/mauritania/the-chinguetti-festival.html,/places/mauritania/the-chinguetti-festival.html,"relevance 6.0, subject query, names its country",pexels,Talha Riaz,https://www.pexels.com/photo/brown-camel-2590528/
1240,W9 no acquisition,KEEP,pexels:14929934,4,no price attached,52%,P3,mauritania,the palmeraies,forests,"A serene view of dense palm trees with a cloudy blue sky backdrop, creating a tropical ambiance., Mauritania",16/9 and 4/3,1600,migrate as it is,none,— already ours.,AKL-000357,https://images.pexels.com/photos/14929934/pexels-photo-14929934.jpeg,mauritania/forests/a-serene-view-of-dense-palm-trees-with-a-cloudy-blue-sky-backdrop-crea.avif,4,/places/mauritania/the-palmeraies.html,/mauritania.html,"relevance 5.0, subject query, names its country",pexels,Engin Akyurt,https://www.pexels.com/photo/green-palm-trees-14929934/
1241,W9 no acquisition,KEEP,pexels:32929159,4,no price attached,52%,P3,mauritania,the manuscript libraries,heritage,"Open ancient manuscript on red background displayed in Bakı, Azerbaijan., Mauritania",16/9 and 4/3,1600,migrate as it is,none,— already ours.,AKL-000358,https://images.pexels.com/photos/32929159/pexels-photo-32929159.jpeg,mauritania/heritage/open-ancient-manuscript-on-red-background-displayed-in-bak-azerbaijan-.avif,3,/places/mauritania/the-manuscript-libraries.html,/places/mauritania/the-manuscript-libraries.html,"relevance 4.5, subject query, names its country",pexels,Tahir Xəlfəquliyev,https://www.pexels.com/photo/ancient-manuscript-on-display-in-baki-32929159/
1242,W9 no acquisition,KEEP,pexels:38206851,4,no price attached,52%,P3,mauritania,chinguetti and ouadane,historic-sites,"Ancient beehive houses in the historic area of Harran, Şanlıurfa, Türkiye., Mauritania",16/9 and 4/3,1600,migrate as it is,none,— already ours.,AKL-000359,https://images.pexels.com/photos/38206851/pexels-photo-38206851.jpeg,mauritania/historic-sites/ancient-beehive-houses-in-the-historic-area-of-harran-anl-urfa-t-rkiye.avif,2,/places/mauritania/chinguetti-and-ouadane.html,/places/mauritania/chinguetti-and-ouadane.html,"relevance 4.5, subject query, names its country",pexels,Hale Ş,https://www.pexels.com/photo/beehive-houses-in-harran-sanliurfa-38206851/
1243,W9 no acquisition,KEEP,pexels:17225920,4,no price attached,52%,P3,mauritania,the senegal river,lakes-rivers,"the Senegal river with farmland on its bank at Rosso, Mauritania",16/9 and 4/5 and 4/3,1600,migrate as it is,none,— already ours.,AKL-000360,https://images.pexels.com/photos/17225920/pexels-photo-17225920.jpeg,mauritania/lakes-rivers/the-senegal-river-with-farmland-on-its-bank-at-rosso-mauritania.avif,3,/places/mauritania/the-senegal-river.html,/places/mauritania/the-senegal-river.html,"relevance 5.3, subject query, names its country",pexels,Ben Khatry,https://www.pexels.com/photo/mauritania-17225920/
1244,W9 no acquisition,KEEP,pexels:30099224,4,no price attached,52%,P3,mauritania,the kediet ej jill,mountains,"the dark iron mountain of Kediet ej Jill above desert, Mauritania",16/9 and 4/3,1800,migrate as it is,none,— already ours.,AKL-000361,https://images.pexels.com/photos/30099224/pexels-photo-30099224.jpeg,mauritania/mountains/the-dark-iron-mountain-of-kediet-ej-jill-above-desert-mauritania.avif,4,/places/mauritania/the-kediet-ej-jill.html,/mauritania.html,"relevance 6.0, subject query, names its country",pexels,m0us3b .1,https://www.pexels.com/photo/shepherd-tending-sheep-in-mauritania-desert-30099224/
1245,W9 no acquisition,KEEP,pexels:28829634,4,no price attached,52%,P3,mauritania,sand against stone,photography,"Captivating view of rippled sand dunes during sunset in the Sahara Desert's golden hour., Mauritania",16/9 and 21/9 and 4/3,2100,migrate as it is,none,— already ours.,AKL-000362,https://images.pexels.com/photos/28829634/pexels-photo-28829634.jpeg,mauritania/photography/captivating-view-of-rippled-sand-dunes-during-sunset-in-the-sahara-des.avif,3,/places/mauritania/sand-against-stone.html,/places/mauritania/sand-against-stone.html,"relevance 4.9, subject query, names its country",pexels,NaturEye Conservation,https://www.pexels.com/photo/golden-sand-dunes-at-sunset-in-sahara-desert-28829634/
1246,W9 no acquisition,KEEP,pexels:11528651,4,no price attached,52%,P3,mauritania,desert not savanna,safari,a dorcas gazelle on gravel plain in the Mauritanian desert,16/9 and 4/3,1600,migrate as it is,none,— already ours.,AKL-000363,https://images.pexels.com/photos/11528651/pexels-photo-11528651.jpeg,mauritania/safari/a-dorcas-gazelle-on-gravel-plain-in-the-mauritanian-desert.avif,2,/places/mauritania/desert-not-savanna.html,/places/mauritania/desert-not-savanna.html,"relevance 4.7, subject query, names its country",pexels,Kent Zhong,https://www.pexels.com/photo/dorcas-gazelle-morocco-on-the-ground-11528651/
1247,W9 no acquisition,KEEP,pexels:37273669,4,no price attached,52%,P3,mauritania,guelta de matmata,waterfalls,a permanent rock pool with palms in the Mauritanian desert,16/9 and 4/3,1600,migrate as it is,none,— already ours.,AKL-000364,https://images.pexels.com/photos/37273669/pexels-photo-37273669.jpeg,mauritania/waterfalls/a-permanent-rock-pool-with-palms-in-the-mauritanian-desert.avif,3,/places/mauritania/guelta-de-matmata.html,/places/mauritania/guelta-de-matmata.html,"relevance 4.7, subject query, names its country",pexels,Frederick Adegoke Snr.,https://www.pexels.com/photo/serene-coastal-rock-formation-with-blue-sea-view-37273669/
1248,W9 no acquisition,KEEP,pexels:35422555,4,no price attached,52%,P3,south-sudan,tukuls,architecture,a cluster of thatched tukul houses in a South Sudanese village,16/9 and 3/2 and 4/3,1600,migrate as it is,none,— already ours.,AKL-000523,https://images.pexels.com/photos/35422555/pexels-photo-35422555.jpeg,south-sudan/architecture/a-cluster-of-thatched-tukul-houses-in-a-south-sudanese-village.avif,3,/places/south-sudan/tukuls.html,/places/south-sudan/tukuls.html,"relevance 4.5, subject query, names its country",pexels,Er. Mk Kiran.,https://www.pexels.com/photo/traditional-thatched-rooftop-entrance-at-night-35422555/
1249,W9 no acquisition,KEEP,pexels:35115679,4,no price attached,52%,P3,south-sudan,juba,cities,"A vibrant sunset view of the Kon Tum city skyline with construction cranes and buildings in silhouette., South Sudan",16/9 and 4/3,1600,migrate as it is,none,— already ours.,AKL-000524,https://images.pexels.com/photos/35115679/pexels-photo-35115679.jpeg,south-sudan/cities/a-vibrant-sunset-view-of-the-kon-tum-city-skyline-with-construction-cr.avif,2,/places/south-sudan/juba.html,/places/south-sudan/juba.html,"relevance 4.9, subject query, names its country",pexels,Thái Trường Giang,https://www.pexels.com/photo/sunset-over-kon-tum-city-skyline-with-construction-35115679/
1250,W9 no acquisition,KEEP,pexels:34211744,4,no price attached,52%,P3,south-sudan,hard country for it,family-community,"a village school class sitting outside under a tree, South Sudan",16/9 and 4/3,1600,migrate as it is,none,— already ours.,AKL-000525,https://images.pexels.com/photos/34211744/pexels-photo-34211744.jpeg,south-sudan/family-community/a-village-school-class-sitting-outside-under-a-tree-south-sudan.avif,2,/places/south-sudan/hard-country-for-it.html,/places/south-sudan/hard-country-for-it.html,"relevance 4.7, subject query, names its country",pexels,Tosin Olowoleni,https://www.pexels.com/photo/diverse-high-school-girls-in-classroom-setting-34211744/
1251,W9 no acquisition,KEEP,pexels:38987973,4,no price attached,52%,P3,south-sudan,wrestling,festivals,"traditional wrestlers and a drumming crowd at a village match, South Sudan",16/9 and 3/2 and 4/3,1600,migrate as it is,none,— already ours.,AKL-000526,https://images.pexels.com/photos/38987973/pexels-photo-38987973.jpeg,south-sudan/festivals/traditional-wrestlers-and-a-drumming-crowd-at-a-village-match-south-su.avif,3,/places/south-sudan/wrestling.html,/places/south-sudan/wrestling.html,"relevance 6.0, subject query, names its country",pexels,Anchau,https://www.pexels.com/photo/african-drummers-performing-in-traditional-attire-38987973/
1252,W9 no acquisition,KEEP,pexels:38999700,4,no price attached,52%,P3,south-sudan,the southern forests,forests,"dense rainforest canopy in the Western Equatoria forest belt, South Sudan",16/9 and 4/3,1600,migrate as it is,none,— already ours.,AKL-000527,https://images.pexels.com/photos/38999700/pexels-photo-38999700.jpeg,south-sudan/forests/dense-rainforest-canopy-in-the-western-equatoria-forest-belt-south-sud.avif,4,/places/south-sudan/the-southern-forests.html,/south-sudan.html,"relevance 4.7, subject query, names its country",pexels,Raghu's Manda,https://www.pexels.com/photo/stunning-western-ghats-landscape-in-karnataka-38999700/
1253,W9 no acquisition,KEEP,pexels:6346388,4,no price attached,52%,P3,south-sudan,nothing on the list yet,heritage,"elders sitting under a large tree at a village meeting, South Sudan",16/9 and 4/3,1600,migrate as it is,none,— already ours.,AKL-000528,https://images.pexels.com/photos/6346388/pexels-photo-6346388.jpeg,south-sudan/heritage/elders-sitting-under-a-large-tree-at-a-village-meeting-south-sudan.avif,3,/places/south-sudan/nothing-on-the-list-yet.html,/places/south-sudan/nothing-on-the-list-yet.html,"relevance 4.5, subject query, names its country",pexels,Mads Terkelsen,https://www.pexels.com/photo/local-people-sitting-outdoors-in-village-6346388/
1254,W9 no acquisition,KEEP,pexels:19820465,4,no price attached,52%,P3,south-sudan,lado and the old posts,historic-sites,"the ruins of a colonial-era river station on the White Nile, South Sudan",16/9 and 4/3,1600,migrate as it is,none,— already ours.,AKL-000529,https://images.pexels.com/photos/19820465/pexels-photo-19820465.jpeg,south-sudan/historic-sites/the-ruins-of-a-colonial-era-river-station-on-the-white-nile-south-suda.avif,2,/places/south-sudan/lado-and-the-old-posts.html,/places/south-sudan/lado-and-the-old-posts.html,"relevance 4.7, subject query, names its country",pexels,Maël  BALLAND,https://www.pexels.com/photo/three-men-sitting-on-the-ground-next-to-a-river-19820465/
1255,W9 no acquisition,KEEP,pexels:570032,4,no price attached,52%,P3,south-sudan,the imatong,mountains,"the forested slopes of the Imatong mountains rising to Mount Kinyeti, South Sudan",16/9 and 4/3,1800,migrate as it is,none,— already ours.,AKL-000530,https://images.pexels.com/photos/570032/pexels-photo-570032.jpeg,south-sudan/mountains/the-forested-slopes-of-the-imatong-mountains-rising-to-mount-kinyeti-s.avif,4,/places/south-sudan/the-imatong.html,/south-sudan.html,"relevance 4.5, subject query, names its country",pexels,Suket Dedhia,https://www.pexels.com/photo/top-view-of-mountains-570032/
1256,W9 no acquisition,KEEP,pexels:35844542,4,no price attached,52%,P3,south-sudan,walking the imatong,outdoor,"Young child exploring a lush green forest path on a sunny day, surrounded by tall trees., South Sudan",16/9 and 4/3,1600,migrate as it is,none,— already ours.,AKL-000531,https://images.pexels.com/photos/35844542/pexels-photo-35844542.jpeg,south-sudan/outdoor/young-child-exploring-a-lush-green-forest-path-on-a-sunny-day-surround.avif,2,/places/south-sudan/walking-the-imatong.html,/places/south-sudan/walking-the-imatong.html,"relevance 4.6, subject query, names its country",pexels,Jemima Brito,https://www.pexels.com/photo/child-walking-through-lush-green-forest-trail-35844542/
1257,W9 no acquisition,KEEP,pexels:16448674,4,no price attached,52%,P3,south-sudan,boma and badingilo,safari,"open grassland and scattered trees in Boma National Park, South Sudan",16/9 and 4/3,1600,migrate as it is,none,— already ours.,AKL-000532,https://images.pexels.com/photos/16448674/pexels-photo-16448674.jpeg,south-sudan/safari/open-grassland-and-scattered-trees-in-boma-national-park-south-sudan.avif,2,/places/south-sudan/boma-and-badingilo.html,/places/south-sudan/boma-and-badingilo.html,"relevance 7.7, subject query, names its country",pexels,Theo Topolevsky,https://www.pexels.com/photo/people-and-car-on-grassland-at-dusk-16448674/
1258,W9 no acquisition,KEEP,pexels:37907662,4,no price attached,52%,P3,south-sudan,the mundari,traditional-people,"a Mundari man resting against the flank of a long-horned bull, South Sudan",16/9 and 4/5 and 4/3,1600,migrate as it is,none,— already ours.,AKL-000533,https://images.pexels.com/photos/37907662/pexels-photo-37907662.jpeg,south-sudan/traditional-people/a-mundari-man-resting-against-the-flank-of-a-long-horned-bull-south-su.avif,3,/places/south-sudan/the-mundari.html,/places/south-sudan/the-mundari.html,"relevance 7.7, subject query, names its country",pexels,alameen .ng,https://www.pexels.com/photo/portrait-of-nigerian-man-in-traditional-attire-37907662/
1259,W9 no acquisition,KEEP,pexels:2269283,4,no price attached,52%,P4,gabon,,beaches,an empty Atlantic beach backed by rainforest in Gabon,unconstrained,0,migrate as it is,none,— already ours.,AKL-000206,https://images.pexels.com/photos/2269283/pexels-photo-2269283.jpeg,gabon/beaches/an-empty-atlantic-beach-backed-by-rainforest-in-gabon.avif,4,,/gabon.html,"relevance 5.5, subject query, names its country",pexels,alexandre saraiva carniato,https://www.pexels.com/photo/scenic-view-of-beach-resort-2269283/
1260,W9 no acquisition,KEEP,pexels:31633696,4,no price attached,50%,P3,burkina-faso,sudanese mud and sukhala,architecture,"the painted geometric walls of a Kassena compound at Tiebele, Burkina Faso",16/9 and 3/2 and 4/3,1600,migrate as it is,none,— already ours.,AKL-000033,https://images.pexels.com/photos/31633696/pexels-photo-31633696.jpeg,burkina-faso/architecture/the-painted-geometric-walls-of-a-kassena-compound-at-tiebele-burkina-f.avif,3,/places/burkina-faso/sudanese-mud-and-sukhala.html,/places/burkina-faso/sudanese-mud-and-sukhala.html,"relevance 4.2, subject query, names its country",pexels,mg shotz,https://www.pexels.com/photo/traditional-african-architecture-with-geometric-designs-31633696/
1261,W9 no acquisition,KEEP,pexels:32701425,4,no price attached,50%,P3,burkina-faso,fespaco and festima,festivals,"masked dancers performing at the FESTIMA mask festival, Burkina Faso",16/9 and 3/2 and 4/3,1600,migrate as it is,none,— already ours.,AKL-000035,https://images.pexels.com/photos/32701425/pexels-photo-32701425.jpeg,burkina-faso/festivals/masked-dancers-performing-at-the-festima-mask-festival-burkina-faso.avif,3,/places/burkina-faso/fespaco-and-festima.html,/places/burkina-faso/fespaco-and-festima.html,"relevance 6.0, subject query, names its country",pexels,G star Media,https://www.pexels.com/photo/vibrant-cultural-festival-parade-with-drummers-32701425/
1262,W9 no acquisition,KEEP,pexels:33490824,4,no price attached,50%,P3,burkina-faso,to and riz gras,food,"a bowl of to with green sauce beside a plate of riz gras, Burkina Faso",16/9 and 4/3,1600,migrate as it is,none,— already ours.,AKL-000036,https://images.pexels.com/photos/33490824/pexels-photo-33490824.jpeg,burkina-faso/food/a-bowl-of-to-with-green-sauce-beside-a-plate-of-riz-gras-burkina-faso.avif,3,/places/burkina-faso/to-and-riz-gras.html,/index.html,"relevance 6.2, subject query, names its country",pexels,Urian Rivera,https://www.pexels.com/photo/traditional-mexican-food-with-colorful-vegetables-33490824/
1263,W9 no acquisition,KEEP,pexels:11895413,4,no price attached,50%,P3,burkina-faso,gallery forest at banfora,forests,"gallery forest along a stream below the Banfora escarpment, Burkina Faso",16/9 and 4/3,1600,migrate as it is,none,— already ours.,AKL-000037,https://images.pexels.com/photos/11895413/pexels-photo-11895413.jpeg,burkina-faso/forests/gallery-forest-along-a-stream-below-the-banfora-escarpment-burkina-fas.avif,4,/places/burkina-faso/gallery-forest-at-banfora.html,/burkina-faso.html,"relevance 6.2, subject query, names its country",pexels,Mark Barnwell,https://www.pexels.com/photo/a-river-in-the-forest-11895413/
1264,W9 no acquisition,KEEP,pexels:17546269,4,no price attached,50%,P3,burkina-faso,loropeni and the living rest,heritage,"a village mask performance with drummers and a crowd, Burkina Faso",16/9 and 4/3,1600,migrate as it is,none,— already ours.,AKL-000038,https://images.pexels.com/photos/17546269/pexels-photo-17546269.jpeg,burkina-faso/heritage/a-village-mask-performance-with-drummers-and-a-crowd-burkina-faso.avif,3,/places/burkina-faso/loropeni-and-the-living-rest.html,/places/burkina-faso/loropeni-and-the-living-rest.html,"relevance 4.5, subject query, names its country",pexels,Jonathan Shembere,https://www.pexels.com/photo/people-in-a-village-17546269/
1265,W9 no acquisition,KEEP,pexels:38334798,4,no price attached,50%,P3,burkina-faso,the ruins of loropeni,historic-sites,"the high laterite stone walls of the Loropeni ruins, Burkina Faso",16/9 and 4/3,1600,migrate as it is,none,— already ours.,AKL-000040,https://images.pexels.com/photos/38334798/pexels-photo-38334798.jpeg,burkina-faso/historic-sites/the-high-laterite-stone-walls-of-the-loropeni-ruins-burkina-faso.avif,2,/places/burkina-faso/the-ruins-of-loropeni.html,/places/burkina-faso/the-ruins-of-loropeni.html,"relevance 6.2, subject query, names its country",pexels,Shaqeeb Al Hasan,https://www.pexels.com/photo/ancient-ruins-in-sonargaon-bangladesh-38334798/
1266,W9 no acquisition,KEEP,pexels:27945034,4,no price attached,50%,P3,burkina-faso,modest,luxury,"a garden courtyard hotel in Bobo-Dioulasso, Burkina Faso",16/9 and 4/3,1600,migrate as it is,none,— already ours.,AKL-000041,https://images.pexels.com/photos/27945034/pexels-photo-27945034.jpeg,burkina-faso/luxury/a-garden-courtyard-hotel-in-bobo-dioulasso-burkina-faso.avif,2,/places/burkina-faso/modest.html,/places/burkina-faso/modest.html,"relevance 4.0, subject query, names its country",pexels,Andrea Musto,https://www.pexels.com/photo/a-pool-in-a-courtyard-with-potted-plants-27945034/
1267,W9 no acquisition,KEEP,pexels:7107495,4,no price attached,50%,P3,burkina-faso,tenakourou,mountains,"the sandstone escarpment of the southwest rising above farmland, Burkina Faso",16/9 and 4/3,1800,migrate as it is,none,— already ours.,AKL-000042,https://images.pexels.com/photos/7107495/pexels-photo-7107495.jpeg,burkina-faso/mountains/the-sandstone-escarpment-of-the-southwest-rising-above-farmland-burkin.avif,4,/places/burkina-faso/tenakourou.html,/burkina-faso.html,"relevance 4.5, subject query, names its country",pexels,Jay Glenn Recto,https://www.pexels.com/photo/adventurers-on-top-of-the-narrow-escarpment-of-tuwaiq-plateau-7107495/
1268,W9 no acquisition,KEEP,pexels:31633699,4,no price attached,50%,P3,burkina-faso,mossi bobo lobi fulani,traditional-people,"a Lobi compound with mud walls and a granary, Burkina Faso",16/9 and 4/5 and 4/3,1600,migrate as it is,none,— already ours.,AKL-000043,https://images.pexels.com/photos/31633699/pexels-photo-31633699.jpeg,burkina-faso/traditional-people/a-lobi-compound-with-mud-walls-and-a-granary-burkina-faso.avif,3,/places/burkina-faso/mossi-bobo-lobi-fulani.html,/places/burkina-faso/mossi-bobo-lobi-fulani.html,"relevance 4.2, subject query, names its country",pexels,mg shotz,https://www.pexels.com/photo/traditional-attire-in-front-of-african-architecture-31633699/
1269,W9 no acquisition,KEEP,pexels:30460875,4,no price attached,50%,P3,burundi,colonial and hillside,architecture,"a Belgian colonial building in central Bujumbura, Burundi",16/9 and 3/2 and 4/3,1600,migrate as it is,none,— already ours.,AKL-000045,https://images.pexels.com/photos/30460875/pexels-photo-30460875.jpeg,burundi/architecture/a-belgian-colonial-building-in-central-bujumbura-burundi.avif,3,/places/burundi/colonial-and-hillside.html,/places/burundi/colonial-and-hillside.html,"relevance 6.5, subject query, names its country",pexels,Edouard MIHIGO,https://www.pexels.com/photo/street-food-vendor-cooking-in-bujumbura-30460875/
1270,W9 no acquisition,KEEP,pexels:27723520,4,no price attached,50%,P3,burundi,kibiras water,eco-tourism,"a clear stream running out of Kibira forest, Burundi",16/9 and 4/3,1600,migrate as it is,none,— already ours.,AKL-000047,https://images.pexels.com/photos/27723520/pexels-photo-27723520.jpeg,burundi/eco-tourism/a-clear-stream-running-out-of-kibira-forest-burundi.avif,2,/places/burundi/kibiras-water.html,/places/burundi/kibiras-water.html,"relevance 4.7, subject query, names its country",pexels,Damir K,https://www.pexels.com/photo/a-close-up-of-a-stream-of-water-flowing-over-rocks-27723520/
1271,W9 no acquisition,KEEP,pexels:34206384,4,no price attached,50%,P3,burundi,beans ugali and mukeke,food,"grilled mukeke fish with plantain on a plate, Burundi",16/9 and 4/3,1600,migrate as it is,none,— already ours.,AKL-000048,https://images.pexels.com/photos/34206384/pexels-photo-34206384.jpeg,burundi/food/grilled-mukeke-fish-with-plantain-on-a-plate-burundi.avif,3,/places/burundi/beans-ugali-and-mukeke.html,/index.html,"relevance 4.7, subject query, names its country",pexels,Vladimir Srajber,https://www.pexels.com/photo/grilled-fish-on-outdoor-bbq-in-ivanic-grad-34206384/
1272,W9 no acquisition,KEEP,pexels:32357220,4,no price attached,50%,P3,burundi,the ritual dance of the royal drum,heritage,a drum being carved and stretched at a Burundian workshop,16/9 and 4/3,1600,migrate as it is,none,— already ours.,AKL-000049,https://images.pexels.com/photos/32357220/pexels-photo-32357220.jpeg,burundi/heritage/a-drum-being-carved-and-stretched-at-a-burundian-workshop.avif,3,/places/burundi/the-ritual-dance-of-the-royal-drum.html,/places/burundi/the-ritual-dance-of-the-royal-drum.html,"relevance 4.5, subject query, names its country",pexels,HONG SON,https://www.pexels.com/photo/craftsman-working-on-traditional-drum-32357220/
1273,W9 no acquisition,KEEP,pexels:30041534,4,no price attached,50%,P3,burundi,rusizi delta,hidden-gems,"hippos and birds in the Rusizi delta at dusk, Burundi",16/9 and 4/3,1600,migrate as it is,none,— already ours.,AKL-000051,https://images.pexels.com/photos/30041534/pexels-photo-30041534.jpeg,burundi/hidden-gems/hippos-and-birds-in-the-rusizi-delta-at-dusk-burundi.avif,2,/places/burundi/rusizi-delta.html,/places/burundi/rusizi-delta.html,"relevance 4.2, subject query, names its country",pexels,Charles Chen,https://www.pexels.com/photo/hippos-relaxing-in-taipei-zoo-enclosure-30041534/
1274,W9 no acquisition,KEEP,pexels:37960970,4,no price attached,50%,P3,burundi,the beach on a sunday,local-life,"crowds at Saga beach on Lake Tanganyika on a Sunday, Burundi",16/9 and 3/2 and 4/3,1600,migrate as it is,none,— already ours.,AKL-000052,https://images.pexels.com/photos/37960970/pexels-photo-37960970.jpeg,burundi/local-life/crowds-at-saga-beach-on-lake-tanganyika-on-a-sunday-burundi.avif,3,/places/burundi/the-beach-on-a-sunday.html,/places/burundi/the-beach-on-a-sunday.html,"relevance 4.7, subject query, names its country",pexels,Edouard MIHIGO,https://www.pexels.com/photo/traditional-fishing-boats-lined-up-on-scenic-beach-37960970/
1275,W9 no acquisition,KEEP,pexels:32806073,4,no price attached,50%,P3,burundi,mount heha,mountains,"the view from Mount Heha across ridges towards Lake Tanganyika, Burundi",16/9 and 4/3,1800,migrate as it is,none,— already ours.,AKL-000053,https://images.pexels.com/photos/32806073/pexels-photo-32806073.jpeg,burundi/mountains/the-view-from-mount-heha-across-ridges-towards-lake-tanganyika-burundi.avif,4,/places/burundi/mount-heha.html,/burundi.html,"relevance 4.5, subject query, names its country",pexels,Edouard MIHIGO,https://www.pexels.com/photo/solitary-fisherman-on-lake-tanganyika-burundi-32806073/
1276,W9 no acquisition,KEEP,pexels:4268092,4,no price attached,50%,P3,burundi,hiking the hills,outdoor,"a walker on a ridge path above terraced hills, Burundi",16/9 and 4/3,1600,migrate as it is,none,— already ours.,AKL-000054,https://images.pexels.com/photos/4268092/pexels-photo-4268092.jpeg,burundi/outdoor/a-walker-on-a-ridge-path-above-terraced-hills-burundi.avif,2,/places/burundi/hiking-the-hills.html,/places/burundi/hiking-the-hills.html,"relevance 6.0, subject query, names its country",pexels,Quang Nguyen Vinh,https://www.pexels.com/photo/group-of-tourists-walking-on-green-hills-on-summer-day-4268092/
1277,W9 no acquisition,KEEP,pexels:30460883,4,no price attached,50%,P3,burundi,rusizi and ruvubu,safari,"hippos in the Rusizi river delta near Bujumbura, Burundi",16/9 and 4/3,1600,migrate as it is,none,— already ours.,AKL-000055,https://images.pexels.com/photos/30460883/pexels-photo-30460883.jpeg,burundi/safari/hippos-in-the-rusizi-river-delta-near-bujumbura-burundi.avif,2,/places/burundi/rusizi-and-ruvubu.html,/places/burundi/rusizi-and-ruvubu.html,"relevance 6.5, subject query, names its country",pexels,Edouard MIHIGO,https://www.pexels.com/photo/portrait-of-a-child-in-bujumbura-30460883/
1278,W9 no acquisition,KEEP,pexels:38729352,4,no price attached,50%,P3,burundi,hutu tutsi and twa,traditional-people,a village gathering under a tree in the Burundian hills,16/9 and 4/5 and 4/3,1600,migrate as it is,none,— already ours.,AKL-000056,https://images.pexels.com/photos/38729352/pexels-photo-38729352.jpeg,burundi/traditional-people/a-village-gathering-under-a-tree-in-the-burundian-hills.avif,3,/places/burundi/hutu-tutsi-and-twa.html,/places/burundi/hutu-tutsi-and-twa.html,"relevance 5.7, subject query, names its country",pexels,Bobby Dimas,https://www.pexels.com/photo/elderly-man-in-traditional-clothing-outdoors-38729352/
1279,W9 no acquisition,KEEP,pexels:4219614,4,no price attached,50%,P3,lesotho,blankets hats and tapestry,crafts,a woven mohair tapestry on a loom in Lesotho,16/9 and 4/3,1600,migrate as it is,none,— already ours.,AKL-000283,https://images.pexels.com/photos/4219614/pexels-photo-4219614.jpeg,lesotho/crafts/a-woven-mohair-tapestry-on-a-loom-in-lesotho.avif,2,/places/lesotho/blankets-hats-and-tapestry.html,/places/lesotho/blankets-hats-and-tapestry.html,"relevance 6.2, subject query, names its country",pexels,https://kaboompics.com/,https://www.pexels.com/photo/unfinished-handmade-tapestry-with-shuttle-on-hand-loom-4219614/
1280,W9 no acquisition,KEEP,pexels:10923316,4,no price attached,50%,P3,lesotho,water as the economy,eco-tourism,"Explore a serene dam and reservoir set against a backdrop of rugged mountains and calm water reflections., Lesotho",16/9 and 4/3,1600,migrate as it is,none,— already ours.,AKL-000284,https://images.pexels.com/photos/10923316/pexels-photo-10923316.jpeg,lesotho/eco-tourism/explore-a-serene-dam-and-reservoir-set-against-a-backdrop-of-rugged-mo.avif,2,/places/lesotho/water-as-the-economy.html,/places/lesotho/water-as-the-economy.html,"relevance 4.7, subject query, names its country",pexels,Vadym Alyekseyenko,https://www.pexels.com/photo/concrete-wall-of-a-water-reservoir-10923316/
1281,W9 no acquisition,KEEP,pexels:5036561,4,no price attached,50%,P3,lesotho,ponies and snow,family-community,"children on Basotho ponies with a guide, Lesotho",16/9 and 4/3,1600,migrate as it is,none,— already ours.,AKL-000285,https://images.pexels.com/photos/5036561/pexels-photo-5036561.jpeg,lesotho/family-community/children-on-basotho-ponies-with-a-guide-lesotho.avif,2,/places/lesotho/ponies-and-snow.html,/places/lesotho/ponies-and-snow.html,"relevance 4.7, subject query, names its country",pexels,KATRIN  BOLOVTSOVA,https://www.pexels.com/photo/children-standing-beside-horses-on-white-sand-5036561/
1282,W9 no acquisition,KEEP,pexels:25856933,4,no price attached,50%,P3,lesotho,papa moroho and motoho,food,"a bowl of papa with moroho greens, Lesotho",16/9 and 4/3,1600,migrate as it is,none,— already ours.,AKL-000286,https://images.pexels.com/photos/25856933/pexels-photo-25856933.jpeg,lesotho/food/a-bowl-of-papa-with-moroho-greens-lesotho.avif,2,/places/lesotho/papa-moroho-and-motoho.html,/places/lesotho/papa-moroho-and-motoho.html,"relevance 4.7, subject query, names its country",pexels,Christian  Alemu,https://www.pexels.com/photo/bowl-of-acai-berries-25856933/
1283,W9 no acquisition,KEEP,pexels:29625531,4,no price attached,50%,P3,lesotho,maloti drakensberg,heritage,San rock paintings on a sandstone overhang in Lesotho,16/9 and 4/3,1600,migrate as it is,none,— already ours.,AKL-000287,https://images.pexels.com/photos/29625531/pexels-photo-29625531.jpeg,lesotho/heritage/san-rock-paintings-on-a-sandstone-overhang-in-lesotho.avif,3,/places/lesotho/maloti-drakensberg.html,/places/lesotho/maloti-drakensberg.html,"relevance 4.0, subject query, names its country",pexels,Ts'epo Qhobela,https://www.pexels.com/photo/snow-capped-mountains-in-teyateyaneng-lesotho-29625531/
1284,W9 no acquisition,KEEP,pexels:31881389,4,no price attached,50%,P3,lesotho,the senqu,lakes-rivers,"the young Senqu river running through a high mountain valley, Lesotho",16/9 and 4/5 and 4/3,1600,migrate as it is,none,— already ours.,AKL-000289,https://images.pexels.com/photos/31881389/pexels-photo-31881389.jpeg,lesotho/lakes-rivers/the-young-senqu-river-running-through-a-high-mountain-valley-lesotho.avif,3,/places/lesotho/the-senqu.html,/places/lesotho/the-senqu.html,"relevance 5.4, subject query, names its country",pexels,Stefan Venter,https://www.pexels.com/photo/scenic-river-in-the-drakensberg-mountains-31881389/
1285,W9 no acquisition,KEEP,pexels:29625530,4,no price attached,50%,P3,lesotho,thabana ntlenyana,mountains,"the summit plateau of Thabana Ntlenyana under snow, Lesotho",16/9 and 4/3,1800,migrate as it is,none,— already ours.,AKL-000290,https://images.pexels.com/photos/29625530/pexels-photo-29625530.jpeg,lesotho/mountains/the-summit-plateau-of-thabana-ntlenyana-under-snow-lesotho.avif,4,/places/lesotho/thabana-ntlenyana.html,/lesotho.html,"relevance 4.0, subject query, names its country",pexels,Ts'epo Qhobela,https://www.pexels.com/photo/snow-capped-mountains-in-teyateyaneng-lesotho-29625530/
1286,W9 no acquisition,KEEP,pexels:29212562,4,no price attached,50%,P3,lesotho,high and clear,photography,"clear autumn light on golden grassland and basalt ridges, Lesotho",16/9 and 21/9 and 4/3,2100,migrate as it is,none,— already ours.,AKL-000291,https://images.pexels.com/photos/29212562/pexels-photo-29212562.jpeg,lesotho/photography/clear-autumn-light-on-golden-grassland-and-basalt-ridges-lesotho.avif,3,/places/lesotho/high-and-clear.html,/places/lesotho/high-and-clear.html,"relevance 5.4, subject query, names its country",pexels,Erhan Anbar,https://www.pexels.com/photo/golden-autumn-forest-under-cloudy-blue-sky-29212562/
1287,W9 no acquisition,KEEP,pexels:34746001,4,no price attached,50%,P3,lesotho,not the business here,safari,"A peaceful scene of eland and zebras grazing in the African savanna., Lesotho",16/9 and 4/3,1600,migrate as it is,none,— already ours.,AKL-000292,https://images.pexels.com/photos/34746001/pexels-photo-34746001.jpeg,lesotho/safari/a-peaceful-scene-of-eland-and-zebras-grazing-in-the-african-savanna-le.avif,2,/places/lesotho/not-the-business-here.html,/places/lesotho/not-the-business-here.html,"relevance 4.7, subject query, names its country",pexels,Magda Ehlers,https://www.pexels.com/photo/eland-and-zebras-grazing-in-african-savanna-34746001/
1288,W9 no acquisition,KEEP,pexels:38594232,4,no price attached,50%,P3,lesotho,the basotho,traditional-people,"Basotho herders in blankets with sheep on a high pasture, Lesotho",16/9 and 4/5 and 4/3,1600,migrate as it is,none,— already ours.,AKL-000293,https://images.pexels.com/photos/38594232/pexels-photo-38594232.jpeg,lesotho/traditional-people/basotho-herders-in-blankets-with-sheep-on-a-high-pasture-lesotho.avif,3,/places/lesotho/the-basotho.html,/places/lesotho/the-basotho.html,"relevance 4.7, subject query, names its country",pexels,Gönüldenbirkare,https://www.pexels.com/photo/shepherd-guiding-flock-in-rural-pasture-38594232/
1289,W9 no acquisition,KEEP,pexels:34936110,4,no price attached,50%,P3,malawi,mission stone and lakeshore brick,architecture,"the stone facade of the Blantyre mission church, Malawi",16/9 and 3/2 and 4/3,1600,migrate as it is,none,— already ours.,AKL-000333,https://images.pexels.com/photos/34936110/pexels-photo-34936110.jpeg,malawi/architecture/the-stone-facade-of-the-blantyre-mission-church-malawi.avif,3,/places/malawi/mission-stone-and-lakeshore-brick.html,/places/malawi/mission-stone-and-lakeshore-brick.html,"relevance 6.2, subject query, names its country",pexels,Themba Mtegha,https://www.pexels.com/photo/sunlit-corridor-with-brick-walls-in-blantyre-34936110/
1290,W9 no acquisition,KEEP,pexels:36088838,4,no price attached,50%,P3,malawi,freshwater beaches,beaches,a beach and clear water at Nkhata Bay on Lake Malawi,16/9 and 4/3,1800,migrate as it is,none,— already ours.,AKL-000334,https://images.pexels.com/photos/36088838/pexels-photo-36088838.jpeg,malawi/beaches/a-beach-and-clear-water-at-nkhata-bay-on-lake-malawi.avif,4,/places/malawi/freshwater-beaches.html,/malawi.html,"relevance 4.5, subject query, names its country",pexels,Timm Stein,https://www.pexels.com/photo/serene-lake-superior-shoreline-in-thunder-bay-36088838/
1291,W9 no acquisition,KEEP,pexels:38487457,4,no price attached,50%,P3,malawi,carving and chitenje,crafts,"printed chitenje cloth stacked at a market stall, Malawi",16/9 and 4/3,1600,migrate as it is,none,— already ours.,AKL-000335,https://images.pexels.com/photos/38487457/pexels-photo-38487457.jpeg,malawi/crafts/printed-chitenje-cloth-stacked-at-a-market-stall-malawi.avif,2,/places/malawi/carving-and-chitenje.html,/places/malawi/carving-and-chitenje.html,"relevance 4.7, subject query, names its country",pexels,Raphhill .Jpg,https://www.pexels.com/photo/colorful-african-fabric-display-at-market-stall-38487457/
1292,W9 no acquisition,KEEP,pexels:30085243,4,no price attached,50%,P3,malawi,nsima and chambo,food,"a grilled chambo fish served with nsima, Malawi",16/9 and 4/3,1600,migrate as it is,none,— already ours.,AKL-000337,https://images.pexels.com/photos/30085243/pexels-photo-30085243.jpeg,malawi/food/a-grilled-chambo-fish-served-with-nsima-malawi.avif,2,/places/malawi/nsima-and-chambo.html,/places/malawi/nsima-and-chambo.html,"relevance 4.7, subject query, names its country",pexels,Alexis Ricardo Alaurin,https://www.pexels.com/photo/grilled-fresh-fish-on-outdoor-beach-barbecue-30085243/
1293,W9 no acquisition,KEEP,pexels:4556735,4,no price attached,50%,P3,malawi,lake malawi national park,heritage,granite boulders and clear shallow water in Lake Malawi National Park,16/9 and 4/3,1600,migrate as it is,none,— already ours.,AKL-000338,https://images.pexels.com/photos/4556735/pexels-photo-4556735.jpeg,malawi/heritage/granite-boulders-and-clear-shallow-water-in-lake-malawi-national-park.avif,3,/places/malawi/lake-malawi-national-park.html,/places/malawi/lake-malawi-national-park.html,"relevance 4.5, subject query, names its country",pexels,Ed Peeters,https://www.pexels.com/photo/evening-sky-over-calm-lake-water-4556735/
1294,W9 no acquisition,KEEP,pexels:24781908,4,no price attached,50%,P3,malawi,likoma island,hidden-gems,"the large Anglican cathedral standing over Likoma island, Malawi",16/9 and 4/3,1600,migrate as it is,none,— already ours.,AKL-000340,https://images.pexels.com/photos/24781908/pexels-photo-24781908.jpeg,malawi/hidden-gems/the-large-anglican-cathedral-standing-over-likoma-island-malawi.avif,2,/places/malawi/likoma-island.html,/places/malawi/likoma-island.html,"relevance 4.2, subject query, names its country",pexels,Balázs Gábor,https://www.pexels.com/photo/traditional-cathedral-in-liverpool-24781908/
1295,W9 no acquisition,KEEP,pexels:38952723,4,no price attached,50%,P3,malawi,livingstonia,historic-sites,"the stone church and manse of Livingstonia on the escarpment, Malawi",16/9 and 4/3,1600,migrate as it is,none,— already ours.,AKL-000341,https://images.pexels.com/photos/38952723/pexels-photo-38952723.jpeg,malawi/historic-sites/the-stone-church-and-manse-of-livingstonia-on-the-escarpment-malawi.avif,2,/places/malawi/livingstonia.html,/places/malawi/livingstonia.html,"relevance 6.2, subject query, names its country",pexels,Amar  Preciado,https://www.pexels.com/photo/historic-stone-church-with-ivy-covered-archway-38952723/
1296,W9 no acquisition,KEEP,pexels:37790193,4,no price attached,50%,P3,malawi,small and well run,luxury,"a lakeside lodge deck over clear water at dusk, Malawi",16/9 and 4/3,1600,migrate as it is,none,— already ours.,AKL-000342,https://images.pexels.com/photos/37790193/pexels-photo-37790193.jpeg,malawi/luxury/a-lakeside-lodge-deck-over-clear-water-at-dusk-malawi.avif,2,/places/malawi/small-and-well-run.html,/places/malawi/small-and-well-run.html,"relevance 6.4, subject query, names its country",pexels,Magda Ehlers,https://www.pexels.com/photo/luxury-outdoor-patio-at-modern-safari-lodge-37790193/
1297,W9 no acquisition,KEEP,pexels:17991607,4,no price attached,50%,P3,malawi,mulanje,mountains,"the granite peaks and plateaux of the Mulanje massif, Malawi",16/9 and 4/3,1800,migrate as it is,none,— already ours.,AKL-000343,https://images.pexels.com/photos/17991607/pexels-photo-17991607.jpeg,malawi/mountains/the-granite-peaks-and-plateaux-of-the-mulanje-massif-malawi.avif,4,/places/malawi/mulanje.html,/malawi.html,"relevance 4.0, subject query, names its country",pexels,Johan Element,https://www.pexels.com/photo/landscape-of-rocky-mountains-17991607/
1298,W9 no acquisition,KEEP,pexels:11913405,4,no price attached,50%,P3,malawi,liwonde and majete,safari,"elephants on the Shire river bank in Liwonde, Malawi",16/9 and 4/3,1600,migrate as it is,none,— already ours.,AKL-000344,https://images.pexels.com/photos/11913405/pexels-photo-11913405.jpeg,malawi/safari/elephants-on-the-shire-river-bank-in-liwonde-malawi.avif,2,/places/malawi/liwonde-and-majete.html,/places/malawi/liwonde-and-majete.html,"relevance 4.2, subject query, names its country",pexels,Ravi Rajapaksha,https://www.pexels.com/photo/an-elephant-on-the-river-11913405/
1299,W9 no acquisition,KEEP,pexels:8260296,4,no price attached,50%,P4,burkina-faso,,beaches,"Drone shot capturing fishing boats and nets along a tranquil coast., Burkina Faso",unconstrained,0,migrate as it is,none,— already ours.,AKL-000034,https://images.pexels.com/photos/8260296/pexels-photo-8260296.jpeg,burkina-faso/beaches/drone-shot-capturing-fishing-boats-and-nets-along-a-tranquil-coast-bur.avif,4,,/burkina-faso.html,"relevance 5.8, subject query, names its country",pexels,Quang Nguyen Vinh,https://www.pexels.com/photo/drone-shot-of-boats-on-a-shore-8260296/
1300,W9 no acquisition,KEEP,pexels:8218107,4,no price attached,48%,P3,somalia,coral stone and carved doors,architecture,"a carved wooden door in a coral-stone wall on the Somali coast, Somalia",16/9 and 3/2 and 4/3,1600,migrate as it is,none,— already ours.,AKL-000498,https://images.pexels.com/photos/8218107/pexels-photo-8218107.jpeg,somalia/architecture/a-carved-wooden-door-in-a-coral-stone-wall-on-the-somali-coast-somalia.avif,3,/places/somalia/coral-stone-and-carved-doors.html,/places/somalia/coral-stone-and-carved-doors.html,"relevance 6.5, subject query, names its country",pexels,Amine EL-AQQAD,https://www.pexels.com/photo/wooden-carved-doors-of-old-building-8218107/
1301,W9 no acquisition,KEEP,unsplash:dlSMqiBeVxU,4,no price attached,48%,P3,somalia,berbera and beyond,beaches,"the beach and clear water at Berbera on the Gulf of Aden, Somalia",16/9 and 4/3,1800,migrate as it is,none,— already ours.,AKL-000499,https://images.unsplash.com/photo-1660519167902-42fa6857567c,somalia/beaches/the-beach-and-clear-water-at-berbera-on-the-gulf-of-aden-somalia.avif,4,/places/somalia/berbera-and-beyond.html,/somalia.html,"relevance 5.8, subject query, names its country",unsplash,Saacid Ahmed,https://unsplash.com/photos/a-beach-with-boats-and-people-dlSMqiBeVxU
1302,W9 no acquisition,KEEP,pexels:17682680,4,no price attached,48%,P3,somalia,weaving and woodcarving,crafts,"the woven frame and mats of a Somali aqal nomadic house, Somalia",16/9 and 4/3,1600,migrate as it is,none,— already ours.,AKL-000500,https://images.pexels.com/photos/17682680/pexels-photo-17682680.jpeg,somalia/crafts/the-woven-frame-and-mats-of-a-somali-aqal-nomadic-house-somalia.avif,2,/places/somalia/weaving-and-woodcarving.html,/places/somalia/weaving-and-woodcarving.html,"relevance 6.2, subject query, names its country",pexels,Archange Masudi,https://www.pexels.com/photo/handmade-woven-wicker-belts-17682680/
1303,W9 no acquisition,KEEP,pexels:38837953,4,no price attached,48%,P3,somalia,frankincense and the land,eco-tourism,"frankincense trees growing from bare limestone on a steep slope, Somalia",16/9 and 4/3,1600,migrate as it is,none,— already ours.,AKL-000501,https://images.pexels.com/photos/38837953/pexels-photo-38837953.jpeg,somalia/eco-tourism/frankincense-trees-growing-from-bare-limestone-on-a-steep-slope-somali.avif,2,/places/somalia/frankincense-and-the-land.html,/places/somalia/frankincense-and-the-land.html,"relevance 5.0, subject query, names its country",pexels,Pole Oluline,https://www.pexels.com/photo/desert-botanical-garden-with-cacti-and-trees-38837953/
1304,W9 no acquisition,KEEP,pexels:8221590,4,no price attached,48%,P3,somalia,beaches and care,family-community,"families on Lido beach in Mogadishu at the weekend, Somalia",16/9 and 4/3,1600,migrate as it is,none,— already ours.,AKL-000502,https://images.pexels.com/photos/8221590/pexels-photo-8221590.jpeg,somalia/family-community/families-on-lido-beach-in-mogadishu-at-the-weekend-somalia.avif,2,/places/somalia/beaches-and-care.html,/places/somalia/beaches-and-care.html,"relevance 4.7, subject query, names its country",pexels,Mikhail Nilov,https://www.pexels.com/photo/shot-of-the-coastline-at-z-city-beach-8221590/
1305,W9 no acquisition,KEEP,pexels:25204884,4,no price attached,48%,P3,somalia,weddings and buraanbur,festivals,"women performing buraanbur poetry and dance at a wedding, Somalia",16/9 and 3/2 and 4/3,1600,migrate as it is,none,— already ours.,AKL-000503,https://images.pexels.com/photos/25204884/pexels-photo-25204884.jpeg,somalia/festivals/women-performing-buraanbur-poetry-and-dance-at-a-wedding-somalia.avif,3,/places/somalia/weddings-and-buraanbur.html,/places/somalia/weddings-and-buraanbur.html,"relevance 6.0, subject query, names its country",pexels,Israel Torres,https://www.pexels.com/photo/women-in-pink-dresses-perform-in-a-room-25204884/
1306,W9 no acquisition,KEEP,pexels:34016678,4,no price attached,48%,P3,somalia,frankincense country,forests,"a tapped frankincense tree with resin beading on the bark, Somalia",16/9 and 4/3,1600,migrate as it is,none,— already ours.,AKL-000504,https://images.pexels.com/photos/34016678/pexels-photo-34016678.jpeg,somalia/forests/a-tapped-frankincense-tree-with-resin-beading-on-the-bark-somalia.avif,4,/places/somalia/frankincense-country.html,/somalia.html,"relevance 6.2, subject query, names its country",pexels,Ivan Georgiev,https://www.pexels.com/photo/close-up-of-tree-bark-with-sunlight-in-forest-34016678/
1307,W9 no acquisition,KEEP,pexels:33873659,4,no price attached,48%,P3,somalia,ports of the indian ocean,heritage,"Historic stone ruins featuring arched doorways and weathered walls., Somalia",16/9 and 4/3,1600,migrate as it is,none,— already ours.,AKL-000505,https://images.pexels.com/photos/33873659/pexels-photo-33873659.jpeg,somalia/heritage/historic-stone-ruins-featuring-arched-doorways-and-weathered-walls-som.avif,3,/places/somalia/ports-of-the-indian-ocean.html,/places/somalia/ports-of-the-indian-ocean.html,"relevance 4.5, subject query, names its country",pexels,Tahir Xəlfəquliyev,https://www.pexels.com/photo/ancient-stone-ruins-with-arched-doorways-33873659/
1308,W9 no acquisition,KEEP,pexels:29248948,4,no price attached,48%,P3,somalia,the camel market,local-life,"traders and camels at the Hargeisa livestock market, Somalia",16/9 and 3/2 and 4/3,1600,migrate as it is,none,— already ours.,AKL-000506,https://images.pexels.com/photos/29248948/pexels-photo-29248948.jpeg,somalia/local-life/traders-and-camels-at-the-hargeisa-livestock-market-somalia.avif,3,/places/somalia/the-camel-market.html,/places/somalia/the-camel-market.html,"relevance 4.2, subject query, names its country",pexels,Abdulkadir Hiraabe,https://www.pexels.com/photo/stunning-sunset-over-hargeisa-somalia-29248948/
1309,W9 no acquisition,KEEP,pexels:36698491,4,no price attached,48%,P3,somalia,walking the cal madow,outdoor,"A tranquil forest path surrounded by lush greenery and trees on a peaceful spring day., Somalia",16/9 and 4/3,1600,migrate as it is,none,— already ours.,AKL-000507,https://images.pexels.com/photos/36698491/pexels-photo-36698491.jpeg,somalia/outdoor/a-tranquil-forest-path-surrounded-by-lush-greenery-and-trees-on-a-peac.avif,2,/places/somalia/walking-the-cal-madow.html,/places/somalia/walking-the-cal-madow.html,"relevance 4.2, subject query, names its country",pexels,Nikos B,https://www.pexels.com/photo/serene-forest-path-in-springtime-landscape-36698491/
1310,W9 no acquisition,KEEP,pexels:38449002,4,no price attached,48%,P3,somalia,not the circuit,safari,"arid acacia scrub and open plain in the Somali interior, Somalia",16/9 and 4/3,1600,migrate as it is,none,— already ours.,AKL-000508,https://images.pexels.com/photos/38449002/pexels-photo-38449002.jpeg,somalia/safari/arid-acacia-scrub-and-open-plain-in-the-somali-interior-somalia.avif,2,/places/somalia/not-the-circuit.html,/places/somalia/not-the-circuit.html,"relevance 5.0, subject query, names its country",pexels,Engin Akyurt,https://www.pexels.com/photo/vibrant-yellow-acacia-blossoms-under-clear-sky-38449002/
1311,W9 no acquisition,KEEP,pexels:14949139,4,no price attached,48%,P3,somalia,nomad and pastoralist,traditional-people,"a Somali herder with camels on open thornbush country, Somalia",16/9 and 4/5 and 4/3,1600,migrate as it is,none,— already ours.,AKL-000509,https://images.pexels.com/photos/14949139/pexels-photo-14949139.jpeg,somalia/traditional-people/a-somali-herder-with-camels-on-open-thornbush-country-somalia.avif,3,/places/somalia/nomad-and-pastoralist.html,/places/somalia/nomad-and-pastoralist.html,"relevance 5.7, subject query, names its country",pexels,Aju Bhuvanendran,https://www.pexels.com/photo/woman-in-traditional-dress-with-camels-in-desert-14949139/
1312,W9 no acquisition,KEEP,pexels:7905586,4,no price attached,48%,P3,somalia,seasonal and sudden,waterfalls,"a seasonal river running full through dry country after rain, Somalia",16/9 and 4/3,1600,migrate as it is,none,— already ours.,AKL-000510,https://images.pexels.com/photos/7905586/pexels-photo-7905586.jpeg,somalia/waterfalls/a-seasonal-river-running-full-through-dry-country-after-rain-somalia.avif,3,/places/somalia/seasonal-and-sudden.html,/places/somalia/seasonal-and-sudden.html,"relevance 4.7, subject query, names its country",pexels,Syed Qaarif Andrabi,https://www.pexels.com/photo/a-flowing-river-in-the-middle-of-the-forest-7905586/
1313,W9 no acquisition,KEEP,pexels:39007243,4,no price attached,46%,P3,libya,silver and leather,crafts,"Close-up of a man wearing a stylish black leather jacket and cross pendant, showcasing edgy fashion., Libya",16/9 and 4/3,1600,migrate as it is,none,— already ours.,AKL-000307,https://images.pexels.com/photos/39007243/pexels-photo-39007243.jpeg,libya/crafts/close-up-of-a-man-wearing-a-stylish-black-leather-jacket-and-cross-pen.avif,2,/places/libya/silver-and-leather.html,/places/libya/silver-and-leather.html,"relevance 4.7, subject query, names its country",pexels,Vincent Alexander,https://www.pexels.com/photo/fashionable-man-in-black-leather-jacket-and-cross-pendant-39007243/
1314,W9 no acquisition,KEEP,pexels:38252941,4,no price attached,46%,P3,libya,what the desert keeps,eco-tourism,"sand drifted against the standing columns of a Roman street, Libya",16/9 and 4/3,1600,migrate as it is,none,— already ours.,AKL-000309,https://images.pexels.com/photos/38252941/pexels-photo-38252941.jpeg,libya/eco-tourism/sand-drifted-against-the-standing-columns-of-a-roman-street-libya.avif,2,/places/libya/what-the-desert-keeps.html,/places/libya/what-the-desert-keeps.html,"relevance 5.0, subject query, names its country",pexels,Berfintage,https://www.pexels.com/photo/ancient-roman-theater-in-aspendos-antalya-38252941/
1315,W9 no acquisition,KEEP,pexels:32163215,4,no price attached,46%,P3,libya,roman cities are good for this,family-community,"children running along a Roman street at Leptis Magna, Libya",16/9 and 4/3,1600,migrate as it is,none,— already ours.,AKL-000310,https://images.pexels.com/photos/32163215/pexels-photo-32163215.jpeg,libya/family-community/children-running-along-a-roman-street-at-leptis-magna-libya.avif,2,/places/libya/roman-cities-are-good-for-this.html,/places/libya/roman-cities-are-good-for-this.html,"relevance 4.7, subject query, names its country",pexels,Mert Erim,https://www.pexels.com/photo/ancient-roman-temple-ruins-under-blue-sky-32163215/
1316,W9 no acquisition,KEEP,pexels:38189730,4,no price attached,46%,P3,libya,ghat and the desert festivals,festivals,"Tuareg riders racing camels at the Ghat festival, Libya",16/9 and 3/2 and 4/3,1600,migrate as it is,none,— already ours.,AKL-000311,https://images.pexels.com/photos/38189730/pexels-photo-38189730.jpeg,libya/festivals/tuareg-riders-racing-camels-at-the-ghat-festival-libya.avif,3,/places/libya/ghat-and-the-desert-festivals.html,/places/libya/ghat-and-the-desert-festivals.html,"relevance 6.0, subject query, names its country",pexels,Anchau,https://www.pexels.com/photo/traditional-tuareg-festival-with-decorated-horse-38189730/
1317,W9 no acquisition,KEEP,pexels:37340519,4,no price attached,46%,P3,libya,cyrene and sabratha,historic-sites,"Explore the ancient Roman theatre in Bosra, a UNESCO World Heritage Site showcasing classical architecture in Syria., Libya",16/9 and 4/3,1600,migrate as it is,none,— already ours.,AKL-000312,https://images.pexels.com/photos/37340519/pexels-photo-37340519.jpeg,libya/historic-sites/explore-the-ancient-roman-theatre-in-bosra-a-unesco-world-heritage-sit.avif,2,/places/libya/cyrene-and-sabratha.html,/places/libya/cyrene-and-sabratha.html,"relevance 4.7, subject query, names its country",pexels,Sami Raad,https://www.pexels.com/photo/ancient-roman-theatre-in-bosra-syria-37340519/
1318,W9 no acquisition,KEEP,pexels:26922658,4,no price attached,46%,P3,libya,the ubari lakes,lakes-rivers,"Gaberoun lake between high dunes in the Ubari sand sea, Libya",16/9 and 4/5 and 4/3,1600,migrate as it is,none,— already ours.,AKL-000313,https://images.pexels.com/photos/26922658/pexels-photo-26922658.jpeg,libya/lakes-rivers/gaberoun-lake-between-high-dunes-in-the-ubari-sand-sea-libya.avif,3,/places/libya/the-ubari-lakes.html,/places/libya/the-ubari-lakes.html,"relevance 4.3, subject query, names its country",pexels,Engin Akyurt,https://www.pexels.com/photo/car-on-sand-dune-26922658/
1319,W9 no acquisition,KEEP,pexels:15211517,4,no price attached,46%,P3,libya,tea three times,local-life,hands pouring Libyan tea from a height into small glasses,16/9 and 3/2 and 4/3,1600,migrate as it is,none,— already ours.,AKL-000314,https://images.pexels.com/photos/15211517/pexels-photo-15211517.jpeg,libya/local-life/hands-pouring-libyan-tea-from-a-height-into-small-glasses.avif,3,/places/libya/tea-three-times.html,/places/libya/tea-three-times.html,"relevance 4.7, subject query, names its country",pexels,anil kumar,https://www.pexels.com/photo/close-up-of-pouring-water-to-tea-15211517/
1320,W9 no acquisition,KEEP,pexels:24280160,4,no price attached,46%,P3,libya,the acacus,mountains,"a natural rock arch in the Acacus mountains at sunset, Libya",16/9 and 4/3,1800,migrate as it is,none,— already ours.,AKL-000315,https://images.pexels.com/photos/24280160/pexels-photo-24280160.jpeg,libya/mountains/a-natural-rock-arch-in-the-acacus-mountains-at-sunset-libya.avif,4,/places/libya/the-acacus.html,/libya.html,"relevance 4.5, subject query, names its country",pexels,Abdulhalim Mudag,https://www.pexels.com/photo/desert-rock-formation-24280160/
1321,W9 no acquisition,KEEP,pexels:16909063,4,no price attached,46%,P3,libya,tracking not driving,safari,a desert track crossing gravel plain in the Libyan Sahara,16/9 and 4/3,1600,migrate as it is,none,— already ours.,AKL-000316,https://images.pexels.com/photos/16909063/pexels-photo-16909063.jpeg,libya/safari/a-desert-track-crossing-gravel-plain-in-the-libyan-sahara.avif,2,/places/libya/tracking-not-driving.html,/places/libya/tracking-not-driving.html,"relevance 4.7, subject query, names its country",pexels,光曦 刘,https://www.pexels.com/photo/aerial-view-of-an-off-road-car-on-the-desert-16909063/
1322,W9 no acquisition,KEEP,pexels:35766357,4,no price attached,46%,P3,libya,the tuareg and the tebu,traditional-people,a Tebu man beside a camel in southern Libya,16/9 and 4/5 and 4/3,1600,migrate as it is,none,— already ours.,AKL-000317,https://images.pexels.com/photos/35766357/pexels-photo-35766357.jpeg,libya/traditional-people/a-tebu-man-beside-a-camel-in-southern-libya.avif,3,/places/libya/the-tuareg-and-the-tebu.html,/places/libya/the-tuareg-and-the-tebu.html,"relevance 6.2, subject query, names its country",pexels,Dr Photographer,https://www.pexels.com/photo/traditional-sugar-cane-processing-in-rural-setting-35766357/
1323,W9 no acquisition,KEEP,pexels:10353577,4,no price attached,46%,P3,libya,wadi country,waterfalls,a spring-fed pool among palms in a Libyan desert oasis,16/9 and 4/3,1600,migrate as it is,none,— already ours.,AKL-000318,https://images.pexels.com/photos/10353577/pexels-photo-10353577.jpeg,libya/waterfalls/a-spring-fed-pool-among-palms-in-a-libyan-desert-oasis.avif,3,/places/libya/wadi-country.html,/places/libya/wadi-country.html,"relevance 4.7, subject query, names its country",pexels,Zakaria HANIF,https://www.pexels.com/photo/man-in-black-jacket-and-white-pants-sitting-on-brown-lounge-chait-near-swimming-pool-10353577/
1324,W9 no acquisition,KEEP,pexels:31856861,4,no price attached,41%,P3,nigeria,mud mosques and modernism,architecture,"the Hausa mud architecture of a northern emir's palace, Nigeria",16/9 and 3/2 and 4/3,1600,migrate as it is,none,— already ours.,AKL-000424,https://images.pexels.com/photos/31856861/pexels-photo-31856861.jpeg,nigeria/architecture/the-hausa-mud-architecture-of-a-northern-emir-s-palace-nigeria.avif,3,/places/nigeria/mud-mosques-and-modernism.html,/places/nigeria/mud-mosques-and-modernism.html,"relevance 6.2, subject query, names its country",pexels,Gpop NL,https://www.pexels.com/photo/hausa-men-in-traditional-attire-nigeria-31856861/
1325,W9 no acquisition,KEEP,pexels:5727646,4,no price attached,41%,P3,nigeria,lagos and the atlantic,beaches,"boats and beach umbrellas at Tarkwa Bay, Lagos, Nigeria",16/9 and 4/3,1800,migrate as it is,none,— already ours.,AKL-000425,https://images.pexels.com/photos/5727646/pexels-photo-5727646.jpeg,nigeria/beaches/boats-and-beach-umbrellas-at-tarkwa-bay-lagos-nigeria.avif,4,/places/nigeria/lagos-and-the-atlantic.html,/nigeria.html,"relevance 7.5, subject query, names its country",pexels,Tosin James,https://www.pexels.com/photo/tropical-landscape-with-beach-and-palm-trees-5727646/
1326,W9 no acquisition,KEEP,pexels:14010957,4,no price attached,41%,P3,nigeria,community forest,eco-tourism,"drills at the Afi Mountain sanctuary in Cross River, Nigeria",16/9 and 4/3,1600,migrate as it is,none,— already ours.,AKL-000427,https://images.pexels.com/photos/14010957/pexels-photo-14010957.jpeg,nigeria/eco-tourism/drills-at-the-afi-mountain-sanctuary-in-cross-river-nigeria.avif,2,/places/nigeria/community-forest.html,/places/nigeria/community-forest.html,"relevance 4.7, subject query, names its country",pexels,Quang Nguyen Vinh,https://www.pexels.com/photo/man-with-camera-near-river-in-mountains-landscape-14010957/
1327,W9 no acquisition,KEEP,pexels:36703363,4,no price attached,41%,P3,nigeria,loud and welcoming,family-community,"children playing football on a Lagos beach, Nigeria",16/9 and 4/3,1600,migrate as it is,none,— already ours.,AKL-000428,https://images.pexels.com/photos/36703363/pexels-photo-36703363.jpeg,nigeria/family-community/children-playing-football-on-a-lagos-beach-nigeria.avif,2,/places/nigeria/loud-and-welcoming.html,/places/nigeria/loud-and-welcoming.html,"relevance 7.7, subject query, names its country",pexels,Ademola Adeola,https://www.pexels.com/photo/street-scene-captured-in-lagos-nigeria-36703363/
1328,W9 no acquisition,KEEP,pexels:37030067,4,no price attached,41%,P3,nigeria,jollof suya and egusi,food,"suya being grilled at a roadside stand at night, Nigeria",16/9 and 4/3,1600,migrate as it is,none,— already ours.,AKL-000429,https://images.pexels.com/photos/37030067/pexels-photo-37030067.jpeg,nigeria/food/suya-being-grilled-at-a-roadside-stand-at-night-nigeria.avif,2,/places/nigeria/jollof-suya-and-egusi.html,/places/nigeria/jollof-suya-and-egusi.html,"relevance 4.7, subject query, names its country",pexels,Canary Vista ES,https://www.pexels.com/photo/grilled-meat-and-vegetables-on-barbecue-37030067/
1329,W9 no acquisition,KEEP,pexels:32187359,4,no price attached,41%,P3,nigeria,cross river,forests,"dense rainforest canopy in Cross River state, Nigeria",16/9 and 4/3,1600,migrate as it is,none,— already ours.,AKL-000430,https://images.pexels.com/photos/32187359/pexels-photo-32187359.jpeg,nigeria/forests/dense-rainforest-canopy-in-cross-river-state-nigeria.avif,4,/places/nigeria/cross-river.html,/nigeria.html,"relevance 4.5, subject query, names its country",pexels,Abdulrahman Abubakar,https://www.pexels.com/photo/traditional-canoeing-on-muddy-river-in-nigeria-32187359/
1330,W9 no acquisition,KEEP,pexels:38694328,4,no price attached,41%,P3,nigeria,idanre,hidden-gems,"the granite Idanre hills rising above forest, Nigeria",16/9 and 4/3,1600,migrate as it is,none,— already ours.,AKL-000431,https://images.pexels.com/photos/38694328/pexels-photo-38694328.jpeg,nigeria/hidden-gems/the-granite-idanre-hills-rising-above-forest-nigeria.avif,2,/places/nigeria/idanre.html,/places/nigeria/idanre.html,"relevance 5.9, subject query, names its country",pexels,Hiếu Lê,https://www.pexels.com/photo/man-relaxing-on-rock-by-idanre-hills-38694328/
1331,W9 no acquisition,KEEP,pexels:38459107,4,no price attached,41%,P3,nigeria,lagos island hotels,luxury,"a hotel terrace overlooking Lagos lagoon at night, Nigeria",16/9 and 4/3,1600,migrate as it is,none,— already ours.,AKL-000432,https://images.pexels.com/photos/38459107/pexels-photo-38459107.jpeg,nigeria/luxury/a-hotel-terrace-overlooking-lagos-lagoon-at-night-nigeria.avif,2,/places/nigeria/lagos-island-hotels.html,/places/nigeria/lagos-island-hotels.html,"relevance 4.0, subject query, names its country",pexels,David Iloba,https://www.pexels.com/photo/lagos-firefighting-operation-amidst-local-crowd-38459107/
1332,W9 no acquisition,KEEP,pexels:35857785,4,no price attached,41%,P3,nigeria,the obudu plateau,mountains,"the green Obudu plateau under low cloud, Nigeria",16/9 and 4/3,1800,migrate as it is,none,— already ours.,AKL-000433,https://images.pexels.com/photos/35857785/pexels-photo-35857785.jpeg,nigeria/mountains/the-green-obudu-plateau-under-low-cloud-nigeria.avif,4,/places/nigeria/the-obudu-plateau.html,/nigeria.html,"relevance 6.0, subject query, names its country",pexels,Prince Rufus,https://www.pexels.com/photo/scenic-misty-hills-of-obudu-ranch-in-nigeria-35857785/
1333,W9 no acquisition,KEEP,pexels:31182122,4,no price attached,41%,P3,nigeria,hike paddle ride,outdoor,"hikers on a trail across the Obudu plateau, Nigeria",16/9 and 4/3,1600,migrate as it is,none,— already ours.,AKL-000434,https://images.pexels.com/photos/31182122/pexels-photo-31182122.jpeg,nigeria/outdoor/hikers-on-a-trail-across-the-obudu-plateau-nigeria.avif,2,/places/nigeria/hike-paddle-ride.html,/places/nigeria/hike-paddle-ride.html,"relevance 4.5, subject query, names its country",pexels,Zedou Njankouo,https://www.pexels.com/photo/group-hiking-on-rocky-trail-overlooking-cityscape-31182122/
1334,W9 no acquisition,KEEP,pexels:37988925,4,no price attached,41%,P3,nigeria,colour and crowd,photography,a crowded cloth market in southern Nigeria,16/9 and 21/9 and 4/3,2100,migrate as it is,none,— already ours.,AKL-000435,https://images.pexels.com/photos/37988925/pexels-photo-37988925.jpeg,nigeria/photography/a-crowded-cloth-market-in-southern-nigeria.avif,3,/places/nigeria/colour-and-crowd.html,/places/nigeria/colour-and-crowd.html,"relevance 5.4, subject query, names its country",pexels,DETTY  IMAGES,https://www.pexels.com/photo/crowded-urban-market-scene-in-nigeria-37988925/
1335,W9 no acquisition,KEEP,pexels:38003149,4,no price attached,41%,P3,nigeria,yoruba igbo hausa fulani,traditional-people,a Fulani herder with cattle in northern Nigeria,16/9 and 4/5 and 4/3,1600,migrate as it is,none,— already ours.,AKL-000436,https://images.pexels.com/photos/38003149/pexels-photo-38003149.jpeg,nigeria/traditional-people/a-fulani-herder-with-cattle-in-northern-nigeria.avif,3,/places/nigeria/yoruba-igbo-hausa-fulani.html,/places/nigeria/yoruba-igbo-hausa-fulani.html,"relevance 5.7, subject query, names its country",pexels,bobest Imagery,https://www.pexels.com/photo/traditional-horseman-at-nigerian-festival-38003149/
1336,W9 no acquisition,KEEP,pexels:18978036,4,no price attached,41%,P3,nigeria,erin ijesha and gurara,waterfalls,"the stepped Erin-Ijesha waterfall in forest, Nigeria",16/9 and 4/3,1600,migrate as it is,none,— already ours.,AKL-000437,https://images.pexels.com/photos/18978036/pexels-photo-18978036.jpeg,nigeria/waterfalls/the-stepped-erin-ijesha-waterfall-in-forest-nigeria.avif,3,/places/nigeria/erin-ijesha-and-gurara.html,/places/nigeria/erin-ijesha-and-gurara.html,"relevance 7.7, subject query, names its country",pexels,Og,https://www.pexels.com/photo/portrait-of-woman-by-waterfall-in-forest-18978036/
1337,W9 no acquisition,KEEP,pexels:37442059,4,no price attached,37%,P3,morocco,the atlantic coast,beaches,"the walled seafront of Essaouira with fishing boats, Morocco",16/9 and 4/3,1800,migrate as it is,none,— already ours.,AKL-000378,https://images.pexels.com/photos/37442059/pexels-photo-37442059.jpeg,morocco/beaches/the-walled-seafront-of-essaouira-with-fishing-boats-morocco.avif,4,/places/morocco/the-atlantic-coast.html,/morocco.html,"relevance 6.0, subject query, names its country",pexels,Cornelis Johannes (Kees) van Leeuwen,https://www.pexels.com/photo/blue-fishing-boats-at-essaouira-harbor-37442059/
1338,W9 no acquisition,KEEP,pexels:22711562,4,no price attached,37%,P3,morocco,marrakesh and casablanca,cities,"Jemaa el-Fnaa square in Marrakesh filling at dusk, Morocco",16/9 and 4/3,1600,migrate as it is,none,— already ours.,AKL-000379,https://images.pexels.com/photos/22711562/pexels-photo-22711562.jpeg,morocco/cities/jemaa-el-fnaa-square-in-marrakesh-filling-at-dusk-morocco.avif,2,/places/morocco/marrakesh-and-casablanca.html,/places/morocco/marrakesh-and-casablanca.html,"relevance 5.4, subject query, names its country",pexels,Uiliam Nörnberg,https://www.pexels.com/photo/elderly-man-walking-on-square-in-marrakesh-22711562/
1339,W9 no acquisition,KEEP,pexels:29326685,4,no price attached,37%,P3,morocco,oasis agriculture,eco-tourism,"a palm oasis irrigated by traditional channels, Morocco",16/9 and 4/3,1600,migrate as it is,none,— already ours.,AKL-000380,https://images.pexels.com/photos/29326685/pexels-photo-29326685.jpeg,morocco/eco-tourism/a-palm-oasis-irrigated-by-traditional-channels-morocco.avif,2,/places/morocco/oasis-agriculture.html,/places/morocco/oasis-agriculture.html,"relevance 6.5, subject query, names its country",pexels,outajour mourad,https://www.pexels.com/photo/lush-oasis-in-tinghir-morocco-s-desert-29326685/
1340,W9 no acquisition,KEEP,pexels:37442103,4,no price attached,37%,P3,morocco,moussem and gnaoua,festivals,"musicians playing at the Gnaoua festival in Essaouira, Morocco",16/9 and 3/2 and 4/3,1600,migrate as it is,none,— already ours.,AKL-000381,https://images.pexels.com/photos/37442103/pexels-photo-37442103.jpeg,morocco/festivals/musicians-playing-at-the-gnaoua-festival-in-essaouira-morocco.avif,3,/places/morocco/moussem-and-gnaoua.html,/places/morocco/moussem-and-gnaoua.html,"relevance 6.0, subject query, names its country",pexels,Cornelis Johannes (Kees) van Leeuwen,https://www.pexels.com/photo/vibrant-market-street-scene-in-essaouira-morocco-37442103/
1341,W9 no acquisition,KEEP,pexels:37401853,4,no price attached,37%,P3,morocco,the cedar forest,forests,"ancient Atlas cedar trees in the Middle Atlas forest, Morocco",16/9 and 4/3,1600,migrate as it is,none,— already ours.,AKL-000382,https://images.pexels.com/photos/37401853/pexels-photo-37401853.jpeg,morocco/forests/ancient-atlas-cedar-trees-in-the-middle-atlas-forest-morocco.avif,4,/places/morocco/the-cedar-forest.html,/morocco.html,"relevance 6.5, subject query, names its country",pexels,pierre matile,https://www.pexels.com/photo/scenic-view-of-atlas-mountains-in-morocco-37401853/
1342,W9 no acquisition,KEEP,pexels:38112347,4,no price attached,37%,P3,morocco,the imperial cities,heritage,"the tanneries and rooftops of the Fez medina, Morocco",16/9 and 4/3,1600,migrate as it is,none,— already ours.,AKL-000383,https://images.pexels.com/photos/38112347/pexels-photo-38112347.jpeg,morocco/heritage/the-tanneries-and-rooftops-of-the-fez-medina-morocco.avif,3,/places/morocco/the-imperial-cities.html,/places/morocco/the-imperial-cities.html,"relevance 6.0, subject query, names its country",pexels,Ramon Karolan,https://www.pexels.com/photo/traditional-leather-tannery-in-fez-morocco-38112347/
1343,W9 no acquisition,KEEP,pexels:25070537,4,no price attached,37%,P3,morocco,chefchaouen and the rif,hidden-gems,"the blue-painted lanes of Chefchaouen in the Rif, Morocco",16/9 and 4/3,1600,migrate as it is,none,— already ours.,AKL-000385,https://images.pexels.com/photos/25070537/pexels-photo-25070537.jpeg,morocco/hidden-gems/the-blue-painted-lanes-of-chefchaouen-in-the-rif-morocco.avif,2,/places/morocco/chefchaouen-and-the-rif.html,/places/morocco/chefchaouen-and-the-rif.html,"relevance 7.7, subject query, names its country",pexels,Diego F. Parra,https://www.pexels.com/photo/blue-house-in-chefchaouen-morocco-25070537/
1344,W9 no acquisition,KEEP,pexels:37818892,4,no price attached,37%,P3,morocco,volubilis and the kasbahs,historic-sites,"the earth kasbah of Ait Benhaddou above the river, Morocco",16/9 and 4/3,1600,migrate as it is,none,— already ours.,AKL-000386,https://images.pexels.com/photos/37818892/pexels-photo-37818892.jpeg,morocco/historic-sites/the-earth-kasbah-of-ait-benhaddou-above-the-river-morocco.avif,2,/places/morocco/volubilis-and-the-kasbahs.html,/places/morocco/volubilis-and-the-kasbahs.html,"relevance 6.5, subject query, names its country",pexels,Emre Koşak,https://www.pexels.com/photo/majestic-view-of-ait-benhaddou-in-morocco-37818892/
1345,W9 no acquisition,KEEP,pexels:37684088,4,no price attached,37%,P3,morocco,the draa river,lakes-rivers,palm groves along the Draa valley in southern Morocco,16/9 and 4/5 and 4/3,1600,migrate as it is,none,— already ours.,AKL-000387,https://images.pexels.com/photos/37684088/pexels-photo-37684088.jpeg,morocco/lakes-rivers/palm-groves-along-the-draa-valley-in-southern-morocco.avif,3,/places/morocco/the-draa-river.html,/places/morocco/the-draa-river.html,"relevance 5.8, subject query, names its country",pexels,pierre matile,https://www.pexels.com/photo/majestic-landscape-of-the-atlas-mountains-morocco-37684088/
1346,W9 no acquisition,KEEP,pexels:37441710,4,no price attached,37%,P3,morocco,desert camps and riads,luxury,"a desert camp of tents on the dunes at Erg Chigaga, Morocco",16/9 and 4/3,1600,migrate as it is,none,— already ours.,AKL-000388,https://images.pexels.com/photos/37441710/pexels-photo-37441710.jpeg,morocco/luxury/a-desert-camp-of-tents-on-the-dunes-at-erg-chigaga-morocco.avif,2,/places/morocco/desert-camps-and-riads.html,/places/morocco/desert-camps-and-riads.html,"relevance 6.0, subject query, names its country",pexels,Cornelis Johannes (Kees) van Leeuwen,https://www.pexels.com/photo/golden-sands-of-erg-chebbi-desert-in-morocco-37441710/
1347,W9 no acquisition,KEEP,pexels:18633958,4,no price attached,37%,P3,morocco,the high atlas,mountains,"Mount Toubkal under snow above the village of Imlil, Morocco",16/9 and 4/3,1800,migrate as it is,none,— already ours.,AKL-000389,https://images.pexels.com/photos/18633958/pexels-photo-18633958.png,morocco/mountains/mount-toubkal-under-snow-above-the-village-of-imlil-morocco.avif,4,/places/morocco/the-high-atlas.html,/morocco.html,"relevance 7.5, subject query, names its country",pexels,Gabriel Lorca,https://www.pexels.com/photo/snow-on-rocky-mountain-peak-18633958/
1348,W9 no acquisition,KEEP,pexels:22397371,4,no price attached,37%,P3,morocco,trek surf ride,outdoor,"surfers walking the beach at Taghazout at sunset, Morocco",16/9 and 4/3,1600,migrate as it is,none,— already ours.,AKL-000390,https://images.pexels.com/photos/22397371/pexels-photo-22397371.jpeg,morocco/outdoor/surfers-walking-the-beach-at-taghazout-at-sunset-morocco.avif,2,/places/morocco/trek-surf-ride.html,/places/morocco/trek-surf-ride.html,"relevance 6.0, subject query, names its country",pexels,Malcolm Stirling,https://www.pexels.com/photo/boats-on-a-beach-22397371/
1349,W9 no acquisition,KEEP,pexels:29762263,4,no price attached,37%,P3,morocco,desert country,safari,a desert track through stony hammada in southern Morocco,16/9 and 4/3,1600,migrate as it is,none,— already ours.,AKL-000391,https://images.pexels.com/photos/29762263/pexels-photo-29762263.jpeg,morocco/safari/a-desert-track-through-stony-hammada-in-southern-morocco.avif,2,/places/morocco/desert-country.html,/places/morocco/desert-country.html,"relevance 6.2, subject query, names its country",pexels,Sem Bogaarts,https://www.pexels.com/photo/camel-caravan-in-marrakesh-desert-landscape-29762263/
1350,W9 no acquisition,KEEP,pexels:34355197,4,no price attached,37%,P3,morocco,ouzoud,waterfalls,"the Ouzoud falls dropping in stages through olive trees, Morocco",16/9 and 4/3,1600,migrate as it is,none,— already ours.,AKL-000392,https://images.pexels.com/photos/34355197/pexels-photo-34355197.jpeg,morocco/waterfalls/the-ouzoud-falls-dropping-in-stages-through-olive-trees-morocco.avif,3,/places/morocco/ouzoud.html,/places/morocco/ouzoud.html,"relevance 4.2, subject query, names its country",pexels,Meriem a,https://www.pexels.com/photo/spectacular-view-of-ouzoud-waterfalls-morocco-34355197/
1351,W9 no acquisition,KEEP,pexels:38097313,4,no price attached,31%,P3,ethiopia,round houses and rock churches,architecture,"a Tigray rock church high in a cliff face, Ethiopia",16/9 and 3/2 and 4/3,1600,migrate as it is,none,— already ours.,AKL-000187,https://images.pexels.com/photos/38097313/pexels-photo-38097313.jpeg,ethiopia/architecture/a-tigray-rock-church-high-in-a-cliff-face-ethiopia.avif,3,/places/ethiopia/round-houses-and-rock-churches.html,/places/ethiopia/round-houses-and-rock-churches.html,"relevance 4.7, subject query, names its country",pexels,Sani Maikatanga,https://www.pexels.com/photo/traditional-african-festival-attire-and-face-paint-38097313/
1352,W9 no acquisition,KEEP,pexels:36650839,4,no price attached,31%,P3,ethiopia,addis ababa,cities,"the Merkato district of Addis Ababa from above, Ethiopia",16/9 and 4/3,1600,migrate as it is,none,— already ours.,AKL-000189,https://images.pexels.com/photos/36650839/pexels-photo-36650839.jpeg,ethiopia/cities/the-merkato-district-of-addis-ababa-from-above-ethiopia.avif,2,/places/ethiopia/addis-ababa.html,/places/ethiopia/addis-ababa.html,"relevance 5.4, subject query, names its country",pexels,Tsion  Molla,https://www.pexels.com/photo/traditional-market-scene-in-addis-ababa-ethiopia-36650839/
1353,W9 no acquisition,KEEP,pexels:34416165,4,no price attached,31%,P3,ethiopia,weaving and silver,crafts,a silversmith working an Ethiopian cross,16/9 and 4/3,1600,migrate as it is,none,— already ours.,AKL-000190,https://images.pexels.com/photos/34416165/pexels-photo-34416165.png,ethiopia/crafts/a-silversmith-working-an-ethiopian-cross.avif,2,/places/ethiopia/weaving-and-silver.html,/places/ethiopia/weaving-and-silver.html,"relevance 6.2, subject query, names its country",pexels,Eden Kefale,https://www.pexels.com/photo/ethiopian-orthodox-bonfire-celebration-at-night-34416165/
1354,W9 no acquisition,KEEP,pexels:17853346,4,no price attached,31%,P3,ethiopia,harenna and the church forests,forests,"a round church surrounded by its own remnant forest, Ethiopia",16/9 and 4/3,1600,migrate as it is,none,— already ours.,AKL-000192,https://images.pexels.com/photos/17853346/pexels-photo-17853346.jpeg,ethiopia/forests/a-round-church-surrounded-by-its-own-remnant-forest-ethiopia.avif,4,/places/ethiopia/harenna-and-the-church-forests.html,/ethiopia.html,"relevance 6.2, subject query, names its country",pexels,Abenezer Muluken,https://www.pexels.com/photo/fasil-ghebbi-castle-in-ethiopia-17853346/
1355,W9 no acquisition,KEEP,pexels:36713810,4,no price attached,31%,P3,ethiopia,aksum and gondar,heritage,"the stone castles of Fasil Ghebbi at Gondar, Ethiopia",16/9 and 4/3,1600,migrate as it is,none,— already ours.,AKL-000193,https://images.pexels.com/photos/36713810/pexels-photo-36713810.jpeg,ethiopia/heritage/the-stone-castles-of-fasil-ghebbi-at-gondar-ethiopia.avif,3,/places/ethiopia/aksum-and-gondar.html,/places/ethiopia/aksum-and-gondar.html,"relevance 6.0, subject query, names its country",pexels,Abenezer Muluken,https://www.pexels.com/photo/aerial-view-of-gondar-ethiopia-s-scenic-landscape-36713810/
1356,W9 no acquisition,KEEP,pexels:28903000,4,no price attached,31%,P3,ethiopia,tigray,hidden-gems,"the climb to a rock church in the Gheralta mountains, Ethiopia",16/9 and 4/3,1600,migrate as it is,none,— already ours.,AKL-000194,https://images.pexels.com/photos/28903000/pexels-photo-28903000.jpeg,ethiopia/hidden-gems/the-climb-to-a-rock-church-in-the-gheralta-mountains-ethiopia.avif,2,/places/ethiopia/tigray.html,/places/ethiopia/tigray.html,"relevance 4.7, subject query, names its country",pexels,Alex Moliski,https://www.pexels.com/photo/majestic-red-rock-formation-in-uinta-mountains-28903000/
1357,W9 no acquisition,KEEP,pexels:7438884,4,no price attached,31%,P3,ethiopia,lalibela,historic-sites,"the rock-hewn church of Bete Giyorgis at Lalibela, Ethiopia",16/9 and 4/3,6000,migrate as it is,none,— already ours.,AKL-000195,https://images.pexels.com/photos/7438884/pexels-photo-7438884.jpeg,ethiopia/historic-sites/the-rock-hewn-church-of-bete-giyorgis-at-lalibela-ethiopia.avif,4,/places/ethiopia/lalibela.html,/index.html,"relevance 6.2, subject query, names its country",pexels,Estella,https://www.pexels.com/photo/family-visiting-one-of-the-rock-hewn-churches-in-lalibela-7438884/
1358,W9 no acquisition,KEEP,pexels:27832201,4,no price attached,31%,P3,ethiopia,lake tana,lakes-rivers,"an island monastery on Lake Tana seen from the water, Ethiopia",16/9 and 4/5 and 4/3,1600,migrate as it is,none,— already ours.,AKL-000196,https://images.pexels.com/photos/27832201/pexels-photo-27832201.jpeg,ethiopia/lakes-rivers/an-island-monastery-on-lake-tana-seen-from-the-water-ethiopia.avif,3,/places/ethiopia/lake-tana.html,/places/ethiopia/lake-tana.html,"relevance 5.4, subject query, names its country",pexels,Eslam Mohammed Abdelmaksoud,https://www.pexels.com/photo/a-house-alone-in-the-middle-of-the-water-27832201/
1359,W9 no acquisition,KEEP,pexels:34811152,4,no price attached,31%,P3,ethiopia,coffee properly,local-life,"a coffee ceremony with roasting pan and jebena, Ethiopia",16/9 and 3/2 and 4/3,1600,migrate as it is,none,— already ours.,AKL-000197,https://images.pexels.com/photos/34811152/pexels-photo-34811152.jpeg,ethiopia/local-life/a-coffee-ceremony-with-roasting-pan-and-jebena-ethiopia.avif,3,/places/ethiopia/coffee-properly.html,/places/ethiopia/coffee-properly.html,"relevance 4.7, subject query, names its country",pexels,Ray Suarez,https://www.pexels.com/photo/macro-of-roasted-coffee-bean-with-steam-34811152/
1360,W9 no acquisition,KEEP,pexels:30308332,4,no price attached,31%,P3,ethiopia,escarpment and rift,nature,the Ethiopian Rift valley lakes seen from the escarpment,16/9 and 21/9 and 4/3,2100,migrate as it is,none,— already ours.,AKL-000198,https://images.pexels.com/photos/30308332/pexels-photo-30308332.jpeg,ethiopia/nature/the-ethiopian-rift-valley-lakes-seen-from-the-escarpment.avif,4,/places/ethiopia/escarpment-and-rift.html,/ethiopia.html,"relevance 6.0, subject query, names its country",pexels,Christian  Alemu,https://www.pexels.com/photo/vibrant-ethiopian-festival-celebration-outdoors-30308332/
1361,W9 no acquisition,KEEP,pexels:37516172,4,no price attached,31%,P3,ethiopia,trek and climb,outdoor,"Dramatic silhouette of a rock climber scaling a cliff under a bright sun., Ethiopia",16/9 and 4/3,1600,migrate as it is,none,— already ours.,AKL-000199,https://images.pexels.com/photos/37516172/pexels-photo-37516172.jpeg,ethiopia/outdoor/dramatic-silhouette-of-a-rock-climber-scaling-a-cliff-under-a-bright-s.avif,2,/places/ethiopia/trek-and-climb.html,/places/ethiopia/trek-and-climb.html,"relevance 4.5, subject query, names its country",pexels,Baraa Obied,https://www.pexels.com/photo/silhouette-of-climber-ascending-rock-wall-outdoors-37516172/
1362,W9 no acquisition,KEEP,pexels:29324430,4,no price attached,31%,P3,ethiopia,bale and the ethiopian wolf,safari,an Ethiopian wolf on the Sanetti plateau in Bale,16/9 and 4/3,1600,migrate as it is,none,— already ours.,AKL-000200,https://images.pexels.com/photos/29324430/pexels-photo-29324430.jpeg,ethiopia/safari/an-ethiopian-wolf-on-the-sanetti-plateau-in-bale.avif,2,/places/ethiopia/bale-and-the-ethiopian-wolf.html,/places/ethiopia/bale-and-the-ethiopian-wolf.html,"relevance 6.2, subject query, names its country",pexels,Muhannad al zabidi,https://www.pexels.com/photo/ethiopian-coffee-sack-with-textured-burlap-design-29324430/
1363,W9 no acquisition,KEEP,pexels:33603660,4,no price attached,31%,P3,ethiopia,omo valley,traditional-people,"a village of the lower Omo valley at the end of the day, Ethiopia",16/9 and 4/5 and 4/3,1600,migrate as it is,none,— already ours.,AKL-000201,https://images.pexels.com/photos/33603660/pexels-photo-33603660.jpeg,ethiopia/traditional-people/a-village-of-the-lower-omo-valley-at-the-end-of-the-day-ethiopia.avif,3,/places/ethiopia/omo-valley.html,/places/ethiopia/omo-valley.html,"relevance 5.2, subject query, names its country",pexels,Sami  Kofer,https://www.pexels.com/photo/elderly-man-in-traditional-ethiopian-attire-33603660/
1364,W9 no acquisition,KEEP,pexels:37638743,4,no price attached,31%,P3,ethiopia,the blue nile falls,waterfalls,"the Blue Nile falls in full flow at Tis Issat, Ethiopia",16/9 and 4/3,1600,migrate as it is,none,— already ours.,AKL-000202,https://images.pexels.com/photos/37638743/pexels-photo-37638743.jpeg,ethiopia/waterfalls/the-blue-nile-falls-in-full-flow-at-tis-issat-ethiopia.avif,3,/places/ethiopia/the-blue-nile-falls.html,/places/ethiopia/the-blue-nile-falls.html,"relevance 5.0, subject query, names its country",pexels,Kalz📸🇺🇬 Michael,https://www.pexels.com/photo/scenic-boat-ride-on-the-nile-river-in-uganda-37638743/
1365,W9 no acquisition,KEEP,pexels:37099122,4,no price attached,31%,P4,ethiopia,,beaches,"A breathtaking view of a vibrant green sulfuric volcanic crater lake surrounded by rugged terrain., Ethiopia",unconstrained,0,migrate as it is,none,— already ours.,AKL-000188,https://images.pexels.com/photos/37099122/pexels-photo-37099122.jpeg,ethiopia/beaches/a-breathtaking-view-of-a-vibrant-green-sulfuric-volcanic-crater-lake-s.avif,4,,/ethiopia.html,"relevance 4.5, subject query, names its country",pexels,Edu Raw,https://www.pexels.com/photo/stunning-view-of-sulfurous-volcanic-crater-lake-37099122/
1366,W9 no acquisition,KEEP,pexels:37270091,4,no price attached,30%,P3,seychelles,creole houses,architecture,"a traditional Creole house with louvred shutters, Seychelles",16/9 and 3/2 and 4/3,1600,migrate as it is,none,— already ours.,AKL-000474,https://images.pexels.com/photos/37270091/pexels-photo-37270091.jpeg,seychelles/architecture/a-traditional-creole-house-with-louvred-shutters-seychelles.avif,3,/places/seychelles/creole-houses.html,/places/seychelles/creole-houses.html,"relevance 4.7, subject query, names its country",pexels,Wesley  Novais,https://www.pexels.com/photo/charming-wooden-house-facade-against-blue-sky-37270091/
1367,W9 no acquisition,KEEP,pexels:32544311,4,no price attached,30%,P3,seychelles,anse source dargent,beaches,"granite boulders and shallow water at Anse Source d'Argent, Seychelles",16/9 and 4/3,1800,migrate as it is,none,— already ours.,AKL-000475,https://images.pexels.com/photos/32544311/pexels-photo-32544311.jpeg,seychelles/beaches/granite-boulders-and-shallow-water-at-anse-source-d-argent-seychelles.avif,4,/places/seychelles/anse-source-dargent.html,/seychelles.html,"relevance 6.0, subject query, names its country",pexels,Vika Glitter,https://www.pexels.com/photo/sunny-beach-day-at-anse-source-d-argent-32544311/
1368,W9 no acquisition,KEEP,pexels:32371915,4,no price attached,30%,P3,seychelles,victoria,cities,"the market and clock tower in Victoria, Mahé, Seychelles",16/9 and 4/3,1600,migrate as it is,none,— already ours.,AKL-000476,https://images.pexels.com/photos/32371915/pexels-photo-32371915.jpeg,seychelles/cities/the-market-and-clock-tower-in-victoria-mah-seychelles.avif,2,/places/seychelles/victoria.html,/places/seychelles/victoria.html,"relevance 5.4, subject query, names its country",pexels,Thien Phuoc Phuong,https://www.pexels.com/photo/ben-thanh-market-in-ho-chi-minh-city-in-daylight-32371915/
1369,W9 no acquisition,KEEP,pexels:32974350,4,no price attached,30%,P3,seychelles,boatbuilding and weaving,crafts,"a wooden pirogue being built on a beach, Seychelles",16/9 and 4/3,1600,migrate as it is,none,— already ours.,AKL-000477,https://images.pexels.com/photos/32974350/pexels-photo-32974350.jpeg,seychelles/crafts/a-wooden-pirogue-being-built-on-a-beach-seychelles.avif,2,/places/seychelles/boatbuilding-and-weaving.html,/places/seychelles/boatbuilding-and-weaving.html,"relevance 4.7, subject query, names its country",pexels,Vika Glitter,https://www.pexels.com/photo/beach-relaxation-with-woman-in-black-swimsuit-32974350/
1370,W9 no acquisition,KEEP,pexels:32962627,4,no price attached,30%,P3,seychelles,half the country is protected,eco-tourism,a marine park marker buoy over Seychelles reef,16/9 and 4/3,1600,migrate as it is,none,— already ours.,AKL-000478,https://images.pexels.com/photos/32962627/pexels-photo-32962627.jpeg,seychelles/eco-tourism/a-marine-park-marker-buoy-over-seychelles-reef.avif,2,/places/seychelles/half-the-country-is-protected.html,/places/seychelles/half-the-country-is-protected.html,"relevance 4.7, subject query, names its country",pexels,Boris Hamer,https://www.pexels.com/photo/vibrant-orange-buoy-floating-in-blue-ocean-waters-32962627/
1371,W9 no acquisition,KEEP,pexels:5785074,4,no price attached,30%,P3,seychelles,shallow warm safe,family-community,"children in a shallow turquoise lagoon, Seychelles",16/9 and 4/3,1600,migrate as it is,none,— already ours.,AKL-000479,https://images.pexels.com/photos/5785074/pexels-photo-5785074.jpeg,seychelles/family-community/children-in-a-shallow-turquoise-lagoon-seychelles.avif,2,/places/seychelles/shallow-warm-safe.html,/places/seychelles/shallow-warm-safe.html,"relevance 4.7, subject query, names its country",pexels,Asad Photo Maldives,https://www.pexels.com/photo/back-view-of-boy-and-girl-holding-hands-looking-at-turquoise-sea-5785074/
1372,W9 no acquisition,KEEP,pexels:29796600,4,no price attached,30%,P3,seychelles,fish coconut and chilli,food,"grilled fish with coconut curry and rice, Seychelles",16/9 and 4/3,1600,migrate as it is,none,— already ours.,AKL-000480,https://images.pexels.com/photos/29796600/pexels-photo-29796600.jpeg,seychelles/food/grilled-fish-with-coconut-curry-and-rice-seychelles.avif,2,/places/seychelles/fish-coconut-and-chilli.html,/places/seychelles/fish-coconut-and-chilli.html,"relevance 6.2, subject query, names its country",pexels,Michał Robak,https://www.pexels.com/photo/outdoor-barbecue-grilling-sausages-and-fish-29796600/
1373,W9 no acquisition,KEEP,pexels:24713347,4,no price attached,30%,P3,seychelles,no rivers all sea,lakes-rivers,the shallow lagoon inside a Seychelles reef,16/9 and 4/5 and 4/3,1600,migrate as it is,none,— already ours.,AKL-000482,https://images.pexels.com/photos/24713347/pexels-photo-24713347.jpeg,seychelles/lakes-rivers/the-shallow-lagoon-inside-a-seychelles-reef.avif,3,/places/seychelles/no-rivers-all-sea.html,/places/seychelles/no-rivers-all-sea.html,"relevance 4.9, subject query, names its country",pexels,Logan Hamm,https://www.pexels.com/photo/canoe-on-sea-near-rocks-at-anse-source-argent-in-seychelles-24713347/
1374,W9 no acquisition,KEEP,pexels:10039797,4,no price attached,30%,P3,seychelles,the fish market,local-life,"Close-up of red snapper fish on ice at a market, showcasing freshness and vibrant color., Seychelles",16/9 and 3/2 and 4/3,1600,migrate as it is,none,— already ours.,AKL-000483,https://images.pexels.com/photos/10039797/pexels-photo-10039797.jpeg,seychelles/local-life/close-up-of-red-snapper-fish-on-ice-at-a-market-showcasing-freshness-a.avif,3,/places/seychelles/the-fish-market.html,/places/seychelles/the-fish-market.html,"relevance 6.2, subject query, names its country",pexels,Los Muertos Crew,https://www.pexels.com/photo/close-up-on-frozen-fish-on-counter-10039797/
1375,W9 no acquisition,KEEP,pexels:13840452,4,no price attached,30%,P3,seychelles,morne seychellois,mountains,"the forested ridge of Morne Seychellois, Seychelles",16/9 and 4/3,1800,migrate as it is,none,— already ours.,AKL-000484,https://images.pexels.com/photos/13840452/pexels-photo-13840452.jpeg,seychelles/mountains/the-forested-ridge-of-morne-seychellois-seychelles.avif,4,/places/seychelles/morne-seychellois.html,/seychelles.html,"relevance 4.0, subject query, names its country",pexels,Vishnu  Panday,https://www.pexels.com/photo/a-pair-of-mountains-covered-with-mist-13840452/
1376,W9 no acquisition,KEEP,pexels:32974384,4,no price attached,30%,P3,seychelles,forty three granite islands,nature,"the granite peaks of Mahé above the sea, Seychelles",16/9 and 21/9 and 4/3,2100,migrate as it is,none,— already ours.,AKL-000485,https://images.pexels.com/photos/32974384/pexels-photo-32974384.jpeg,seychelles/nature/the-granite-peaks-of-mah-above-the-sea-seychelles.avif,4,/places/seychelles/forty-three-granite-islands.html,/seychelles.html,"relevance 4.0, subject query, names its country",pexels,Vika Glitter,https://www.pexels.com/photo/seychelles-beach-scene-with-woman-in-vibrant-bikini-32974384/
1377,W9 no acquisition,KEEP,pexels:14029101,4,no price attached,30%,P3,seychelles,dive kayak cycle,outdoor,"bicycles on a sandy track on La Digue, Seychelles",16/9 and 4/3,1600,migrate as it is,none,— already ours.,AKL-000486,https://images.pexels.com/photos/14029101/pexels-photo-14029101.jpeg,seychelles/outdoor/bicycles-on-a-sandy-track-on-la-digue-seychelles.avif,2,/places/seychelles/dive-kayak-cycle.html,/places/seychelles/dive-kayak-cycle.html,"relevance 4.0, subject query, names its country",pexels,Adrien Daurenjou,https://www.pexels.com/photo/big-rocks-on-the-sandy-shore-under-blue-sky-14029101/
1378,W9 no acquisition,KEEP,pexels:32974406,4,no price attached,30%,P3,seychelles,granite and turquoise,photography,"granite boulders and turquoise water at sunset, Seychelles",16/9 and 21/9 and 4/3,2100,migrate as it is,none,— already ours.,AKL-000487,https://images.pexels.com/photos/32974406/pexels-photo-32974406.jpeg,seychelles/photography/granite-boulders-and-turquoise-water-at-sunset-seychelles.avif,3,/places/seychelles/granite-and-turquoise.html,/places/seychelles/granite-and-turquoise.html,"relevance 5.2, subject query, names its country",pexels,Vika Glitter,https://www.pexels.com/photo/woman-enjoying-tropical-beach-in-seychelles-32974406/
1379,W9 no acquisition,KEEP,pexels:5008467,4,no price attached,30%,P3,seychelles,not a safari a reef,safari,"a green turtle over reef in clear water, Seychelles",16/9 and 4/3,1600,migrate as it is,none,— already ours.,AKL-000488,https://images.pexels.com/photos/5008467/pexels-photo-5008467.jpeg,seychelles/safari/a-green-turtle-over-reef-in-clear-water-seychelles.avif,2,/places/seychelles/not-a-safari-a-reef.html,/places/seychelles/not-a-safari-a-reef.html,"relevance 4.8, subject query, names its country",pexels,Jess Loiterton,https://www.pexels.com/photo/turtle-swimming-in-blue-water-5008467/
1380,W9 no acquisition,KEEP,pexels:32544312,4,no price attached,30%,P3,seychelles,sauzier and the streams,waterfalls,"a stream falling over granite through forest on Mahé, Seychelles",16/9 and 4/3,1600,migrate as it is,none,— already ours.,AKL-000489,https://images.pexels.com/photos/32544312/pexels-photo-32544312.jpeg,seychelles/waterfalls/a-stream-falling-over-granite-through-forest-on-mah-seychelles.avif,3,/places/seychelles/sauzier-and-the-streams.html,/places/seychelles/sauzier-and-the-streams.html,"relevance 5.5, subject query, names its country",pexels,Vika Glitter,https://www.pexels.com/photo/majestic-granite-rocks-on-la-digue-island-beach-32544312/
1381,W9 no acquisition,KEEP,pexels:38538671,4,no price attached,22%,P3,egypt,mamluk cairo,architecture,"the carved stone facade of a Mamluk mosque in Cairo, Egypt",16/9 and 3/2 and 4/3,1600,migrate as it is,none,— already ours.,AKL-000132,https://images.pexels.com/photos/38538671/pexels-photo-38538671.jpeg,egypt/architecture/the-carved-stone-facade-of-a-mamluk-mosque-in-cairo-egypt.avif,3,/places/egypt/mamluk-cairo.html,/places/egypt/mamluk-cairo.html,"relevance 8.0, subject query, names its country",pexels,Mohamed  Hamed,https://www.pexels.com/photo/historic-archway-in-cairo-s-old-building-38538671/
1382,W9 no acquisition,KEEP,pexels:36429631,4,no price attached,22%,P3,egypt,cairo and alexandria,cities,"the Alexandria corniche curving along the Mediterranean, Egypt",16/9 and 4/3,1600,migrate as it is,none,— already ours.,AKL-000134,https://images.pexels.com/photos/36429631/pexels-photo-36429631.jpeg,egypt/cities/the-alexandria-corniche-curving-along-the-mediterranean-egypt.avif,2,/places/egypt/cairo-and-alexandria.html,/places/egypt/cairo-and-alexandria.html,"relevance 8.4, subject query, names its country",pexels,Muhammed Fatih Beki,https://www.pexels.com/photo/bustling-street-scene-in-alexandria-egypt-36429631/
1383,W9 no acquisition,KEEP,pexels:35797719,4,no price attached,22%,P3,egypt,papyrus glass and cotton,crafts,"a glassblower working in a Cairo workshop, Egypt",16/9 and 4/3,1600,migrate as it is,none,— already ours.,AKL-000135,https://images.pexels.com/photos/35797719/pexels-photo-35797719.jpeg,egypt/crafts/a-glassblower-working-in-a-cairo-workshop-egypt.avif,2,/places/egypt/papyrus-glass-and-cotton.html,/places/egypt/papyrus-glass-and-cotton.html,"relevance 4.7, subject query, names its country",pexels,Eslam  Magdy,https://www.pexels.com/photo/cairo-foggy-skyline-with-the-iconic-cairo-tower-35797719/
1384,W9 no acquisition,KEEP,pexels:37923762,4,no price attached,22%,P3,egypt,moulids and ramadan,festivals,"lanterns strung across a Cairo street for Ramadan, Egypt",16/9 and 3/2 and 4/3,1600,migrate as it is,none,— already ours.,AKL-000137,https://images.pexels.com/photos/37923762/pexels-photo-37923762.jpeg,egypt/festivals/lanterns-strung-across-a-cairo-street-for-ramadan-egypt.avif,3,/places/egypt/moulids-and-ramadan.html,/places/egypt/moulids-and-ramadan.html,"relevance 9.0, subject query, names its country",pexels,Alsyed Alsadny,https://www.pexels.com/photo/lively-street-festival-celebration-in-cairo-37923762/
1385,W9 no acquisition,KEEP,pexels:35549688,4,no price attached,22%,P3,egypt,ful koshary and bread,food,"koshary being served at a Cairo street kitchen, Egypt",16/9 and 4/3,1600,migrate as it is,none,— already ours.,AKL-000138,https://images.pexels.com/photos/35549688/pexels-photo-35549688.jpeg,egypt/food/koshary-being-served-at-a-cairo-street-kitchen-egypt.avif,2,/places/egypt/ful-koshary-and-bread.html,/places/egypt/ful-koshary-and-bread.html,"relevance 4.7, subject query, names its country",pexels,Tito Zzzz,https://www.pexels.com/photo/aerial-view-of-historic-cairo-skyline-35549688/
1386,W9 no acquisition,KEEP,pexels:9962940,4,no price attached,22%,P3,egypt,the fayoum,forests,"Portrait of a Middle Eastern man in a turban standing in a palm oasis under a clear blue sky., Egypt",16/9 and 4/3,1600,migrate as it is,none,— already ours.,AKL-000139,https://images.pexels.com/photos/9962940/pexels-photo-9962940.jpeg,egypt/forests/portrait-of-a-middle-eastern-man-in-a-turban-standing-in-a-palm-oasis-.avif,4,/places/egypt/the-fayoum.html,/egypt.html,"relevance 4.7, subject query, names its country",pexels,zaid  mohammed,https://www.pexels.com/photo/bearded-man-wearing-turban-and-thawb-9962940/
1387,W9 no acquisition,KEEP,pexels:18991528,4,no price attached,22%,P3,egypt,karnak luxor abu simbel,heritage,"the hypostyle hall columns at Karnak, Egypt",16/9 and 4/3,1600,migrate as it is,none,— already ours.,AKL-000140,https://images.pexels.com/photos/18991528/pexels-photo-18991528.jpeg,egypt/heritage/the-hypostyle-hall-columns-at-karnak-egypt.avif,3,/places/egypt/karnak-luxor-abu-simbel.html,/places/egypt/karnak-luxor-abu-simbel.html,"relevance 6.0, subject query, names its country",pexels,AXP Photography,https://www.pexels.com/photo/view-of-the-karnak-temple-luxor-egypt-18991528/
1388,W9 no acquisition,KEEP,pexels:18934665,4,no price attached,22%,P3,egypt,the valley of the kings,historic-sites,"painted tomb walls in the Valley of the Kings, Egypt",16/9 and 4/3,1600,migrate as it is,none,— already ours.,AKL-000141,https://images.pexels.com/photos/18934665/pexels-photo-18934665.jpeg,egypt/historic-sites/painted-tomb-walls-in-the-valley-of-the-kings-egypt.avif,2,/places/egypt/the-valley-of-the-kings.html,/places/egypt/the-valley-of-the-kings.html,"relevance 6.2, subject query, names its country",pexels,AXP Photography,https://www.pexels.com/photo/ancient-egyptian-kv14-tomb-18934665/
1389,W9 no acquisition,KEEP,pexels:20954997,4,no price attached,22%,P3,egypt,the nile itself,lakes-rivers,"a felucca under sail on the Nile at Aswan, Egypt",16/9 and 4/5 and 4/3,1600,migrate as it is,none,— already ours.,AKL-000142,https://images.pexels.com/photos/20954997/pexels-photo-20954997.jpeg,egypt/lakes-rivers/a-felucca-under-sail-on-the-nile-at-aswan-egypt.avif,3,/places/egypt/the-nile-itself.html,/places/egypt/the-nile-itself.html,"relevance 6.9, subject query, names its country",pexels,Zihang Feng,https://www.pexels.com/photo/tourboat-on-nile-20954997/
1390,W9 no acquisition,KEEP,pexels:36047721,4,no price attached,22%,P3,egypt,the corniche at dusk,local-life,"families walking the Nile corniche in Cairo at dusk, Egypt",16/9 and 3/2 and 4/3,1600,migrate as it is,none,— already ours.,AKL-000143,https://images.pexels.com/photos/36047721/pexels-photo-36047721.jpeg,egypt/local-life/families-walking-the-nile-corniche-in-cairo-at-dusk-egypt.avif,3,/places/egypt/the-corniche-at-dusk.html,/places/egypt/the-corniche-at-dusk.html,"relevance 6.2, subject query, names its country",pexels,Faiz Majid,https://www.pexels.com/photo/cruise-boat-on-the-nile-river-in-cairo-egypt-36047721/
1391,W9 no acquisition,KEEP,pexels:19820463,4,no price attached,22%,P3,egypt,dahabiyas and desert camps,luxury,"a dahabiya sailing boat moored on the Nile at sunset, Egypt",16/9 and 4/3,1600,migrate as it is,none,— already ours.,AKL-000144,https://images.pexels.com/photos/19820463/pexels-photo-19820463.jpeg,egypt/luxury/a-dahabiya-sailing-boat-moored-on-the-nile-at-sunset-egypt.avif,2,/places/egypt/dahabiyas-and-desert-camps.html,/places/egypt/dahabiyas-and-desert-camps.html,"relevance 5.2, subject query, names its country",pexels,Maël  BALLAND,https://www.pexels.com/photo/a-sailboat-on-the-nile-river-19820463/
1392,W9 no acquisition,KEEP,pexels:30732927,4,no price attached,22%,P3,egypt,sinai,mountains,"the granite peaks of the Sinai above Saint Catherine's, Egypt",16/9 and 4/3,1800,migrate as it is,none,— already ours.,AKL-000145,https://images.pexels.com/photos/30732927/pexels-photo-30732927.jpeg,egypt/mountains/the-granite-peaks-of-the-sinai-above-saint-catherine-s-egypt.avif,4,/places/egypt/sinai.html,/egypt.html,"relevance 4.5, subject query, names its country",pexels,Ali Abdelshafy,https://www.pexels.com/photo/serene-mountaintop-view-in-south-sinai-egypt-30732927/
1393,W9 no acquisition,KEEP,pexels:18934703,4,no price attached,22%,P3,egypt,the nile and the desert,nature,"the green Nile valley meeting desert on both banks, Egypt",16/9 and 21/9 and 4/3,2100,migrate as it is,none,— already ours.,AKL-000146,https://images.pexels.com/photos/18934703/pexels-photo-18934703.jpeg,egypt/nature/the-green-nile-valley-meeting-desert-on-both-banks-egypt.avif,4,/places/egypt/the-nile-and-the-desert.html,/egypt.html,"relevance 6.0, subject query, names its country",pexels,AXP Photography,https://www.pexels.com/photo/nile-river-in-egypt-18934703/
1394,W9 no acquisition,KEEP,pexels:18888239,4,no price attached,22%,P3,egypt,dive sail ride,outdoor,"divers entering the water on the Red Sea coast, Egypt",16/9 and 4/3,1600,migrate as it is,none,— already ours.,AKL-000147,https://images.pexels.com/photos/18888239/pexels-photo-18888239.jpeg,egypt/outdoor/divers-entering-the-water-on-the-red-sea-coast-egypt.avif,2,/places/egypt/dive-sail-ride.html,/places/egypt/dive-sail-ride.html,"relevance 6.0, subject query, names its country",pexels,Vika Glitter,https://www.pexels.com/photo/ferry-swimming-in-a-bay-in-egypt-18888239/
1395,W9 no acquisition,KEEP,pexels:18934711,4,no price attached,22%,P3,egypt,the light at six,photography,"dawn light on the temple columns at Luxor, Egypt",16/9 and 21/9 and 4/3,2100,migrate as it is,none,— already ours.,AKL-000148,https://images.pexels.com/photos/18934711/pexels-photo-18934711.jpeg,egypt/photography/dawn-light-on-the-temple-columns-at-luxor-egypt.avif,3,/places/egypt/the-light-at-six.html,/places/egypt/the-light-at-six.html,"relevance 5.4, subject query, names its country",pexels,AXP Photography,https://www.pexels.com/photo/ornamented-columns-in-karnak-temple-in-egypt-18934711/
1396,W9 no acquisition,KEEP,pexels:34328977,4,no price attached,22%,P3,egypt,the western desert,safari,"the White Desert chalk formations at dusk, Egypt",16/9 and 4/3,1600,migrate as it is,none,— already ours.,AKL-000149,https://images.pexels.com/photos/34328977/pexels-photo-34328977.jpeg,egypt/safari/the-white-desert-chalk-formations-at-dusk-egypt.avif,2,/places/egypt/the-western-desert.html,/places/egypt/the-western-desert.html,"relevance 6.2, subject query, names its country",pexels,George Wang,https://www.pexels.com/photo/stunning-egyptian-desert-landscape-under-clear-sky-34328977/
1397,W9 no acquisition,KEEP,pexels:31598996,4,no price attached,22%,P3,egypt,nubians and bedouin,traditional-people,"a brightly painted Nubian village on the Nile at Aswan, Egypt",16/9 and 4/5 and 4/3,1600,migrate as it is,none,— already ours.,AKL-000150,https://images.pexels.com/photos/31598996/pexels-photo-31598996.jpeg,egypt/traditional-people/a-brightly-painted-nubian-village-on-the-nile-at-aswan-egypt.avif,3,/places/egypt/nubians-and-bedouin.html,/places/egypt/nubians-and-bedouin.html,"relevance 6.2, subject query, names its country",pexels,David Paul,https://www.pexels.com/photo/tranquil-boat-ride-on-the-nile-river-egypt-31598996/
1398,W9 no acquisition,KEEP,pexels:18887144,4,no price attached,22%,P4,egypt,,beaches,"coral reef and clear water on the Red Sea coast, Egypt",unconstrained,0,migrate as it is,none,— already ours.,AKL-000133,https://images.pexels.com/photos/18887144/pexels-photo-18887144.jpeg,egypt/beaches/coral-reef-and-clear-water-on-the-red-sea-coast-egypt.avif,4,,/egypt.html,"relevance 6.0, subject query, names its country",pexels,Vika Glitter,https://www.pexels.com/photo/tropical-resort-on-a-desert-in-egypt-18887144/
1399,W9 no acquisition,KEEP,pexels:30163551,4,no price attached,22%,P4,egypt,the oldest journey,why-visit,"the Sphinx and the Great Pyramid at sunrise, Egypt",16/9,1600,migrate as it is,none,— already ours.,AKL-000151,https://images.pexels.com/photos/30163551/pexels-photo-30163551.jpeg,egypt/why-visit/the-sphinx-and-the-great-pyramid-at-sunrise-egypt.avif,1,/places/egypt/the-oldest-journey.html,/places/egypt/the-oldest-journey.html,"relevance 5.4, subject query, names its country",pexels,Omar Ramadan,https://www.pexels.com/photo/sphinx-and-pyramid-under-a-blue-sky-30163551/
1400,W9 no acquisition,KEEP,pexels:32448841,4,no price attached,19%,P3,tunisia,whitewash and blue,architecture,"the blue doors and white walls of Sidi Bou Said, Tunisia",16/9 and 3/2 and 4/3,1600,migrate as it is,none,— already ours.,AKL-000571,https://images.pexels.com/photos/32448841/pexels-photo-32448841.jpeg,tunisia/architecture/the-blue-doors-and-white-walls-of-sidi-bou-said-tunisia.avif,3,/places/tunisia/whitewash-and-blue.html,/places/tunisia/whitewash-and-blue.html,"relevance 8.0, subject query, names its country",pexels,Louizi Ayoub,https://www.pexels.com/photo/scenic-view-of-carthage-architecture-and-sea-32448841/
1401,W9 no acquisition,KEEP,pexels:35663125,4,no price attached,19%,P3,tunisia,the mediterranean,beaches,"the whitewashed seafront at Sidi Bou Said, Tunisia",16/9 and 4/3,1800,migrate as it is,none,— already ours.,AKL-000572,https://images.pexels.com/photos/35663125/pexels-photo-35663125.jpeg,tunisia/beaches/the-whitewashed-seafront-at-sidi-bou-said-tunisia.avif,4,/places/tunisia/the-mediterranean.html,/tunisia.html,"relevance 6.0, subject query, names its country",pexels,Elijah Cobb,https://www.pexels.com/photo/scenic-view-of-sidi-bou-said-architecture-by-lake-35663125/
1402,W9 no acquisition,KEEP,pexels:36419410,4,no price attached,19%,P3,tunisia,mosaic ceramic and silver,crafts,"Close-up of an artisan hand-painting a ceramic vessel in Türkiye, showcasing traditional craftsmanship., Tunisia",16/9 and 4/3,1600,migrate as it is,none,— already ours.,AKL-000573,https://images.pexels.com/photos/36419410/pexels-photo-36419410.jpeg,tunisia/crafts/close-up-of-an-artisan-hand-painting-a-ceramic-vessel-in-t-rkiye-showc.avif,2,/places/tunisia/mosaic-ceramic-and-silver.html,/places/tunisia/mosaic-ceramic-and-silver.html,"relevance 6.5, subject query, names its country",pexels,Talha Kılıç,https://www.pexels.com/photo/artisan-painting-ceramics-in-turkiye-36419410/
1403,W9 no acquisition,KEEP,pexels:11012604,4,no price attached,19%,P3,tunisia,oasis water,eco-tourism,"traditional irrigation channels in the Tozeur oasis, Tunisia",16/9 and 4/3,1600,migrate as it is,none,— already ours.,AKL-000575,https://images.pexels.com/photos/11012604/pexels-photo-11012604.jpeg,tunisia/eco-tourism/traditional-irrigation-channels-in-the-tozeur-oasis-tunisia.avif,2,/places/tunisia/oasis-water.html,/places/tunisia/oasis-water.html,"relevance 4.7, subject query, names its country",pexels,Wijs (Wise),https://www.pexels.com/photo/flowing-water-on-bamboo-stalks-11012604/
1404,W9 no acquisition,KEEP,pexels:18962455,4,no price attached,19%,P3,tunisia,two hours from europe,family-community,a shallow beach with families on the Tunisian coast,16/9 and 4/3,1600,migrate as it is,none,— already ours.,AKL-000576,https://images.pexels.com/photos/18962455/pexels-photo-18962455.jpeg,tunisia/family-community/a-shallow-beach-with-families-on-the-tunisian-coast.avif,2,/places/tunisia/two-hours-from-europe.html,/places/tunisia/two-hours-from-europe.html,"relevance 6.2, subject query, names its country",pexels,Ayyeee Ayyeee,https://www.pexels.com/photo/people-on-a-beach-at-sunset-18962455/
1405,W9 no acquisition,KEEP,pexels:30893317,4,no price attached,19%,P3,tunisia,couscous brik and harissa,food,"Freshly fried crispy pastries in hot oil, showcasing vibrant street food culture., Tunisia",16/9 and 4/3,1600,migrate as it is,none,— already ours.,AKL-000577,https://images.pexels.com/photos/30893317/pexels-photo-30893317.jpeg,tunisia/food/freshly-fried-crispy-pastries-in-hot-oil-showcasing-vibrant-street-foo.avif,2,/places/tunisia/couscous-brik-and-harissa.html,/places/tunisia/couscous-brik-and-harissa.html,"relevance 4.2, subject query, names its country",pexels,Matheus Bertelli,https://www.pexels.com/photo/crispy-street-food-pastries-frying-in-oil-30893317/
1406,W9 no acquisition,KEEP,pexels:38254029,4,no price attached,19%,P3,tunisia,cork oak in the north,forests,"cork oak forest in the Kroumirie hills, Tunisia",16/9 and 4/3,1600,migrate as it is,none,— already ours.,AKL-000578,https://images.pexels.com/photos/38254029/pexels-photo-38254029.jpeg,tunisia/forests/cork-oak-forest-in-the-kroumirie-hills-tunisia.avif,4,/places/tunisia/cork-oak-in-the-north.html,/tunisia.html,"relevance 6.2, subject query, names its country",pexels,Eleanore Stohner,https://www.pexels.com/photo/ancient-berber-village-landscape-in-tunisia-38254029/
1407,W9 no acquisition,KEEP,pexels:38254013,4,no price attached,19%,P3,tunisia,the medinas,heritage,"the great mosque of Kairouan from its courtyard, Tunisia",16/9 and 4/3,1600,migrate as it is,none,— already ours.,AKL-000579,https://images.pexels.com/photos/38254013/pexels-photo-38254013.jpeg,tunisia/heritage/the-great-mosque-of-kairouan-from-its-courtyard-tunisia.avif,3,/places/tunisia/the-medinas.html,/places/tunisia/the-medinas.html,"relevance 4.5, subject query, names its country",pexels,Eleanore Stohner,https://www.pexels.com/photo/ancient-berber-granaries-and-mosque-tower-in-tunisia-38254013/
1408,W9 no acquisition,KEEP,pexels:38254061,4,no price attached,19%,P3,tunisia,carthage dougga el jem,historic-sites,"the Roman amphitheatre at El Jem, Tunisia",16/9 and 4/3,1600,migrate as it is,none,— already ours.,AKL-000581,https://images.pexels.com/photos/38254061/pexels-photo-38254061.jpeg,tunisia/historic-sites/the-roman-amphitheatre-at-el-jem-tunisia.avif,2,/places/tunisia/carthage-dougga-el-jem.html,/places/tunisia/carthage-dougga-el-jem.html,"relevance 7.7, subject query, names its country",pexels,Eleanore Stohner,https://www.pexels.com/photo/ancient-roman-ruins-in-dougga-tunisia-38254061/
1409,W9 no acquisition,KEEP,pexels:5947834,4,no price attached,19%,P3,tunisia,the medjerda,lakes-rivers,"Two individuals navigating through a turbulent river crossing during a flood., Tunisia",16/9 and 4/5 and 4/3,1600,migrate as it is,none,— already ours.,AKL-000582,https://images.pexels.com/photos/5947834/pexels-photo-5947834.jpeg,tunisia/lakes-rivers/two-individuals-navigating-through-a-turbulent-river-crossing-during-a.avif,3,/places/tunisia/the-medjerda.html,/places/tunisia/the-medjerda.html,"relevance 5.4, subject query, names its country",pexels,Павел  Хлыстунов,https://www.pexels.com/photo/people-crossing-river-in-flood-5947834/
1410,W9 no acquisition,KEEP,pexels:30906051,4,no price attached,19%,P3,tunisia,the souk and the caf,local-life,mint tea with pine nuts at a Tunisian café,16/9 and 3/2 and 4/3,1600,migrate as it is,none,— already ours.,AKL-000583,https://images.pexels.com/photos/30906051/pexels-photo-30906051.jpeg,tunisia/local-life/mint-tea-with-pine-nuts-at-a-tunisian-caf.avif,3,/places/tunisia/the-souk-and-the-caf.html,/places/tunisia/the-souk-and-the-caf.html,"relevance 4.9, subject query, names its country",pexels,Moussa Idrissi,https://www.pexels.com/photo/traditional-moroccan-mint-tea-set-on-ornate-carpet-30906051/
1411,W9 no acquisition,KEEP,pexels:37515156,4,no price attached,19%,P3,tunisia,the dorsale,mountains,"Elderly man in traditional attire stands in a bustling Tunisian street, capturing cultural essence.",16/9 and 4/3,1800,migrate as it is,none,— already ours.,AKL-000584,https://images.pexels.com/photos/37515156/pexels-photo-37515156.jpeg,tunisia/mountains/elderly-man-in-traditional-attire-stands-in-a-bustling-tunisian-street.avif,4,/places/tunisia/the-dorsale.html,/tunisia.html,"relevance 4.0, subject query, names its country",pexels,Chermiti Mohamed,https://www.pexels.com/photo/portrait-of-elderly-man-in-tunisian-street-37515156/
1412,W9 no acquisition,KEEP,pexels:38610869,4,no price attached,19%,P3,tunisia,coast to chott,nature,"the salt crust of the Chott el Djerid, Tunisia",16/9 and 21/9 and 4/3,2100,migrate as it is,none,— already ours.,AKL-000585,https://images.pexels.com/photos/38610869/pexels-photo-38610869.jpeg,tunisia/nature/the-salt-crust-of-the-chott-el-djerid-tunisia.avif,4,/places/tunisia/coast-to-chott.html,/tunisia.html,"relevance 4.0, subject query, names its country",pexels,Samer Bououd,https://www.pexels.com/photo/serene-fishing-boats-at-sunset-in-tunisia-38610869/
1413,W9 no acquisition,KEEP,pexels:32465895,4,no price attached,19%,P3,tunisia,light on white,photography,"white and blue architecture in strong Mediterranean light, Tunisia",16/9 and 21/9 and 4/3,2100,migrate as it is,none,— already ours.,AKL-000586,https://images.pexels.com/photos/32465895/pexels-photo-32465895.jpeg,tunisia/photography/white-and-blue-architecture-in-strong-mediterranean-light-tunisia.avif,3,/places/tunisia/light-on-white.html,/places/tunisia/light-on-white.html,"relevance 5.4, subject query, names its country",pexels,Reyyan,https://www.pexels.com/photo/traditional-white-and-blue-architecture-in-tunisia-32465895/
1414,W9 no acquisition,KEEP,pexels:35771611,4,no price attached,19%,P3,tunisia,not a safari country,safari,waders feeding on a Tunisian coastal wetland,16/9 and 4/3,1600,migrate as it is,none,— already ours.,AKL-000587,https://images.pexels.com/photos/35771611/pexels-photo-35771611.jpeg,tunisia/safari/waders-feeding-on-a-tunisian-coastal-wetland.avif,2,/places/tunisia/not-a-safari-country.html,/places/tunisia/not-a-safari-country.html,"relevance 4.8, subject query, names its country",pexels,Dmytro Koplyk,https://www.pexels.com/photo/shorebird-foraging-in-coastal-wetlands-at-sunrise-35771611/
1415,W9 no acquisition,KEEP,pexels:37086675,4,no price attached,19%,P3,tunisia,the berber south,traditional-people,"Charming corridor with traditional arches in Houmt Souk, Tunisia.",16/9 and 4/5 and 4/3,1600,migrate as it is,none,— already ours.,AKL-000588,https://images.pexels.com/photos/37086675/pexels-photo-37086675.jpeg,tunisia/traditional-people/charming-corridor-with-traditional-arches-in-houmt-souk-tunisia.avif,3,/places/tunisia/the-berber-south.html,/places/tunisia/the-berber-south.html,"relevance 4.0, subject query, names its country",pexels,wael belkahla,https://www.pexels.com/photo/elegant-traditional-archway-in-houmt-souk-37086675/
1416,W9 no acquisition,KEEP,pexels:14714755,4,no price attached,19%,P3,tunisia,the oasis cascades,waterfalls,"the palm oasis and waterfall at Chebika, Tunisia",16/9 and 4/3,1600,migrate as it is,none,— already ours.,AKL-000589,https://images.pexels.com/photos/14714755/pexels-photo-14714755.jpeg,tunisia/waterfalls/the-palm-oasis-and-waterfall-at-chebika-tunisia.avif,3,/places/tunisia/the-oasis-cascades.html,/places/tunisia/the-oasis-cascades.html,"relevance 4.7, subject query, names its country",pexels,Radwan Menzer,https://www.pexels.com/photo/palm-trees-in-village-14714755/
1417,W9 no acquisition,REVIEW,pexels:27291181,4,no price attached,0%,P3,world,,general,,unconstrained,960,a person decides — provenance is unclear,decide,— a person decides; no acquisition until they do.,,https://images.pexels.com/photos/27291181/pexels-photo-27291181.jpeg?auto=compress&cs=tinysrgb&fit=crop&w=1440&h=1920,world/general/27291181.avif,1,,/contact.html,no resolver record — photographer and licence unknown,pexels,,
1418,W9 no acquisition,REVIEW,unsplash:photo-1553829176-61484f865ac3,4,no price attached,0%,P3,world,,general,,unconstrained,4032,a person decides — provenance is unclear,decide,— a person decides; no acquisition until they do.,,https://images.unsplash.com/photo-1553829176-61484f865ac3,world/general/photo-1553829176-61484f865ac3.avif,2,,/index.html,no resolver record — photographer and licence unknown,unsplash,,
1419,W9 no acquisition,REVIEW,unsplash:photo-1564101160531-4838e8a5f4e7,4,no price attached,0%,P3,world,,general,,unconstrained,4170,a person decides — provenance is unclear,decide,— a person decides; no acquisition until they do.,,https://images.unsplash.com/photo-1564101160531-4838e8a5f4e7,world/general/photo-1564101160531-4838e8a5f4e7.avif,2,,/index.html,no resolver record — photographer and licence unknown,unsplash,,
1420,W9 no acquisition,REVIEW,unsplash:photo-1570742544137-3a469196c32b,4,no price attached,0%,P3,world,,general,,unconstrained,3847,a person decides — provenance is unclear,decide,— a person decides; no acquisition until they do.,,https://images.unsplash.com/photo-1570742544137-3a469196c32b,world/general/photo-1570742544137-3a469196c32b.avif,2,,/index.html,no resolver record — photographer and licence unknown,unsplash,,
1421,W9 no acquisition,REVIEW,unsplash:photo-1619022894036-f987144cb43a,4,no price attached,0%,P3,world,,general,,unconstrained,4333,a person decides — provenance is unclear,decide,— a person decides; no acquisition until they do.,,https://images.unsplash.com/photo-1619022894036-f987144cb43a,world/general/photo-1619022894036-f987144cb43a.avif,2,,/index.html,no resolver record — photographer and licence unknown,unsplash,,
1422,W9 no acquisition,REVIEW,unsplash:photo-1629052141421-b1d61ae82949,4,no price attached,0%,P3,world,,general,,unconstrained,4032,a person decides — provenance is unclear,decide,— a person decides; no acquisition until they do.,,https://images.unsplash.com/photo-1629052141421-b1d61ae82949,world/general/photo-1629052141421-b1d61ae82949.avif,2,,/index.html,no resolver record — photographer and licence unknown,unsplash,,
1423,W9 no acquisition,REVIEW,unsplash:photo-1632944398987-494eebe663be,4,no price attached,0%,P3,world,,general,,unconstrained,6086,a person decides — provenance is unclear,decide,— a person decides; no acquisition until they do.,,https://images.unsplash.com/photo-1632944398987-494eebe663be,world/general/photo-1632944398987-494eebe663be.avif,2,,/index.html,no resolver record — photographer and licence unknown,unsplash,,
1424,W9 no acquisition,REVIEW,unsplash:photo-1636212962845-da175a828551,4,no price attached,0%,P3,world,,general,,unconstrained,4139,a person decides — provenance is unclear,decide,— a person decides; no acquisition until they do.,,https://images.unsplash.com/photo-1636212962845-da175a828551,world/general/photo-1636212962845-da175a828551.avif,2,,/index.html,no resolver record — photographer and licence unknown,unsplash,,
1425,W9 no acquisition,REVIEW,unsplash:photo-1637244018403-785e7fa8707a,4,no price attached,0%,P3,world,,general,,unconstrained,880,a person decides — provenance is unclear,decide,— a person decides; no acquisition until they do.,,https://images.unsplash.com/photo-1637244018403-785e7fa8707a?auto=format&fit=crop&crop=focalpoint&fp-x=0.500&fp-y=0.460&w=1320&h=1650&q=82,world/general/photo-1637244018403-785e7fa8707a.avif,1,,/services.html,no resolver record — photographer and licence unknown,unsplash,,
1426,W9 no acquisition,REVIEW,unsplash:photo-1639402479478-f5e7881c0ccc,4,no price attached,0%,P3,world,,general,,unconstrained,6938,a person decides — provenance is unclear,decide,— a person decides; no acquisition until they do.,,https://images.unsplash.com/photo-1639402479478-f5e7881c0ccc,world/general/photo-1639402479478-f5e7881c0ccc.avif,2,,/index.html,no resolver record — photographer and licence unknown,unsplash,,
1427,W9 no acquisition,REVIEW,unsplash:photo-1651860282137-a59f01d2db7b,4,no price attached,0%,P3,world,,general,,unconstrained,4128,a person decides — provenance is unclear,decide,— a person decides; no acquisition until they do.,,https://images.unsplash.com/photo-1651860282137-a59f01d2db7b,world/general/photo-1651860282137-a59f01d2db7b.avif,2,,/index.html,no resolver record — photographer and licence unknown,unsplash,,
